order_date,region,category,total_sales,total_profit,total_orders,avg_discount
2021-01-01,Central,Furniture,852.33,218.78,1,0.1
2021-01-01,Central,Office Supplies,523.66,-55.84,1,0.1
2021-01-01,Central,Technology,781.25,-21.05,1,0.4
2021-01-01,East,Office Supplies,1753.06,3.98,1,0.2
2021-01-01,South,Furniture,1589.9,-187.56,1,0.1
2021-01-01,South,Technology,4908.49,1122.44,4,0.25
2021-01-01,West,Furniture,1893.33,389.45,2,0.2
2021-01-01,West,Office Supplies,1599.27,293.69,1,0.0
2021-01-02,Central,Office Supplies,412.61,-43.16,1,0.2
2021-01-02,Central,Technology,1511.57,144.45,1,0.2
2021-01-02,East,Office Supplies,1350.91,173.06,1,0.2
2021-01-02,South,Furniture,1728.56,-137.3,1,0.2
2021-01-02,South,Office Supplies,3626.53,27.0,3,0.1667
2021-01-02,South,Technology,1050.68,71.99,1,0.2
2021-01-02,West,Technology,890.43,242.93,1,0.3
2021-01-03,Central,Furniture,976.06,373.8,1,0.3
2021-01-03,Central,Office Supplies,2558.01,362.25,2,0.25
2021-01-03,Central,Technology,2623.79,-349.31,2,0.15
2021-01-03,South,Technology,999.91,331.91,1,0.2
2021-01-03,West,Furniture,3152.6,-411.55,3,0.4333
2021-01-03,West,Office Supplies,1209.05,416.45,1,0.5
2021-01-04,Central,Office Supplies,1320.41,-182.79,1,0.0
2021-01-04,Central,Technology,1668.16,-111.13,2,0.1
2021-01-04,East,Office Supplies,1526.3,140.74,2,0.4
2021-01-04,South,Furniture,2741.49,126.13,3,0.1667
2021-01-04,South,Office Supplies,214.89,-33.66,1,0.0
2021-01-04,West,Technology,530.95,179.47,1,0.0
2021-01-05,Central,Furniture,188.69,63.34,1,0.0
2021-01-05,Central,Technology,2586.36,577.32,2,0.15
2021-01-05,East,Office Supplies,1874.75,590.82,1,0.4
2021-01-05,East,Technology,16.09,1.64,1,0.0
2021-01-05,South,Office Supplies,1692.11,260.54,2,0.35
2021-01-05,South,Technology,595.85,30.6,1,0.0
2021-01-05,West,Office Supplies,1778.27,238.77,1,0.0
2021-01-05,West,Technology,111.55,22.9,1,0.0
2021-01-06,Central,Office Supplies,1340.69,-86.87,1,0.2
2021-01-06,Central,Technology,3254.63,264.29,2,0.25
2021-01-06,South,Technology,1146.38,-117.79,1,0.0
2021-01-06,West,Office Supplies,1127.41,-199.09,1,0.5
2021-01-06,West,Technology,807.4,-114.54,1,0.0
2021-01-07,Central,Office Supplies,443.62,24.05,1,0.0
2021-01-07,East,Technology,702.94,40.1,1,0.1
2021-01-07,South,Furniture,1603.22,-269.58,1,0.0
2021-01-07,West,Technology,1608.81,-81.75,2,0.15
2021-01-08,Central,Office Supplies,775.3,38.27,1,0.1
2021-01-08,Central,Technology,55.24,11.27,1,0.5
2021-01-08,East,Office Supplies,3284.31,778.01,2,0.15
2021-01-08,South,Furniture,126.25,39.67,1,0.0
2021-01-08,West,Office Supplies,2398.48,398.76,2,0.45
2021-01-09,Central,Office Supplies,2688.72,846.45,2,0.5
2021-01-09,East,Furniture,192.95,59.62,1,0.0
2021-01-09,East,Technology,1510.67,-161.06,1,0.2
2021-01-09,South,Furniture,1163.38,260.1,1,0.1
2021-01-09,South,Office Supplies,646.27,13.61,1,0.0
2021-01-09,South,Technology,3444.23,-371.93,4,0.025
2021-01-09,West,Office Supplies,2953.15,-394.47,2,0.1
2021-01-09,West,Technology,572.43,128.79,1,0.3
2021-01-10,Central,Furniture,1506.5,249.8,1,0.3
2021-01-10,Central,Office Supplies,2263.07,-140.75,2,0.0
2021-01-10,East,Furniture,1985.04,654.0,3,0.1667
2021-01-10,East,Technology,1144.55,96.38,1,0.5
2021-01-10,South,Furniture,691.17,-28.21,2,0.2
2021-01-10,South,Office Supplies,2819.11,449.98,2,0.1
2021-01-10,South,Technology,4018.02,788.07,3,0.1667
2021-01-10,West,Furniture,2157.03,-340.26,2,0.2
2021-01-10,West,Office Supplies,1615.2,-223.5,1,0.0
2021-01-11,Central,Office Supplies,770.24,130.63,1,0.4
2021-01-11,East,Office Supplies,1497.62,-94.84,1,0.3
2021-01-11,East,Technology,899.99,-158.86,1,0.0
2021-01-11,South,Office Supplies,792.79,242.76,1,0.4
2021-01-11,South,Technology,1815.62,-69.18,1,0.0
2021-01-11,West,Office Supplies,1048.28,-88.36,1,0.0
2021-01-12,Central,Furniture,1817.49,-124.49,1,0.4
2021-01-12,Central,Office Supplies,2952.13,-188.79,2,0.2
2021-01-12,Central,Technology,509.66,60.22,1,0.4
2021-01-12,South,Furniture,1826.05,-169.07,1,0.2
2021-01-12,South,Technology,1383.89,176.24,1,0.5
2021-01-12,West,Office Supplies,319.22,107.54,1,0.1
2021-01-13,East,Office Supplies,253.59,-31.87,1,0.3
2021-01-13,East,Technology,1927.8,356.2,2,0.0
2021-01-13,South,Furniture,335.6,36.5,1,0.1
2021-01-13,West,Furniture,1625.84,239.65,2,0.1
2021-01-13,West,Technology,1945.12,218.8,1,0.4
2021-01-14,Central,Furniture,1666.68,-130.19,1,0.3
2021-01-14,Central,Office Supplies,624.86,45.1,2,0.15
2021-01-14,Central,Technology,1728.41,345.23,2,0.05
2021-01-14,South,Furniture,748.92,129.81,1,0.0
2021-01-14,South,Office Supplies,1281.22,-121.8,1,0.4
2021-01-14,South,Technology,1124.19,101.33,3,0.1667
2021-01-14,West,Furniture,1417.63,-251.32,1,0.0
2021-01-14,West,Technology,1567.25,-21.21,1,0.3
2021-01-15,Central,Furniture,3882.89,561.93,3,0.1667
2021-01-15,Central,Office Supplies,372.17,109.54,1,0.1
2021-01-15,Central,Technology,1506.61,362.49,1,0.0
2021-01-15,East,Furniture,298.61,-2.23,1,0.2
2021-01-15,South,Furniture,1877.92,644.8,1,0.5
2021-01-15,South,Office Supplies,638.14,93.19,1,0.1
2021-01-15,South,Technology,502.38,179.17,1,0.3
2021-01-15,West,Technology,753.55,27.77,1,0.4
2021-01-16,Central,Furniture,1711.26,517.14,1,0.2
2021-01-16,Central,Office Supplies,263.94,-17.24,1,0.0
2021-01-16,Central,Technology,1809.22,-292.43,1,0.4
2021-01-16,South,Office Supplies,1405.39,-70.52,1,0.0
2021-01-16,South,Technology,1287.09,-213.86,1,0.2
2021-01-16,West,Furniture,1696.84,133.32,2,0.2
2021-01-16,West,Office Supplies,1833.03,607.83,1,0.0
2021-01-17,Central,Furniture,3767.19,534.87,2,0.2
2021-01-17,Central,Technology,2001.52,36.18,2,0.45
2021-01-17,East,Furniture,2521.73,-381.94,2,0.0
2021-01-17,East,Office Supplies,693.71,150.13,1,0.4
2021-01-17,South,Furniture,3024.02,738.82,2,0.25
2021-01-17,South,Technology,2119.8,461.66,2,0.05
2021-01-17,West,Office Supplies,1094.59,345.62,1,0.0
2021-01-17,West,Technology,2121.47,288.65,2,0.4
2021-01-18,Central,Furniture,2172.35,507.89,3,0.1667
2021-01-18,Central,Technology,1003.8,38.47,2,0.0
2021-01-18,East,Office Supplies,1006.24,35.39,1,0.1
2021-01-18,East,Technology,775.81,82.14,1,0.1
2021-01-18,South,Office Supplies,890.59,-131.94,1,0.2
2021-01-18,West,Furniture,3093.2,-120.77,3,0.0667
2021-01-19,East,Furniture,3774.75,772.35,3,0.2
2021-01-19,East,Office Supplies,1140.24,-33.37,1,0.3
2021-01-19,South,Furniture,1122.19,417.54,1,0.1
2021-01-19,South,Office Supplies,632.83,-49.84,2,0.0
2021-01-19,South,Technology,1883.66,693.18,1,0.0
2021-01-19,West,Furniture,267.39,26.09,1,0.0
2021-01-19,West,Office Supplies,1967.87,31.83,1,0.4
2021-01-20,Central,Furniture,4890.25,568.37,3,0.2667
2021-01-20,Central,Technology,1839.76,-106.24,1,0.2
2021-01-20,East,Technology,321.79,-51.24,1,0.5
2021-01-20,South,Office Supplies,1297.81,455.44,1,0.2
2021-01-20,South,Technology,198.15,73.4,1,0.0
2021-01-21,Central,Technology,1568.31,-240.45,1,0.1
2021-01-21,East,Furniture,722.19,-82.73,1,0.0
2021-01-21,East,Office Supplies,1614.43,4.81,1,0.0
2021-01-21,South,Office Supplies,1528.45,87.99,1,0.0
2021-01-21,South,Technology,1291.45,442.52,1,0.3
2021-01-22,East,Furniture,1856.91,-182.35,1,0.3
2021-01-22,South,Furniture,1578.69,-72.06,1,0.0
2021-01-22,South,Office Supplies,834.64,36.94,1,0.0
2021-01-22,South,Technology,2195.3,285.09,2,0.4
2021-01-22,West,Office Supplies,516.96,190.36,1,0.0
2021-01-22,West,Technology,4112.71,487.07,4,0.4
2021-01-23,Central,Furniture,199.38,20.03,1,0.3
2021-01-23,Central,Office Supplies,1834.08,-145.85,1,0.0
2021-01-23,Central,Technology,2086.46,-172.55,2,0.15
2021-01-23,East,Office Supplies,395.33,60.96,1,0.4
2021-01-23,South,Furniture,2026.74,279.13,2,0.05
2021-01-23,South,Technology,1397.95,152.5,1,0.3
2021-01-23,West,Office Supplies,1641.01,-221.1,1,0.0
2021-01-24,Central,Furniture,1364.1,148.06,1,0.1
2021-01-24,Central,Technology,2003.91,286.72,2,0.25
2021-01-24,South,Furniture,1300.29,253.24,1,0.5
2021-01-24,South,Technology,1454.49,-56.27,1,0.0
2021-01-24,West,Technology,16.06,6.04,1,0.2
2021-01-25,Central,Furniture,1078.36,50.63,1,0.3
2021-01-25,Central,Office Supplies,1342.79,269.11,1,0.1
2021-01-25,East,Furniture,2527.08,237.39,3,0.0667
2021-01-25,South,Furniture,1027.46,-173.21,1,0.1
2021-01-25,South,Office Supplies,2991.62,245.08,2,0.15
2021-01-25,West,Office Supplies,3172.15,569.11,4,0.125
2021-01-26,Central,Furniture,66.64,2.42,1,0.1
2021-01-26,Central,Technology,2569.4,374.38,2,0.3
2021-01-26,East,Furniture,1599.07,-233.97,1,0.5
2021-01-26,East,Technology,4020.44,823.99,3,0.1667
2021-01-26,South,Furniture,548.31,49.58,1,0.5
2021-01-26,South,Technology,177.37,34.4,1,0.0
2021-01-26,West,Furniture,1630.32,-124.85,1,0.3
2021-01-26,West,Office Supplies,2694.33,65.35,2,0.35
2021-01-27,Central,Office Supplies,1525.09,79.15,1,0.3
2021-01-27,Central,Technology,60.9,23.12,1,0.0
2021-01-27,East,Technology,868.45,297.07,1,0.4
2021-01-27,South,Office Supplies,1392.12,-104.17,1,0.5
2021-01-27,West,Office Supplies,1273.07,355.89,1,0.5
2021-01-28,East,Furniture,831.61,-57.8,1,0.4
2021-01-28,South,Office Supplies,1536.07,-290.58,2,0.35
2021-01-28,South,Technology,191.83,62.14,1,0.0
2021-01-28,West,Office Supplies,575.27,-6.19,1,0.1
2021-01-29,Central,Furniture,3214.66,81.62,2,0.0
2021-01-29,Central,Office Supplies,1737.67,-114.42,1,0.2
2021-01-29,Central,Technology,1179.03,-178.29,1,0.3
2021-01-29,East,Office Supplies,1430.2,238.24,2,0.0
2021-01-29,East,Technology,3334.68,598.49,2,0.05
2021-01-29,South,Furniture,23.21,-3.01,1,0.1
2021-01-29,West,Furniture,794.21,-107.02,1,0.0
2021-01-29,West,Office Supplies,2641.29,493.3,2,0.2
2021-01-29,West,Technology,1360.26,317.68,1,0.0
2021-01-30,Central,Office Supplies,743.84,15.3,1,0.0
2021-01-30,Central,Technology,1692.6,-196.15,1,0.0
2021-01-30,South,Furniture,1647.85,360.74,1,0.2
2021-01-30,South,Technology,832.24,-54.51,1,0.3
2021-01-30,West,Furniture,1670.54,119.02,1,0.0
2021-01-31,Central,Furniture,425.11,-34.03,1,0.2
2021-01-31,Central,Technology,562.33,-91.74,1,0.5
2021-01-31,South,Technology,426.44,94.51,2,0.2
2021-01-31,West,Furniture,1316.73,-179.37,1,0.2
2021-01-31,West,Office Supplies,717.71,-80.85,1,0.2
2021-01-31,West,Technology,28.99,4.58,1,0.4
2021-02-01,Central,Technology,1375.62,256.13,1,0.1
2021-02-01,East,Office Supplies,2758.29,422.18,3,0.0333
2021-02-01,East,Technology,578.58,126.0,1,0.0
2021-02-01,West,Office Supplies,1589.16,-14.09,1,0.5
2021-02-01,West,Technology,2163.51,171.87,2,0.2
2021-02-02,Central,Furniture,1954.99,253.85,1,0.0
2021-02-02,East,Furniture,1891.16,-309.77,1,0.3
2021-02-02,South,Furniture,1598.19,137.72,1,0.1
2021-02-02,South,Office Supplies,1498.68,-1.9,1,0.5
2021-02-02,West,Furniture,501.84,174.13,1,0.0
2021-02-02,West,Office Supplies,4625.17,358.68,4,0.0
2021-02-03,Central,Office Supplies,1977.16,616.47,1,0.4
2021-02-03,Central,Technology,1276.26,-129.5,1,0.0
2021-02-03,South,Furniture,1248.73,157.79,1,0.2
2021-02-03,West,Furniture,1112.68,-153.69,1,0.0
2021-02-03,West,Office Supplies,1644.19,-239.92,1,0.3
2021-02-03,West,Technology,2389.89,-124.86,3,0.1333
2021-02-04,East,Furniture,3631.46,688.52,2,0.05
2021-02-04,East,Office Supplies,1022.76,333.27,1,0.0
2021-02-04,East,Technology,1409.57,-143.16,1,0.2
2021-02-04,South,Furniture,653.06,-44.56,1,0.0
2021-02-04,South,Office Supplies,1748.79,471.92,1,0.1
2021-02-05,East,Furniture,1546.83,482.35,1,0.1
2021-02-05,East,Technology,1623.82,518.94,1,0.4
2021-02-05,West,Furniture,633.29,-43.3,1,0.2
2021-02-05,West,Office Supplies,1301.85,-156.55,1,0.5
2021-02-05,West,Technology,719.37,-100.12,1,0.3
2021-02-06,Central,Furniture,317.62,109.87,1,0.0
2021-02-06,Central,Office Supplies,1134.74,347.84,1,0.1
2021-02-06,East,Office Supplies,295.47,39.82,1,0.5
2021-02-06,East,Technology,1478.09,561.94,1,0.0
2021-02-06,South,Furniture,959.03,336.12,2,0.15
2021-02-06,South,Office Supplies,280.54,-49.85,1,0.0
2021-02-06,South,Technology,1013.32,-193.59,1,0.1
2021-02-07,Central,Furniture,180.25,-8.36,1,0.2
2021-02-07,Central,Office Supplies,1207.25,318.23,1,0.2
2021-02-07,East,Office Supplies,89.52,26.61,1,0.1
2021-02-07,East,Technology,988.72,97.94,2,0.3
2021-02-07,South,Office Supplies,2036.8,430.16,2,0.2
2021-02-07,South,Technology,1655.11,207.25,1,0.2
2021-02-07,West,Furniture,504.8,-46.98,1,0.0
2021-02-07,West,Technology,949.42,56.9,1,0.0
2021-02-08,Central,Furniture,1283.85,-16.1,1,0.0
2021-02-08,East,Furniture,846.43,222.42,1,0.3
2021-02-08,East,Technology,2194.33,585.12,4,0.075
2021-02-08,South,Technology,521.81,70.73,1,0.1
2021-02-08,West,Furniture,1200.93,-122.97,1,0.4
2021-02-08,West,Office Supplies,766.73,84.49,2,0.0
2021-02-08,West,Technology,538.97,157.3,1,0.4
2021-02-09,Central,Furniture,1777.33,-89.03,1,0.5
2021-02-09,Central,Office Supplies,247.82,-43.78,1,0.4
2021-02-09,East,Furniture,523.71,66.25,1,0.2
2021-02-09,West,Furniture,1125.01,-67.27,1,0.0
2021-02-09,West,Office Supplies,1146.67,-178.64,1,0.0
2021-02-09,West,Technology,2025.18,664.31,2,0.2
2021-02-10,Central,Furniture,604.48,52.7,1,0.5
2021-02-10,Central,Office Supplies,1865.93,-290.17,1,0.0
2021-02-10,East,Furniture,3910.34,875.55,3,0.2333
2021-02-10,South,Furniture,3333.44,-340.44,2,0.05
2021-02-10,South,Technology,1491.38,406.19,1,0.1
2021-02-10,West,Furniture,4326.74,727.23,4,0.2
2021-02-11,Central,Office Supplies,177.87,32.29,1,0.0
2021-02-11,Central,Technology,133.77,14.42,1,0.4
2021-02-11,East,Furniture,162.98,46.37,1,0.3
2021-02-11,East,Office Supplies,1998.24,-376.52,1,0.1
2021-02-11,South,Office Supplies,821.94,230.08,1,0.4
2021-02-11,West,Technology,1666.79,521.18,1,0.3
2021-02-12,Central,Technology,3322.8,757.28,3,0.1
2021-02-12,East,Office Supplies,1654.86,-84.39,1,0.0
2021-02-12,South,Furniture,383.54,-17.84,1,0.5
2021-02-12,South,Office Supplies,979.84,232.28,1,0.1
2021-02-12,South,Technology,3300.9,909.75,2,0.05
2021-02-12,West,Office Supplies,509.74,-49.32,1,0.2
2021-02-12,West,Technology,3000.24,140.73,3,0.1
2021-02-13,Central,Furniture,1841.14,573.63,1,0.3
2021-02-13,East,Office Supplies,1857.31,402.3,2,0.15
2021-02-13,South,Furniture,396.77,114.16,1,0.0
2021-02-13,South,Office Supplies,1974.0,433.78,3,0.2333
2021-02-13,West,Furniture,1542.85,324.11,1,0.1
2021-02-14,Central,Furniture,887.29,187.12,1,0.2
2021-02-14,Central,Office Supplies,184.39,41.23,1,0.2
2021-02-14,Central,Technology,1502.2,-23.47,2,0.25
2021-02-14,East,Furniture,1594.65,-288.96,1,0.3
2021-02-14,East,Office Supplies,766.51,-113.51,1,0.0
2021-02-14,East,Technology,679.92,165.67,1,0.1
2021-02-14,South,Furniture,395.83,97.6,1,0.0
2021-02-14,South,Technology,1297.58,297.75,1,0.5
2021-02-14,West,Furniture,1251.68,-17.91,1,0.3
2021-02-14,West,Office Supplies,2119.57,129.06,2,0.35
2021-02-14,West,Technology,1509.81,180.61,1,0.0
2021-02-15,Central,Office Supplies,1991.94,-192.85,1,0.0
2021-02-15,East,Technology,2902.91,420.53,2,0.35
2021-02-15,South,Office Supplies,1862.9,-111.84,1,0.0
2021-02-16,Central,Furniture,1146.68,18.71,1,0.4
2021-02-16,Central,Technology,2305.23,642.31,2,0.3
2021-02-16,East,Furniture,3757.19,909.85,2,0.05
2021-02-16,East,Office Supplies,1081.44,416.9,1,0.0
2021-02-16,East,Technology,1971.21,54.62,2,0.4
2021-02-16,South,Furniture,596.9,-28.63,1,0.5
2021-02-16,South,Technology,2624.04,727.79,2,0.15
2021-02-16,West,Office Supplies,697.29,28.98,1,0.2
2021-02-17,Central,Furniture,2358.8,99.85,2,0.25
2021-02-17,Central,Technology,1215.76,-29.1,2,0.25
2021-02-17,East,Furniture,603.45,-16.26,1,0.0
2021-02-17,East,Office Supplies,1703.87,388.46,1,0.3
2021-02-17,East,Technology,331.4,-13.55,1,0.0
2021-02-17,South,Furniture,1258.39,-179.41,1,0.0
2021-02-17,South,Office Supplies,1853.12,354.97,4,0.225
2021-02-17,South,Technology,467.71,-66.5,1,0.3
2021-02-17,West,Office Supplies,226.02,57.75,1,0.3
2021-02-17,West,Technology,692.53,137.49,1,0.2
2021-02-18,Central,Furniture,2843.65,458.38,3,0.3667
2021-02-18,Central,Technology,653.26,233.74,1,0.0
2021-02-18,East,Furniture,155.83,3.75,1,0.4
2021-02-18,East,Office Supplies,1919.46,60.36,2,0.2
2021-02-18,East,Technology,1572.94,301.89,3,0.3333
2021-02-18,South,Furniture,953.27,293.03,2,0.3
2021-02-18,South,Office Supplies,424.53,-44.16,1,0.5
2021-02-18,West,Furniture,356.11,87.24,1,0.0
2021-02-18,West,Technology,85.71,5.48,1,0.5
2021-02-19,Central,Office Supplies,779.85,181.46,2,0.05
2021-02-19,Central,Technology,600.56,-85.37,1,0.1
2021-02-19,East,Technology,2118.87,-268.87,2,0.3
2021-02-19,South,Furniture,1559.83,-162.35,1,0.2
2021-02-19,South,Office Supplies,1489.54,405.22,2,0.25
2021-02-20,Central,Office Supplies,826.84,94.73,1,0.4
2021-02-20,East,Office Supplies,1107.01,354.44,1,0.1
2021-02-20,East,Technology,1372.21,112.18,1,0.2
2021-02-20,South,Furniture,4311.77,622.91,3,0.0667
2021-02-20,West,Furniture,509.0,143.62,1,0.0
2021-02-20,West,Office Supplies,355.83,104.67,2,0.3
2021-02-20,West,Technology,575.24,36.61,1,0.2
2021-02-21,Central,Office Supplies,2880.63,-550.84,2,0.05
2021-02-21,Central,Technology,1170.0,339.57,1,0.4
2021-02-21,East,Office Supplies,1263.06,253.94,1,0.3
2021-02-21,South,Furniture,1379.43,193.26,1,0.5
2021-02-21,West,Office Supplies,1004.69,296.0,1,0.0
2021-02-21,West,Technology,557.31,134.8,1,0.0
2021-02-22,Central,Technology,1138.19,-160.16,1,0.3
2021-02-22,East,Furniture,533.04,54.05,1,0.0
2021-02-22,East,Office Supplies,1143.15,-135.35,1,0.1
2021-02-22,East,Technology,2500.09,-148.56,2,0.2
2021-02-22,South,Furniture,2482.54,643.79,2,0.2
2021-02-22,South,Office Supplies,1061.29,192.27,1,0.1
2021-02-23,Central,Furniture,1092.85,225.62,1,0.1
2021-02-23,Central,Office Supplies,1164.27,69.26,2,0.15
2021-02-23,East,Furniture,1495.15,151.22,2,0.05
2021-02-23,East,Office Supplies,4455.68,650.36,3,0.2333
2021-02-23,South,Furniture,216.11,13.44,1,0.3
2021-02-23,South,Technology,21.02,-3.63,1,0.1
2021-02-23,West,Office Supplies,1957.88,460.82,1,0.0
2021-02-23,West,Technology,446.26,92.22,1,0.0
2021-02-24,Central,Office Supplies,1558.64,418.6,1,0.0
2021-02-24,Central,Technology,778.54,104.69,1,0.4
2021-02-24,East,Technology,1756.99,119.4,1,0.0
2021-02-24,South,Furniture,36.54,-0.71,1,0.3
2021-02-24,South,Office Supplies,1242.93,42.83,1,0.0
2021-02-24,West,Furniture,1851.23,238.89,2,0.05
2021-02-24,West,Technology,164.46,-23.97,1,0.4
2021-02-25,Central,Office Supplies,1330.03,-252.13,1,0.3
2021-02-25,Central,Technology,273.84,83.55,1,0.0
2021-02-25,East,Furniture,2962.64,95.23,2,0.15
2021-02-25,East,Office Supplies,1445.6,288.78,1,0.3
2021-02-25,South,Office Supplies,508.0,62.58,1,0.4
2021-02-26,Central,Office Supplies,1199.5,469.87,1,0.0
2021-02-26,Central,Technology,1454.31,464.57,1,0.4
2021-02-26,East,Furniture,4699.76,788.08,4,0.325
2021-02-26,East,Technology,909.28,-17.11,1,0.3
2021-02-26,South,Furniture,1383.62,533.48,1,0.5
2021-02-26,West,Office Supplies,531.61,2.22,1,0.1
2021-02-26,West,Technology,1418.08,-262.1,1,0.4
2021-02-27,Central,Technology,2810.17,212.82,2,0.4
2021-02-27,East,Technology,3634.73,3.82,3,0.0
2021-02-27,South,Furniture,944.06,238.36,1,0.0
2021-02-27,South,Technology,1469.2,233.19,2,0.0
2021-02-27,West,Furniture,1087.15,44.51,1,0.1
2021-02-27,West,Office Supplies,1560.02,-105.62,2,0.1
2021-02-28,Central,Office Supplies,1029.29,381.76,1,0.1
2021-02-28,Central,Technology,1553.07,-197.28,1,0.3
2021-02-28,South,Furniture,1917.82,-115.5,2,0.0
2021-02-28,West,Furniture,366.88,-59.28,1,0.0
2021-02-28,West,Office Supplies,765.71,130.36,1,0.3
2021-03-01,Central,Furniture,1871.4,533.52,1,0.5
2021-03-01,Central,Technology,3441.78,531.88,2,0.45
2021-03-01,East,Office Supplies,4166.57,-31.68,3,0.2333
2021-03-01,East,Technology,196.4,68.46,1,0.5
2021-03-01,South,Office Supplies,3749.72,93.54,3,0.1
2021-03-01,South,Technology,1987.58,29.38,1,0.4
2021-03-01,West,Office Supplies,1321.88,-74.7,1,0.0
2021-03-02,Central,Furniture,1763.96,294.52,2,0.25
2021-03-02,Central,Office Supplies,1404.81,93.57,2,0.3
2021-03-02,Central,Technology,1388.79,179.16,1,0.0
2021-03-02,East,Furniture,1695.24,328.49,1,0.0
2021-03-02,South,Furniture,1435.11,62.9,1,0.0
2021-03-02,South,Office Supplies,689.83,-103.46,1,0.5
2021-03-02,West,Office Supplies,1369.59,-97.47,1,0.3
2021-03-02,West,Technology,1385.17,429.07,1,0.5
2021-03-03,Central,Office Supplies,860.36,-153.58,1,0.5
2021-03-03,Central,Technology,2024.54,-43.95,2,0.2
2021-03-03,East,Furniture,1668.23,530.38,1,0.5
2021-03-03,East,Office Supplies,2785.36,-44.87,2,0.1
2021-03-03,South,Furniture,861.55,257.36,1,0.3
2021-03-03,South,Office Supplies,1584.65,-280.06,1,0.2
2021-03-04,Central,Furniture,1563.13,563.48,1,0.0
2021-03-04,Central,Technology,1578.88,14.8,1,0.0
2021-03-04,East,Furniture,1798.78,115.12,2,0.1
2021-03-04,East,Office Supplies,1851.97,636.03,1,0.0
2021-03-04,East,Technology,1609.13,382.97,1,0.0
2021-03-04,South,Furniture,2864.64,537.07,2,0.1
2021-03-04,South,Office Supplies,2427.82,600.44,2,0.25
2021-03-04,South,Technology,2037.5,398.39,2,0.1
2021-03-04,West,Furniture,886.22,241.6,1,0.2
2021-03-04,West,Office Supplies,1143.78,358.54,1,0.2
2021-03-04,West,Technology,1268.68,-5.43,1,0.0
2021-03-05,Central,Furniture,74.76,-12.59,1,0.3
2021-03-05,Central,Office Supplies,153.9,12.35,1,0.0
2021-03-05,Central,Technology,1793.86,-240.41,1,0.2
2021-03-05,East,Furniture,382.25,140.32,1,0.4
2021-03-05,East,Technology,2611.12,477.25,2,0.15
2021-03-05,South,Furniture,1955.77,-136.64,1,0.2
2021-03-05,South,Technology,759.2,82.57,2,0.4
2021-03-05,West,Furniture,2235.5,417.37,2,0.05
2021-03-05,West,Technology,1870.12,-221.83,2,0.35
2021-03-06,Central,Furniture,841.58,106.28,1,0.0
2021-03-06,Central,Office Supplies,816.5,-135.81,1,0.5
2021-03-06,East,Furniture,2076.12,404.11,2,0.3
2021-03-06,South,Furniture,1707.6,-150.38,1,0.4
2021-03-06,South,Office Supplies,2745.02,574.86,2,0.1
2021-03-06,South,Technology,644.34,-44.8,1,0.0
2021-03-06,West,Furniture,2377.1,189.56,2,0.4
2021-03-06,West,Office Supplies,541.34,32.9,1,0.2
2021-03-07,Central,Furniture,2104.98,306.78,2,0.2
2021-03-07,East,Furniture,7154.48,816.64,5,0.06
2021-03-07,East,Office Supplies,284.33,-13.01,1,0.0
2021-03-07,South,Furniture,637.75,-46.82,1,0.0
2021-03-07,South,Office Supplies,1401.85,386.28,2,0.05
2021-03-07,South,Technology,588.4,118.58,1,0.4
2021-03-07,West,Technology,891.25,-105.15,1,0.0
2021-03-08,Central,Technology,844.8,215.7,1,0.2
2021-03-08,East,Furniture,611.83,132.14,1,0.3
2021-03-08,East,Office Supplies,490.79,126.19,1,0.0
2021-03-08,East,Technology,706.7,71.6,1,0.0
2021-03-08,South,Furniture,1647.4,73.2,2,0.3
2021-03-08,West,Furniture,3126.82,-21.94,2,0.2
2021-03-08,West,Technology,1764.81,25.74,1,0.5
2021-03-09,Central,Furniture,3365.42,385.52,2,0.2
2021-03-09,Central,Office Supplies,831.06,-139.76,1,0.1
2021-03-09,Central,Technology,1221.67,282.83,1,0.3
2021-03-09,East,Furniture,977.43,196.08,1,0.5
2021-03-09,East,Technology,516.49,100.24,1,0.1
2021-03-09,South,Furniture,3262.92,-122.51,2,0.15
2021-03-09,South,Office Supplies,98.79,24.43,1,0.2
2021-03-09,South,Technology,1772.86,117.12,2,0.5
2021-03-09,West,Furniture,1743.58,674.18,1,0.0
2021-03-10,Central,Furniture,820.22,317.63,1,0.0
2021-03-10,Central,Technology,788.77,65.99,1,0.0
2021-03-10,East,Office Supplies,1665.06,649.75,1,0.4
2021-03-10,East,Technology,1778.45,218.15,1,0.0
2021-03-10,South,Furniture,289.72,76.67,1,0.3
2021-03-10,South,Office Supplies,2653.68,633.16,2,0.15
2021-03-10,South,Technology,1484.06,467.95,1,0.0
2021-03-10,West,Furniture,1212.95,114.91,2,0.3
2021-03-10,West,Technology,691.6,101.67,1,0.3
2021-03-11,East,Furniture,2123.18,482.23,2,0.35
2021-03-11,East,Office Supplies,29.46,11.35,1,0.4
2021-03-11,South,Technology,1893.05,-237.73,1,0.0
2021-03-11,West,Furniture,514.73,156.29,2,0.2
2021-03-12,Central,Office Supplies,1769.52,-195.52,1,0.3
2021-03-12,Central,Technology,1345.8,130.42,1,0.0
2021-03-12,South,Furniture,2908.4,898.05,3,0.3
2021-03-12,West,Furniture,835.82,-68.56,1,0.1
2021-03-13,Central,Furniture,1445.56,425.17,2,0.0
2021-03-13,Central,Technology,143.79,4.27,1,0.3
2021-03-13,East,Furniture,3210.98,-151.26,2,0.15
2021-03-13,East,Office Supplies,4124.58,-275.95,3,0.1
2021-03-13,South,Furniture,307.65,54.44,1,0.4
2021-03-13,South,Office Supplies,1100.09,-6.45,1,0.0
2021-03-13,West,Furniture,1895.05,314.78,1,0.0
2021-03-13,West,Office Supplies,2377.99,-386.25,2,0.1
2021-03-14,Central,Furniture,3502.22,584.42,2,0.2
2021-03-14,Central,Office Supplies,2196.55,-43.11,2,0.25
2021-03-14,Central,Technology,956.17,-74.62,1,0.2
2021-03-14,East,Furniture,395.71,53.36,1,0.1
2021-03-14,East,Office Supplies,1330.85,222.98,1,0.2
2021-03-14,South,Office Supplies,5595.04,427.74,5,0.18
2021-03-14,South,Technology,1661.44,463.52,1,0.0
2021-03-14,West,Technology,1914.05,56.16,1,0.5
2021-03-15,Central,Office Supplies,1643.23,-21.68,1,0.0
2021-03-15,East,Office Supplies,3087.77,292.56,3,0.3333
2021-03-15,West,Furniture,466.72,4.49,1,0.0
2021-03-16,Central,Furniture,283.63,10.08,1,0.0
2021-03-16,East,Office Supplies,516.78,-72.51,1,0.4
2021-03-16,East,Technology,1984.77,-300.77,1,0.5
2021-03-16,South,Furniture,1603.09,-58.07,1,0.1
2021-03-16,South,Technology,1083.12,230.21,2,0.0
2021-03-16,West,Office Supplies,589.49,-106.03,1,0.5
2021-03-16,West,Technology,1145.82,282.21,1,0.1
2021-03-17,Central,Furniture,126.91,-17.18,1,0.0
2021-03-17,Central,Office Supplies,138.67,10.6,1,0.0
2021-03-17,Central,Technology,3593.17,235.19,2,0.1
2021-03-17,East,Technology,876.61,-44.25,1,0.0
2021-03-17,South,Furniture,2630.18,54.28,2,0.2
2021-03-17,West,Furniture,288.15,102.04,1,0.2
2021-03-17,West,Office Supplies,47.3,11.12,1,0.2
2021-03-18,Central,Furniture,574.67,60.94,1,0.2
2021-03-18,Central,Technology,2442.79,287.84,2,0.25
2021-03-18,East,Office Supplies,1012.41,203.77,1,0.4
2021-03-18,South,Office Supplies,1399.36,-22.97,2,0.25
2021-03-18,South,Technology,60.81,8.22,1,0.2
2021-03-18,West,Furniture,1590.54,-225.89,1,0.3
2021-03-18,West,Office Supplies,1848.37,723.07,1,0.0
2021-03-18,West,Technology,1668.13,543.02,2,0.2
2021-03-19,Central,Furniture,87.07,33.34,1,0.3
2021-03-19,Central,Office Supplies,2419.67,528.41,2,0.4
2021-03-19,Central,Technology,3445.36,721.26,2,0.05
2021-03-19,South,Technology,2008.08,-104.51,2,0.2
2021-03-19,West,Furniture,330.27,89.45,1,0.0
2021-03-20,Central,Office Supplies,376.11,25.4,1,0.4
2021-03-20,East,Technology,119.6,39.86,1,0.0
2021-03-20,South,Furniture,758.55,-88.28,1,0.0
2021-03-21,Central,Furniture,76.83,-11.42,1,0.0
2021-03-21,Central,Technology,1326.56,282.95,2,0.05
2021-03-21,South,Furniture,1049.89,-166.7,1,0.1
2021-03-21,West,Office Supplies,3548.64,893.94,4,0.2
2021-03-22,Central,Furniture,1655.96,602.77,2,0.0
2021-03-22,Central,Office Supplies,940.01,77.81,1,0.0
2021-03-22,Central,Technology,3750.88,107.48,3,0.1
2021-03-22,East,Furniture,923.67,94.46,1,0.0
2021-03-22,East,Office Supplies,323.86,-2.87,1,0.4
2021-03-22,East,Technology,1774.41,348.11,1,0.2
2021-03-22,South,Furniture,1408.73,134.98,1,0.3
2021-03-22,West,Furniture,1877.07,301.51,1,0.0
2021-03-22,West,Technology,218.67,16.62,1,0.4
2021-03-23,Central,Office Supplies,1093.45,388.58,1,0.2
2021-03-23,Central,Technology,1223.79,-174.35,2,0.1
2021-03-23,East,Office Supplies,1217.95,254.64,1,0.1
2021-03-23,East,Technology,563.16,111.42,1,0.3
2021-03-23,South,Furniture,2539.47,37.62,2,0.35
2021-03-23,South,Office Supplies,3643.22,-302.41,2,0.0
2021-03-23,West,Technology,225.8,75.04,1,0.0
2021-03-24,South,Furniture,1237.62,364.34,2,0.35
2021-03-24,South,Office Supplies,1525.33,-63.13,1,0.0
2021-03-25,Central,Furniture,350.69,39.26,1,0.1
2021-03-25,Central,Office Supplies,1211.22,-6.65,1,0.1
2021-03-25,Central,Technology,662.95,-19.78,1,0.4
2021-03-25,East,Furniture,3595.56,-66.86,2,0.0
2021-03-25,East,Technology,227.08,24.3,1,0.4
2021-03-25,South,Furniture,1152.34,-48.01,1,0.2
2021-03-25,West,Furniture,781.36,308.15,1,0.3
2021-03-25,West,Technology,1244.4,432.23,1,0.1
2021-03-26,Central,Furniture,1734.83,-9.45,2,0.35
2021-03-26,Central,Office Supplies,2311.95,117.37,2,0.25
2021-03-26,East,Furniture,2473.76,410.55,2,0.25
2021-03-26,South,Furniture,1133.31,168.83,2,0.25
2021-03-26,South,Office Supplies,1029.4,72.77,1,0.4
2021-03-26,West,Furniture,1798.95,-28.84,1,0.3
2021-03-26,West,Office Supplies,2004.19,297.39,2,0.05
2021-03-26,West,Technology,1285.44,345.68,1,0.1
2021-03-27,Central,Office Supplies,1396.81,397.26,1,0.4
2021-03-27,East,Office Supplies,541.95,136.66,1,0.5
2021-03-27,East,Technology,751.91,215.74,1,0.0
2021-03-27,South,Technology,1471.58,108.45,2,0.15
2021-03-27,West,Furniture,1435.28,-262.65,1,0.0
2021-03-27,West,Office Supplies,1069.32,-38.05,2,0.1
2021-03-28,Central,Furniture,691.86,264.12,1,0.2
2021-03-28,Central,Office Supplies,147.38,12.81,1,0.0
2021-03-28,Central,Technology,1338.89,222.51,1,0.0
2021-03-28,East,Technology,716.17,72.15,1,0.2
2021-03-28,South,Furniture,45.93,-5.95,1,0.1
2021-03-28,South,Technology,1410.05,180.81,1,0.0
2021-03-28,West,Furniture,1952.36,726.76,2,0.1
2021-03-28,West,Office Supplies,766.01,88.74,2,0.25
2021-03-29,East,Furniture,1229.94,82.89,1,0.2
2021-03-29,East,Office Supplies,2043.67,678.24,2,0.4
2021-03-29,South,Furniture,915.61,74.57,1,0.0
2021-03-29,South,Office Supplies,1261.6,251.88,1,0.0
2021-03-29,South,Technology,4895.05,702.75,3,0.1667
2021-03-30,Central,Office Supplies,811.95,-96.41,1,0.4
2021-03-30,East,Technology,1141.22,329.1,1,0.0
2021-03-30,South,Furniture,1334.55,7.02,1,0.0
2021-03-30,South,Office Supplies,1684.04,247.3,3,0.1
2021-03-30,West,Office Supplies,1806.61,535.97,1,0.4
2021-03-31,Central,Office Supplies,2839.63,-172.68,2,0.25
2021-03-31,Central,Technology,2677.13,333.16,2,0.3
2021-03-31,East,Furniture,538.55,151.69,1,0.1
2021-03-31,East,Office Supplies,1290.34,-197.52,1,0.3
2021-03-31,East,Technology,578.8,125.07,1,0.2
2021-03-31,South,Office Supplies,1300.76,437.83,2,0.0
2021-03-31,South,Technology,1797.99,-111.05,1,0.4
2021-03-31,West,Furniture,1285.38,298.24,1,0.1
2021-03-31,West,Technology,1496.95,-188.58,1,0.0
2021-04-01,Central,Furniture,2785.54,76.5,2,0.25
2021-04-01,Central,Office Supplies,419.4,50.12,1,0.4
2021-04-01,East,Furniture,2780.19,24.85,3,0.1333
2021-04-01,East,Office Supplies,1211.04,227.09,3,0.1667
2021-04-01,South,Furniture,2635.31,674.03,4,0.125
2021-04-01,South,Office Supplies,790.41,191.07,1,0.0
2021-04-01,West,Furniture,4829.1,1481.04,3,0.1667
2021-04-01,West,Technology,1764.9,8.91,2,0.25
2021-04-02,Central,Furniture,1093.84,-125.68,1,0.4
2021-04-02,Central,Office Supplies,1421.32,-32.32,1,0.0
2021-04-02,Central,Technology,406.47,102.43,1,0.4
2021-04-02,East,Office Supplies,1357.01,303.83,1,0.0
2021-04-02,East,Technology,265.07,-43.9,1,0.0
2021-04-02,South,Technology,2306.23,600.32,3,0.3667
2021-04-02,West,Technology,3622.29,1241.49,3,0.1667
2021-04-03,Central,Office Supplies,1020.77,233.67,1,0.5
2021-04-03,Central,Technology,1393.07,215.19,1,0.0
2021-04-03,East,Furniture,1054.81,131.74,1,0.4
2021-04-03,East,Office Supplies,697.47,241.32,1,0.3
2021-04-03,East,Technology,224.19,-32.13,1,0.4
2021-04-03,South,Furniture,3672.07,177.3,5,0.1
2021-04-03,South,Office Supplies,1912.88,685.37,1,0.4
2021-04-03,South,Technology,3467.97,59.34,3,0.2333
2021-04-03,West,Office Supplies,1845.68,1.01,1,0.4
2021-04-04,Central,Furniture,3224.66,-51.47,3,0.2667
2021-04-04,Central,Office Supplies,3489.75,546.96,4,0.225
2021-04-04,Central,Technology,1500.94,384.74,1,0.0
2021-04-04,East,Technology,172.51,13.88,1,0.2
2021-04-04,South,Furniture,1944.56,-303.81,1,0.1
2021-04-04,West,Furniture,3445.54,-4.04,4,0.075
2021-04-04,West,Office Supplies,316.42,-3.28,1,0.0
2021-04-05,Central,Office Supplies,232.53,-1.88,1,0.4
2021-04-05,South,Furniture,1334.42,336.37,2,0.1
2021-04-05,South,Office Supplies,2254.35,641.18,2,0.45
2021-04-05,South,Technology,3471.22,-572.29,2,0.3
2021-04-05,West,Furniture,931.06,-71.1,1,0.3
2021-04-06,Central,Office Supplies,601.63,-119.01,1,0.1
2021-04-06,Central,Technology,686.4,18.43,1,0.1
2021-04-06,East,Furniture,317.6,122.69,1,0.5
2021-04-06,East,Office Supplies,1756.65,548.15,1,0.0
2021-04-06,East,Technology,1021.51,58.98,2,0.0
2021-04-06,South,Technology,1923.36,528.03,2,0.25
2021-04-07,Central,Furniture,928.98,208.74,1,0.5
2021-04-07,Central,Office Supplies,1258.13,253.13,1,0.3
2021-04-07,East,Furniture,2220.76,499.99,2,0.15
2021-04-07,East,Office Supplies,1691.5,-106.47,1,0.3
2021-04-07,West,Furniture,1837.6,-18.84,1,0.5
2021-04-08,Central,Furniture,1671.63,297.23,1,0.0
2021-04-08,Central,Office Supplies,1898.13,-233.69,1,0.0
2021-04-08,Central,Technology,1979.42,-373.03,1,0.0
2021-04-08,East,Furniture,1265.78,-82.37,1,0.0
2021-04-08,East,Office Supplies,2196.85,-313.43,2,0.2
2021-04-08,East,Technology,1152.75,-11.32,1,0.0
2021-04-08,South,Furniture,1999.63,336.63,1,0.3
2021-04-08,South,Technology,4188.68,483.4,4,0.075
2021-04-08,West,Office Supplies,1206.43,475.83,1,0.4
2021-04-09,East,Furniture,467.81,-60.49,1,0.2
2021-04-09,South,Office Supplies,325.11,48.18,1,0.0
2021-04-09,West,Furniture,1720.19,-59.57,1,0.0
2021-04-09,West,Technology,4779.41,963.76,4,0.125
2021-04-10,Central,Furniture,569.9,-16.27,1,0.5
2021-04-10,East,Furniture,1779.22,518.6,1,0.0
2021-04-10,East,Office Supplies,1552.73,30.47,1,0.0
2021-04-10,East,Technology,228.27,12.95,1,0.1
2021-04-10,West,Furniture,730.88,171.93,1,0.1
2021-04-10,West,Technology,300.08,102.17,1,0.0
2021-04-11,Central,Furniture,471.45,-38.84,1,0.3
2021-04-11,East,Furniture,820.26,4.24,1,0.1
2021-04-11,East,Office Supplies,2645.75,-142.57,2,0.2
2021-04-11,East,Technology,1887.36,41.45,2,0.0
2021-04-11,South,Furniture,580.82,-23.13,1,0.4
2021-04-11,South,Technology,1601.06,114.04,1,0.1
2021-04-11,West,Technology,1585.38,-127.92,3,0.1
2021-04-12,Central,Furniture,479.44,-31.51,1,0.2
2021-04-12,Central,Technology,2070.86,236.08,2,0.05
2021-04-12,East,Furniture,796.54,120.94,1,0.0
2021-04-12,East,Technology,1969.03,342.39,1,0.5
2021-04-12,South,Office Supplies,1912.77,469.71,1,0.1
2021-04-12,South,Technology,1267.92,58.33,1,0.3
2021-04-12,West,Furniture,2565.03,-210.82,2,0.1
2021-04-13,Central,Technology,458.84,74.51,1,0.0
2021-04-13,South,Furniture,1351.83,-112.43,1,0.0
2021-04-13,West,Office Supplies,1456.8,374.01,1,0.5
2021-04-13,West,Technology,1999.99,719.04,1,0.5
2021-04-14,Central,Office Supplies,3943.14,451.87,3,0.1333
2021-04-14,East,Furniture,33.59,-5.75,1,0.0
2021-04-14,East,Office Supplies,1876.48,656.42,1,0.0
2021-04-14,East,Technology,697.54,86.99,2,0.2
2021-04-14,South,Furniture,1837.6,-6.96,2,0.2
2021-04-14,South,Office Supplies,209.83,8.56,1,0.2
2021-04-14,South,Technology,1608.04,455.41,2,0.45
2021-04-14,West,Furniture,2048.6,193.67,2,0.0
2021-04-14,West,Office Supplies,357.2,-59.42,1,0.5
2021-04-14,West,Technology,743.04,-141.11,1,0.2
2021-04-15,Central,Technology,3549.68,541.58,2,0.15
2021-04-15,East,Office Supplies,1611.87,-305.37,1,0.4
2021-04-15,South,Furniture,424.49,-21.96,1,0.0
2021-04-15,South,Technology,25.67,7.94,1,0.4
2021-04-15,West,Furniture,1420.16,-130.29,1,0.0
2021-04-15,West,Technology,2182.67,-275.4,2,0.45
2021-04-16,Central,Furniture,1197.66,39.67,1,0.0
2021-04-16,East,Furniture,1815.75,17.5,2,0.0
2021-04-16,East,Office Supplies,2556.08,-71.8,2,0.4
2021-04-16,South,Furniture,1797.26,463.7,1,0.5
2021-04-16,South,Office Supplies,999.43,197.28,1,0.5
2021-04-16,South,Technology,1110.19,76.45,2,0.5
2021-04-16,West,Technology,1864.56,678.02,1,0.0
2021-04-17,Central,Office Supplies,1980.84,576.82,2,0.2
2021-04-17,Central,Technology,883.9,262.77,1,0.5
2021-04-17,East,Furniture,1073.56,-8.07,2,0.3
2021-04-17,East,Office Supplies,903.93,88.81,2,0.3
2021-04-17,East,Technology,218.38,38.66,1,0.0
2021-04-17,West,Furniture,748.46,219.82,1,0.3
2021-04-17,West,Office Supplies,456.2,115.21,1,0.0
2021-04-17,West,Technology,1263.05,108.87,1,0.3
2021-04-18,Central,Furniture,1907.34,-372.54,1,0.0
2021-04-18,Central,Office Supplies,3106.38,96.85,2,0.5
2021-04-18,Central,Technology,1889.86,-81.76,1,0.2
2021-04-18,East,Office Supplies,2748.07,182.1,2,0.25
2021-04-18,East,Technology,1521.94,128.37,1,0.4
2021-04-18,South,Furniture,1001.22,-72.59,1,0.0
2021-04-18,South,Office Supplies,1502.46,318.06,2,0.0
2021-04-18,South,Technology,993.8,333.06,1,0.1
2021-04-18,West,Technology,1085.79,191.98,1,0.4
2021-04-19,Central,Furniture,3124.09,17.91,3,0.1333
2021-04-19,Central,Office Supplies,1268.44,-165.43,1,0.2
2021-04-19,Central,Technology,570.09,45.54,1,0.2
2021-04-19,East,Furniture,1324.12,44.76,2,0.15
2021-04-19,East,Office Supplies,64.0,3.37,1,0.3
2021-04-19,East,Technology,1440.57,364.48,1,0.5
2021-04-19,South,Technology,2672.04,548.04,2,0.3
2021-04-19,West,Office Supplies,129.49,15.31,1,0.3
2021-04-20,Central,Furniture,1047.85,-160.05,2,0.35
2021-04-20,East,Technology,254.07,55.01,1,0.4
2021-04-20,South,Office Supplies,124.66,40.14,1,0.4
2021-04-20,South,Technology,1991.99,39.47,1,0.0
2021-04-20,West,Furniture,1707.38,224.74,2,0.0
2021-04-21,Central,Furniture,1342.21,218.91,1,0.3
2021-04-21,Central,Office Supplies,102.02,38.6,1,0.0
2021-04-21,Central,Technology,826.82,-130.92,1,0.3
2021-04-21,West,Furniture,734.74,-36.13,1,0.4
2021-04-21,West,Technology,1708.96,5.56,2,0.3
2021-04-22,Central,Technology,173.66,23.62,1,0.1
2021-04-22,East,Furniture,673.84,178.87,1,0.0
2021-04-22,East,Technology,118.84,18.61,1,0.3
2021-04-22,South,Office Supplies,2511.08,91.51,2,0.25
2021-04-22,South,Technology,4426.35,200.86,3,0.3333
2021-04-22,West,Furniture,1806.39,173.42,1,0.0
2021-04-22,West,Office Supplies,934.64,-15.23,1,0.0
2021-04-23,Central,Technology,438.35,-70.26,1,0.1
2021-04-23,East,Furniture,975.19,61.72,1,0.0
2021-04-23,East,Office Supplies,468.0,163.57,1,0.3
2021-04-23,South,Office Supplies,4131.48,190.23,3,0.1
2021-04-23,South,Technology,1760.37,-5.28,1,0.0
2021-04-23,West,Furniture,1894.49,-229.43,1,0.0
2021-04-23,West,Technology,1552.19,270.82,1,0.0
2021-04-24,Central,Furniture,1546.17,-50.33,1,0.1
2021-04-24,Central,Office Supplies,1943.34,-360.95,2,0.15
2021-04-24,East,Office Supplies,362.37,-52.44,1,0.1
2021-04-24,South,Furniture,1073.76,258.74,1,0.2
2021-04-24,South,Technology,3232.79,443.17,2,0.25
2021-04-24,West,Furniture,1691.02,261.75,1,0.5
2021-04-24,West,Office Supplies,694.96,115.12,1,0.1
2021-04-25,Central,Furniture,1471.49,404.9,1,0.0
2021-04-25,Central,Technology,433.39,96.87,1,0.1
2021-04-25,East,Office Supplies,1057.13,145.69,1,0.1
2021-04-25,East,Technology,1551.28,66.52,3,0.2667
2021-04-25,South,Furniture,1902.56,-12.77,1,0.4
2021-04-26,Central,Furniture,1886.55,559.26,1,0.1
2021-04-26,Central,Office Supplies,1321.68,-99.59,2,0.25
2021-04-26,Central,Technology,2153.18,-53.52,3,0.0667
2021-04-26,East,Furniture,286.04,-41.47,1,0.0
2021-04-26,South,Furniture,957.68,239.27,1,0.3
2021-04-26,South,Technology,459.49,127.55,1,0.2
2021-04-26,West,Furniture,934.65,-21.74,2,0.0
2021-04-26,West,Office Supplies,2862.75,571.98,2,0.35
2021-04-27,Central,Furniture,272.08,67.94,1,0.1
2021-04-27,Central,Technology,4885.1,154.76,3,0.2667
2021-04-27,East,Furniture,4673.01,11.37,4,0.25
2021-04-27,East,Technology,1544.28,155.52,1,0.0
2021-04-27,South,Technology,193.55,44.66,1,0.2
2021-04-27,West,Office Supplies,1712.61,40.8,1,0.1
2021-04-27,West,Technology,736.63,208.69,2,0.1
2021-04-28,Central,Furniture,786.93,42.62,2,0.1
2021-04-28,Central,Office Supplies,351.49,127.47,1,0.5
2021-04-28,East,Furniture,811.94,-11.07,1,0.0
2021-04-28,South,Furniture,1409.11,-114.93,1,0.0
2021-04-28,South,Office Supplies,695.96,-7.48,2,0.4
2021-04-28,South,Technology,671.56,121.91,1,0.3
2021-04-28,West,Furniture,1506.2,351.3,1,0.1
2021-04-28,West,Technology,2597.07,-92.09,3,0.3333
2021-04-29,Central,Technology,903.84,288.31,2,0.35
2021-04-29,South,Furniture,1557.03,65.92,2,0.2
2021-04-29,South,Office Supplies,591.45,-81.55,1,0.2
2021-04-29,South,Technology,718.63,184.42,1,0.2
2021-04-29,West,Office Supplies,181.56,13.08,1,0.0
2021-04-30,Central,Office Supplies,986.17,276.41,1,0.3
2021-04-30,Central,Technology,1134.39,-123.66,1,0.4
2021-04-30,East,Office Supplies,1474.12,-244.26,1,0.3
2021-04-30,South,Furniture,1218.99,353.81,1,0.2
2021-04-30,South,Office Supplies,302.8,-33.95,1,0.2
2021-04-30,South,Technology,1342.4,20.97,1,0.5
2021-04-30,West,Office Supplies,887.41,143.25,1,0.0
2021-04-30,West,Technology,296.57,35.58,1,0.5
2021-05-01,Central,Office Supplies,386.62,44.86,1,0.0
2021-05-01,Central,Technology,1922.64,438.32,1,0.0
2021-05-01,East,Technology,2959.77,-419.31,2,0.35
2021-05-01,South,Office Supplies,1093.49,287.79,1,0.1
2021-05-02,Central,Technology,1450.04,-147.63,1,0.3
2021-05-02,East,Office Supplies,1587.03,14.49,1,0.0
2021-05-02,East,Technology,121.67,14.93,1,0.2
2021-05-02,South,Furniture,991.37,266.49,1,0.0
2021-05-02,South,Office Supplies,454.32,67.36,1,0.3
2021-05-03,Central,Furniture,1023.92,-189.95,1,0.3
2021-05-03,Central,Technology,1579.86,-67.42,1,0.0
2021-05-03,East,Furniture,360.37,-49.74,1,0.5
2021-05-03,East,Office Supplies,645.31,-105.3,1,0.4
2021-05-03,East,Technology,1779.75,-306.06,1,0.3
2021-05-03,South,Furniture,2428.8,390.53,2,0.3
2021-05-03,South,Technology,911.09,-176.15,1,0.0
2021-05-03,West,Office Supplies,1012.1,276.75,2,0.2
2021-05-03,West,Technology,948.49,135.57,1,0.2
2021-05-04,Central,Furniture,374.6,20.46,1,0.3
2021-05-04,East,Technology,2155.34,-107.83,2,0.15
2021-05-04,South,Furniture,1641.24,86.88,2,0.1
2021-05-04,South,Office Supplies,1847.26,630.67,1,0.1
2021-05-04,West,Office Supplies,898.23,80.35,2,0.0
2021-05-05,Central,Furniture,208.41,33.23,1,0.0
2021-05-05,Central,Office Supplies,1554.14,-152.1,1,0.0
2021-05-05,Central,Technology,1847.8,87.41,1,0.0
2021-05-05,East,Technology,462.9,36.37,1,0.5
2021-05-05,South,Furniture,1545.88,72.25,1,0.3
2021-05-05,West,Furniture,940.7,-2.48,1,0.4
2021-05-05,West,Office Supplies,778.48,229.13,1,0.3
2021-05-05,West,Technology,2033.19,-136.77,3,0.1333
2021-05-06,Central,Office Supplies,1967.15,111.94,1,0.2
2021-05-06,East,Office Supplies,1639.64,214.92,1,0.0
2021-05-06,East,Technology,63.55,-9.33,1,0.2
2021-05-06,South,Furniture,107.45,31.29,1,0.0
2021-05-06,South,Technology,424.87,64.52,1,0.0
2021-05-06,West,Furniture,148.76,12.61,1,0.0
2021-05-06,West,Office Supplies,1606.74,274.0,1,0.3
2021-05-07,East,Technology,1089.33,125.33,1,0.2
2021-05-07,West,Furniture,2265.57,39.75,3,0.1333
2021-05-07,West,Office Supplies,1812.87,224.67,2,0.05
2021-05-07,West,Technology,612.27,181.3,1,0.5
2021-05-08,Central,Furniture,351.9,13.1,1,0.2
2021-05-08,Central,Technology,483.98,167.24,1,0.0
2021-05-08,East,Furniture,2567.66,138.02,2,0.35
2021-05-08,East,Office Supplies,1046.23,239.04,1,0.2
2021-05-08,East,Technology,1954.66,-254.56,2,0.2
2021-05-08,South,Office Supplies,1186.98,-143.22,1,0.3
2021-05-08,South,Technology,564.17,81.04,1,0.1
2021-05-08,West,Office Supplies,245.27,10.61,1,0.0
2021-05-09,Central,Office Supplies,571.19,60.62,1,0.5
2021-05-09,Central,Technology,727.12,51.05,1,0.2
2021-05-09,East,Technology,163.19,56.49,1,0.0
2021-05-09,South,Furniture,1915.49,-98.53,2,0.2
2021-05-09,South,Technology,1537.24,435.91,1,0.4
2021-05-09,West,Office Supplies,184.49,20.77,1,0.4
2021-05-10,Central,Furniture,412.41,66.74,1,0.4
2021-05-10,Central,Technology,1161.79,308.38,1,0.5
2021-05-10,East,Office Supplies,4360.16,148.73,3,0.3
2021-05-10,East,Technology,774.16,178.98,1,0.1
2021-05-10,South,Furniture,887.26,-97.91,1,0.0
2021-05-10,South,Office Supplies,1554.89,-154.76,2,0.2
2021-05-10,South,Technology,790.83,25.13,2,0.3
2021-05-10,West,Furniture,2700.92,104.59,2,0.05
2021-05-10,West,Technology,1312.89,86.57,1,0.1
2021-05-11,Central,Office Supplies,638.33,128.29,1,0.0
2021-05-11,Central,Technology,769.42,294.42,1,0.2
2021-05-11,East,Furniture,1242.08,-51.07,1,0.2
2021-05-11,East,Technology,1323.11,129.21,2,0.15
2021-05-11,South,Office Supplies,342.06,18.86,1,0.2
2021-05-11,West,Office Supplies,1427.52,139.45,1,0.0
2021-05-12,Central,Furniture,1712.36,-41.9,2,0.4
2021-05-12,Central,Office Supplies,2943.58,9.22,2,0.2
2021-05-12,South,Furniture,1016.91,-133.92,1,0.5
2021-05-12,South,Office Supplies,1398.88,422.19,1,0.3
2021-05-12,South,Technology,1031.65,356.33,1,0.0
2021-05-12,West,Furniture,1363.78,511.28,1,0.0
2021-05-12,West,Office Supplies,929.7,91.65,1,0.4
2021-05-12,West,Technology,3559.83,1099.99,3,0.3333
2021-05-13,East,Furniture,522.11,-99.42,1,0.3
2021-05-13,East,Office Supplies,208.09,42.01,1,0.1
2021-05-13,South,Furniture,683.21,95.51,1,0.1
2021-05-13,South,Office Supplies,560.33,-30.88,2,0.4
2021-05-13,South,Technology,588.52,-48.4,1,0.4
2021-05-13,West,Furniture,1473.07,557.04,1,0.4
2021-05-13,West,Technology,1940.38,765.9,1,0.0
2021-05-14,Central,Furniture,358.82,-18.29,1,0.5
2021-05-14,Central,Office Supplies,435.47,-70.63,1,0.2
2021-05-14,Central,Technology,408.01,-25.59,1,0.3
2021-05-14,East,Technology,265.21,-11.73,1,0.0
2021-05-14,West,Furniture,263.13,60.4,1,0.2
2021-05-14,West,Office Supplies,1926.12,-36.1,2,0.2
2021-05-14,West,Technology,1727.68,640.39,1,0.5
2021-05-15,Central,Furniture,1933.42,88.85,2,0.2
2021-05-15,Central,Technology,217.85,-17.71,1,0.0
2021-05-15,East,Furniture,2310.86,111.89,3,0.1
2021-05-15,East,Office Supplies,837.91,-93.54,1,0.5
2021-05-15,South,Office Supplies,1571.07,261.32,1,0.2
2021-05-15,South,Technology,867.92,217.94,1,0.1
2021-05-15,West,Furniture,188.73,-9.5,1,0.5
2021-05-16,East,Furniture,2461.73,211.39,3,0.1
2021-05-16,East,Technology,4678.23,953.52,3,0.1
2021-05-16,South,Office Supplies,1228.95,-231.91,2,0.2
2021-05-16,West,Furniture,1851.05,441.9,1,0.4
2021-05-17,Central,Technology,3862.49,626.32,3,0.1667
2021-05-17,East,Furniture,1260.99,-8.91,1,0.0
2021-05-17,East,Office Supplies,1625.86,118.45,1,0.5
2021-05-17,East,Technology,780.33,109.63,1,0.0
2021-05-17,South,Office Supplies,3465.25,886.12,3,0.2
2021-05-17,South,Technology,850.25,-147.49,1,0.4
2021-05-17,West,Office Supplies,2692.88,-67.93,2,0.2
2021-05-17,West,Technology,1256.91,-71.11,1,0.0
2021-05-18,Central,Furniture,1734.93,-133.96,1,0.0
2021-05-18,Central,Office Supplies,1465.65,373.91,2,0.25
2021-05-18,East,Furniture,775.74,-1.32,2,0.25
2021-05-18,East,Office Supplies,3157.47,725.55,3,0.1
2021-05-18,East,Technology,503.39,152.72,1,0.0
2021-05-18,South,Furniture,3444.79,569.69,3,0.0667
2021-05-18,South,Technology,910.67,334.15,1,0.4
2021-05-18,West,Furniture,1420.07,265.2,2,0.0
2021-05-18,West,Office Supplies,1235.8,90.17,1,0.3
2021-05-18,West,Technology,1942.03,-341.51,2,0.25
2021-05-19,Central,Furniture,182.31,-14.99,1,0.0
2021-05-19,Central,Office Supplies,593.71,179.79,1,0.2
2021-05-19,Central,Technology,3045.39,461.73,2,0.0
2021-05-19,East,Office Supplies,64.62,7.43,1,0.4
2021-05-19,East,Technology,675.39,201.61,1,0.0
2021-05-19,South,Furniture,531.75,196.33,1,0.0
2021-05-19,South,Technology,1904.97,-248.08,2,0.3
2021-05-19,West,Office Supplies,468.39,0.0,1,0.0
2021-05-19,West,Technology,367.19,-53.97,1,0.3
2021-05-20,Central,Office Supplies,784.6,109.75,2,0.0
2021-05-20,Central,Technology,142.1,-6.04,1,0.0
2021-05-20,East,Furniture,1742.11,-264.77,1,0.0
2021-05-20,East,Technology,2845.28,-148.91,2,0.0
2021-05-20,South,Office Supplies,1755.22,79.0,1,0.2
2021-05-20,West,Furniture,3084.87,72.51,2,0.1
2021-05-20,West,Technology,53.89,-1.08,1,0.0
2021-05-21,Central,Furniture,1528.93,65.05,2,0.0
2021-05-21,Central,Office Supplies,2983.36,700.86,3,0.2333
2021-05-21,Central,Technology,155.04,3.3,1,0.1
2021-05-21,East,Office Supplies,219.18,64.25,1,0.0
2021-05-21,South,Furniture,1139.86,397.0,1,0.1
2021-05-21,West,Furniture,1551.88,350.81,1,0.3
2021-05-21,West,Office Supplies,59.51,23.11,1,0.0
2021-05-21,West,Technology,1414.57,-122.37,1,0.2
2021-05-22,Central,Office Supplies,1026.58,376.21,1,0.3
2021-05-22,East,Office Supplies,1738.17,-155.32,2,0.0
2021-05-22,South,Furniture,1497.99,-168.56,2,0.4
2021-05-22,South,Technology,1283.47,35.85,1,0.0
2021-05-22,West,Office Supplies,1201.65,-104.17,1,0.5
2021-05-22,West,Technology,3710.16,944.21,4,0.3
2021-05-23,Central,Furniture,1755.48,310.67,1,0.0
2021-05-23,East,Furniture,1959.05,-182.06,1,0.4
2021-05-23,East,Office Supplies,112.71,0.91,1,0.2
2021-05-23,East,Technology,650.34,83.68,2,0.25
2021-05-23,South,Furniture,628.68,-76.75,1,0.1
2021-05-23,South,Technology,4704.35,852.46,3,0.2667
2021-05-23,West,Office Supplies,2410.94,-129.52,3,0.2667
2021-05-23,West,Technology,526.59,66.59,1,0.1
2021-05-24,Central,Furniture,1556.86,7.27,1,0.2
2021-05-24,Central,Office Supplies,812.83,196.0,1,0.0
2021-05-24,East,Furniture,2682.15,47.91,2,0.2
2021-05-24,East,Technology,727.18,-141.08,1,0.0
2021-05-24,South,Furniture,840.92,151.11,1,0.0
2021-05-24,South,Office Supplies,124.33,-12.05,1,0.0
2021-05-25,East,Furniture,1468.02,202.86,1,0.3
2021-05-25,East,Office Supplies,1183.68,-139.54,1,0.3
2021-05-25,East,Technology,1601.73,-25.04,1,0.5
2021-05-25,South,Furniture,441.19,-31.56,1,0.1
2021-05-25,South,Office Supplies,1250.84,135.26,3,0.3
2021-05-25,South,Technology,1084.49,274.48,1,0.0
2021-05-26,Central,Furniture,1030.75,292.33,1,0.0
2021-05-26,Central,Technology,1852.74,363.19,1,0.4
2021-05-26,East,Furniture,564.38,198.77,1,0.4
2021-05-26,East,Office Supplies,2000.79,392.3,2,0.25
2021-05-26,East,Technology,1628.39,-225.56,1,0.5
2021-05-26,South,Office Supplies,1348.47,442.95,1,0.4
2021-05-26,South,Technology,689.45,195.33,1,0.2
2021-05-26,West,Furniture,399.72,-43.64,1,0.0
2021-05-26,West,Office Supplies,649.53,198.04,1,0.3
2021-05-26,West,Technology,1868.2,-3.83,1,0.0
2021-05-27,Central,Furniture,4664.66,173.05,4,0.2
2021-05-27,Central,Office Supplies,1746.62,338.1,2,0.1
2021-05-27,Central,Technology,2057.89,361.45,2,0.15
2021-05-27,East,Furniture,983.44,-89.95,1,0.5
2021-05-27,East,Technology,1239.2,-90.91,1,0.5
2021-05-27,South,Office Supplies,4016.71,-411.36,3,0.2667
2021-05-27,South,Technology,2287.16,532.55,3,0.1
2021-05-27,West,Technology,949.08,278.01,1,0.5
2021-05-28,Central,Office Supplies,1442.56,320.16,2,0.3
2021-05-28,Central,Technology,1495.35,140.02,2,0.05
2021-05-28,East,Furniture,3468.83,-6.81,3,0.0667
2021-05-28,South,Furniture,1987.09,610.9,1,0.3
2021-05-28,South,Office Supplies,1400.01,160.39,2,0.2
2021-05-28,West,Office Supplies,1463.92,375.98,1,0.0
2021-05-29,Central,Furniture,1994.79,357.33,1,0.0
2021-05-29,East,Furniture,1292.84,-150.02,1,0.0
2021-05-29,East,Office Supplies,1382.79,-250.25,1,0.0
2021-05-29,South,Furniture,3359.11,261.34,3,0.3333
2021-05-29,South,Technology,1196.57,322.98,1,0.4
2021-05-29,West,Office Supplies,1828.6,216.48,1,0.4
2021-05-29,West,Technology,70.96,-6.5,1,0.4
2021-05-30,Central,Furniture,835.96,183.75,1,0.1
2021-05-30,Central,Office Supplies,4789.1,1258.27,4,0.275
2021-05-30,Central,Technology,25.8,-3.92,1,0.0
2021-05-30,East,Furniture,519.65,111.76,1,0.3
2021-05-30,East,Office Supplies,927.36,355.09,1,0.3
2021-05-30,East,Technology,1611.25,141.2,1,0.1
2021-05-30,South,Furniture,1815.01,66.56,2,0.25
2021-05-30,South,Office Supplies,914.56,73.8,1,0.5
2021-05-30,West,Technology,782.56,7.33,1,0.0
2021-05-31,Central,Furniture,1480.48,402.83,1,0.5
2021-05-31,East,Office Supplies,642.82,-86.07,1,0.0
2021-05-31,East,Technology,1298.81,-123.5,1,0.5
2021-05-31,South,Furniture,1365.21,-39.74,1,0.0
2021-05-31,West,Technology,1049.01,266.34,1,0.0
2021-06-01,Central,Technology,1089.5,396.25,1,0.0
2021-06-01,East,Office Supplies,62.42,1.58,1,0.4
2021-06-01,South,Office Supplies,1029.38,294.41,1,0.0
2021-06-01,South,Technology,319.5,42.55,1,0.0
2021-06-01,West,Technology,2878.23,286.33,2,0.15
2021-06-02,Central,Office Supplies,4032.9,30.46,4,0.125
2021-06-02,South,Furniture,1983.27,656.97,1,0.5
2021-06-02,South,Office Supplies,1130.79,77.74,2,0.25
2021-06-02,West,Furniture,3896.84,-344.39,2,0.45
2021-06-02,West,Office Supplies,1381.17,-93.41,1,0.2
2021-06-02,West,Technology,161.26,25.81,1,0.0
2021-06-03,Central,Furniture,1732.99,410.26,2,0.0
2021-06-03,East,Technology,1859.44,-174.59,1,0.0
2021-06-03,South,Office Supplies,953.34,9.16,2,0.3
2021-06-03,South,Technology,2736.53,177.18,2,0.0
2021-06-03,West,Furniture,1252.13,371.88,1,0.1
2021-06-04,Central,Furniture,3226.58,38.36,2,0.25
2021-06-04,East,Office Supplies,1246.55,-175.42,1,0.2
2021-06-04,South,Office Supplies,3865.41,-0.68,3,0.1333
2021-06-04,West,Furniture,255.65,23.06,1,0.0
2021-06-04,West,Office Supplies,1062.77,350.78,1,0.5
2021-06-04,West,Technology,1518.75,-113.23,1,0.2
2021-06-05,Central,Technology,3653.55,497.83,2,0.25
2021-06-05,East,Furniture,1915.22,625.23,1,0.0
2021-06-05,East,Technology,1614.8,-236.73,1,0.2
2021-06-05,South,Office Supplies,1865.88,582.04,1,0.4
2021-06-05,West,Furniture,349.36,18.02,1,0.2
2021-06-05,West,Office Supplies,1591.44,-133.46,1,0.1
2021-06-05,West,Technology,1942.54,-3.54,1,0.4
2021-06-06,East,Technology,1134.67,52.7,1,0.1
2021-06-06,South,Technology,1451.19,-71.69,1,0.0
2021-06-06,West,Furniture,361.5,122.2,1,0.1
2021-06-07,Central,Furniture,1960.07,-152.29,3,0.1
2021-06-07,Central,Office Supplies,507.9,49.24,1,0.1
2021-06-07,East,Office Supplies,1943.59,455.06,2,0.1
2021-06-07,South,Office Supplies,710.93,267.34,1,0.3
2021-06-07,West,Furniture,1411.88,421.73,1,0.1
2021-06-08,Central,Furniture,764.34,150.59,1,0.2
2021-06-08,East,Technology,3037.83,-269.71,3,0.1333
2021-06-08,South,Furniture,1484.76,316.75,1,0.3
2021-06-08,West,Furniture,1547.76,15.47,1,0.0
2021-06-08,West,Office Supplies,440.25,88.66,2,0.35
2021-06-09,Central,Furniture,1943.81,-373.45,1,0.1
2021-06-09,Central,Technology,1163.85,-212.08,1,0.5
2021-06-09,East,Office Supplies,3091.03,765.41,2,0.1
2021-06-09,East,Technology,1281.94,287.26,1,0.4
2021-06-09,South,Office Supplies,224.95,70.58,1,0.2
2021-06-09,West,Furniture,1885.27,344.64,1,0.5
2021-06-09,West,Office Supplies,1247.75,486.08,1,0.2
2021-06-09,West,Technology,2105.14,-247.67,2,0.3
2021-06-10,Central,Furniture,294.72,-7.6,1,0.0
2021-06-10,Central,Technology,336.9,113.7,2,0.1
2021-06-10,East,Office Supplies,427.97,78.15,1,0.3
2021-06-10,East,Technology,1265.1,61.65,1,0.0
2021-06-10,South,Furniture,1104.22,354.89,1,0.3
2021-06-10,South,Technology,1393.64,-15.94,2,0.3
2021-06-10,West,Office Supplies,1964.12,241.85,1,0.0
2021-06-10,West,Technology,1725.27,47.03,1,0.0
2021-06-11,Central,Furniture,2564.57,-26.08,2,0.1
2021-06-11,Central,Office Supplies,1639.21,479.54,2,0.35
2021-06-11,East,Office Supplies,4627.61,-740.39,3,0.1667
2021-06-11,South,Office Supplies,1714.7,489.69,1,0.4
2021-06-11,South,Technology,1166.11,243.56,2,0.25
2021-06-12,Central,Furniture,1938.0,-294.68,2,0.05
2021-06-12,East,Office Supplies,1005.38,199.8,1,0.2
2021-06-12,East,Technology,886.25,210.18,1,0.3
2021-06-12,South,Furniture,874.51,-40.55,1,0.0
2021-06-12,South,Office Supplies,706.24,125.71,1,0.3
2021-06-12,South,Technology,1582.04,103.31,1,0.1
2021-06-12,West,Furniture,3572.08,222.37,2,0.25
2021-06-12,West,Office Supplies,1403.94,285.09,1,0.5
2021-06-12,West,Technology,1948.64,637.02,1,0.0
2021-06-13,Central,Office Supplies,3495.37,914.33,2,0.0
2021-06-13,East,Furniture,285.39,1.35,1,0.0
2021-06-13,East,Office Supplies,2963.01,542.62,2,0.5
2021-06-13,East,Technology,1922.36,-123.6,1,0.3
2021-06-13,South,Office Supplies,1139.81,-17.81,1,0.4
2021-06-13,South,Technology,3286.34,3.85,2,0.45
2021-06-14,Central,Office Supplies,2216.18,121.41,3,0.3667
2021-06-14,East,Office Supplies,516.67,27.26,1,0.5
2021-06-14,East,Technology,1617.1,-119.8,1,0.0
2021-06-14,South,Technology,1263.43,-211.51,1,0.3
2021-06-14,West,Furniture,1891.55,520.65,2,0.15
2021-06-14,West,Office Supplies,2601.67,-164.24,2,0.15
2021-06-15,Central,Office Supplies,1001.74,346.4,1,0.3
2021-06-15,East,Furniture,587.48,-44.11,1,0.5
2021-06-15,South,Office Supplies,779.43,185.13,1,0.0
2021-06-15,South,Technology,174.43,17.43,1,0.0
2021-06-15,West,Technology,1388.84,188.66,2,0.0
2021-06-16,Central,Furniture,806.78,183.95,1,0.4
2021-06-16,East,Technology,287.53,-9.88,2,0.4
2021-06-16,South,Office Supplies,1609.7,161.78,1,0.2
2021-06-16,West,Office Supplies,1887.04,468.83,1,0.1
2021-06-17,Central,Furniture,1375.7,39.96,2,0.2
2021-06-17,Central,Technology,362.94,91.36,1,0.0
2021-06-17,East,Office Supplies,839.46,-7.96,1,0.3
2021-06-17,South,Furniture,3119.78,181.5,2,0.0
2021-06-17,South,Office Supplies,1895.64,-325.81,1,0.0
2021-06-17,South,Technology,1129.97,-145.1,1,0.1
2021-06-17,West,Furniture,1316.06,97.7,2,0.0
2021-06-18,Central,Office Supplies,4345.53,-106.14,3,0.2
2021-06-18,East,Technology,763.99,145.08,1,0.1
2021-06-18,South,Furniture,62.42,2.03,1,0.4
2021-06-18,South,Office Supplies,2699.57,-441.34,2,0.25
2021-06-18,South,Technology,2887.89,139.21,2,0.0
2021-06-18,West,Furniture,3293.5,-133.84,2,0.2
2021-06-18,West,Office Supplies,2073.77,737.66,2,0.1
2021-06-19,Central,Furniture,1535.98,221.92,1,0.3
2021-06-19,Central,Technology,646.24,233.05,1,0.2
2021-06-19,East,Furniture,2565.15,429.62,2,0.05
2021-06-19,East,Technology,558.77,80.27,1,0.0
2021-06-19,South,Furniture,2042.24,-0.3,2,0.0
2021-06-19,South,Office Supplies,2499.0,654.18,2,0.25
2021-06-19,West,Furniture,388.94,105.09,1,0.5
2021-06-19,West,Office Supplies,1777.72,24.28,2,0.25
2021-06-20,Central,Furniture,2546.7,442.67,3,0.1667
2021-06-20,East,Office Supplies,1654.46,98.25,2,0.05
2021-06-20,East,Technology,1580.11,51.71,1,0.0
2021-06-20,South,Technology,4131.42,746.6,3,0.2
2021-06-20,West,Furniture,3706.34,621.32,2,0.2
2021-06-20,West,Office Supplies,1437.62,239.36,1,0.3
2021-06-20,West,Technology,1307.49,283.13,1,0.4
2021-06-21,East,Furniture,1404.56,131.49,1,0.3
2021-06-21,South,Office Supplies,463.66,-41.25,1,0.0
2021-06-21,South,Technology,2419.14,180.71,2,0.1
2021-06-21,West,Furniture,2236.5,511.02,2,0.3
2021-06-21,West,Office Supplies,1698.09,562.24,1,0.0
2021-06-22,East,Technology,1695.47,218.69,1,0.2
2021-06-22,South,Furniture,1866.91,738.17,1,0.3
2021-06-22,West,Office Supplies,1434.91,-236.13,1,0.4
2021-06-22,West,Technology,3066.37,304.31,2,0.25
2021-06-23,Central,Technology,1262.95,-211.0,1,0.3
2021-06-23,East,Furniture,322.06,83.35,1,0.1
2021-06-23,East,Office Supplies,2078.4,282.29,2,0.2
2021-06-23,South,Furniture,977.56,271.65,1,0.1
2021-06-23,South,Office Supplies,2378.83,164.19,2,0.2
2021-06-23,South,Technology,1066.04,-26.58,2,0.3
2021-06-23,West,Furniture,1541.86,199.77,1,0.5
2021-06-23,West,Office Supplies,1873.97,-86.76,1,0.3
2021-06-24,Central,Furniture,2582.16,206.02,3,0.2333
2021-06-24,Central,Technology,816.19,2.87,2,0.25
2021-06-24,East,Office Supplies,1991.45,693.97,1,0.2
2021-06-24,South,Office Supplies,2245.9,303.38,2,0.05
2021-06-24,South,Technology,321.68,2.67,1,0.2
2021-06-24,West,Office Supplies,844.02,222.89,2,0.2
2021-06-25,Central,Furniture,1415.58,388.39,1,0.5
2021-06-25,Central,Office Supplies,1437.67,11.46,1,0.3
2021-06-25,Central,Technology,142.0,23.67,1,0.1
2021-06-25,East,Furniture,1495.31,-286.65,1,0.5
2021-06-25,East,Office Supplies,453.2,8.5,1,0.0
2021-06-25,East,Technology,1918.37,549.92,1,0.2
2021-06-25,South,Furniture,2991.55,-67.32,2,0.05
2021-06-25,South,Technology,2810.95,506.56,4,0.3
2021-06-25,West,Furniture,1839.94,518.05,2,0.25
2021-06-25,West,Technology,1237.39,-160.04,1,0.0
2021-06-26,Central,Furniture,1832.28,375.21,1,0.2
2021-06-26,South,Furniture,1017.55,-88.61,1,0.2
2021-06-26,West,Furniture,1223.29,449.61,1,0.2
2021-06-27,Central,Furniture,1034.73,-38.23,1,0.0
2021-06-27,Central,Office Supplies,1755.33,522.52,1,0.5
2021-06-27,East,Furniture,727.93,150.34,1,0.0
2021-06-27,East,Office Supplies,461.04,45.34,1,0.3
2021-06-27,East,Technology,614.44,-60.81,1,0.1
2021-06-27,South,Furniture,1681.74,489.32,2,0.05
2021-06-27,South,Technology,2683.66,708.8,2,0.1
2021-06-28,Central,Furniture,715.81,-48.6,2,0.15
2021-06-28,Central,Technology,1729.37,-244.97,1,0.4
2021-06-28,East,Office Supplies,3492.38,891.99,2,0.3
2021-06-28,East,Technology,416.05,52.46,1,0.0
2021-06-28,South,Office Supplies,647.07,-108.24,1,0.0
2021-06-28,West,Office Supplies,1756.37,225.76,1,0.2
2021-06-29,Central,Office Supplies,3669.17,308.92,3,0.2
2021-06-29,Central,Technology,1449.85,445.54,2,0.3
2021-06-29,East,Furniture,2322.75,266.48,2,0.0
2021-06-29,East,Technology,58.78,-8.16,1,0.2
2021-06-29,South,Furniture,1685.28,308.42,2,0.2
2021-06-29,South,Office Supplies,244.88,-36.26,1,0.0
2021-06-29,West,Furniture,141.79,49.13,1,0.0
2021-06-30,Central,Furniture,1289.4,255.9,1,0.0
2021-06-30,Central,Technology,1132.27,-4.94,1,0.0
2021-06-30,East,Furniture,3555.46,-126.43,3,0.2333
2021-06-30,East,Office Supplies,3442.06,602.52,3,0.3
2021-06-30,East,Technology,405.46,67.25,1,0.5
2021-06-30,South,Office Supplies,1964.59,116.13,1,0.0
2021-06-30,West,Technology,1702.44,644.26,1,0.3
2021-07-01,Central,Technology,984.02,356.22,1,0.3
2021-07-01,East,Furniture,1816.68,-265.62,1,0.1
2021-07-01,South,Office Supplies,412.79,-40.99,1,0.5
2021-07-01,South,Technology,165.54,9.99,1,0.2
2021-07-01,West,Technology,1012.05,398.07,1,0.2
2021-07-02,Central,Furniture,1580.49,136.13,2,0.2
2021-07-02,Central,Office Supplies,2237.47,-322.18,2,0.1
2021-07-02,Central,Technology,245.02,1.68,2,0.35
2021-07-02,East,Office Supplies,1237.26,83.31,2,0.25
2021-07-02,East,Technology,2605.92,562.43,2,0.3
2021-07-02,South,Furniture,2696.94,-59.83,2,0.3
2021-07-02,West,Furniture,1398.24,72.14,1,0.0
2021-07-02,West,Office Supplies,1312.26,366.14,2,0.0
2021-07-03,Central,Furniture,1065.49,-135.55,1,0.5
2021-07-03,Central,Office Supplies,1582.92,52.33,2,0.15
2021-07-03,Central,Technology,239.12,82.13,1,0.2
2021-07-03,East,Furniture,1247.94,-202.8,2,0.0
2021-07-03,East,Office Supplies,1554.04,62.36,1,0.4
2021-07-03,East,Technology,1091.0,30.89,1,0.0
2021-07-03,West,Furniture,640.63,136.8,1,0.1
2021-07-03,West,Technology,194.32,-6.22,2,0.3
2021-07-04,Central,Furniture,913.03,-90.76,1,0.3
2021-07-04,Central,Office Supplies,31.27,2.61,1,0.4
2021-07-04,East,Office Supplies,323.72,-59.37,1,0.2
2021-07-04,East,Technology,2302.91,514.68,2,0.15
2021-07-04,South,Furniture,1412.41,272.54,1,0.0
2021-07-04,South,Office Supplies,2453.16,557.54,2,0.3
2021-07-04,South,Technology,316.86,46.28,1,0.3
2021-07-04,West,Furniture,485.21,-16.61,1,0.0
2021-07-04,West,Office Supplies,687.17,193.88,1,0.3
2021-07-05,Central,Furniture,901.8,-79.74,1,0.5
2021-07-05,Central,Office Supplies,1509.37,110.16,1,0.3
2021-07-05,Central,Technology,741.33,183.03,1,0.4
2021-07-05,East,Office Supplies,3453.87,491.09,2,0.4
2021-07-05,East,Technology,2788.67,922.89,2,0.15
2021-07-05,South,Office Supplies,178.71,10.83,1,0.5
2021-07-05,South,Technology,1635.9,415.92,1,0.0
2021-07-06,Central,Technology,1295.56,87.5,1,0.0
2021-07-06,East,Furniture,3446.23,46.96,3,0.1667
2021-07-06,East,Office Supplies,1057.97,-142.72,1,0.5
2021-07-06,East,Technology,1991.86,315.75,2,0.0
2021-07-06,South,Office Supplies,2758.84,504.83,3,0.2667
2021-07-06,South,Technology,299.2,-44.02,1,0.4
2021-07-06,West,Furniture,890.16,132.43,2,0.2
2021-07-06,West,Technology,2463.13,212.86,2,0.15
2021-07-07,Central,Office Supplies,326.84,-7.35,1,0.0
2021-07-07,Central,Technology,1452.66,476.39,1,0.0
2021-07-07,East,Office Supplies,903.82,142.47,1,0.0
2021-07-07,South,Furniture,3850.43,494.95,2,0.05
2021-07-07,West,Office Supplies,1280.88,271.57,1,0.3
2021-07-07,West,Technology,1933.51,21.06,1,0.4
2021-07-08,Central,Office Supplies,1889.78,308.11,1,0.4
2021-07-08,East,Furniture,113.77,14.65,1,0.2
2021-07-08,East,Office Supplies,806.54,0.95,1,0.1
2021-07-08,East,Technology,462.19,1.52,2,0.15
2021-07-09,Central,Furniture,1129.08,379.45,1,0.0
2021-07-09,Central,Office Supplies,5253.8,-404.55,3,0.2333
2021-07-09,East,Furniture,1182.34,380.02,1,0.1
2021-07-09,East,Office Supplies,1374.68,447.97,2,0.05
2021-07-09,South,Furniture,1392.24,-121.19,2,0.2
2021-07-09,South,Office Supplies,2533.19,471.97,2,0.2
2021-07-09,South,Technology,1209.76,413.8,1,0.2
2021-07-09,West,Furniture,70.55,-1.63,1,0.2
2021-07-09,West,Technology,898.49,-23.55,2,0.2
2021-07-10,Central,Office Supplies,3412.1,786.59,2,0.0
2021-07-10,East,Furniture,1409.61,85.15,1,0.0
2021-07-10,South,Office Supplies,32.58,3.45,1,0.5
2021-07-10,South,Technology,1567.65,538.28,2,0.0
2021-07-10,West,Office Supplies,1108.05,281.7,1,0.3
2021-07-11,Central,Office Supplies,1285.56,-125.06,1,0.0
2021-07-11,East,Office Supplies,1469.39,316.62,1,0.0
2021-07-11,East,Technology,179.91,46.39,1,0.0
2021-07-11,South,Office Supplies,1195.55,294.54,1,0.0
2021-07-11,South,Technology,1744.11,141.99,2,0.0
2021-07-11,West,Office Supplies,2347.56,219.01,2,0.0
2021-07-12,East,Furniture,1608.98,-260.5,1,0.3
2021-07-12,East,Office Supplies,208.76,-8.13,1,0.2
2021-07-12,East,Technology,2999.66,498.97,2,0.0
2021-07-12,South,Furniture,1827.98,506.56,2,0.1
2021-07-12,South,Technology,452.04,-15.6,1,0.2
2021-07-13,Central,Furniture,1862.79,435.85,1,0.0
2021-07-13,Central,Technology,909.89,181.77,1,0.4
2021-07-13,East,Office Supplies,194.36,6.0,1,0.0
2021-07-13,East,Technology,1570.96,360.8,1,0.0
2021-07-13,South,Furniture,2297.48,-107.57,2,0.15
2021-07-13,West,Furniture,670.0,-28.34,1,0.0
2021-07-13,West,Office Supplies,3414.83,50.96,3,0.2
2021-07-14,Central,Furniture,2218.2,69.4,2,0.3
2021-07-14,Central,Office Supplies,1760.12,-351.93,1,0.2
2021-07-14,Central,Technology,317.79,53.51,1,0.2
2021-07-14,East,Office Supplies,1660.4,-168.3,1,0.0
2021-07-14,East,Technology,1701.73,439.64,2,0.25
2021-07-14,South,Furniture,1736.03,-346.43,1,0.0
2021-07-15,East,Office Supplies,1064.5,174.25,1,0.4
2021-07-15,East,Technology,642.04,153.1,1,0.5
2021-07-15,South,Technology,1605.53,549.32,1,0.3
2021-07-15,West,Office Supplies,554.47,29.81,1,0.4
2021-07-15,West,Technology,2713.49,312.83,3,0.0333
2021-07-16,Central,Furniture,1906.38,316.45,1,0.0
2021-07-16,Central,Office Supplies,1376.58,460.86,1,0.0
2021-07-16,Central,Technology,1461.77,339.45,1,0.5
2021-07-16,East,Furniture,41.29,-1.33,1,0.4
2021-07-16,East,Office Supplies,1756.8,584.72,1,0.0
2021-07-16,East,Technology,1826.25,193.57,2,0.25
2021-07-16,South,Furniture,1460.64,-22.66,1,0.0
2021-07-16,South,Office Supplies,2135.98,-37.0,2,0.5
2021-07-16,South,Technology,948.99,-4.91,1,0.1
2021-07-16,West,Furniture,208.84,63.39,1,0.3
2021-07-16,West,Technology,628.5,69.2,1,0.1
2021-07-17,East,Office Supplies,1321.19,-122.63,1,0.0
2021-07-17,South,Furniture,2205.43,199.9,2,0.0
2021-07-17,South,Office Supplies,481.96,-20.71,1,0.0
2021-07-17,West,Furniture,934.6,258.6,1,0.0
2021-07-17,West,Office Supplies,2165.92,200.54,2,0.2
2021-07-18,Central,Furniture,1080.18,164.32,2,0.2
2021-07-18,Central,Office Supplies,992.52,136.41,1,0.0
2021-07-18,East,Office Supplies,924.18,294.98,1,0.3
2021-07-18,South,Furniture,3076.5,688.48,2,0.4
2021-07-18,South,Office Supplies,113.14,-9.29,1,0.5
2021-07-18,West,Furniture,417.48,80.5,1,0.1
2021-07-18,West,Office Supplies,637.01,212.64,3,0.1667
2021-07-18,West,Technology,22.12,-4.01,1,0.5
2021-07-19,Central,Furniture,1223.74,-141.34,1,0.1
2021-07-19,Central,Office Supplies,1451.37,400.87,1,0.0
2021-07-19,East,Furniture,1414.26,12.24,1,0.3
2021-07-19,East,Office Supplies,696.83,7.5,1,0.4
2021-07-19,West,Furniture,1147.69,-111.05,1,0.1
2021-07-19,West,Office Supplies,2493.22,653.6,2,0.05
2021-07-19,West,Technology,2736.9,653.3,2,0.2
2021-07-20,Central,Furniture,1406.37,-80.39,1,0.0
2021-07-20,Central,Office Supplies,1581.21,-69.41,1,0.2
2021-07-20,East,Furniture,1822.0,384.28,2,0.0
2021-07-20,East,Office Supplies,2317.86,702.2,2,0.15
2021-07-20,South,Office Supplies,4157.65,700.98,3,0.0333
2021-07-20,West,Furniture,1652.61,631.79,1,0.3
2021-07-20,West,Office Supplies,276.43,95.66,1,0.1
2021-07-20,West,Technology,2337.4,382.76,2,0.4
2021-07-21,Central,Office Supplies,995.53,194.05,1,0.0
2021-07-21,Central,Technology,1858.13,318.77,2,0.15
2021-07-21,East,Office Supplies,476.08,49.52,1,0.5
2021-07-21,South,Office Supplies,2298.39,467.5,3,0.2333
2021-07-21,West,Furniture,2571.3,52.31,2,0.05
2021-07-21,West,Office Supplies,1962.82,684.24,1,0.3
2021-07-22,Central,Office Supplies,1558.47,266.88,1,0.4
2021-07-22,East,Office Supplies,1495.2,-48.94,2,0.05
2021-07-22,South,Furniture,1149.7,454.34,1,0.4
2021-07-22,West,Technology,3011.32,-38.08,2,0.15
2021-07-23,Central,Technology,191.33,-29.57,1,0.1
2021-07-23,East,Office Supplies,1197.33,6.68,1,0.2
2021-07-23,South,Furniture,2607.35,-297.64,2,0.25
2021-07-23,South,Office Supplies,563.21,181.99,1,0.1
2021-07-23,South,Technology,1711.6,216.99,1,0.0
2021-07-23,West,Technology,1733.78,-271.85,1,0.4
2021-07-24,Central,Technology,1718.23,414.07,2,0.4
2021-07-24,East,Technology,1537.51,20.72,1,0.3
2021-07-24,South,Office Supplies,1080.66,-133.92,1,0.4
2021-07-24,South,Technology,378.01,151.02,1,0.2
2021-07-24,West,Furniture,1586.25,3.4,1,0.3
2021-07-24,West,Office Supplies,1182.86,-23.68,1,0.5
2021-07-25,Central,Technology,986.72,383.67,1,0.3
2021-07-25,East,Furniture,413.18,-62.66,1,0.0
2021-07-25,East,Office Supplies,1462.66,-246.13,1,0.4
2021-07-25,East,Technology,752.98,106.25,1,0.2
2021-07-25,South,Furniture,1592.66,94.35,2,0.35
2021-07-25,South,Technology,797.63,52.35,2,0.4
2021-07-25,West,Furniture,3755.54,766.84,3,0.0667
2021-07-25,West,Office Supplies,676.54,-132.11,1,0.0
2021-07-25,West,Technology,2202.84,348.13,3,0.0667
2021-07-26,Central,Furniture,152.03,27.74,1,0.2
2021-07-26,Central,Technology,1740.22,372.46,1,0.0
2021-07-26,East,Office Supplies,363.79,137.87,1,0.4
2021-07-26,South,Office Supplies,3697.37,-78.64,2,0.45
2021-07-26,South,Technology,2154.82,170.3,3,0.4
2021-07-26,West,Office Supplies,2178.64,-166.34,2,0.35
2021-07-27,Central,Furniture,4272.48,158.89,3,0.1667
2021-07-27,Central,Technology,721.23,89.69,1,0.0
2021-07-27,East,Furniture,1570.15,-182.71,1,0.4
2021-07-27,East,Office Supplies,697.78,-120.56,1,0.4
2021-07-27,South,Furniture,954.4,-105.91,1,0.3
2021-07-27,South,Technology,1169.83,205.53,2,0.25
2021-07-27,West,Furniture,992.21,-129.02,1,0.0
2021-07-27,West,Technology,977.23,61.64,1,0.0
2021-07-28,Central,Technology,4629.28,-125.91,3,0.3
2021-07-28,East,Office Supplies,2066.72,61.7,3,0.1333
2021-07-28,West,Furniture,630.28,89.28,1,0.4
2021-07-28,West,Office Supplies,164.01,-17.21,1,0.2
2021-07-28,West,Technology,473.82,139.65,1,0.5
2021-07-29,Central,Technology,2571.15,-432.69,2,0.1
2021-07-29,East,Furniture,1452.01,387.79,2,0.15
2021-07-29,South,Furniture,1496.32,-177.55,1,0.5
2021-07-29,South,Office Supplies,313.24,97.26,1,0.3
2021-07-29,South,Technology,3473.42,608.39,2,0.2
2021-07-30,East,Office Supplies,743.87,208.18,1,0.3
2021-07-30,South,Furniture,71.71,13.54,1,0.0
2021-07-30,West,Furniture,1469.13,517.51,2,0.15
2021-07-30,West,Office Supplies,517.2,-55.27,1,0.0
2021-07-30,West,Technology,607.12,86.58,1,0.1
2021-07-31,East,Office Supplies,1533.61,295.18,1,0.0
2021-07-31,East,Technology,1192.59,9.25,2,0.3
2021-07-31,South,Office Supplies,3093.06,-37.92,2,0.3
2021-07-31,West,Furniture,5477.83,858.25,4,0.125
2021-08-01,Central,Furniture,877.23,335.33,1,0.0
2021-08-01,East,Office Supplies,1654.26,271.26,1,0.4
2021-08-01,South,Furniture,432.22,104.83,1,0.0
2021-08-01,South,Office Supplies,1668.07,251.21,2,0.25
2021-08-01,South,Technology,1904.33,92.67,2,0.15
2021-08-01,West,Furniture,857.62,132.49,1,0.5
2021-08-02,Central,Technology,1851.73,447.17,1,0.3
2021-08-02,South,Furniture,1235.68,-78.11,1,0.3
2021-08-02,South,Office Supplies,1808.3,176.15,1,0.0
2021-08-02,West,Furniture,1577.17,33.52,1,0.0
2021-08-02,West,Office Supplies,1476.71,15.41,1,0.1
2021-08-03,Central,Furniture,2425.4,-256.73,2,0.15
2021-08-03,Central,Office Supplies,1494.98,-116.07,1,0.1
2021-08-03,South,Furniture,3727.8,751.73,3,0.1
2021-08-03,South,Office Supplies,733.14,139.41,1,0.4
2021-08-03,West,Furniture,1696.08,-188.15,2,0.2
2021-08-04,Central,Furniture,1700.67,-288.14,1,0.4
2021-08-04,Central,Technology,391.38,102.03,1,0.4
2021-08-04,East,Furniture,3307.4,1114.46,2,0.0
2021-08-04,East,Office Supplies,1968.91,268.26,2,0.25
2021-08-04,South,Technology,1401.52,356.17,1,0.0
2021-08-04,West,Furniture,1973.69,476.27,1,0.5
2021-08-04,West,Office Supplies,1605.97,553.57,1,0.0
2021-08-05,Central,Technology,1563.55,215.17,3,0.3
2021-08-05,East,Furniture,714.13,9.12,1,0.3
2021-08-05,East,Technology,2919.22,49.62,2,0.35
2021-08-05,South,Furniture,3476.09,306.59,2,0.45
2021-08-05,West,Technology,262.92,27.89,1,0.3
2021-08-06,Central,Office Supplies,1277.28,242.62,2,0.2
2021-08-06,South,Furniture,1417.62,283.15,3,0.2667
2021-08-07,Central,Furniture,1382.32,-40.79,1,0.0
2021-08-07,Central,Technology,753.7,93.98,3,0.2667
2021-08-07,East,Technology,134.54,13.55,1,0.0
2021-08-07,South,Office Supplies,154.05,56.72,1,0.3
2021-08-07,West,Furniture,621.37,234.12,1,0.2
2021-08-08,Central,Office Supplies,839.62,-153.83,1,0.0
2021-08-08,Central,Technology,2131.3,278.16,2,0.4
2021-08-08,East,Furniture,1798.56,457.99,1,0.1
2021-08-08,East,Office Supplies,1081.35,242.11,1,0.0
2021-08-08,East,Technology,518.15,134.86,1,0.3
2021-08-08,South,Technology,724.83,-32.3,2,0.25
2021-08-08,West,Furniture,3361.14,1038.53,2,0.0
2021-08-08,West,Office Supplies,3248.51,359.76,2,0.1
2021-08-08,West,Technology,1230.49,190.26,1,0.5
2021-08-09,Central,Technology,156.9,46.58,1,0.0
2021-08-09,East,Furniture,1892.84,-146.58,2,0.3
2021-08-09,South,Technology,764.07,123.29,1,0.0
2021-08-09,West,Office Supplies,578.27,132.69,1,0.1
2021-08-09,West,Technology,231.3,8.97,1,0.0
2021-08-10,Central,Office Supplies,769.42,135.8,1,0.1
2021-08-10,Central,Technology,3008.09,236.59,2,0.4
2021-08-10,East,Office Supplies,961.76,-15.49,1,0.5
2021-08-10,East,Technology,1170.43,9.49,2,0.2
2021-08-10,South,Office Supplies,2930.41,895.32,2,0.0
2021-08-11,Central,Furniture,1025.42,406.12,1,0.5
2021-08-11,Central,Office Supplies,1797.5,576.24,1,0.0
2021-08-11,Central,Technology,4180.22,1219.45,4,0.275
2021-08-11,South,Office Supplies,3425.29,583.38,3,0.3
2021-08-11,West,Furniture,1438.3,7.26,1,0.0
2021-08-11,West,Office Supplies,707.06,-137.32,1,0.2
2021-08-12,East,Technology,278.09,57.92,1,0.0
2021-08-12,South,Office Supplies,1553.29,352.57,1,0.0
2021-08-12,West,Technology,1324.4,196.19,1,0.0
2021-08-13,Central,Furniture,753.69,289.97,1,0.0
2021-08-13,Central,Technology,142.15,45.94,1,0.1
2021-08-13,East,Technology,1460.53,455.16,1,0.3
2021-08-13,South,Technology,880.68,-64.77,1,0.5
2021-08-13,West,Furniture,2264.43,728.98,2,0.3
2021-08-13,West,Office Supplies,1954.91,506.75,2,0.15
2021-08-14,Central,Furniture,219.88,53.91,2,0.3
2021-08-14,East,Office Supplies,5082.63,-45.65,4,0.2
2021-08-14,East,Technology,2614.13,410.33,2,0.2
2021-08-14,South,Furniture,72.82,15.1,1,0.4
2021-08-14,South,Office Supplies,2449.83,144.15,2,0.25
2021-08-14,South,Technology,745.48,84.74,1,0.0
2021-08-14,West,Furniture,1996.7,-346.95,1,0.0
2021-08-14,West,Office Supplies,1785.06,-224.93,1,0.0
2021-08-14,West,Technology,238.99,77.5,1,0.5
2021-08-15,Central,Furniture,1252.35,450.36,1,0.0
2021-08-15,East,Furniture,3149.2,32.9,3,0.1333
2021-08-15,South,Furniture,289.99,16.15,1,0.0
2021-08-15,South,Office Supplies,51.56,0.09,1,0.3
2021-08-15,West,Furniture,4506.75,248.62,3,0.2333
2021-08-16,Central,Furniture,2573.59,767.7,2,0.15
2021-08-16,Central,Technology,2564.4,107.45,3,0.2333
2021-08-16,East,Office Supplies,3539.14,-185.73,2,0.25
2021-08-16,South,Furniture,2746.55,513.91,2,0.15
2021-08-16,South,Office Supplies,33.84,-4.56,1,0.0
2021-08-16,South,Technology,1256.89,248.95,1,0.4
2021-08-16,West,Furniture,2164.83,690.76,2,0.25
2021-08-16,West,Office Supplies,3627.08,428.89,2,0.1
2021-08-16,West,Technology,2647.34,807.68,2,0.05
2021-08-17,Central,Furniture,1112.15,25.42,1,0.2
2021-08-17,Central,Technology,1816.65,483.37,1,0.2
2021-08-17,East,Furniture,987.55,-134.23,1,0.1
2021-08-17,East,Office Supplies,723.32,117.48,1,0.1
2021-08-17,South,Technology,1957.26,-27.19,1,0.0
2021-08-17,West,Technology,1727.73,307.62,1,0.0
2021-08-18,Central,Technology,1581.05,21.89,1,0.0
2021-08-18,East,Furniture,29.48,-2.34,1,0.0
2021-08-18,East,Office Supplies,1946.37,752.3,1,0.0
2021-08-18,South,Technology,1526.43,-244.74,1,0.5
2021-08-18,West,Office Supplies,1409.01,-63.24,2,0.25
2021-08-19,Central,Furniture,942.77,34.05,3,0.3667
2021-08-19,South,Furniture,1235.03,-15.66,1,0.3
2021-08-19,South,Office Supplies,1244.21,334.73,1,0.4
2021-08-19,West,Furniture,1499.71,466.48,1,0.0
2021-08-19,West,Office Supplies,1128.03,67.53,2,0.35
2021-08-20,Central,Technology,982.84,-44.62,1,0.1
2021-08-20,South,Furniture,1135.92,-164.43,1,0.5
2021-08-20,South,Office Supplies,1101.2,22.89,1,0.0
2021-08-20,West,Furniture,3165.04,178.09,3,0.1
2021-08-21,Central,Office Supplies,136.48,14.73,1,0.3
2021-08-21,Central,Technology,1444.42,-52.69,1,0.2
2021-08-21,East,Furniture,925.63,-12.55,1,0.4
2021-08-21,East,Office Supplies,476.27,35.33,2,0.45
2021-08-21,South,Office Supplies,961.4,180.87,2,0.25
2021-08-21,South,Technology,1361.43,-233.89,1,0.1
2021-08-21,West,Technology,1668.36,261.19,1,0.0
2021-08-22,Central,Office Supplies,1249.86,-235.7,1,0.3
2021-08-22,Central,Technology,1265.47,305.79,2,0.15
2021-08-22,East,Furniture,2515.73,-128.35,2,0.15
2021-08-22,South,Office Supplies,532.34,46.53,1,0.0
2021-08-22,South,Technology,1032.74,-25.35,2,0.45
2021-08-22,West,Office Supplies,3001.8,191.55,3,0.0
2021-08-22,West,Technology,1860.54,184.54,2,0.05
2021-08-23,Central,Furniture,1917.01,-145.8,1,0.0
2021-08-23,East,Furniture,970.47,25.68,1,0.3
2021-08-23,East,Office Supplies,2345.8,825.74,2,0.05
2021-08-23,South,Furniture,2799.76,642.71,3,0.1333
2021-08-23,South,Technology,47.62,0.8,1,0.0
2021-08-23,West,Office Supplies,1140.32,-7.24,1,0.2
2021-08-23,West,Technology,1858.09,207.18,2,0.25
2021-08-24,Central,Office Supplies,890.01,340.26,1,0.4
2021-08-24,Central,Technology,451.39,159.14,1,0.4
2021-08-24,East,Furniture,1545.04,-204.52,1,0.0
2021-08-24,East,Office Supplies,1859.46,576.12,1,0.0
2021-08-24,East,Technology,1954.98,231.18,3,0.1
2021-08-24,South,Furniture,468.53,-91.63,1,0.0
2021-08-24,South,Office Supplies,801.66,-104.75,1,0.0
2021-08-24,South,Technology,2176.42,459.15,2,0.15
2021-08-24,West,Furniture,3618.04,557.97,2,0.15
2021-08-24,West,Technology,213.39,-26.63,1,0.3
2021-08-25,Central,Technology,1391.14,487.57,1,0.0
2021-08-25,East,Furniture,1493.73,228.67,2,0.1
2021-08-25,East,Technology,2248.21,103.34,2,0.15
2021-08-25,South,Technology,1124.22,26.83,2,0.5
2021-08-25,West,Furniture,225.15,57.51,1,0.4
2021-08-25,West,Office Supplies,952.43,-125.35,2,0.2
2021-08-25,West,Technology,2228.5,-311.25,2,0.4
2021-08-26,Central,Furniture,2634.59,388.13,2,0.1
2021-08-26,Central,Office Supplies,4135.25,291.29,3,0.0333
2021-08-26,Central,Technology,1148.77,284.69,1,0.0
2021-08-26,East,Furniture,1374.29,195.5,1,0.0
2021-08-26,East,Technology,1765.1,391.39,1,0.4
2021-08-26,South,Furniture,598.22,231.12,1,0.0
2021-08-26,South,Office Supplies,74.75,-14.78,1,0.0
2021-08-26,West,Furniture,2834.14,-46.97,2,0.25
2021-08-26,West,Office Supplies,3823.21,216.17,4,0.325
2021-08-27,Central,Furniture,1494.83,376.45,2,0.3
2021-08-27,Central,Technology,2506.95,149.37,2,0.15
2021-08-27,East,Furniture,302.02,12.5,1,0.2
2021-08-27,South,Furniture,1913.7,141.43,1,0.1
2021-08-27,South,Office Supplies,638.63,99.85,1,0.0
2021-08-28,Central,Office Supplies,847.63,41.97,2,0.05
2021-08-28,Central,Technology,1612.29,319.66,2,0.3
2021-08-28,East,Office Supplies,506.35,65.25,1,0.2
2021-08-28,East,Technology,2699.19,255.27,2,0.05
2021-08-28,South,Technology,1639.03,-52.25,1,0.5
2021-08-28,West,Furniture,1168.83,-43.94,1,0.5
2021-08-29,Central,Furniture,931.74,-50.95,1,0.1
2021-08-29,Central,Technology,2609.61,534.25,2,0.3
2021-08-29,East,Furniture,394.9,-28.42,1,0.1
2021-08-29,South,Furniture,1468.78,323.63,1,0.2
2021-08-29,South,Technology,1700.5,590.21,1,0.3
2021-08-29,West,Technology,1162.58,23.77,2,0.45
2021-08-30,Central,Office Supplies,1958.63,529.32,1,0.4
2021-08-30,Central,Technology,2570.58,327.28,3,0.1333
2021-08-30,East,Office Supplies,1238.02,-56.57,1,0.4
2021-08-30,East,Technology,1936.07,689.45,1,0.0
2021-08-30,South,Office Supplies,734.77,289.06,1,0.0
2021-08-30,South,Technology,1582.44,156.24,1,0.5
2021-08-30,West,Office Supplies,1532.02,333.03,2,0.15
2021-08-30,West,Technology,1293.27,67.66,1,0.2
2021-08-31,Central,Furniture,398.38,154.37,1,0.4
2021-08-31,East,Furniture,1734.77,-232.26,2,0.35
2021-08-31,South,Furniture,1401.31,-3.69,1,0.0
2021-08-31,South,Office Supplies,2827.78,756.72,2,0.0
2021-08-31,South,Technology,1603.92,-146.4,1,0.5
2021-09-01,Central,Furniture,3252.07,-569.39,2,0.45
2021-09-01,Central,Office Supplies,1493.03,62.8,1,0.0
2021-09-01,Central,Technology,3196.76,810.02,3,0.1667
2021-09-01,East,Furniture,3893.88,-347.08,2,0.25
2021-09-01,East,Office Supplies,1974.68,760.99,1,0.4
2021-09-01,East,Technology,1226.77,-101.38,1,0.0
2021-09-01,South,Furniture,1092.84,-181.41,1,0.0
2021-09-01,South,Technology,1979.37,322.12,2,0.15
2021-09-01,West,Furniture,905.73,68.65,1,0.5
2021-09-01,West,Office Supplies,2106.03,438.61,2,0.1
2021-09-01,West,Technology,2556.88,-286.04,2,0.3
2021-09-02,Central,Furniture,251.78,-34.0,1,0.0
2021-09-02,East,Furniture,1143.76,48.47,2,0.45
2021-09-02,South,Technology,2210.59,60.0,2,0.1
2021-09-02,West,Furniture,1474.58,235.01,3,0.4
2021-09-02,West,Office Supplies,1029.93,316.36,1,0.0
2021-09-03,East,Office Supplies,1221.31,146.68,1,0.4
2021-09-03,South,Furniture,123.07,-10.24,1,0.4
2021-09-03,South,Office Supplies,542.6,164.74,1,0.4
2021-09-03,South,Technology,5406.92,1385.31,3,0.1333
2021-09-04,Central,Furniture,2305.76,-147.4,2,0.0
2021-09-04,Central,Technology,1991.33,632.73,1,0.0
2021-09-04,East,Furniture,1441.56,-243.55,1,0.5
2021-09-04,South,Office Supplies,1988.12,544.28,1,0.5
2021-09-04,West,Furniture,1304.59,-4.2,2,0.1
2021-09-04,West,Office Supplies,2444.34,458.45,2,0.1
2021-09-05,Central,Furniture,235.06,82.99,1,0.1
2021-09-05,Central,Technology,1030.5,81.64,1,0.0
2021-09-05,East,Furniture,3277.96,-147.43,2,0.25
2021-09-05,East,Office Supplies,923.04,138.85,1,0.1
2021-09-05,East,Technology,42.0,9.55,1,0.2
2021-09-05,South,Furniture,1847.5,558.34,2,0.25
2021-09-05,South,Office Supplies,972.42,164.02,1,0.2
2021-09-05,West,Office Supplies,1545.92,305.47,1,0.0
2021-09-06,Central,Furniture,1275.8,277.04,2,0.05
2021-09-06,East,Furniture,1311.12,-218.73,1,0.5
2021-09-06,South,Office Supplies,1035.45,340.61,1,0.4
2021-09-07,Central,Technology,800.47,69.98,1,0.0
2021-09-07,East,Furniture,629.09,-95.88,1,0.1
2021-09-07,South,Furniture,1615.93,514.49,2,0.15
2021-09-07,South,Office Supplies,834.5,216.51,1,0.0
2021-09-07,West,Furniture,1246.88,93.29,2,0.4
2021-09-08,Central,Furniture,1432.93,175.25,1,0.2
2021-09-08,Central,Technology,4163.12,600.39,3,0.0333
2021-09-08,East,Furniture,1717.97,156.86,1,0.0
2021-09-08,East,Office Supplies,1459.62,-213.05,1,0.0
2021-09-08,East,Technology,1674.55,-174.36,1,0.3
2021-09-08,South,Office Supplies,1090.6,414.18,1,0.0
2021-09-08,West,Furniture,2501.36,431.79,2,0.2
2021-09-08,West,Office Supplies,789.44,263.77,1,0.0
2021-09-09,Central,Office Supplies,1466.73,505.56,1,0.5
2021-09-09,Central,Technology,1187.79,-117.35,1,0.0
2021-09-09,South,Furniture,2532.08,492.07,2,0.05
2021-09-09,South,Technology,1821.58,357.03,1,0.0
2021-09-10,Central,Furniture,4194.79,999.21,4,0.2
2021-09-10,Central,Technology,1016.42,-172.57,1,0.0
2021-09-10,East,Furniture,468.72,81.46,1,0.4
2021-09-10,South,Furniture,810.2,4.39,1,0.3
2021-09-10,South,Office Supplies,1609.6,-68.03,1,0.1
2021-09-10,South,Technology,3890.25,107.44,3,0.1
2021-09-10,West,Furniture,1580.1,-147.35,1,0.2
2021-09-10,West,Office Supplies,1236.9,271.68,1,0.3
2021-09-10,West,Technology,1009.24,-119.08,3,0.3
2021-09-11,Central,Office Supplies,648.52,248.1,1,0.4
2021-09-11,Central,Technology,981.64,39.82,1,0.2
2021-09-11,East,Furniture,1382.97,-94.87,1,0.1
2021-09-11,East,Office Supplies,1985.01,-66.14,3,0.2
2021-09-11,East,Technology,559.71,175.36,1,0.3
2021-09-11,South,Office Supplies,1034.74,-53.1,1,0.0
2021-09-11,West,Technology,1123.11,420.47,1,0.0
2021-09-12,Central,Furniture,623.04,-33.45,1,0.0
2021-09-12,Central,Office Supplies,84.33,10.65,1,0.1
2021-09-12,East,Office Supplies,65.31,1.11,1,0.0
2021-09-12,South,Office Supplies,1933.57,686.15,1,0.0
2021-09-12,West,Furniture,1485.48,301.31,1,0.0
2021-09-13,Central,Furniture,1887.12,191.76,1,0.2
2021-09-13,East,Office Supplies,13.93,-0.28,1,0.2
2021-09-13,East,Technology,632.53,175.57,2,0.45
2021-09-13,West,Office Supplies,1003.27,46.38,1,0.4
2021-09-14,Central,Office Supplies,1712.59,376.27,1,0.5
2021-09-14,East,Furniture,194.12,30.1,1,0.2
2021-09-14,East,Office Supplies,149.53,11.83,1,0.3
2021-09-14,East,Technology,1764.0,-168.47,1,0.4
2021-09-15,Central,Furniture,1872.55,-291.42,2,0.25
2021-09-15,Central,Technology,2690.76,517.51,3,0.2333
2021-09-15,East,Office Supplies,1426.28,111.77,2,0.1
2021-09-15,East,Technology,1139.7,-95.99,1,0.2
2021-09-15,South,Furniture,3249.0,176.74,2,0.15
2021-09-15,South,Office Supplies,4014.84,-48.68,3,0.2
2021-09-15,South,Technology,423.39,86.51,1,0.0
2021-09-15,West,Furniture,1341.78,475.41,1,0.1
2021-09-15,West,Technology,1871.34,201.06,1,0.5
2021-09-16,Central,Furniture,1816.92,-100.12,1,0.0
2021-09-16,East,Furniture,1526.6,-41.6,1,0.2
2021-09-16,East,Office Supplies,378.94,50.64,1,0.5
2021-09-16,South,Furniture,2385.18,-126.27,3,0.0333
2021-09-16,West,Furniture,681.64,-57.38,1,0.0
2021-09-16,West,Office Supplies,2614.74,397.06,2,0.0
2021-09-16,West,Technology,693.83,123.07,1,0.5
2021-09-17,Central,Furniture,2448.15,0.77,3,0.1667
2021-09-17,Central,Office Supplies,961.95,-19.44,1,0.1
2021-09-17,East,Office Supplies,298.43,-39.67,1,0.5
2021-09-17,West,Furniture,703.81,-34.69,1,0.1
2021-09-17,West,Technology,1880.66,365.3,3,0.2
2021-09-18,East,Furniture,27.97,-2.93,1,0.5
2021-09-18,West,Furniture,1774.98,411.01,2,0.3
2021-09-18,West,Technology,846.69,143.35,1,0.0
2021-09-19,Central,Furniture,2176.55,130.18,2,0.05
2021-09-19,Central,Office Supplies,888.7,-131.18,1,0.3
2021-09-19,East,Technology,430.02,95.56,1,0.2
2021-09-19,South,Furniture,2338.05,508.38,3,0.1667
2021-09-19,South,Office Supplies,1515.15,-263.19,1,0.3
2021-09-19,South,Technology,2869.99,179.25,2,0.2
2021-09-19,West,Furniture,1099.72,-84.81,1,0.0
2021-09-20,Central,Office Supplies,540.04,69.71,1,0.0
2021-09-20,East,Office Supplies,440.57,65.1,1,0.5
2021-09-20,East,Technology,553.79,-104.3,1,0.2
2021-09-20,South,Office Supplies,904.31,-70.31,1,0.1
2021-09-20,South,Technology,1301.21,373.82,1,0.3
2021-09-20,West,Furniture,1209.31,-141.8,1,0.1
2021-09-20,West,Office Supplies,1782.05,293.19,2,0.1
2021-09-20,West,Technology,1723.88,669.67,1,0.2
2021-09-21,Central,Technology,3326.22,712.99,2,0.35
2021-09-21,East,Technology,694.25,69.52,1,0.4
2021-09-21,South,Technology,300.47,-16.57,1,0.1
2021-09-21,West,Furniture,1655.34,-32.03,1,0.3
2021-09-21,West,Office Supplies,1137.96,150.96,2,0.15
2021-09-21,West,Technology,1752.3,124.38,2,0.3
2021-09-22,South,Furniture,405.53,130.78,1,0.3
2021-09-22,South,Office Supplies,5299.21,807.11,3,0.1333
2021-09-22,South,Technology,1614.13,-87.83,1,0.5
2021-09-22,West,Furniture,2004.21,98.2,2,0.2
2021-09-22,West,Office Supplies,916.12,54.44,2,0.0
2021-09-22,West,Technology,1724.87,285.97,1,0.2
2021-09-23,Central,Furniture,1057.13,-102.85,1,0.0
2021-09-23,East,Office Supplies,1065.01,265.37,1,0.4
2021-09-23,South,Furniture,1564.06,211.64,2,0.0
2021-09-23,South,Office Supplies,195.08,-29.08,1,0.0
2021-09-23,South,Technology,1605.85,61.25,1,0.4
2021-09-23,West,Furniture,1057.9,1.44,1,0.5
2021-09-23,West,Office Supplies,2018.15,34.12,2,0.25
2021-09-24,East,Office Supplies,1460.61,549.0,1,0.5
2021-09-24,South,Office Supplies,672.73,-44.05,1,0.0
2021-09-24,South,Technology,1447.2,554.76,1,0.0
2021-09-24,West,Office Supplies,28.83,10.19,1,0.1
2021-09-25,Central,Office Supplies,1157.5,-57.5,1,0.3
2021-09-25,Central,Technology,3425.02,780.17,3,0.4
2021-09-25,East,Furniture,1630.56,341.78,1,0.5
2021-09-25,East,Office Supplies,1519.11,334.85,1,0.3
2021-09-25,South,Furniture,30.64,5.96,1,0.0
2021-09-25,South,Office Supplies,1574.79,131.43,1,0.4
2021-09-25,West,Furniture,2449.91,40.64,3,0.0
2021-09-26,Central,Furniture,1035.5,44.83,1,0.0
2021-09-26,Central,Technology,1729.21,157.95,1,0.5
2021-09-26,East,Furniture,553.18,14.85,1,0.0
2021-09-26,East,Technology,2531.91,545.79,2,0.3
2021-09-26,South,Furniture,2776.68,-445.44,2,0.4
2021-09-26,South,Technology,2911.85,898.03,2,0.15
2021-09-26,West,Furniture,1680.44,268.54,1,0.0
2021-09-26,West,Office Supplies,1613.44,463.94,2,0.1
2021-09-26,West,Technology,502.09,-90.73,1,0.0
2021-09-27,Central,Office Supplies,938.27,12.49,1,0.0
2021-09-27,Central,Technology,1713.05,253.26,1,0.0
2021-09-27,East,Furniture,1889.88,73.75,1,0.3
2021-09-27,South,Technology,1808.59,184.04,2,0.05
2021-09-27,West,Furniture,837.56,27.81,1,0.3
2021-09-27,West,Office Supplies,727.49,-138.78,1,0.4
2021-09-28,Central,Office Supplies,1238.68,176.98,1,0.0
2021-09-28,Central,Technology,1676.6,-69.77,1,0.3
2021-09-28,East,Furniture,4147.87,1130.51,3,0.3667
2021-09-28,West,Office Supplies,714.97,-51.35,1,0.2
2021-09-29,Central,Office Supplies,3127.9,666.24,2,0.25
2021-09-29,Central,Technology,3697.57,546.41,3,0.1333
2021-09-29,East,Furniture,412.4,-23.58,2,0.0
2021-09-29,East,Technology,3032.47,332.15,2,0.25
2021-09-29,South,Office Supplies,745.52,-100.76,1,0.4
2021-09-29,West,Furniture,138.98,20.37,1,0.1
2021-09-29,West,Office Supplies,1056.65,-181.09,1,0.1
2021-09-29,West,Technology,1056.2,179.56,1,0.2
2021-09-30,Central,Technology,1214.32,-44.13,2,0.2
2021-09-30,East,Furniture,536.37,190.03,1,0.0
2021-09-30,East,Office Supplies,1444.3,299.56,1,0.0
2021-09-30,South,Furniture,304.22,3.4,1,0.5
2021-09-30,South,Office Supplies,5405.18,469.24,3,0.1667
2021-09-30,West,Office Supplies,1938.68,507.42,1,0.4
2021-09-30,West,Technology,560.33,107.09,1,0.0
2021-10-01,Central,Furniture,621.48,203.8,2,0.2
2021-10-01,Central,Office Supplies,1873.64,352.63,1,0.0
2021-10-01,East,Furniture,2267.71,-194.08,2,0.25
2021-10-01,East,Technology,1324.95,313.84,1,0.0
2021-10-01,South,Office Supplies,5061.62,472.78,4,0.15
2021-10-01,South,Technology,1674.31,274.5,1,0.1
2021-10-01,West,Office Supplies,112.15,11.8,1,0.0
2021-10-02,Central,Furniture,1919.51,-44.25,1,0.2
2021-10-02,Central,Office Supplies,1410.44,-125.22,1,0.0
2021-10-02,East,Furniture,132.98,18.9,1,0.0
2021-10-02,East,Office Supplies,1686.87,557.77,1,0.5
2021-10-02,South,Furniture,1714.64,637.9,1,0.1
2021-10-02,West,Office Supplies,212.17,-26.12,1,0.2
2021-10-03,Central,Furniture,1610.74,326.89,1,0.0
2021-10-03,Central,Office Supplies,2021.52,-283.29,2,0.05
2021-10-03,East,Furniture,602.78,-89.15,1,0.0
2021-10-03,South,Office Supplies,1973.57,582.31,2,0.0
2021-10-03,West,Office Supplies,18.63,5.65,1,0.4
2021-10-04,Central,Office Supplies,2874.71,745.5,2,0.15
2021-10-04,East,Furniture,690.76,-76.86,1,0.3
2021-10-04,East,Office Supplies,823.01,150.74,1,0.0
2021-10-04,East,Technology,930.36,-49.41,2,0.35
2021-10-04,South,Office Supplies,1209.85,80.51,1,0.1
2021-10-04,South,Technology,25.73,2.77,1,0.2
2021-10-04,West,Furniture,1769.69,603.63,1,0.5
2021-10-04,West,Office Supplies,392.68,-76.56,1,0.0
2021-10-05,Central,Furniture,1772.75,283.84,2,0.0
2021-10-05,Central,Technology,220.65,16.18,1,0.0
2021-10-05,East,Technology,1072.1,-68.02,1,0.5
2021-10-05,South,Office Supplies,2410.4,360.49,2,0.15
2021-10-05,South,Technology,1478.67,-209.8,1,0.3
2021-10-05,West,Furniture,1343.54,-38.57,2,0.2
2021-10-05,West,Office Supplies,1387.26,-39.91,1,0.0
2021-10-06,Central,Office Supplies,689.07,-17.33,1,0.4
2021-10-06,Central,Technology,1577.46,411.44,2,0.05
2021-10-06,East,Furniture,2933.73,898.7,2,0.0
2021-10-06,East,Office Supplies,1944.38,-103.47,2,0.25
2021-10-06,East,Technology,1284.15,468.91,1,0.0
2021-10-06,South,Furniture,2008.35,-85.62,2,0.35
2021-10-06,South,Office Supplies,1947.71,-74.76,1,0.2
2021-10-06,South,Technology,1918.92,712.68,1,0.1
2021-10-06,West,Furniture,854.41,-87.58,1,0.0
2021-10-06,West,Office Supplies,1360.12,-70.0,1,0.0
2021-10-06,West,Technology,1784.43,49.97,1,0.3
2021-10-07,Central,Technology,129.79,51.04,1,0.0
2021-10-08,Central,Office Supplies,159.42,60.21,1,0.4
2021-10-08,East,Furniture,881.04,0.36,1,0.0
2021-10-08,East,Office Supplies,752.03,-123.12,1,0.1
2021-10-08,West,Office Supplies,2245.21,-160.53,2,0.0
2021-10-09,Central,Furniture,2381.89,166.65,2,0.4
2021-10-09,East,Furniture,1304.07,394.57,2,0.1
2021-10-09,East,Technology,876.24,59.26,2,0.4
2021-10-09,South,Technology,1635.07,594.23,1,0.2
2021-10-09,West,Furniture,716.17,-95.32,1,0.4
2021-10-09,West,Office Supplies,394.59,102.09,1,0.4
2021-10-09,West,Technology,2318.66,-55.73,2,0.3
2021-10-10,Central,Office Supplies,2066.02,73.95,2,0.3
2021-10-10,East,Furniture,1758.66,654.59,1,0.0
2021-10-10,East,Office Supplies,1729.02,117.5,1,0.1
2021-10-10,East,Technology,1380.18,80.1,1,0.0
2021-10-10,South,Furniture,968.7,79.86,1,0.0
2021-10-10,West,Furniture,59.69,21.31,1,0.1
2021-10-10,West,Technology,1990.9,278.01,1,0.5
2021-10-11,Central,Office Supplies,1779.64,268.55,1,0.0
2021-10-11,Central,Technology,613.29,43.2,1,0.0
2021-10-11,East,Office Supplies,1518.09,171.8,1,0.3
2021-10-11,East,Technology,3246.34,-17.75,2,0.3
2021-10-11,West,Furniture,2551.85,86.3,2,0.1
2021-10-11,West,Office Supplies,1888.62,96.69,1,0.4
2021-10-11,West,Technology,470.21,-75.92,1,0.1
2021-10-12,East,Office Supplies,282.0,-30.22,1,0.0
2021-10-12,East,Technology,1617.72,319.98,2,0.35
2021-10-12,South,Furniture,3485.74,1021.95,2,0.35
2021-10-12,West,Office Supplies,1932.38,207.78,3,0.1333
2021-10-13,East,Furniture,2134.85,524.07,2,0.3
2021-10-13,East,Office Supplies,211.82,-8.08,1,0.4
2021-10-13,South,Office Supplies,787.14,251.72,1,0.0
2021-10-13,West,Furniture,1512.46,158.75,2,0.3
2021-10-13,West,Technology,436.41,106.79,1,0.1
2021-10-14,Central,Office Supplies,1110.47,3.84,1,0.2
2021-10-14,South,Furniture,1299.45,-155.01,2,0.05
2021-10-14,South,Office Supplies,875.72,125.76,1,0.1
2021-10-14,South,Technology,877.22,312.24,1,0.3
2021-10-15,Central,Furniture,232.75,26.34,1,0.0
2021-10-15,Central,Office Supplies,1654.67,-146.58,1,0.2
2021-10-15,Central,Technology,1271.5,-26.67,1,0.1
2021-10-15,East,Office Supplies,4825.49,552.46,3,0.2
2021-10-15,South,Furniture,193.61,-22.36,1,0.0
2021-10-15,South,Office Supplies,636.01,203.09,1,0.0
2021-10-15,West,Office Supplies,2816.37,493.24,3,0.2333
2021-10-15,West,Technology,1710.4,178.9,2,0.05
2021-10-16,Central,Furniture,578.47,128.78,1,0.0
2021-10-16,East,Office Supplies,3460.37,882.26,2,0.25
2021-10-16,East,Technology,142.94,45.34,1,0.5
2021-10-16,South,Furniture,1359.4,-1.01,2,0.2
2021-10-16,West,Furniture,1241.16,227.3,1,0.5
2021-10-16,West,Office Supplies,842.39,196.98,1,0.2
2021-10-16,West,Technology,1480.75,-252.56,1,0.4
2021-10-17,Central,Furniture,2005.54,276.78,3,0.0333
2021-10-17,Central,Office Supplies,1150.93,441.57,1,0.0
2021-10-17,East,Furniture,5105.47,258.89,3,0.0
2021-10-17,East,Office Supplies,1697.72,289.82,1,0.4
2021-10-17,West,Technology,2128.36,366.2,3,0.1667
2021-10-18,Central,Technology,1835.67,-201.65,2,0.1
2021-10-18,East,Office Supplies,1721.55,387.56,1,0.0
2021-10-18,East,Technology,1944.5,351.88,1,0.2
2021-10-18,South,Furniture,2054.76,90.92,3,0.3
2021-10-18,South,Office Supplies,2842.97,776.75,2,0.25
2021-10-18,South,Technology,4214.0,503.26,3,0.1
2021-10-18,West,Office Supplies,627.49,-94.67,1,0.3
2021-10-18,West,Technology,170.33,-22.96,1,0.5
2021-10-19,Central,Furniture,1606.42,2.9,1,0.0
2021-10-19,Central,Technology,3777.18,-349.37,3,0.3
2021-10-19,East,Office Supplies,1380.37,332.22,1,0.0
2021-10-19,East,Technology,2442.07,275.53,2,0.3
2021-10-19,South,Office Supplies,66.55,-9.43,1,0.2
2021-10-19,West,Furniture,1417.94,403.58,1,0.2
2021-10-19,West,Office Supplies,1497.94,128.38,2,0.15
2021-10-20,Central,Technology,375.61,43.96,1,0.4
2021-10-20,East,Technology,839.72,-58.88,1,0.2
2021-10-20,South,Furniture,1908.4,-82.02,1,0.5
2021-10-20,South,Office Supplies,429.61,-11.07,1,0.2
2021-10-21,Central,Furniture,1951.62,540.84,1,0.3
2021-10-21,Central,Office Supplies,2730.07,345.4,3,0.2333
2021-10-21,East,Office Supplies,87.83,6.12,1,0.0
2021-10-21,East,Technology,666.73,-13.89,2,0.05
2021-10-21,West,Furniture,843.02,-120.96,1,0.1
2021-10-22,Central,Furniture,1332.92,497.42,1,0.3
2021-10-22,Central,Office Supplies,2353.88,-126.83,2,0.25
2021-10-22,East,Technology,3940.89,494.69,3,0.0
2021-10-23,Central,Furniture,1937.03,492.32,2,0.25
2021-10-23,Central,Technology,1563.78,326.45,2,0.2
2021-10-23,East,Technology,1083.83,344.27,1,0.3
2021-10-23,South,Furniture,1643.17,-33.58,1,0.0
2021-10-23,South,Office Supplies,476.28,-28.44,1,0.5
2021-10-23,South,Technology,2391.84,259.51,2,0.35
2021-10-23,West,Furniture,3360.14,274.12,2,0.05
2021-10-23,West,Office Supplies,528.98,-43.22,1,0.2
2021-10-24,Central,Furniture,1264.0,328.05,1,0.1
2021-10-24,Central,Technology,108.66,16.42,1,0.5
2021-10-24,East,Furniture,1480.14,412.38,1,0.3
2021-10-24,East,Office Supplies,1011.42,-56.65,1,0.4
2021-10-24,East,Technology,127.12,47.46,1,0.3
2021-10-24,West,Furniture,160.24,-15.63,2,0.05
2021-10-25,Central,Furniture,2336.11,332.17,2,0.05
2021-10-25,Central,Office Supplies,154.67,-10.74,1,0.0
2021-10-25,East,Office Supplies,90.42,-4.21,1,0.3
2021-10-25,South,Furniture,3081.94,-45.39,2,0.2
2021-10-25,South,Office Supplies,397.03,37.24,2,0.2
2021-10-25,South,Technology,677.49,64.64,1,0.4
2021-10-26,Central,Furniture,1489.54,-157.56,1,0.1
2021-10-26,East,Furniture,3081.36,-141.16,3,0.2
2021-10-26,South,Office Supplies,1468.76,322.54,1,0.5
2021-10-26,South,Technology,1783.96,16.67,2,0.45
2021-10-26,West,Furniture,1279.21,66.87,1,0.5
2021-10-27,Central,Office Supplies,1979.85,-37.84,1,0.0
2021-10-27,Central,Technology,1682.76,105.57,2,0.25
2021-10-27,East,Furniture,25.64,6.8,1,0.3
2021-10-27,South,Furniture,1142.47,404.54,1,0.4
2021-10-27,South,Technology,547.94,143.76,1,0.4
2021-10-27,West,Office Supplies,1848.68,417.92,1,0.0
2021-10-28,Central,Furniture,1742.49,541.52,1,0.0
2021-10-28,Central,Technology,2755.08,728.46,3,0.4333
2021-10-28,East,Technology,1135.03,298.94,1,0.0
2021-10-28,South,Technology,194.37,47.73,2,0.0
2021-10-28,West,Technology,1703.8,3.08,1,0.5
2021-10-29,Central,Office Supplies,1093.14,-46.02,1,0.0
2021-10-29,East,Furniture,220.97,-0.25,1,0.1
2021-10-29,East,Office Supplies,1232.08,26.26,1,0.0
2021-10-29,South,Furniture,1552.07,460.6,1,0.2
2021-10-29,South,Office Supplies,3474.37,157.15,2,0.4
2021-10-29,South,Technology,1470.04,531.03,1,0.5
2021-10-29,West,Furniture,1695.69,-112.05,1,0.1
2021-10-29,West,Office Supplies,1037.4,-187.55,1,0.1
2021-10-29,West,Technology,1546.91,141.15,1,0.3
2021-10-30,Central,Office Supplies,1089.08,167.23,1,0.0
2021-10-30,Central,Technology,4503.33,537.79,3,0.2
2021-10-30,East,Office Supplies,3771.03,557.99,3,0.3333
2021-10-30,South,Technology,1696.26,-153.3,1,0.0
2021-10-30,West,Furniture,296.87,37.27,1,0.5
2021-10-30,West,Technology,1483.66,19.43,2,0.3
2021-10-31,Central,Technology,1742.33,551.93,3,0.3333
2021-10-31,East,Office Supplies,309.49,-7.46,1,0.0
2021-10-31,South,Office Supplies,1778.68,319.39,1,0.0
2021-10-31,South,Technology,38.94,12.74,1,0.0
2021-10-31,West,Office Supplies,678.97,87.51,1,0.0
2021-11-01,Central,Furniture,1525.89,283.59,1,0.0
2021-11-01,Central,Office Supplies,1238.96,-195.73,1,0.0
2021-11-01,East,Furniture,486.31,95.23,1,0.0
2021-11-01,East,Office Supplies,243.7,-4.16,1,0.5
2021-11-01,East,Technology,1970.79,36.91,2,0.35
2021-11-01,South,Furniture,612.62,-0.14,1,0.1
2021-11-01,South,Office Supplies,151.77,30.62,1,0.5
2021-11-01,South,Technology,3175.55,536.94,2,0.1
2021-11-01,West,Office Supplies,1653.74,-91.2,1,0.1
2021-11-02,Central,Technology,1787.33,641.33,1,0.3
2021-11-02,East,Technology,556.1,-71.49,1,0.4
2021-11-02,South,Office Supplies,1559.48,370.56,2,0.2
2021-11-02,West,Furniture,2950.83,453.91,3,0.1667
2021-11-02,West,Technology,3097.28,-105.28,2,0.0
2021-11-03,Central,Office Supplies,2516.45,-28.87,2,0.15
2021-11-03,Central,Technology,1201.14,-94.42,1,0.5
2021-11-03,East,Furniture,1453.95,236.59,1,0.0
2021-11-03,South,Technology,431.27,149.83,1,0.0
2021-11-03,West,Furniture,992.4,-83.35,1,0.5
2021-11-03,West,Office Supplies,1927.74,504.54,2,0.0
2021-11-04,Central,Technology,531.2,-76.87,1,0.1
2021-11-04,East,Technology,1737.03,342.02,1,0.1
2021-11-04,South,Technology,379.58,33.16,1,0.4
2021-11-04,West,Furniture,2892.92,370.46,2,0.0
2021-11-05,Central,Furniture,3429.0,110.82,2,0.2
2021-11-05,Central,Office Supplies,404.24,-9.15,1,0.5
2021-11-05,Central,Technology,452.48,-66.39,1,0.4
2021-11-05,East,Furniture,1395.62,212.57,1,0.5
2021-11-05,East,Technology,3139.88,65.01,4,0.25
2021-11-05,South,Furniture,1309.64,219.18,1,0.3
2021-11-05,South,Office Supplies,1984.77,778.65,1,0.4
2021-11-05,West,Office Supplies,969.94,214.58,1,0.5
2021-11-06,Central,Furniture,1765.66,105.26,1,0.3
2021-11-06,Central,Office Supplies,2473.74,383.16,2,0.3
2021-11-06,Central,Technology,1649.84,204.68,2,0.45
2021-11-06,East,Technology,216.1,46.82,1,0.2
2021-11-06,South,Office Supplies,632.75,-15.98,1,0.3
2021-11-06,West,Office Supplies,3657.54,157.15,4,0.15
2021-11-06,West,Technology,1008.64,-70.05,2,0.4
2021-11-07,Central,Technology,309.33,42.41,1,0.1
2021-11-07,East,Office Supplies,918.56,-55.56,1,0.2
2021-11-07,East,Technology,1202.58,37.39,1,0.4
2021-11-07,South,Furniture,1955.36,-116.03,1,0.0
2021-11-07,South,Technology,1162.51,-40.15,1,0.4
2021-11-07,West,Furniture,3016.04,206.61,2,0.0
2021-11-07,West,Office Supplies,138.84,-21.92,1,0.3
2021-11-08,Central,Technology,1005.56,361.91,1,0.3
2021-11-08,East,Furniture,1133.18,-75.19,1,0.5
2021-11-08,East,Technology,275.09,47.39,1,0.0
2021-11-08,South,Furniture,1363.91,121.08,1,0.0
2021-11-08,South,Office Supplies,2150.21,376.82,3,0.1
2021-11-08,South,Technology,3228.86,-316.81,2,0.05
2021-11-09,East,Furniture,787.25,-112.74,1,0.0
2021-11-09,East,Office Supplies,176.36,67.83,1,0.1
2021-11-09,South,Technology,565.68,168.87,1,0.1
2021-11-09,West,Office Supplies,85.7,-12.88,1,0.0
2021-11-10,Central,Furniture,1520.71,563.84,1,0.0
2021-11-10,Central,Office Supplies,1192.16,375.61,1,0.1
2021-11-10,East,Furniture,1786.93,172.22,1,0.3
2021-11-10,East,Office Supplies,532.03,-56.76,2,0.25
2021-11-10,West,Technology,1702.72,-191.9,1,0.0
2021-11-11,West,Furniture,1394.9,142.54,1,0.2
2021-11-12,Central,Furniture,823.13,163.35,1,0.2
2021-11-12,Central,Office Supplies,2001.58,565.09,3,0.2333
2021-11-12,East,Furniture,785.35,-113.94,1,0.0
2021-11-12,East,Office Supplies,1649.35,460.29,1,0.2
2021-11-12,East,Technology,1216.99,52.59,2,0.2
2021-11-12,South,Office Supplies,1667.95,356.65,2,0.1
2021-11-12,South,Technology,795.99,241.7,1,0.0
2021-11-12,West,Furniture,224.31,-18.03,1,0.1
2021-11-12,West,Office Supplies,1319.61,304.77,1,0.3
2021-11-12,West,Technology,3696.62,773.49,4,0.05
2021-11-13,Central,Furniture,1877.44,-248.54,2,0.25
2021-11-13,Central,Technology,4738.18,427.08,3,0.2
2021-11-13,South,Technology,1192.64,335.97,1,0.0
2021-11-14,East,Technology,1913.59,10.0,1,0.5
2021-11-14,West,Furniture,2120.33,297.39,3,0.0333
2021-11-15,Central,Furniture,509.36,156.5,1,0.0
2021-11-15,Central,Office Supplies,745.13,3.27,1,0.5
2021-11-15,Central,Technology,2228.65,0.04,2,0.25
2021-11-15,East,Technology,1666.4,290.27,1,0.3
2021-11-15,South,Furniture,1005.0,208.02,1,0.0
2021-11-15,South,Office Supplies,514.22,-36.11,1,0.0
2021-11-15,South,Technology,1329.48,248.4,1,0.0
2021-11-15,West,Furniture,2155.62,-304.92,2,0.05
2021-11-15,West,Office Supplies,2386.73,380.94,2,0.15
2021-11-16,Central,Office Supplies,1849.01,-151.47,1,0.0
2021-11-16,Central,Technology,244.05,42.55,2,0.5
2021-11-16,East,Furniture,1459.69,355.8,1,0.0
2021-11-16,East,Office Supplies,537.33,-32.35,1,0.1
2021-11-16,East,Technology,1412.43,69.62,1,0.5
2021-11-16,South,Furniture,2858.72,380.41,3,0.1667
2021-11-16,South,Technology,377.56,67.94,1,0.0
2021-11-16,West,Furniture,540.64,170.25,1,0.5
2021-11-16,West,Technology,5392.55,1395.7,3,0.1
2021-11-17,East,Office Supplies,506.93,-78.35,1,0.2
2021-11-17,South,Furniture,344.25,86.62,2,0.25
2021-11-17,South,Office Supplies,731.87,43.74,1,0.0
2021-11-17,West,Furniture,818.88,-34.6,2,0.3
2021-11-17,West,Office Supplies,2758.1,-47.67,2,0.15
2021-11-17,West,Technology,1643.17,22.88,1,0.0
2021-11-18,East,Office Supplies,757.11,237.52,1,0.1
2021-11-18,East,Technology,578.11,228.96,1,0.5
2021-11-18,South,Office Supplies,5057.21,246.24,3,0.1333
2021-11-18,West,Technology,984.18,60.46,1,0.5
2021-11-19,Central,Furniture,840.22,133.48,1,0.3
2021-11-19,Central,Technology,905.98,162.8,1,0.0
2021-11-19,East,Office Supplies,357.14,30.59,1,0.4
2021-11-20,Central,Furniture,950.44,-8.04,2,0.3
2021-11-20,East,Technology,420.43,161.23,1,0.1
2021-11-20,South,Furniture,2126.35,525.38,2,0.1
2021-11-20,South,Office Supplies,889.04,163.02,1,0.2
2021-11-20,West,Furniture,2320.64,-116.73,2,0.1
2021-11-20,West,Technology,1547.99,-169.38,1,0.5
2021-11-21,Central,Furniture,3162.96,570.37,3,0.2667
2021-11-21,Central,Office Supplies,1694.84,540.7,1,0.2
2021-11-21,East,Technology,531.74,-1.79,1,0.5
2021-11-21,South,Technology,944.95,-156.87,1,0.1
2021-11-21,West,Office Supplies,3240.91,1100.12,2,0.25
2021-11-21,West,Technology,44.21,17.52,1,0.0
2021-11-22,Central,Technology,1006.81,85.0,1,0.1
2021-11-22,West,Furniture,1997.92,449.45,2,0.1
2021-11-22,West,Office Supplies,1678.44,203.9,1,0.3
2021-11-23,Central,Furniture,716.07,-57.79,1,0.1
2021-11-23,Central,Technology,2601.12,1006.68,2,0.1
2021-11-23,East,Office Supplies,652.29,97.26,1,0.1
2021-11-23,East,Technology,1830.77,532.68,1,0.0
2021-11-23,South,Furniture,423.89,48.23,1,0.4
2021-11-23,West,Furniture,949.08,-93.0,1,0.5
2021-11-24,Central,Furniture,666.41,224.57,1,0.4
2021-11-24,Central,Technology,3187.86,178.26,3,0.2333
2021-11-24,East,Furniture,15.81,0.27,1,0.0
2021-11-24,East,Office Supplies,1350.32,-47.09,1,0.5
2021-11-24,East,Technology,1916.02,732.48,1,0.4
2021-11-24,South,Furniture,925.69,323.63,1,0.3
2021-11-24,South,Office Supplies,1181.57,152.18,1,0.0
2021-11-24,South,Technology,507.62,61.59,1,0.4
2021-11-24,West,Furniture,1007.22,29.06,2,0.05
2021-11-24,West,Office Supplies,389.28,43.47,1,0.1
2021-11-25,Central,Furniture,699.03,139.64,1,0.3
2021-11-25,Central,Technology,88.31,-17.2,1,0.0
2021-11-25,East,Technology,633.64,122.87,1,0.0
2021-11-25,South,Furniture,2779.05,470.03,2,0.15
2021-11-25,South,Office Supplies,1403.46,91.71,2,0.05
2021-11-25,South,Technology,221.19,-30.65,1,0.4
2021-11-25,West,Office Supplies,1687.82,565.84,1,0.5
2021-11-26,East,Technology,1037.44,71.05,1,0.3
2021-11-26,South,Office Supplies,1470.78,122.1,1,0.0
2021-11-26,South,Technology,1471.36,-33.28,1,0.0
2021-11-26,West,Furniture,3297.41,103.01,2,0.3
2021-11-26,West,Technology,1881.27,621.63,1,0.5
2021-11-27,Central,Technology,1486.39,460.72,1,0.1
2021-11-27,East,Office Supplies,792.23,112.99,1,0.0
2021-11-27,East,Technology,2246.68,-45.86,2,0.0
2021-11-27,South,Furniture,3846.66,951.48,4,0.15
2021-11-27,South,Office Supplies,1455.16,91.48,1,0.3
2021-11-27,West,Furniture,1188.49,172.72,1,0.3
2021-11-27,West,Office Supplies,1307.82,-126.99,1,0.2
2021-11-28,Central,Office Supplies,1870.13,689.12,1,0.3
2021-11-28,East,Furniture,1037.4,114.23,1,0.0
2021-11-28,South,Office Supplies,231.79,25.19,1,0.5
2021-11-28,West,Furniture,148.22,-17.68,1,0.0
2021-11-28,West,Technology,1485.17,236.62,2,0.0
2021-11-29,Central,Technology,27.38,5.73,1,0.2
2021-11-29,South,Furniture,2646.83,452.86,2,0.35
2021-11-29,South,Office Supplies,554.91,26.63,1,0.0
2021-11-29,South,Technology,1037.43,96.66,1,0.0
2021-11-29,West,Furniture,673.96,133.85,1,0.5
2021-11-29,West,Office Supplies,810.69,-135.32,1,0.0
2021-11-30,East,Furniture,938.32,-0.18,1,0.1
2021-11-30,East,Office Supplies,443.57,132.6,1,0.1
2021-11-30,East,Technology,2263.5,-146.53,2,0.1
2021-11-30,South,Office Supplies,877.39,158.34,1,0.4
2021-11-30,West,Technology,1440.41,-142.2,1,0.5
2021-12-01,East,Furniture,2097.6,361.54,2,0.05
2021-12-01,East,Office Supplies,682.32,-77.29,1,0.4
2021-12-01,South,Furniture,1721.22,261.41,1,0.2
2021-12-01,South,Office Supplies,1575.84,230.22,1,0.0
2021-12-01,South,Technology,340.33,57.41,1,0.0
2021-12-01,West,Furniture,3129.85,484.24,2,0.1
2021-12-02,Central,Furniture,1167.86,-22.99,1,0.3
2021-12-02,East,Furniture,2329.19,-31.31,2,0.05
2021-12-02,East,Office Supplies,1205.61,72.91,1,0.0
2021-12-02,South,Office Supplies,1299.73,361.3,1,0.4
2021-12-02,West,Furniture,1498.28,72.09,1,0.3
2021-12-02,West,Technology,469.96,-36.81,1,0.1
2021-12-03,Central,Furniture,3585.06,1016.64,2,0.05
2021-12-03,East,Furniture,1561.08,-205.42,1,0.3
2021-12-03,South,Furniture,1921.87,517.52,1,0.1
2021-12-03,South,Office Supplies,1547.5,75.67,1,0.0
2021-12-03,West,Technology,2605.63,255.63,2,0.3
2021-12-04,Central,Furniture,3707.46,114.01,2,0.05
2021-12-04,East,Office Supplies,1959.73,386.11,2,0.35
2021-12-04,East,Technology,869.42,157.57,1,0.0
2021-12-04,South,Furniture,3168.38,358.69,2,0.1
2021-12-04,West,Office Supplies,1042.32,-183.27,1,0.1
2021-12-05,Central,Furniture,1936.86,312.37,2,0.15
2021-12-05,Central,Office Supplies,2967.02,573.08,3,0.1333
2021-12-05,East,Technology,1391.86,-265.72,1,0.0
2021-12-05,South,Furniture,2035.64,147.99,2,0.25
2021-12-05,South,Office Supplies,1804.54,-132.99,2,0.25
2021-12-06,Central,Office Supplies,1781.34,349.15,3,0.1
2021-12-06,Central,Technology,287.08,81.32,1,0.1
2021-12-06,East,Furniture,1300.35,289.17,1,0.1
2021-12-06,East,Office Supplies,700.77,-68.29,1,0.0
2021-12-06,East,Technology,3610.47,-154.44,2,0.25
2021-12-06,South,Office Supplies,2280.78,757.72,2,0.1
2021-12-06,West,Technology,2158.58,526.38,2,0.2
2021-12-07,Central,Furniture,649.87,9.6,1,0.0
2021-12-07,Central,Technology,1081.04,-42.39,1,0.0
2021-12-07,East,Furniture,1855.94,89.98,1,0.1
2021-12-07,South,Furniture,1802.68,75.32,2,0.1
2021-12-07,South,Technology,115.88,-12.94,1,0.0
2021-12-07,West,Furniture,4832.22,736.68,3,0.1333
2021-12-07,West,Office Supplies,306.49,35.19,1,0.0
2021-12-07,West,Technology,1229.23,467.21,1,0.4
2021-12-08,East,Furniture,1907.86,291.39,1,0.1
2021-12-08,East,Technology,1390.43,-204.65,2,0.2
2021-12-08,South,Office Supplies,368.99,71.78,1,0.3
2021-12-08,South,Technology,1114.6,145.94,2,0.2
2021-12-08,West,Furniture,1579.24,-16.83,1,0.1
2021-12-09,Central,Furniture,2569.8,171.41,3,0.3
2021-12-09,Central,Office Supplies,702.11,-5.2,1,0.4
2021-12-09,East,Technology,3121.16,889.36,2,0.1
2021-12-09,South,Office Supplies,979.49,130.37,2,0.4
2021-12-09,West,Furniture,1286.07,460.3,1,0.1
2021-12-09,West,Office Supplies,1617.41,486.1,1,0.5
2021-12-10,Central,Furniture,1211.19,361.55,1,0.5
2021-12-10,East,Office Supplies,3073.33,-25.52,4,0.1
2021-12-10,South,Furniture,1622.4,-71.42,2,0.25
2021-12-10,South,Office Supplies,2205.71,150.17,2,0.1
2021-12-10,South,Technology,658.69,187.27,1,0.2
2021-12-10,West,Technology,1870.73,297.42,1,0.3
2021-12-11,Central,Furniture,1528.28,53.75,2,0.1
2021-12-11,East,Office Supplies,497.87,-87.09,1,0.5
2021-12-11,East,Technology,710.48,223.42,1,0.0
2021-12-11,South,Furniture,37.14,-6.99,1,0.1
2021-12-11,South,Technology,836.72,229.65,1,0.3
2021-12-11,West,Furniture,746.16,-40.15,1,0.5
2021-12-11,West,Office Supplies,1947.67,-252.1,1,0.0
2021-12-11,West,Technology,1243.35,303.34,1,0.1
2021-12-12,Central,Office Supplies,3647.54,-381.99,3,0.1333
2021-12-12,East,Furniture,1745.36,311.59,2,0.2
2021-12-12,East,Office Supplies,821.95,293.59,1,0.1
2021-12-12,East,Technology,2967.31,139.8,2,0.15
2021-12-12,South,Office Supplies,1747.64,59.78,1,0.0
2021-12-12,South,Technology,988.42,-60.03,1,0.0
2021-12-12,West,Furniture,2446.83,328.47,2,0.1
2021-12-12,West,Office Supplies,1789.47,548.24,2,0.2
2021-12-13,South,Furniture,1418.88,545.19,1,0.0
2021-12-13,West,Furniture,138.49,6.21,2,0.5
2021-12-13,West,Office Supplies,2934.24,1023.47,2,0.25
2021-12-13,West,Technology,2559.15,-383.45,2,0.0
2021-12-14,Central,Furniture,1648.84,521.43,2,0.2
2021-12-14,Central,Office Supplies,331.33,3.98,1,0.3
2021-12-14,Central,Technology,1810.17,374.39,2,0.25
2021-12-14,West,Office Supplies,111.65,30.11,1,0.0
2021-12-15,Central,Furniture,657.22,193.73,2,0.25
2021-12-15,Central,Technology,2419.81,252.11,4,0.1
2021-12-15,South,Furniture,1031.99,-129.57,1,0.5
2021-12-15,South,Technology,518.43,-60.0,1,0.5
2021-12-16,Central,Office Supplies,1662.42,460.11,1,0.0
2021-12-16,Central,Technology,1984.83,205.38,2,0.15
2021-12-16,East,Furniture,590.7,180.91,1,0.5
2021-12-16,East,Office Supplies,3460.85,809.46,4,0.2
2021-12-16,East,Technology,1543.02,439.58,1,0.2
2021-12-16,South,Technology,1154.71,42.1,2,0.05
2021-12-16,West,Office Supplies,3717.39,544.77,5,0.14
2021-12-16,West,Technology,205.5,-24.24,1,0.5
2021-12-17,Central,Furniture,1551.09,-222.83,1,0.3
2021-12-17,East,Furniture,3629.44,349.68,5,0.12
2021-12-17,East,Office Supplies,2663.49,790.42,3,0.2667
2021-12-18,Central,Office Supplies,560.24,-10.79,1,0.1
2021-12-18,East,Furniture,181.58,52.82,1,0.5
2021-12-18,East,Office Supplies,398.27,108.1,2,0.25
2021-12-18,East,Technology,1330.17,441.92,3,0.0
2021-12-18,South,Office Supplies,3790.53,140.54,4,0.275
2021-12-18,South,Technology,807.15,-63.0,2,0.35
2021-12-18,West,Furniture,1137.76,341.11,2,0.15
2021-12-19,Central,Furniture,1869.16,220.15,1,0.1
2021-12-19,Central,Office Supplies,1949.99,-220.6,2,0.1
2021-12-19,East,Furniture,1943.59,-206.36,3,0.0667
2021-12-19,East,Technology,1213.69,-113.47,1,0.0
2021-12-19,West,Furniture,1661.6,-112.36,2,0.2
2021-12-19,West,Technology,872.41,24.89,1,0.3
2021-12-20,Central,Furniture,1676.69,273.55,1,0.0
2021-12-20,Central,Office Supplies,1639.34,549.81,1,0.2
2021-12-20,Central,Technology,1864.97,84.94,1,0.2
2021-12-20,East,Furniture,677.48,-101.0,1,0.0
2021-12-20,South,Furniture,3214.81,851.98,3,0.2333
2021-12-20,South,Office Supplies,1682.13,428.7,3,0.1667
2021-12-20,South,Technology,85.39,7.41,1,0.0
2021-12-20,West,Furniture,1324.77,163.98,1,0.4
2021-12-20,West,Office Supplies,2030.55,-237.09,2,0.35
2021-12-20,West,Technology,1871.58,-35.72,2,0.1
2021-12-21,Central,Furniture,1767.91,289.85,1,0.5
2021-12-21,Central,Office Supplies,1889.6,-195.72,1,0.5
2021-12-21,East,Furniture,102.01,25.37,1,0.4
2021-12-21,East,Office Supplies,600.3,117.92,1,0.2
2021-12-21,South,Furniture,120.21,-22.34,1,0.4
2021-12-21,South,Office Supplies,1305.14,-184.47,1,0.1
2021-12-21,West,Technology,1127.02,365.78,1,0.0
2021-12-22,Central,Furniture,1274.72,92.9,1,0.5
2021-12-22,Central,Office Supplies,2848.0,466.47,2,0.45
2021-12-22,Central,Technology,1515.5,457.45,1,0.5
2021-12-22,East,Furniture,1218.7,-171.27,1,0.0
2021-12-22,East,Office Supplies,493.27,149.91,1,0.4
2021-12-22,East,Technology,4244.48,1265.83,3,0.3667
2021-12-22,South,Furniture,2529.96,-86.07,2,0.3
2021-12-22,South,Office Supplies,1917.5,18.48,2,0.05
2021-12-22,West,Furniture,1324.24,-192.65,1,0.4
2021-12-23,Central,Technology,2507.87,-162.96,2,0.25
2021-12-23,East,Furniture,4545.93,935.91,3,0.1667
2021-12-23,East,Office Supplies,824.72,-78.94,1,0.4
2021-12-23,East,Technology,724.76,153.37,1,0.3
2021-12-23,West,Furniture,1568.03,-126.29,1,0.2
2021-12-23,West,Technology,496.99,173.37,1,0.1
2021-12-24,Central,Technology,1818.75,-204.4,1,0.1
2021-12-24,East,Furniture,3366.26,295.62,4,0.125
2021-12-24,South,Furniture,1105.28,-119.47,1,0.2
2021-12-24,South,Technology,1232.08,204.64,1,0.1
2021-12-24,West,Office Supplies,3106.76,808.05,2,0.0
2021-12-25,Central,Furniture,2874.12,938.42,3,0.1667
2021-12-25,Central,Technology,1845.51,162.76,1,0.1
2021-12-25,East,Furniture,1016.11,302.73,2,0.05
2021-12-25,East,Office Supplies,802.06,93.78,1,0.0
2021-12-25,South,Office Supplies,260.92,98.37,1,0.0
2021-12-25,West,Furniture,1244.92,-161.65,1,0.3
2021-12-25,West,Office Supplies,693.04,-125.37,1,0.1
2021-12-25,West,Technology,760.53,148.9,1,0.5
2021-12-26,Central,Furniture,1092.76,63.69,2,0.3
2021-12-26,Central,Office Supplies,2927.05,353.76,2,0.2
2021-12-26,Central,Technology,1299.4,210.79,1,0.5
2021-12-26,East,Furniture,3305.13,495.38,2,0.2
2021-12-26,South,Technology,667.72,233.5,1,0.5
2021-12-26,West,Technology,1177.28,372.28,1,0.5
2021-12-27,Central,Office Supplies,1706.52,-284.65,1,0.0
2021-12-27,Central,Technology,503.24,-31.43,1,0.0
2021-12-27,East,Furniture,1854.01,473.99,1,0.0
2021-12-27,East,Office Supplies,221.33,-15.42,1,0.4
2021-12-27,South,Technology,171.04,30.26,1,0.0
2021-12-27,West,Furniture,1885.72,-19.53,1,0.1
2021-12-27,West,Office Supplies,3427.36,1048.45,4,0.35
2021-12-28,Central,Office Supplies,2881.98,483.38,3,0.0
2021-12-28,East,Furniture,1374.44,54.27,2,0.15
2021-12-28,South,Furniture,469.16,-60.79,1,0.0
2021-12-28,West,Furniture,630.92,189.27,1,0.0
2021-12-29,Central,Office Supplies,1057.53,-93.74,3,0.2333
2021-12-29,Central,Technology,1315.64,-200.23,1,0.4
2021-12-29,East,Technology,1162.76,-144.98,1,0.2
2021-12-29,South,Office Supplies,1786.16,272.91,1,0.0
2021-12-29,South,Technology,645.72,-7.93,2,0.2
2021-12-30,Central,Furniture,1057.68,-123.9,1,0.0
2021-12-30,Central,Office Supplies,1721.39,306.64,1,0.0
2021-12-30,Central,Technology,1198.6,176.62,1,0.0
2021-12-30,East,Office Supplies,2437.49,212.21,2,0.25
2021-12-30,East,Technology,2329.93,181.2,2,0.25
2021-12-30,South,Furniture,957.09,361.74,1,0.5
2021-12-30,South,Office Supplies,1583.77,-200.58,1,0.2
2021-12-30,West,Furniture,1963.85,566.46,1,0.3
2021-12-31,Central,Furniture,1576.96,398.5,2,0.05
2021-12-31,Central,Office Supplies,100.14,3.53,1,0.3
2021-12-31,East,Furniture,994.44,235.17,1,0.2
2021-12-31,East,Office Supplies,1734.8,88.7,1,0.0
2021-12-31,East,Technology,1695.76,557.14,1,0.4
2021-12-31,South,Furniture,177.39,4.12,1,0.4
2022-01-01,Central,Office Supplies,93.45,10.42,1,0.4
2022-01-01,Central,Technology,667.75,-109.75,1,0.0
2022-01-01,East,Furniture,1768.7,70.23,1,0.1
2022-01-01,East,Office Supplies,1852.28,12.77,1,0.3
2022-01-01,South,Furniture,1767.59,356.36,2,0.25
2022-01-01,South,Office Supplies,2588.65,-21.03,2,0.15
2022-01-01,West,Technology,3149.99,81.74,2,0.0
2022-01-02,Central,Office Supplies,1934.24,348.27,1,0.5
2022-01-02,East,Furniture,2128.56,194.3,2,0.0
2022-01-02,East,Office Supplies,930.82,74.34,1,0.0
2022-01-02,South,Office Supplies,357.53,119.52,2,0.4
2022-01-02,South,Technology,1304.75,-143.81,1,0.0
2022-01-02,West,Furniture,257.03,60.13,1,0.3
2022-01-02,West,Office Supplies,1487.81,44.29,1,0.0
2022-01-02,West,Technology,439.32,-21.74,1,0.4
2022-01-03,Central,Furniture,902.62,358.58,1,0.0
2022-01-03,Central,Technology,706.03,54.79,1,0.0
2022-01-03,East,Furniture,1265.71,-179.67,1,0.1
2022-01-03,East,Office Supplies,283.72,-11.57,1,0.1
2022-01-03,South,Office Supplies,308.14,-40.91,1,0.3
2022-01-03,South,Technology,372.59,-55.9,1,0.0
2022-01-03,West,Furniture,1731.71,124.06,1,0.1
2022-01-04,Central,Technology,2087.59,134.36,2,0.15
2022-01-04,East,Technology,90.65,24.19,1,0.5
2022-01-04,South,Furniture,769.56,-33.29,1,0.0
2022-01-04,South,Office Supplies,1759.9,-130.36,2,0.05
2022-01-04,West,Office Supplies,134.28,1.7,1,0.0
2022-01-04,West,Technology,2141.5,306.91,2,0.05
2022-01-05,Central,Office Supplies,1351.17,404.76,2,0.3
2022-01-05,Central,Technology,1780.58,-13.96,1,0.3
2022-01-05,East,Furniture,750.97,150.36,1,0.1
2022-01-05,West,Furniture,995.1,358.31,1,0.0
2022-01-06,Central,Furniture,671.43,131.54,1,0.4
2022-01-06,Central,Office Supplies,134.54,-15.29,1,0.0
2022-01-06,Central,Technology,1376.02,-38.74,1,0.2
2022-01-06,East,Office Supplies,773.23,-74.58,1,0.3
2022-01-06,East,Technology,467.13,73.44,1,0.5
2022-01-06,South,Office Supplies,595.27,230.35,1,0.0
2022-01-06,South,Technology,1842.93,320.31,2,0.4
2022-01-06,West,Office Supplies,658.71,43.33,1,0.4
2022-01-06,West,Technology,1148.57,406.98,1,0.4
2022-01-07,Central,Furniture,249.01,-7.18,1,0.1
2022-01-07,Central,Office Supplies,975.0,-51.75,1,0.5
2022-01-07,East,Furniture,818.71,-129.36,1,0.4
2022-01-07,East,Technology,1652.39,-16.47,1,0.0
2022-01-07,West,Furniture,726.05,123.49,1,0.0
2022-01-08,Central,Technology,2440.27,-53.94,2,0.1
2022-01-08,East,Furniture,35.46,11.77,1,0.2
2022-01-08,South,Furniture,511.59,20.25,1,0.0
2022-01-08,South,Office Supplies,609.84,196.4,1,0.4
2022-01-08,South,Technology,2707.71,-203.85,2,0.1
2022-01-08,West,Furniture,286.82,57.08,1,0.1
2022-01-08,West,Office Supplies,432.12,-13.92,1,0.3
2022-01-08,West,Technology,1250.4,245.08,2,0.15
2022-01-09,Central,Technology,1886.73,706.91,1,0.1
2022-01-10,Central,Office Supplies,615.32,-8.4,1,0.4
2022-01-10,Central,Technology,2346.75,267.83,2,0.3
2022-01-10,West,Office Supplies,1957.82,87.13,2,0.2
2022-01-11,Central,Furniture,809.48,-115.51,1,0.1
2022-01-11,South,Office Supplies,1298.07,-179.77,1,0.0
2022-01-11,South,Technology,3396.85,-389.94,2,0.2
2022-01-12,Central,Office Supplies,1816.35,573.05,1,0.2
2022-01-12,Central,Technology,1139.48,323.82,1,0.3
2022-01-12,East,Furniture,920.67,241.43,1,0.0
2022-01-12,South,Furniture,475.74,26.25,1,0.3
2022-01-12,South,Office Supplies,634.41,23.32,2,0.1
2022-01-12,South,Technology,811.66,153.22,1,0.4
2022-01-12,West,Furniture,348.18,37.16,1,0.0
2022-01-12,West,Technology,2870.34,226.59,2,0.1
2022-01-13,Central,Furniture,1144.69,-199.91,1,0.2
2022-01-13,Central,Technology,1018.37,-178.04,1,0.3
2022-01-13,East,Furniture,985.83,-6.32,1,0.5
2022-01-13,South,Office Supplies,687.62,-111.12,1,0.5
2022-01-13,West,Furniture,1284.55,-234.41,1,0.4
2022-01-13,West,Office Supplies,235.96,-30.98,1,0.0
2022-01-13,West,Technology,1588.84,-83.91,2,0.15
2022-01-14,Central,Office Supplies,823.41,319.82,1,0.0
2022-01-14,Central,Technology,883.01,152.01,1,0.2
2022-01-14,East,Furniture,158.26,44.07,1,0.0
2022-01-14,East,Technology,2021.97,-141.41,2,0.0
2022-01-14,South,Office Supplies,1575.49,-165.92,1,0.0
2022-01-14,West,Furniture,1726.08,631.77,1,0.5
2022-01-14,West,Office Supplies,145.72,36.93,1,0.2
2022-01-15,Central,Furniture,2733.28,292.61,3,0.1
2022-01-15,Central,Office Supplies,2817.84,943.47,2,0.35
2022-01-15,South,Office Supplies,3249.47,62.83,3,0.1333
2022-01-15,South,Technology,1427.38,465.59,1,0.2
2022-01-16,Central,Technology,2535.15,259.48,2,0.4
2022-01-16,East,Furniture,1898.01,302.26,2,0.0
2022-01-16,East,Office Supplies,218.86,-38.5,1,0.0
2022-01-16,South,Furniture,1347.96,51.11,1,0.0
2022-01-16,South,Office Supplies,3191.46,506.24,2,0.1
2022-01-16,West,Office Supplies,283.97,-35.04,1,0.0
2022-01-17,Central,Furniture,1127.17,-149.11,2,0.2
2022-01-17,Central,Technology,888.35,-104.46,1,0.3
2022-01-17,East,Furniture,3522.61,188.49,2,0.25
2022-01-17,East,Office Supplies,1033.33,248.3,1,0.4
2022-01-17,East,Technology,2182.02,418.5,2,0.05
2022-01-17,South,Furniture,1729.91,320.39,1,0.0
2022-01-17,South,Office Supplies,1576.97,121.24,1,0.5
2022-01-17,South,Technology,1060.37,120.46,1,0.5
2022-01-17,West,Furniture,483.11,-24.05,1,0.5
2022-01-17,West,Office Supplies,1558.48,251.88,2,0.25
2022-01-17,West,Technology,296.61,115.36,1,0.4
2022-01-18,Central,Office Supplies,358.07,135.34,1,0.0
2022-01-18,East,Office Supplies,1713.57,280.81,1,0.0
2022-01-18,East,Technology,1218.25,195.53,1,0.4
2022-01-18,South,Office Supplies,1868.47,52.82,1,0.2
2022-01-18,South,Technology,907.23,-101.13,1,0.3
2022-01-18,West,Furniture,1919.4,614.22,1,0.0
2022-01-18,West,Technology,160.14,17.82,1,0.5
2022-01-19,Central,Furniture,1879.25,347.45,1,0.0
2022-01-19,Central,Technology,1364.44,172.24,2,0.15
2022-01-19,South,Furniture,415.48,113.65,1,0.5
2022-01-19,West,Technology,1215.39,-79.09,1,0.0
2022-01-20,Central,Office Supplies,1217.66,80.02,3,0.3
2022-01-20,East,Furniture,1748.77,-83.66,1,0.5
2022-01-20,East,Office Supplies,1391.06,-118.75,2,0.4
2022-01-20,East,Technology,4264.25,565.95,3,0.2
2022-01-20,South,Furniture,1445.43,118.42,1,0.4
2022-01-20,South,Office Supplies,4456.76,-34.3,3,0.1667
2022-01-20,South,Technology,798.63,164.15,2,0.05
2022-01-20,West,Office Supplies,1132.04,295.68,1,0.0
2022-01-20,West,Technology,179.24,43.46,1,0.4
2022-01-21,Central,Furniture,2901.42,525.91,3,0.0667
2022-01-21,Central,Office Supplies,6898.48,-882.73,4,0.25
2022-01-21,East,Furniture,6043.47,-86.08,4,0.275
2022-01-21,East,Technology,597.13,13.43,1,0.5
2022-01-21,South,Office Supplies,941.38,326.3,1,0.2
2022-01-21,South,Technology,1717.36,576.97,1,0.3
2022-01-21,West,Furniture,1442.28,182.12,2,0.05
2022-01-21,West,Office Supplies,1284.04,194.8,2,0.05
2022-01-22,Central,Office Supplies,1483.97,-49.84,1,0.2
2022-01-22,Central,Technology,1474.45,-228.86,1,0.0
2022-01-22,East,Furniture,2748.61,181.65,2,0.05
2022-01-22,East,Office Supplies,636.63,-12.46,1,0.3
2022-01-22,South,Office Supplies,1194.87,42.77,1,0.0
2022-01-22,South,Technology,2374.22,573.22,2,0.1
2022-01-22,West,Office Supplies,1365.85,-43.89,2,0.1
2022-01-22,West,Technology,2917.73,311.65,2,0.05
2022-01-23,Central,Furniture,260.75,100.51,1,0.4
2022-01-23,Central,Office Supplies,1172.03,390.75,1,0.0
2022-01-23,Central,Technology,428.87,127.37,1,0.2
2022-01-23,East,Office Supplies,340.38,95.77,1,0.0
2022-01-23,South,Furniture,1151.98,-110.94,1,0.0
2022-01-23,South,Technology,1387.84,364.78,1,0.0
2022-01-23,West,Office Supplies,3308.99,347.03,3,0.1
2022-01-23,West,Technology,1681.74,-64.49,2,0.15
2022-01-24,Central,Furniture,90.11,22.2,1,0.4
2022-01-24,Central,Office Supplies,2319.26,445.34,2,0.1
2022-01-24,Central,Technology,1657.01,493.91,1,0.4
2022-01-24,East,Furniture,4669.89,1382.7,3,0.1
2022-01-24,East,Office Supplies,1791.46,624.47,1,0.2
2022-01-24,East,Technology,935.79,-150.16,1,0.0
2022-01-24,South,Office Supplies,327.09,32.47,1,0.5
2022-01-24,South,Technology,2112.24,301.04,2,0.0
2022-01-24,West,Office Supplies,1688.63,286.57,1,0.3
2022-01-25,Central,Furniture,644.18,123.29,1,0.0
2022-01-25,Central,Office Supplies,1948.42,70.06,3,0.0667
2022-01-25,Central,Technology,1776.5,-330.82,1,0.1
2022-01-25,East,Furniture,922.25,161.45,1,0.0
2022-01-25,West,Office Supplies,1178.59,54.03,1,0.3
2022-01-25,West,Technology,744.79,128.29,2,0.3
2022-01-26,Central,Technology,3226.02,442.17,2,0.25
2022-01-26,East,Furniture,642.79,165.31,1,0.0
2022-01-26,East,Office Supplies,304.67,114.87,1,0.3
2022-01-26,South,Office Supplies,1807.92,426.58,2,0.2
2022-01-26,West,Furniture,1633.78,-121.66,1,0.0
2022-01-26,West,Office Supplies,1486.27,-47.58,1,0.0
2022-01-27,Central,Office Supplies,834.84,146.6,1,0.3
2022-01-27,Central,Technology,680.97,166.43,1,0.1
2022-01-27,East,Furniture,2825.04,161.25,2,0.1
2022-01-27,East,Technology,3792.49,-446.04,3,0.1333
2022-01-27,West,Furniture,1180.56,-91.27,1,0.0
2022-01-28,Central,Furniture,3115.55,655.78,2,0.25
2022-01-28,East,Office Supplies,1807.31,-274.44,1,0.5
2022-01-28,East,Technology,1679.42,611.01,2,0.3
2022-01-28,West,Furniture,1551.3,-133.93,1,0.0
2022-01-29,Central,Furniture,498.72,45.5,1,0.5
2022-01-29,Central,Office Supplies,1348.66,-2.63,1,0.2
2022-01-29,Central,Technology,331.64,38.18,2,0.15
2022-01-29,East,Furniture,506.48,9.69,1,0.1
2022-01-29,East,Office Supplies,1219.53,377.71,1,0.5
2022-01-29,West,Furniture,1728.76,69.32,1,0.0
2022-01-29,West,Office Supplies,679.09,-111.44,1,0.3
2022-01-30,Central,Office Supplies,1541.3,458.24,1,0.5
2022-01-30,Central,Technology,270.02,-48.8,1,0.4
2022-01-30,East,Furniture,262.2,14.52,1,0.4
2022-01-30,East,Technology,818.59,91.15,3,0.2667
2022-01-30,South,Furniture,1972.28,325.71,1,0.3
2022-01-30,West,Furniture,1221.14,89.01,1,0.3
2022-01-30,West,Technology,89.68,26.73,1,0.5
2022-01-31,South,Furniture,5254.38,-216.34,3,0.1
2022-01-31,South,Office Supplies,1768.41,-48.58,1,0.5
2022-01-31,South,Technology,1647.94,314.38,1,0.3
2022-01-31,West,Furniture,1061.85,-175.03,1,0.3
2022-01-31,West,Technology,897.08,327.52,1,0.0
2022-02-01,Central,Furniture,5775.46,870.53,5,0.2
2022-02-01,Central,Office Supplies,1006.38,-141.57,1,0.0
2022-02-01,East,Office Supplies,1383.61,-83.55,1,0.1
2022-02-01,East,Technology,1113.22,323.19,2,0.05
2022-02-01,South,Furniture,793.82,-74.33,1,0.5
2022-02-01,West,Furniture,2325.95,334.22,4,0.125
2022-02-02,Central,Furniture,1934.69,-195.71,1,0.0
2022-02-02,East,Furniture,1159.58,313.37,1,0.0
2022-02-02,South,Furniture,3216.44,398.5,2,0.1
2022-02-02,West,Office Supplies,427.81,142.68,1,0.0
2022-02-03,Central,Furniture,324.57,45.91,1,0.1
2022-02-03,Central,Technology,885.63,-120.24,1,0.0
2022-02-03,East,Office Supplies,225.72,36.55,1,0.3
2022-02-03,West,Furniture,1448.54,266.66,1,0.0
2022-02-04,Central,Furniture,516.44,99.14,1,0.3
2022-02-04,Central,Technology,879.92,26.48,1,0.3
2022-02-04,East,Furniture,1413.66,4.19,3,0.2667
2022-02-04,East,Office Supplies,856.59,-54.8,1,0.2
2022-02-04,South,Technology,625.57,187.19,1,0.3
2022-02-04,West,Furniture,295.63,17.16,1,0.0
2022-02-04,West,Technology,1293.86,367.28,1,0.2
2022-02-05,Central,Furniture,4804.69,690.62,3,0.0667
2022-02-05,East,Technology,987.3,-78.28,1,0.1
2022-02-05,West,Technology,1542.01,-109.13,1,0.2
2022-02-06,Central,Office Supplies,725.47,-84.49,1,0.5
2022-02-06,East,Furniture,633.29,68.41,1,0.2
2022-02-06,South,Furniture,1257.03,210.86,1,0.0
2022-02-06,South,Office Supplies,1183.65,-153.04,1,0.0
2022-02-06,South,Technology,1212.15,66.65,1,0.3
2022-02-07,Central,Furniture,1749.81,-103.65,3,0.0
2022-02-07,East,Furniture,2598.96,607.88,2,0.1
2022-02-07,South,Technology,1981.45,71.14,2,0.4
2022-02-07,West,Furniture,2185.2,-30.04,2,0.25
2022-02-07,West,Office Supplies,1912.36,291.61,1,0.4
2022-02-08,Central,Furniture,2269.53,480.81,2,0.15
2022-02-08,Central,Technology,671.71,142.74,1,0.5
2022-02-08,East,Furniture,4540.36,623.79,3,0.2333
2022-02-08,East,Office Supplies,2367.32,78.48,2,0.0
2022-02-08,East,Technology,1157.47,386.53,1,0.4
2022-02-08,South,Furniture,1960.71,-389.18,1,0.2
2022-02-08,South,Office Supplies,2506.56,54.43,2,0.1
2022-02-08,South,Technology,1519.35,604.73,1,0.2
2022-02-08,West,Furniture,1725.3,226.08,2,0.15
2022-02-08,West,Technology,345.39,-54.87,1,0.0
2022-02-09,Central,Furniture,2060.17,-227.96,2,0.2
2022-02-09,Central,Office Supplies,587.19,96.44,1,0.1
2022-02-09,Central,Technology,2364.36,201.34,2,0.0
2022-02-09,East,Technology,3121.05,79.49,3,0.1667
2022-02-09,South,Furniture,892.43,306.15,1,0.0
2022-02-09,South,Technology,1764.43,-52.71,1,0.3
2022-02-09,West,Furniture,893.29,184.92,1,0.0
2022-02-09,West,Technology,586.11,92.17,1,0.2
2022-02-10,East,Office Supplies,4327.56,143.56,4,0.125
2022-02-10,East,Technology,147.44,1.75,1,0.4
2022-02-10,South,Furniture,2470.37,248.23,3,0.4
2022-02-10,West,Technology,38.5,-3.96,1,0.1
2022-02-11,Central,Furniture,41.75,4.41,1,0.2
2022-02-11,Central,Office Supplies,1787.48,374.15,2,0.15
2022-02-11,East,Office Supplies,4866.93,487.12,4,0.35
2022-02-11,East,Technology,3644.59,437.3,2,0.25
2022-02-11,South,Office Supplies,236.74,-28.91,1,0.1
2022-02-11,West,Furniture,1491.75,205.46,1,0.0
2022-02-11,West,Technology,1580.66,400.14,1,0.4
2022-02-12,Central,Technology,5807.86,-106.7,4,0.1
2022-02-12,East,Furniture,3460.66,627.31,2,0.1
2022-02-12,South,Furniture,223.45,63.01,1,0.1
2022-02-12,South,Office Supplies,481.04,-52.64,1,0.0
2022-02-12,West,Furniture,561.6,-93.22,1,0.1
2022-02-12,West,Office Supplies,1169.56,424.55,1,0.4
2022-02-13,Central,Furniture,308.06,100.39,1,0.4
2022-02-13,Central,Office Supplies,874.92,231.77,2,0.25
2022-02-13,East,Furniture,1215.44,444.65,1,0.4
2022-02-13,East,Office Supplies,23.96,0.61,1,0.3
2022-02-13,East,Technology,997.39,-17.36,1,0.0
2022-02-13,South,Furniture,1557.16,-64.49,1,0.0
2022-02-13,South,Technology,1128.51,368.11,1,0.0
2022-02-13,West,Furniture,964.52,-49.4,1,0.3
2022-02-13,West,Technology,280.02,-5.42,1,0.1
2022-02-14,East,Furniture,428.71,92.36,1,0.4
2022-02-14,South,Furniture,1943.72,341.71,1,0.5
2022-02-14,South,Technology,400.52,-3.1,1,0.4
2022-02-14,West,Furniture,1632.74,605.73,2,0.35
2022-02-15,Central,Furniture,1139.92,11.98,1,0.0
2022-02-15,Central,Office Supplies,466.13,8.04,2,0.15
2022-02-15,East,Furniture,1169.43,218.59,1,0.5
2022-02-15,East,Office Supplies,2514.34,103.7,2,0.3
2022-02-15,South,Furniture,1006.57,259.45,1,0.0
2022-02-15,South,Office Supplies,1599.58,141.22,1,0.0
2022-02-15,South,Technology,1754.9,617.66,2,0.1
2022-02-15,West,Furniture,1705.88,135.46,1,0.0
2022-02-15,West,Technology,1710.99,-146.98,1,0.0
2022-02-16,Central,Furniture,1328.32,385.71,1,0.3
2022-02-16,Central,Office Supplies,302.99,42.92,1,0.2
2022-02-16,South,Furniture,3367.27,449.39,3,0.3
2022-02-16,South,Office Supplies,1836.98,501.13,2,0.2
2022-02-16,West,Furniture,2268.4,754.86,2,0.45
2022-02-17,Central,Furniture,1581.93,136.91,3,0.3
2022-02-17,East,Office Supplies,1395.35,43.46,2,0.3
2022-02-17,West,Technology,1480.1,-96.45,1,0.0
2022-02-18,Central,Technology,1427.09,-31.89,2,0.25
2022-02-18,East,Furniture,1218.51,48.57,1,0.0
2022-02-18,East,Office Supplies,1274.53,-35.16,1,0.1
2022-02-18,East,Technology,1753.0,114.5,1,0.0
2022-02-18,South,Furniture,1180.28,-100.02,1,0.3
2022-02-18,South,Office Supplies,1672.63,-202.09,1,0.0
2022-02-18,West,Furniture,827.59,-70.62,1,0.2
2022-02-19,Central,Furniture,1852.46,426.81,1,0.0
2022-02-19,East,Furniture,1095.89,366.04,1,0.0
2022-02-19,East,Office Supplies,1832.48,147.18,1,0.0
2022-02-19,South,Furniture,2256.75,302.09,2,0.3
2022-02-19,South,Office Supplies,715.89,114.97,1,0.0
2022-02-19,South,Technology,2528.46,307.13,2,0.1
2022-02-19,West,Furniture,4048.57,384.17,3,0.2
2022-02-20,Central,Furniture,2217.89,364.85,2,0.25
2022-02-20,Central,Office Supplies,967.25,-168.13,1,0.2
2022-02-20,Central,Technology,1687.17,-124.67,1,0.0
2022-02-20,East,Furniture,1946.85,-170.49,2,0.1
2022-02-20,East,Technology,2973.71,220.23,2,0.45
2022-02-20,South,Office Supplies,199.71,38.01,1,0.1
2022-02-21,Central,Office Supplies,978.84,-180.6,1,0.2
2022-02-21,Central,Technology,1823.21,-44.36,1,0.4
2022-02-21,East,Office Supplies,1933.52,19.29,1,0.1
2022-02-21,South,Technology,47.22,-8.31,1,0.5
2022-02-21,West,Furniture,443.82,115.48,1,0.2
2022-02-21,West,Office Supplies,784.58,-83.43,1,0.0
2022-02-22,Central,Furniture,530.24,-100.75,1,0.5
2022-02-22,East,Office Supplies,1148.15,384.6,1,0.0
2022-02-22,South,Furniture,612.18,171.79,1,0.2
2022-02-22,South,Technology,1279.23,507.77,1,0.5
2022-02-22,West,Office Supplies,1977.28,368.77,1,0.4
2022-02-22,West,Technology,1703.36,208.94,1,0.1
2022-02-23,Central,Furniture,1362.68,534.78,1,0.5
2022-02-23,Central,Office Supplies,2342.15,616.12,2,0.35
2022-02-23,Central,Technology,1391.65,202.19,1,0.4
2022-02-23,East,Furniture,1837.07,254.56,1,0.2
2022-02-23,South,Technology,112.94,3.74,1,0.0
2022-02-23,West,Furniture,2112.01,-44.69,4,0.025
2022-02-23,West,Office Supplies,897.08,-76.56,1,0.1
2022-02-24,Central,Furniture,169.79,22.09,1,0.2
2022-02-24,Central,Office Supplies,138.11,-18.65,1,0.0
2022-02-24,Central,Technology,1705.85,537.17,2,0.0
2022-02-24,East,Furniture,1964.12,39.0,2,0.35
2022-02-24,East,Office Supplies,1927.91,383.25,2,0.2
2022-02-24,South,Furniture,669.93,-56.08,1,0.0
2022-02-24,South,Office Supplies,1899.37,474.39,2,0.15
2022-02-24,South,Technology,296.86,-19.56,1,0.0
2022-02-24,West,Furniture,445.42,-56.3,1,0.0
2022-02-24,West,Technology,1178.3,363.65,1,0.0
2022-02-25,Central,Furniture,1661.34,252.24,1,0.1
2022-02-25,Central,Office Supplies,4113.55,1020.92,5,0.26
2022-02-25,Central,Technology,986.4,-39.57,1,0.5
2022-02-25,East,Furniture,1556.57,463.13,2,0.1
2022-02-25,East,Office Supplies,55.48,11.71,1,0.0
2022-02-25,East,Technology,82.74,-16.34,1,0.0
2022-02-25,South,Technology,733.69,-24.87,2,0.2
2022-02-25,West,Technology,634.17,133.91,2,0.2
2022-02-26,Central,Technology,1950.46,-234.24,1,0.0
2022-02-26,South,Technology,998.4,-159.98,1,0.5
2022-02-26,West,Furniture,1823.95,24.49,1,0.0
2022-02-26,West,Office Supplies,1819.11,544.9,1,0.0
2022-02-26,West,Technology,1773.26,-341.43,1,0.0
2022-02-27,Central,Furniture,3575.79,585.11,2,0.35
2022-02-27,Central,Office Supplies,174.27,66.27,1,0.3
2022-02-27,East,Furniture,1676.72,232.7,1,0.2
2022-02-27,East,Office Supplies,89.59,26.1,1,0.1
2022-02-27,South,Furniture,2708.84,382.26,2,0.3
2022-02-27,South,Office Supplies,2772.64,-260.5,2,0.15
2022-02-27,South,Technology,1354.41,248.68,1,0.0
2022-02-27,West,Furniture,2966.35,577.61,3,0.4667
2022-02-28,Central,Furniture,1534.34,476.61,2,0.15
2022-02-28,Central,Office Supplies,2779.78,448.78,2,0.2
2022-02-28,Central,Technology,1085.56,-21.29,1,0.1
2022-02-28,East,Furniture,997.53,-164.04,1,0.3
2022-02-28,South,Furniture,68.15,18.5,1,0.3
2022-02-28,West,Technology,463.88,38.89,1,0.1
2022-03-01,Central,Furniture,1261.54,18.54,1,0.2
2022-03-01,Central,Office Supplies,1045.72,316.18,1,0.0
2022-03-01,East,Office Supplies,2717.31,596.73,2,0.2
2022-03-01,East,Technology,2518.02,-109.56,3,0.2
2022-03-01,South,Furniture,1640.72,365.9,2,0.25
2022-03-01,South,Office Supplies,1504.72,359.51,2,0.3
2022-03-01,South,Technology,635.63,-88.99,1,0.0
2022-03-01,West,Furniture,279.02,105.59,1,0.0
2022-03-02,Central,Furniture,1925.91,112.72,2,0.05
2022-03-02,Central,Technology,163.33,4.87,1,0.0
2022-03-02,East,Furniture,406.91,113.12,1,0.4
2022-03-02,East,Technology,1993.97,-393.19,2,0.25
2022-03-02,South,Furniture,2759.98,-196.46,2,0.15
2022-03-02,South,Office Supplies,1530.65,-256.64,1,0.3
2022-03-02,West,Furniture,826.27,141.17,1,0.5
2022-03-03,Central,Furniture,170.45,16.55,1,0.0
2022-03-03,Central,Office Supplies,369.77,-5.13,1,0.4
2022-03-03,Central,Technology,208.54,34.92,1,0.4
2022-03-03,East,Technology,961.72,109.95,1,0.0
2022-03-03,South,Office Supplies,1934.41,498.24,2,0.15
2022-03-03,South,Technology,2977.06,-72.0,2,0.15
2022-03-03,West,Furniture,1393.01,-129.63,1,0.0
2022-03-03,West,Office Supplies,734.48,243.78,1,0.2
2022-03-04,Central,Technology,2214.15,129.02,2,0.05
2022-03-04,East,Furniture,1476.91,-290.26,1,0.4
2022-03-04,South,Furniture,131.79,4.93,1,0.2
2022-03-04,South,Office Supplies,851.47,-29.98,2,0.15
2022-03-04,South,Technology,901.95,-117.99,1,0.2
2022-03-04,West,Furniture,3130.99,-364.89,2,0.4
2022-03-04,West,Office Supplies,468.52,103.1,2,0.35
2022-03-05,Central,Furniture,1940.86,365.7,2,0.25
2022-03-05,Central,Technology,110.27,11.25,1,0.0
2022-03-05,South,Furniture,172.0,-17.12,1,0.0
2022-03-05,South,Office Supplies,547.85,53.84,2,0.25
2022-03-06,Central,Furniture,321.47,-34.38,1,0.5
2022-03-06,Central,Office Supplies,1635.72,-89.32,1,0.0
2022-03-06,East,Office Supplies,3283.59,-183.93,2,0.1
2022-03-06,South,Office Supplies,1627.9,418.62,1,0.4
2022-03-06,South,Technology,2111.81,369.0,2,0.0
2022-03-06,West,Furniture,1627.59,598.38,1,0.5
2022-03-06,West,Office Supplies,502.11,54.07,1,0.5
2022-03-06,West,Technology,1820.62,-235.62,1,0.3
2022-03-07,Central,Office Supplies,1723.28,543.32,1,0.0
2022-03-07,East,Furniture,763.65,271.84,2,0.25
2022-03-07,East,Technology,952.39,255.65,2,0.4
2022-03-07,West,Furniture,3025.39,296.02,3,0.2
2022-03-07,West,Office Supplies,583.43,-70.97,1,0.5
2022-03-08,Central,Furniture,1367.95,337.95,1,0.0
2022-03-08,Central,Office Supplies,691.92,135.61,1,0.4
2022-03-08,Central,Technology,592.59,216.59,1,0.0
2022-03-08,East,Office Supplies,330.88,-17.8,1,0.0
2022-03-08,East,Technology,1856.19,169.97,2,0.25
2022-03-08,South,Technology,1657.87,-328.37,1,0.0
2022-03-08,West,Furniture,4692.33,891.79,4,0.2
2022-03-08,West,Office Supplies,1014.59,183.74,1,0.3
2022-03-08,West,Technology,1157.47,-108.51,1,0.5
2022-03-09,Central,Furniture,2295.28,145.13,3,0.1333
2022-03-09,Central,Technology,671.71,79.61,1,0.2
2022-03-09,East,Office Supplies,165.66,53.5,1,0.2
2022-03-09,South,Furniture,975.21,246.07,2,0.15
2022-03-09,South,Office Supplies,1479.24,-243.84,1,0.1
2022-03-09,West,Furniture,4228.12,-150.88,3,0.4667
2022-03-09,West,Technology,2214.98,-112.99,2,0.0
2022-03-10,Central,Technology,1760.56,14.05,2,0.4
2022-03-10,South,Furniture,1063.7,-116.08,1,0.1
2022-03-10,South,Technology,525.9,7.82,1,0.0
2022-03-10,West,Furniture,2631.29,18.12,2,0.1
2022-03-11,Central,Furniture,1561.71,495.39,1,0.0
2022-03-11,Central,Technology,1918.65,-335.99,1,0.4
2022-03-11,East,Office Supplies,1817.69,293.7,1,0.4
2022-03-11,South,Furniture,2822.78,324.05,2,0.0
2022-03-11,South,Technology,1482.53,1.91,1,0.0
2022-03-11,West,Office Supplies,1377.5,113.88,1,0.0
2022-03-11,West,Technology,810.7,61.4,1,0.2
2022-03-12,Central,Furniture,4140.39,111.17,3,0.2
2022-03-12,Central,Office Supplies,1628.53,622.17,1,0.3
2022-03-12,East,Office Supplies,4936.12,925.83,3,0.2333
2022-03-12,East,Technology,1632.79,-19.56,2,0.4
2022-03-12,South,Furniture,2144.98,311.17,2,0.2
2022-03-12,West,Office Supplies,1310.19,-237.81,1,0.1
2022-03-13,Central,Office Supplies,711.49,94.26,1,0.0
2022-03-13,Central,Technology,1811.79,260.61,1,0.0
2022-03-13,East,Furniture,421.16,-36.66,1,0.0
2022-03-13,East,Office Supplies,1938.47,96.39,1,0.2
2022-03-13,East,Technology,1954.56,155.59,2,0.35
2022-03-13,South,Technology,296.66,-56.75,1,0.0
2022-03-13,West,Technology,533.58,168.28,2,0.05
2022-03-14,Central,Office Supplies,751.57,174.25,2,0.05
2022-03-14,East,Furniture,616.64,15.68,1,0.0
2022-03-14,East,Office Supplies,1123.99,27.56,1,0.4
2022-03-14,East,Technology,1363.22,204.64,1,0.5
2022-03-14,South,Office Supplies,2198.52,363.15,2,0.1
2022-03-14,West,Furniture,331.83,-38.24,1,0.4
2022-03-15,Central,Office Supplies,1050.86,60.97,1,0.1
2022-03-15,Central,Technology,1637.54,-274.09,1,0.5
2022-03-15,East,Furniture,88.19,10.33,1,0.5
2022-03-15,South,Office Supplies,148.73,-16.39,1,0.1
2022-03-15,West,Furniture,743.63,3.09,1,0.0
2022-03-15,West,Office Supplies,1663.97,-58.32,1,0.0
2022-03-15,West,Technology,43.19,11.05,1,0.0
2022-03-16,Central,Office Supplies,3171.84,458.15,3,0.3667
2022-03-16,Central,Technology,1508.39,362.28,1,0.2
2022-03-16,East,Furniture,736.53,16.71,2,0.0
2022-03-16,East,Office Supplies,724.51,102.42,1,0.5
2022-03-16,West,Office Supplies,2391.47,74.58,2,0.25
2022-03-16,West,Technology,974.94,236.61,1,0.5
2022-03-17,Central,Furniture,3775.23,457.94,3,0.1333
2022-03-17,Central,Technology,240.52,76.75,1,0.3
2022-03-17,East,Furniture,269.54,66.88,1,0.3
2022-03-17,East,Technology,111.23,14.5,1,0.2
2022-03-17,South,Office Supplies,438.26,107.43,1,0.2
2022-03-17,West,Office Supplies,1250.28,267.0,1,0.3
2022-03-17,West,Technology,1197.37,434.97,1,0.0
2022-03-18,East,Office Supplies,1929.06,476.67,1,0.0
2022-03-18,South,Office Supplies,2217.55,631.72,2,0.3
2022-03-18,South,Technology,703.36,55.83,1,0.0
2022-03-18,West,Technology,1037.73,-147.07,1,0.0
2022-03-19,Central,Office Supplies,2833.6,526.26,2,0.1
2022-03-19,East,Office Supplies,1456.66,-167.92,1,0.4
2022-03-19,West,Furniture,1104.21,-8.16,2,0.25
2022-03-19,West,Technology,60.4,-6.18,1,0.0
2022-03-20,Central,Furniture,1986.12,-256.05,1,0.4
2022-03-20,Central,Office Supplies,50.71,4.71,1,0.0
2022-03-20,Central,Technology,1804.93,114.16,1,0.1
2022-03-20,East,Furniture,1336.85,417.71,2,0.35
2022-03-20,South,Furniture,1944.11,-101.92,1,0.1
2022-03-21,Central,Technology,242.96,7.83,1,0.3
2022-03-21,East,Technology,729.49,-127.12,1,0.2
2022-03-21,South,Furniture,1865.54,-345.23,1,0.3
2022-03-22,Central,Office Supplies,2408.73,627.81,2,0.4
2022-03-22,Central,Technology,623.09,201.45,2,0.2
2022-03-22,East,Furniture,3581.36,805.99,4,0.125
2022-03-22,East,Office Supplies,3857.81,-0.17,3,0.2
2022-03-22,South,Furniture,69.07,17.35,1,0.3
2022-03-22,West,Office Supplies,873.94,203.61,1,0.0
2022-03-22,West,Technology,3516.65,99.27,3,0.2
2022-03-23,Central,Office Supplies,1702.45,-87.15,2,0.15
2022-03-23,Central,Technology,1132.53,268.27,1,0.3
2022-03-23,East,Furniture,933.11,-41.86,1,0.4
2022-03-23,East,Office Supplies,817.19,36.72,1,0.0
2022-03-23,South,Furniture,1676.09,462.48,2,0.3
2022-03-23,South,Office Supplies,3506.43,89.47,4,0.05
2022-03-23,West,Furniture,43.85,10.43,1,0.5
2022-03-23,West,Office Supplies,927.66,-173.65,1,0.1
2022-03-23,West,Technology,3316.1,-100.26,3,0.1333
2022-03-24,Central,Furniture,1522.62,-292.87,1,0.0
2022-03-24,Central,Office Supplies,2090.12,262.44,2,0.35
2022-03-24,Central,Technology,1241.38,106.59,1,0.5
2022-03-24,East,Technology,289.29,70.04,1,0.4
2022-03-24,South,Furniture,295.53,56.69,1,0.0
2022-03-24,South,Technology,1612.87,430.15,2,0.15
2022-03-24,West,Furniture,734.42,205.77,1,0.3
2022-03-25,Central,Office Supplies,1483.71,458.77,1,0.1
2022-03-25,Central,Technology,325.42,-30.52,2,0.4
2022-03-25,East,Furniture,1067.97,200.97,1,0.0
2022-03-25,East,Office Supplies,96.77,0.92,1,0.4
2022-03-25,East,Technology,1107.12,-129.79,1,0.3
2022-03-25,South,Furniture,1593.01,476.2,1,0.1
2022-03-25,West,Office Supplies,1440.48,-133.78,1,0.1
2022-03-25,West,Technology,2681.44,364.82,2,0.25
2022-03-26,Central,Furniture,3560.27,721.65,2,0.1
2022-03-26,Central,Office Supplies,49.03,11.93,1,0.0
2022-03-26,East,Office Supplies,718.38,94.09,1,0.5
2022-03-26,South,Furniture,971.78,198.06,1,0.1
2022-03-26,South,Technology,631.34,-26.53,1,0.0
2022-03-26,West,Furniture,268.32,52.46,1,0.1
2022-03-26,West,Office Supplies,1318.55,365.27,1,0.0
2022-03-27,Central,Furniture,1743.66,163.48,1,0.3
2022-03-27,Central,Office Supplies,2668.25,653.84,3,0.3333
2022-03-27,South,Office Supplies,1290.12,362.25,1,0.2
2022-03-27,South,Technology,235.25,9.92,1,0.3
2022-03-27,West,Furniture,608.87,174.17,1,0.3
2022-03-27,West,Office Supplies,1765.37,-274.42,2,0.2
2022-03-28,Central,Furniture,1182.69,409.89,2,0.15
2022-03-28,Central,Office Supplies,812.66,-84.07,2,0.25
2022-03-28,East,Office Supplies,1349.33,519.22,1,0.0
2022-03-28,South,Furniture,288.41,75.65,1,0.2
2022-03-28,South,Office Supplies,1998.11,154.3,1,0.4
2022-03-28,West,Furniture,2189.8,244.63,2,0.15
2022-03-28,West,Office Supplies,1111.68,-55.03,2,0.1
2022-03-29,Central,Office Supplies,3968.47,440.66,3,0.1
2022-03-29,Central,Technology,1838.73,-204.42,1,0.0
2022-03-29,East,Office Supplies,1963.26,24.48,2,0.0
2022-03-29,South,Office Supplies,1625.94,532.92,1,0.0
2022-03-29,West,Office Supplies,1823.39,183.61,2,0.05
2022-03-29,West,Technology,1404.39,-215.15,1,0.2
2022-03-30,Central,Office Supplies,953.6,-18.77,1,0.2
2022-03-30,South,Office Supplies,45.97,-7.44,1,0.1
2022-03-30,West,Furniture,917.95,202.99,2,0.3
2022-03-31,Central,Furniture,1923.92,54.59,1,0.4
2022-03-31,East,Furniture,1087.41,382.25,1,0.2
2022-03-31,East,Office Supplies,666.8,123.06,1,0.3
2022-03-31,South,Furniture,4504.32,530.47,4,0.3
2022-03-31,South,Office Supplies,996.18,393.94,1,0.1
2022-03-31,South,Technology,322.37,33.67,2,0.1
2022-03-31,West,Furniture,195.05,1.95,1,0.0
2022-03-31,West,Office Supplies,132.6,52.36,1,0.0
2022-03-31,West,Technology,2065.35,36.13,2,0.35
2022-04-01,Central,Furniture,1979.53,548.96,3,0.3
2022-04-01,Central,Office Supplies,3747.02,520.2,2,0.2
2022-04-01,East,Furniture,657.52,200.66,1,0.0
2022-04-01,South,Furniture,963.77,-145.96,1,0.3
2022-04-01,South,Office Supplies,3315.21,-197.37,3,0.3333
2022-04-01,South,Technology,106.24,-8.34,1,0.1
2022-04-02,Central,Office Supplies,1278.82,436.5,1,0.0
2022-04-02,East,Technology,467.35,13.01,1,0.2
2022-04-02,South,Furniture,953.04,92.96,1,0.1
2022-04-02,South,Office Supplies,397.49,8.76,1,0.1
2022-04-02,South,Technology,1436.24,-204.68,1,0.0
2022-04-02,West,Technology,2076.4,-374.91,2,0.3
2022-04-03,Central,Technology,640.15,7.54,2,0.15
2022-04-03,East,Technology,1301.4,336.25,1,0.1
2022-04-03,South,Furniture,3454.08,546.15,2,0.25
2022-04-03,South,Office Supplies,2229.03,438.78,2,0.4
2022-04-03,West,Technology,1158.73,-61.11,1,0.0
2022-04-04,East,Furniture,1749.46,-20.99,1,0.0
2022-04-04,East,Technology,1924.53,-288.51,2,0.5
2022-04-04,South,Technology,1971.32,118.94,1,0.0
2022-04-04,West,Office Supplies,1576.43,-247.02,1,0.1
2022-04-05,Central,Furniture,1697.8,278.75,2,0.05
2022-04-05,Central,Technology,725.21,250.37,1,0.4
2022-04-05,East,Furniture,751.51,-113.5,2,0.25
2022-04-05,East,Office Supplies,414.13,-4.38,1,0.0
2022-04-05,South,Furniture,1011.96,124.86,1,0.4
2022-04-05,South,Office Supplies,484.79,110.8,1,0.0
2022-04-05,West,Office Supplies,1276.92,99.7,1,0.0
2022-04-05,West,Technology,2456.29,93.16,2,0.45
2022-04-06,Central,Furniture,2745.3,392.21,2,0.35
2022-04-06,Central,Technology,1152.64,309.09,1,0.2
2022-04-06,East,Office Supplies,721.21,107.52,2,0.25
2022-04-06,West,Furniture,406.27,-21.57,1,0.0
2022-04-06,West,Technology,613.61,-40.75,1,0.0
2022-04-07,Central,Office Supplies,1323.37,-55.47,2,0.2
2022-04-07,Central,Technology,1835.25,550.15,1,0.3
2022-04-07,East,Technology,711.9,-24.0,1,0.4
2022-04-07,South,Furniture,503.91,135.89,1,0.0
2022-04-07,South,Office Supplies,3720.69,892.16,2,0.3
2022-04-07,West,Furniture,1412.21,375.21,1,0.1
2022-04-08,Central,Furniture,2855.2,899.3,2,0.25
2022-04-08,Central,Technology,979.3,278.93,1,0.0
2022-04-08,East,Furniture,1589.14,401.01,1,0.0
2022-04-08,South,Furniture,899.24,65.3,1,0.2
2022-04-08,West,Furniture,1871.31,557.59,1,0.2
2022-04-08,West,Technology,20.03,-3.96,1,0.3
2022-04-09,Central,Office Supplies,1544.12,71.47,1,0.0
2022-04-09,Central,Technology,1731.62,501.0,1,0.0
2022-04-09,East,Office Supplies,560.75,-25.24,1,0.0
2022-04-09,East,Technology,2476.07,-135.98,3,0.0667
2022-04-09,South,Furniture,1861.99,586.48,1,0.4
2022-04-09,South,Office Supplies,508.5,-51.19,1,0.1
2022-04-10,Central,Furniture,249.78,52.55,1,0.1
2022-04-10,Central,Technology,1093.58,76.92,1,0.3
2022-04-10,East,Furniture,2210.75,521.6,2,0.2
2022-04-10,West,Furniture,186.91,35.61,1,0.1
2022-04-11,Central,Furniture,1694.68,74.89,2,0.0
2022-04-11,Central,Office Supplies,2014.35,147.71,2,0.15
2022-04-11,East,Technology,1915.84,661.26,1,0.3
2022-04-11,South,Furniture,1840.24,101.33,2,0.1
2022-04-11,South,Technology,40.87,-7.27,1,0.4
2022-04-12,South,Furniture,1965.4,343.15,1,0.5
2022-04-12,South,Office Supplies,661.22,-86.17,1,0.2
2022-04-12,West,Office Supplies,1678.69,547.99,2,0.2
2022-04-13,Central,Furniture,348.55,94.53,1,0.5
2022-04-13,Central,Technology,927.84,331.6,1,0.0
2022-04-13,East,Furniture,2551.33,537.31,2,0.0
2022-04-13,East,Office Supplies,693.3,-119.01,1,0.0
2022-04-13,South,Furniture,1022.56,-54.47,1,0.0
2022-04-13,South,Technology,367.57,100.36,1,0.0
2022-04-13,West,Technology,1761.55,-57.11,1,0.1
2022-04-14,Central,Furniture,873.58,199.84,2,0.05
2022-04-14,Central,Office Supplies,1880.16,334.65,1,0.4
2022-04-14,East,Furniture,1549.4,-29.61,2,0.2
2022-04-14,East,Office Supplies,186.77,34.12,1,0.3
2022-04-14,East,Technology,582.89,-82.67,1,0.0
2022-04-14,South,Office Supplies,1158.04,-133.72,1,0.0
2022-04-14,West,Furniture,1028.69,366.45,1,0.5
2022-04-14,West,Technology,4795.15,208.46,3,0.0333
2022-04-15,Central,Furniture,1785.54,-52.44,2,0.0
2022-04-15,East,Furniture,1699.19,76.29,1,0.2
2022-04-15,East,Office Supplies,1809.72,-73.8,1,0.4
2022-04-15,South,Office Supplies,3472.62,271.93,2,0.25
2022-04-15,West,Furniture,3763.26,19.42,3,0.0
2022-04-16,Central,Office Supplies,3408.82,-351.63,2,0.4
2022-04-16,East,Furniture,963.82,247.45,1,0.1
2022-04-16,East,Technology,3915.04,-43.61,3,0.1667
2022-04-16,South,Furniture,2296.79,728.48,2,0.2
2022-04-16,South,Office Supplies,1332.51,-188.39,1,0.1
2022-04-16,South,Technology,863.82,-104.07,1,0.0
2022-04-17,Central,Technology,2257.52,419.34,2,0.35
2022-04-17,South,Furniture,888.06,310.36,1,0.1
2022-04-17,South,Office Supplies,1720.93,164.08,1,0.0
2022-04-17,West,Furniture,3248.44,327.9,2,0.25
2022-04-17,West,Office Supplies,3468.49,382.45,3,0.2
2022-04-17,West,Technology,605.51,-71.81,1,0.3
2022-04-18,Central,Furniture,1947.37,287.05,1,0.0
2022-04-18,Central,Technology,472.04,-71.9,1,0.3
2022-04-18,East,Office Supplies,2603.14,357.48,3,0.3
2022-04-18,South,Office Supplies,1940.69,-104.11,1,0.1
2022-04-18,West,Office Supplies,3103.16,97.27,2,0.3
2022-04-19,Central,Office Supplies,169.23,33.89,1,0.2
2022-04-19,Central,Technology,1449.12,575.54,1,0.0
2022-04-19,South,Furniture,557.05,109.63,1,0.4
2022-04-19,South,Technology,2240.68,735.12,2,0.3
2022-04-19,West,Office Supplies,2595.47,56.11,2,0.0
2022-04-19,West,Technology,1140.33,155.1,2,0.2
2022-04-20,Central,Furniture,2952.32,-67.26,2,0.0
2022-04-20,Central,Office Supplies,3635.49,412.27,4,0.025
2022-04-20,East,Office Supplies,2484.48,515.54,2,0.15
2022-04-20,South,Furniture,1333.87,-7.74,1,0.5
2022-04-20,West,Furniture,1462.69,143.09,1,0.0
2022-04-20,West,Office Supplies,1906.78,349.47,1,0.5
2022-04-20,West,Technology,1998.3,487.68,1,0.0
2022-04-21,Central,Furniture,638.03,-9.17,1,0.4
2022-04-21,Central,Technology,2371.64,640.2,2,0.0
2022-04-21,East,Furniture,4837.77,740.61,3,0.0333
2022-04-21,South,Furniture,1895.42,279.05,1,0.4
2022-04-21,South,Technology,1462.24,18.43,2,0.25
2022-04-21,West,Furniture,1380.92,419.17,1,0.0
2022-04-22,Central,Office Supplies,309.86,1.6,1,0.1
2022-04-22,East,Furniture,650.6,203.27,1,0.0
2022-04-22,East,Technology,1267.27,15.19,1,0.0
2022-04-22,South,Technology,209.39,-29.25,1,0.5
2022-04-22,West,Furniture,866.34,200.16,1,0.0
2022-04-22,West,Technology,893.08,-3.57,1,0.5
2022-04-23,Central,Technology,1635.77,269.64,1,0.0
2022-04-23,South,Furniture,26.12,5.67,1,0.2
2022-04-23,West,Furniture,846.62,82.13,1,0.2
2022-04-24,Central,Furniture,895.88,87.76,1,0.0
2022-04-24,Central,Office Supplies,1034.03,29.65,2,0.15
2022-04-24,East,Furniture,379.86,-20.2,1,0.0
2022-04-24,East,Technology,1079.15,-155.7,1,0.2
2022-04-24,West,Furniture,1853.47,34.26,2,0.25
2022-04-24,West,Office Supplies,1893.66,-367.88,1,0.3
2022-04-25,Central,Furniture,1638.93,645.6,1,0.0
2022-04-25,Central,Technology,1574.84,20.64,1,0.4
2022-04-25,East,Furniture,1812.2,-293.12,1,0.0
2022-04-25,East,Office Supplies,1899.15,644.37,1,0.2
2022-04-25,South,Furniture,787.15,-5.41,1,0.0
2022-04-25,South,Office Supplies,1847.34,290.25,2,0.35
2022-04-25,West,Technology,2152.31,432.36,2,0.2
2022-04-26,South,Furniture,1263.31,68.37,1,0.5
2022-04-26,South,Office Supplies,703.92,229.99,1,0.0
2022-04-26,West,Furniture,529.25,147.3,1,0.5
2022-04-26,West,Office Supplies,802.52,-5.35,2,0.15
2022-04-27,Central,Furniture,2224.04,18.04,2,0.05
2022-04-27,East,Furniture,386.41,152.74,1,0.0
2022-04-27,East,Office Supplies,2993.85,218.57,3,0.1667
2022-04-27,East,Technology,1622.09,-111.17,1,0.0
2022-04-27,South,Office Supplies,585.83,108.2,1,0.1
2022-04-27,South,Technology,1265.73,-16.18,1,0.0
2022-04-28,Central,Furniture,66.92,-7.52,1,0.1
2022-04-28,East,Furniture,1502.1,218.58,1,0.1
2022-04-28,East,Office Supplies,1992.02,-12.04,1,0.0
2022-04-28,East,Technology,3042.18,713.12,3,0.2667
2022-04-28,South,Furniture,2407.13,237.18,3,0.0667
2022-04-28,South,Office Supplies,428.67,76.65,1,0.5
2022-04-28,South,Technology,1763.52,555.43,1,0.2
2022-04-29,Central,Office Supplies,2182.44,51.55,2,0.25
2022-04-29,Central,Technology,473.86,148.31,1,0.5
2022-04-29,East,Furniture,847.12,41.27,1,0.4
2022-04-29,East,Office Supplies,1290.04,32.75,1,0.0
2022-04-29,South,Furniture,1161.78,191.29,1,0.0
2022-04-29,South,Office Supplies,2048.86,47.67,2,0.0
2022-04-29,South,Technology,443.84,-31.75,1,0.0
2022-04-29,West,Furniture,1846.71,289.76,1,0.0
2022-04-29,West,Office Supplies,256.52,6.11,1,0.0
2022-04-30,East,Furniture,246.37,-42.74,1,0.1
2022-04-30,East,Technology,1605.43,443.25,1,0.5
2022-04-30,South,Technology,1691.15,-243.93,2,0.2
2022-04-30,West,Furniture,1621.51,-105.2,2,0.0
2022-04-30,West,Office Supplies,1866.77,434.13,1,0.1
2022-04-30,West,Technology,1475.53,-60.06,1,0.5
2022-05-01,Central,Furniture,2225.87,325.69,2,0.3
2022-05-01,Central,Technology,1915.28,-281.46,1,0.1
2022-05-01,South,Office Supplies,1316.84,278.52,1,0.0
2022-05-02,Central,Office Supplies,1580.96,-276.14,1,0.0
2022-05-02,East,Office Supplies,2986.29,523.87,3,0.1
2022-05-02,East,Technology,310.13,-60.35,1,0.3
2022-05-02,South,Furniture,552.02,71.03,1,0.0
2022-05-02,South,Technology,284.53,28.7,1,0.5
2022-05-02,West,Furniture,3553.6,-138.66,2,0.4
2022-05-03,Central,Furniture,718.2,134.04,1,0.0
2022-05-03,South,Furniture,1629.19,-228.88,1,0.3
2022-05-03,South,Technology,750.38,37.41,1,0.1
2022-05-03,West,Furniture,2611.3,527.73,2,0.15
2022-05-04,Central,Office Supplies,1867.68,62.84,1,0.0
2022-05-04,Central,Technology,1620.65,265.31,1,0.0
2022-05-04,East,Furniture,2843.37,573.24,4,0.175
2022-05-04,East,Technology,1988.65,697.29,1,0.3
2022-05-04,South,Technology,1932.81,369.04,2,0.45
2022-05-04,West,Office Supplies,980.12,67.39,1,0.1
2022-05-04,West,Technology,759.12,-114.23,1,0.4
2022-05-05,Central,Furniture,613.81,210.65,1,0.2
2022-05-05,Central,Office Supplies,1748.6,686.49,1,0.3
2022-05-05,Central,Technology,2249.06,-10.17,2,0.25
2022-05-05,East,Technology,3328.88,642.53,2,0.0
2022-05-05,South,Furniture,1235.28,70.2,1,0.4
2022-05-06,Central,Furniture,213.72,27.45,1,0.0
2022-05-06,East,Furniture,1559.54,-205.82,1,0.0
2022-05-06,East,Office Supplies,5537.79,936.01,3,0.1667
2022-05-06,East,Technology,342.5,110.11,1,0.5
2022-05-06,South,Furniture,1109.93,379.48,1,0.3
2022-05-06,West,Office Supplies,3848.95,190.65,3,0.0667
2022-05-06,West,Technology,1209.98,195.81,1,0.5
2022-05-07,Central,Furniture,686.54,174.21,2,0.25
2022-05-07,Central,Office Supplies,959.48,-49.1,1,0.0
2022-05-07,East,Office Supplies,1855.64,516.33,1,0.5
2022-05-07,East,Technology,974.83,-193.9,1,0.4
2022-05-07,South,Office Supplies,1213.35,-96.51,1,0.5
2022-05-07,West,Office Supplies,719.81,202.2,2,0.2
2022-05-07,West,Technology,732.85,53.74,1,0.3
2022-05-08,Central,Office Supplies,4752.57,565.96,4,0.225
2022-05-08,East,Furniture,207.82,-32.44,1,0.1
2022-05-08,East,Office Supplies,1785.99,255.91,1,0.0
2022-05-08,East,Technology,194.23,-12.17,1,0.2
2022-05-08,West,Office Supplies,1634.33,-141.71,1,0.2
2022-05-09,Central,Furniture,180.0,1.7,1,0.4
2022-05-09,Central,Office Supplies,431.17,26.27,1,0.0
2022-05-09,Central,Technology,1168.86,29.87,2,0.25
2022-05-09,East,Office Supplies,166.2,61.3,1,0.0
2022-05-09,South,Furniture,1986.23,-341.08,1,0.1
2022-05-09,South,Office Supplies,158.14,-31.04,1,0.0
2022-05-09,West,Technology,4100.34,505.09,3,0.4
2022-05-10,Central,Office Supplies,2149.76,816.32,2,0.4
2022-05-10,Central,Technology,283.5,101.92,1,0.0
2022-05-10,South,Office Supplies,374.23,-41.53,1,0.0
2022-05-10,West,Office Supplies,566.58,23.78,1,0.3
2022-05-10,West,Technology,1047.3,62.47,1,0.0
2022-05-11,Central,Furniture,523.33,-55.43,1,0.5
2022-05-11,Central,Office Supplies,272.32,6.28,1,0.0
2022-05-11,East,Furniture,982.14,391.76,1,0.1
2022-05-11,East,Office Supplies,2854.65,179.52,2,0.4
2022-05-11,South,Furniture,1900.11,186.34,1,0.0
2022-05-11,South,Office Supplies,765.04,64.04,1,0.0
2022-05-11,West,Furniture,1358.0,509.79,2,0.0
2022-05-11,West,Office Supplies,1914.38,511.43,2,0.0
2022-05-12,Central,Furniture,1493.65,109.14,1,0.5
2022-05-12,Central,Office Supplies,1226.67,479.9,1,0.2
2022-05-12,Central,Technology,78.67,17.19,1,0.0
2022-05-12,East,Office Supplies,1637.58,596.22,1,0.4
2022-05-12,East,Technology,1655.64,194.97,2,0.15
2022-05-12,South,Furniture,1987.67,97.85,2,0.5
2022-05-12,South,Office Supplies,98.09,16.44,1,0.0
2022-05-12,West,Office Supplies,1885.46,230.6,1,0.3
2022-05-13,Central,Furniture,50.25,6.31,1,0.1
2022-05-13,Central,Office Supplies,2089.86,-230.88,2,0.1
2022-05-13,East,Furniture,1460.9,406.98,1,0.4
2022-05-13,South,Technology,894.97,318.5,1,0.0
2022-05-13,West,Furniture,3228.37,438.27,2,0.0
2022-05-14,Central,Technology,155.79,27.52,1,0.1
2022-05-14,East,Furniture,2102.96,209.71,2,0.05
2022-05-14,East,Office Supplies,1079.67,-145.8,1,0.3
2022-05-14,East,Technology,791.27,118.76,1,0.1
2022-05-14,South,Office Supplies,186.22,61.31,1,0.5
2022-05-14,South,Technology,630.92,-3.32,1,0.0
2022-05-14,West,Furniture,1429.2,260.13,1,0.0
2022-05-15,Central,Furniture,1575.76,-115.12,2,0.2
2022-05-15,East,Furniture,1849.53,553.35,1,0.0
2022-05-15,East,Office Supplies,3795.02,-138.43,3,0.3
2022-05-15,East,Technology,1654.53,3.34,3,0.1667
2022-05-15,West,Technology,800.62,225.52,1,0.4
2022-05-16,Central,Furniture,2894.8,440.3,2,0.25
2022-05-16,East,Furniture,1830.67,-247.72,1,0.0
2022-05-16,East,Office Supplies,663.35,84.54,1,0.3
2022-05-16,South,Furniture,1183.59,-65.32,1,0.3
2022-05-16,South,Office Supplies,1159.43,-9.13,1,0.1
2022-05-16,West,Furniture,1176.26,360.74,3,0.3333
2022-05-17,Central,Office Supplies,1535.24,-278.37,1,0.4
2022-05-17,Central,Technology,1711.62,-63.44,1,0.0
2022-05-17,East,Furniture,1443.99,54.0,2,0.25
2022-05-17,East,Technology,1116.43,263.65,1,0.5
2022-05-17,South,Furniture,1969.32,-103.59,2,0.05
2022-05-17,South,Office Supplies,2224.68,-264.04,2,0.2
2022-05-17,South,Technology,1613.48,-102.22,2,0.2
2022-05-17,West,Office Supplies,1867.97,-229.57,1,0.1
2022-05-18,Central,Furniture,1291.58,17.9,1,0.5
2022-05-18,Central,Office Supplies,1414.18,-211.01,1,0.5
2022-05-18,Central,Technology,1770.18,37.87,1,0.1
2022-05-18,East,Office Supplies,2165.13,510.65,2,0.1
2022-05-18,East,Technology,174.27,7.45,1,0.0
2022-05-18,South,Furniture,1265.02,212.3,1,0.2
2022-05-18,South,Office Supplies,841.2,148.66,1,0.0
2022-05-18,South,Technology,417.46,160.51,2,0.05
2022-05-18,West,Technology,1954.11,-120.1,1,0.0
2022-05-19,Central,Office Supplies,39.71,10.23,1,0.0
2022-05-19,East,Furniture,697.25,11.77,1,0.0
2022-05-19,East,Office Supplies,294.66,69.34,1,0.0
2022-05-19,South,Office Supplies,2386.13,627.12,3,0.2667
2022-05-19,West,Office Supplies,2438.22,-225.76,4,0.225
2022-05-19,West,Technology,1545.7,74.03,1,0.3
2022-05-20,Central,Furniture,431.09,130.8,1,0.4
2022-05-20,Central,Office Supplies,699.55,92.68,1,0.3
2022-05-20,East,Furniture,1333.0,376.25,1,0.1
2022-05-20,East,Technology,304.62,118.15,1,0.5
2022-05-20,South,Technology,1101.44,373.95,2,0.4
2022-05-20,West,Office Supplies,3616.75,-427.89,2,0.4
2022-05-21,Central,Technology,1564.82,-4.82,2,0.35
2022-05-21,South,Furniture,521.92,-0.93,1,0.5
2022-05-21,South,Office Supplies,1253.82,93.68,1,0.1
2022-05-21,South,Technology,155.71,57.59,1,0.0
2022-05-22,Central,Furniture,2459.57,463.02,5,0.24
2022-05-22,Central,Office Supplies,1541.16,-82.53,1,0.0
2022-05-22,East,Furniture,223.5,-24.92,1,0.2
2022-05-22,East,Technology,2383.37,504.94,2,0.3
2022-05-22,South,Technology,1798.28,223.25,2,0.25
2022-05-22,West,Furniture,322.71,125.63,1,0.0
2022-05-22,West,Office Supplies,233.61,78.37,1,0.4
2022-05-22,West,Technology,1733.3,667.15,2,0.15
2022-05-23,Central,Furniture,948.9,-16.62,2,0.1
2022-05-23,Central,Office Supplies,134.27,-4.42,1,0.0
2022-05-23,East,Furniture,586.31,-113.8,1,0.3
2022-05-23,East,Office Supplies,137.41,21.03,1,0.1
2022-05-23,South,Furniture,65.04,-2.56,1,0.1
2022-05-23,South,Office Supplies,312.68,-59.14,1,0.0
2022-05-23,South,Technology,3519.66,554.17,2,0.25
2022-05-23,West,Office Supplies,4352.89,750.69,4,0.15
2022-05-24,Central,Furniture,2002.19,715.02,2,0.0
2022-05-24,Central,Office Supplies,1571.82,-127.43,1,0.0
2022-05-24,East,Technology,1377.83,155.53,1,0.4
2022-05-24,South,Furniture,1486.22,-149.7,2,0.25
2022-05-24,South,Technology,1844.37,192.51,1,0.4
2022-05-24,West,Furniture,741.53,-62.57,2,0.45
2022-05-24,West,Technology,1037.44,-147.77,1,0.0
2022-05-25,Central,Furniture,1905.84,110.38,1,0.3
2022-05-25,East,Furniture,909.32,178.35,1,0.4
2022-05-25,East,Office Supplies,1181.29,382.95,1,0.0
2022-05-25,South,Furniture,446.96,64.87,1,0.0
2022-05-25,South,Technology,1408.23,202.45,1,0.0
2022-05-25,West,Office Supplies,2403.33,429.75,2,0.05
2022-05-25,West,Technology,463.33,163.78,1,0.0
2022-05-26,East,Technology,1130.96,120.53,1,0.3
2022-05-26,South,Technology,966.04,-39.59,1,0.0
2022-05-26,West,Technology,978.82,252.59,1,0.0
2022-05-27,Central,Furniture,1260.72,-60.9,2,0.3
2022-05-27,East,Furniture,1008.75,266.1,1,0.2
2022-05-27,South,Office Supplies,679.45,72.34,1,0.0
2022-05-27,West,Furniture,1403.57,-97.82,1,0.0
2022-05-27,West,Office Supplies,1030.55,-181.87,1,0.2
2022-05-27,West,Technology,1767.76,410.61,1,0.2
2022-05-28,Central,Furniture,1809.9,283.22,3,0.1667
2022-05-28,Central,Office Supplies,46.19,13.41,1,0.4
2022-05-28,Central,Technology,1055.26,-116.69,1,0.5
2022-05-28,East,Furniture,2162.83,-298.97,2,0.3
2022-05-28,East,Technology,3590.39,418.94,3,0.1667
2022-05-28,South,Furniture,84.46,21.79,1,0.5
2022-05-28,West,Furniture,1572.97,248.39,1,0.0
2022-05-28,West,Technology,1599.81,50.75,2,0.3
2022-05-29,Central,Furniture,3119.45,602.31,2,0.35
2022-05-29,Central,Office Supplies,1583.7,246.18,1,0.0
2022-05-29,Central,Technology,1865.17,244.25,2,0.15
2022-05-29,East,Office Supplies,1050.45,73.59,1,0.0
2022-05-29,South,Furniture,1804.73,384.36,1,0.1
2022-05-29,South,Technology,1228.74,467.51,1,0.0
2022-05-29,West,Office Supplies,466.63,19.18,1,0.4
2022-05-30,Central,Office Supplies,1507.17,381.25,1,0.0
2022-05-30,Central,Technology,623.54,-55.41,1,0.1
2022-05-30,East,Furniture,147.96,36.46,1,0.0
2022-05-30,East,Technology,446.17,19.29,1,0.0
2022-05-30,South,Office Supplies,1052.72,-126.99,1,0.2
2022-05-30,West,Office Supplies,425.86,30.19,2,0.15
2022-05-30,West,Technology,263.74,56.46,1,0.0
2022-05-31,East,Office Supplies,169.18,-19.94,1,0.3
2022-05-31,South,Office Supplies,2088.81,389.18,2,0.35
2022-05-31,South,Technology,987.56,-114.16,1,0.0
2022-06-01,Central,Technology,1809.87,-83.29,2,0.0
2022-06-01,East,Furniture,1687.3,490.37,2,0.0
2022-06-01,East,Office Supplies,1791.82,44.27,1,0.5
2022-06-01,South,Furniture,1432.75,-253.13,2,0.2
2022-06-01,South,Office Supplies,175.83,24.84,1,0.0
2022-06-01,West,Furniture,1926.74,101.79,1,0.1
2022-06-02,Central,Office Supplies,1700.26,381.89,2,0.25
2022-06-02,Central,Technology,98.27,3.9,1,0.3
2022-06-02,East,Furniture,1597.72,204.0,1,0.5
2022-06-02,East,Office Supplies,1416.88,323.1,2,0.25
2022-06-02,South,Furniture,4224.61,1259.53,3,0.2333
2022-06-02,South,Technology,985.55,13.11,2,0.05
2022-06-02,West,Office Supplies,1406.72,-27.19,1,0.0
2022-06-03,Central,Office Supplies,2759.9,62.62,2,0.2
2022-06-03,Central,Technology,1613.9,-309.66,1,0.0
2022-06-03,East,Furniture,879.27,295.14,2,0.0
2022-06-03,East,Office Supplies,2248.44,-276.23,2,0.15
2022-06-03,East,Technology,2861.39,553.78,2,0.05
2022-06-03,South,Furniture,230.78,-27.41,1,0.0
2022-06-03,South,Technology,510.3,19.73,1,0.4
2022-06-04,Central,Furniture,790.93,129.63,1,0.5
2022-06-04,West,Technology,472.78,106.98,1,0.4
2022-06-05,Central,Technology,944.12,57.68,2,0.2
2022-06-05,East,Furniture,1786.63,75.02,1,0.5
2022-06-05,East,Office Supplies,3691.52,1336.23,2,0.15
2022-06-05,East,Technology,586.79,61.13,1,0.0
2022-06-05,South,Furniture,564.11,206.31,1,0.0
2022-06-05,South,Technology,1330.58,-222.33,1,0.0
2022-06-05,West,Furniture,880.58,258.82,1,0.4
2022-06-05,West,Technology,694.55,33.47,1,0.2
2022-06-06,Central,Furniture,880.68,323.49,1,0.0
2022-06-06,Central,Office Supplies,1154.07,-53.92,1,0.3
2022-06-06,East,Furniture,1572.54,-22.65,1,0.3
2022-06-06,East,Office Supplies,1168.4,-80.27,1,0.0
2022-06-06,South,Furniture,580.8,32.21,1,0.0
2022-06-06,South,Technology,2879.9,833.62,2,0.05
2022-06-06,West,Technology,723.98,22.46,1,0.5
2022-06-07,Central,Furniture,1668.35,-211.61,1,0.4
2022-06-07,East,Furniture,1308.0,101.45,1,0.2
2022-06-07,East,Technology,142.31,56.01,1,0.1
2022-06-07,South,Furniture,1448.64,84.72,1,0.1
2022-06-07,South,Technology,1648.31,374.53,3,0.1
2022-06-07,West,Technology,172.31,-18.82,2,0.0
2022-06-08,Central,Furniture,2570.56,592.04,4,0.35
2022-06-08,Central,Technology,129.62,-21.8,1,0.2
2022-06-08,East,Office Supplies,52.81,9.2,1,0.4
2022-06-08,East,Technology,445.38,106.16,1,0.0
2022-06-08,South,Technology,1996.53,-291.48,1,0.1
2022-06-08,West,Office Supplies,3410.84,294.61,2,0.2
2022-06-08,West,Technology,903.18,264.44,1,0.2
2022-06-09,Central,Furniture,903.23,15.15,2,0.35
2022-06-09,Central,Office Supplies,198.45,65.0,1,0.5
2022-06-09,Central,Technology,1245.72,238.56,1,0.0
2022-06-09,East,Furniture,124.57,16.02,1,0.0
2022-06-09,East,Technology,1692.73,-40.47,1,0.4
2022-06-09,South,Office Supplies,563.61,223.33,1,0.4
2022-06-09,South,Technology,1196.54,401.5,1,0.2
2022-06-09,West,Furniture,992.85,223.33,1,0.4
2022-06-09,West,Office Supplies,593.78,109.33,1,0.0
2022-06-09,West,Technology,1060.28,-179.48,1,0.0
2022-06-10,Central,Office Supplies,1952.5,233.79,2,0.05
2022-06-10,Central,Technology,1527.19,48.66,2,0.15
2022-06-10,East,Office Supplies,2588.49,552.86,2,0.4
2022-06-10,South,Furniture,2192.96,234.7,2,0.25
2022-06-10,South,Office Supplies,1060.17,395.14,1,0.0
2022-06-10,West,Furniture,1832.36,48.4,1,0.0
2022-06-10,West,Office Supplies,1703.96,-175.82,1,0.0
2022-06-11,Central,Office Supplies,13.77,-0.06,1,0.4
2022-06-11,Central,Technology,2290.38,399.86,2,0.1
2022-06-11,East,Technology,915.5,263.91,1,0.2
2022-06-11,South,Furniture,306.38,80.2,1,0.0
2022-06-11,South,Office Supplies,667.95,-35.7,1,0.4
2022-06-11,South,Technology,1053.78,-165.99,1,0.0
2022-06-12,South,Office Supplies,1781.9,-115.2,1,0.2
2022-06-12,West,Furniture,559.82,-76.64,1,0.3
2022-06-13,Central,Technology,225.64,15.76,1,0.3
2022-06-13,East,Office Supplies,2095.35,481.98,3,0.2
2022-06-13,South,Furniture,1277.61,235.14,1,0.0
2022-06-13,South,Technology,1929.5,317.44,1,0.0
2022-06-13,West,Furniture,113.08,7.04,1,0.3
2022-06-13,West,Office Supplies,2380.79,474.78,2,0.3
2022-06-14,East,Office Supplies,1162.57,-19.65,1,0.1
2022-06-14,East,Technology,2125.95,748.79,2,0.05
2022-06-14,South,Technology,1745.29,10.56,2,0.35
2022-06-14,West,Technology,1973.27,-74.5,1,0.0
2022-06-15,East,Office Supplies,1512.21,-168.72,2,0.2
2022-06-15,East,Technology,1586.38,-294.08,1,0.1
2022-06-15,West,Furniture,2610.43,-142.48,2,0.2
2022-06-15,West,Technology,2345.91,-72.39,2,0.1
2022-06-16,Central,Furniture,1218.27,-86.31,2,0.35
2022-06-16,Central,Technology,2453.56,486.38,2,0.15
2022-06-16,East,Furniture,871.14,84.73,1,0.3
2022-06-16,West,Furniture,2948.99,397.0,2,0.2
2022-06-16,West,Technology,1068.0,336.54,1,0.1
2022-06-17,Central,Furniture,1692.97,520.41,1,0.3
2022-06-17,Central,Technology,3488.06,-136.52,3,0.3333
2022-06-17,East,Furniture,1519.59,197.07,2,0.1
2022-06-17,East,Office Supplies,704.7,167.97,1,0.4
2022-06-17,East,Technology,599.39,-8.49,1,0.0
2022-06-17,South,Furniture,1496.4,367.38,2,0.3
2022-06-17,South,Office Supplies,2163.39,491.2,2,0.1
2022-06-18,Central,Furniture,2198.84,224.06,2,0.25
2022-06-18,Central,Office Supplies,400.36,96.84,1,0.0
2022-06-18,Central,Technology,2043.29,553.03,2,0.05
2022-06-18,East,Furniture,2760.03,171.01,2,0.2
2022-06-18,South,Furniture,1887.76,350.74,1,0.3
2022-06-18,South,Office Supplies,2416.26,49.62,2,0.25
2022-06-18,South,Technology,2161.9,-369.17,2,0.05
2022-06-18,West,Technology,1982.19,-11.52,1,0.0
2022-06-19,Central,Furniture,1160.67,262.25,1,0.0
2022-06-19,East,Office Supplies,281.35,-42.58,1,0.3
2022-06-19,South,Furniture,3227.55,343.21,4,0.05
2022-06-19,West,Office Supplies,776.26,49.3,1,0.3
2022-06-20,Central,Technology,990.95,75.54,1,0.2
2022-06-20,East,Furniture,1011.04,337.67,1,0.5
2022-06-20,East,Technology,1914.46,629.39,1,0.2
2022-06-20,South,Furniture,3252.55,-125.51,3,0.1333
2022-06-20,West,Furniture,904.81,351.19,1,0.0
2022-06-20,West,Technology,860.72,251.05,1,0.1
2022-06-21,Central,Furniture,555.29,-97.98,1,0.0
2022-06-21,Central,Office Supplies,1789.5,273.07,1,0.0
2022-06-21,East,Furniture,1158.88,2.28,2,0.05
2022-06-21,East,Office Supplies,827.33,33.04,1,0.0
2022-06-21,South,Furniture,2970.24,866.03,2,0.35
2022-06-21,South,Office Supplies,1191.2,357.27,1,0.4
2022-06-21,West,Furniture,3039.44,641.81,3,0.2
2022-06-21,West,Office Supplies,2930.65,297.58,2,0.4
2022-06-22,Central,Furniture,1671.77,587.81,1,0.5
2022-06-22,Central,Office Supplies,1763.49,-138.77,1,0.5
2022-06-22,East,Furniture,449.04,24.62,1,0.4
2022-06-22,South,Furniture,1078.99,298.82,2,0.25
2022-06-22,South,Technology,1916.61,-309.13,1,0.4
2022-06-22,West,Furniture,901.86,286.86,1,0.2
2022-06-22,West,Office Supplies,2287.82,319.17,2,0.2
2022-06-23,Central,Furniture,1329.79,-159.45,1,0.5
2022-06-23,East,Office Supplies,1437.4,273.96,3,0.3667
2022-06-23,East,Technology,3330.55,-367.16,2,0.15
2022-06-23,South,Office Supplies,1739.24,-149.6,1,0.0
2022-06-23,South,Technology,555.48,24.69,1,0.1
2022-06-23,West,Furniture,1173.33,20.18,1,0.4
2022-06-24,Central,Office Supplies,1027.03,-189.21,1,0.3
2022-06-24,East,Furniture,1434.62,54.59,1,0.3
2022-06-24,East,Technology,998.85,-135.13,1,0.1
2022-06-24,South,Technology,1282.91,323.06,2,0.3
2022-06-24,West,Furniture,2787.75,477.99,2,0.15
2022-06-24,West,Office Supplies,1690.66,-227.82,1,0.4
2022-06-24,West,Technology,1837.86,284.49,1,0.4
2022-06-25,Central,Furniture,2916.16,818.82,2,0.35
2022-06-25,Central,Office Supplies,1338.81,324.87,2,0.1
2022-06-25,East,Technology,3335.27,626.61,3,0.1667
2022-06-25,South,Furniture,1083.46,-99.88,2,0.2
2022-06-25,South,Office Supplies,1056.39,-118.67,1,0.0
2022-06-25,South,Technology,1439.39,-174.76,1,0.0
2022-06-25,West,Furniture,2435.54,700.84,2,0.05
2022-06-25,West,Office Supplies,1936.55,155.19,1,0.0
2022-06-26,Central,Office Supplies,1579.99,473.15,1,0.5
2022-06-26,East,Furniture,1367.88,95.41,1,0.3
2022-06-26,East,Office Supplies,562.99,111.85,1,0.4
2022-06-26,East,Technology,1304.52,319.97,1,0.2
2022-06-26,South,Furniture,1508.52,335.5,2,0.2
2022-06-26,South,Technology,794.15,-26.9,2,0.15
2022-06-26,West,Office Supplies,1178.73,66.34,1,0.2
2022-06-26,West,Technology,1890.65,613.04,2,0.2
2022-06-27,Central,Office Supplies,1698.53,113.52,1,0.2
2022-06-27,East,Furniture,2250.08,148.58,2,0.4
2022-06-27,East,Office Supplies,945.71,-121.29,1,0.0
2022-06-27,East,Technology,289.99,53.26,1,0.1
2022-06-27,South,Furniture,2007.02,338.09,2,0.25
2022-06-27,South,Office Supplies,1161.55,-62.88,2,0.0
2022-06-27,South,Technology,279.05,40.5,1,0.4
2022-06-27,West,Furniture,1039.44,411.1,1,0.4
2022-06-28,Central,Furniture,4538.34,858.54,4,0.325
2022-06-28,Central,Office Supplies,441.84,13.88,2,0.1
2022-06-28,Central,Technology,1127.31,329.08,1,0.0
2022-06-28,East,Office Supplies,776.42,-108.34,1,0.4
2022-06-28,East,Technology,603.36,-29.76,1,0.3
2022-06-28,South,Furniture,883.95,276.99,1,0.0
2022-06-28,South,Office Supplies,265.1,-22.04,2,0.2
2022-06-28,West,Office Supplies,2241.62,-328.58,2,0.45
2022-06-28,West,Technology,638.91,126.33,1,0.0
2022-06-29,Central,Furniture,2149.47,46.89,2,0.2
2022-06-29,Central,Technology,87.35,-10.85,1,0.2
2022-06-29,East,Furniture,754.86,227.13,1,0.0
2022-06-29,East,Office Supplies,445.45,99.34,1,0.5
2022-06-29,South,Furniture,674.06,219.6,1,0.4
2022-06-29,South,Technology,1356.47,-94.09,1,0.3
2022-06-29,West,Furniture,933.16,324.99,2,0.25
2022-06-29,West,Technology,939.38,-16.32,1,0.2
2022-06-30,Central,Technology,183.46,-16.91,1,0.2
2022-06-30,East,Office Supplies,1052.42,-27.58,1,0.0
2022-06-30,South,Furniture,790.92,-72.0,1,0.5
2022-06-30,West,Furniture,963.85,-60.64,1,0.0
2022-06-30,West,Office Supplies,311.33,80.54,1,0.5
2022-07-01,Central,Furniture,1573.21,-176.42,1,0.2
2022-07-01,East,Technology,600.46,51.15,1,0.0
2022-07-01,West,Office Supplies,4946.22,1052.3,3,0.1
2022-07-01,West,Technology,2319.37,488.22,2,0.2
2022-07-02,Central,Technology,77.07,15.63,1,0.0
2022-07-02,East,Office Supplies,2101.27,251.45,2,0.0
2022-07-02,East,Technology,1864.5,0.62,1,0.4
2022-07-02,South,Furniture,2766.56,365.72,2,0.05
2022-07-02,South,Technology,1253.66,385.13,1,0.0
2022-07-02,West,Office Supplies,1220.46,417.64,1,0.5
2022-07-03,Central,Furniture,3468.28,770.96,2,0.35
2022-07-03,Central,Office Supplies,64.55,1.43,1,0.0
2022-07-03,East,Furniture,852.67,120.96,2,0.25
2022-07-03,East,Office Supplies,3313.59,-162.57,2,0.0
2022-07-03,East,Technology,2938.74,499.18,2,0.05
2022-07-03,South,Furniture,1092.15,288.08,1,0.5
2022-07-03,South,Technology,725.99,-14.38,1,0.1
2022-07-03,West,Furniture,395.54,-45.54,1,0.0
2022-07-03,West,Technology,1070.11,386.08,1,0.4
2022-07-04,Central,Technology,884.73,-4.81,1,0.1
2022-07-04,East,Furniture,1188.86,367.59,1,0.1
2022-07-04,East,Technology,2182.19,-150.4,2,0.05
2022-07-04,South,Furniture,419.35,76.38,1,0.3
2022-07-04,South,Office Supplies,1546.46,25.2,1,0.1
2022-07-04,West,Office Supplies,233.76,-8.55,1,0.3
2022-07-04,West,Technology,891.68,159.08,2,0.2
2022-07-05,East,Office Supplies,843.6,335.59,1,0.2
2022-07-05,East,Technology,2250.2,-13.23,2,0.1
2022-07-05,South,Furniture,2840.24,613.35,2,0.2
2022-07-05,West,Furniture,986.51,381.46,1,0.3
2022-07-05,West,Office Supplies,946.87,164.43,1,0.0
2022-07-05,West,Technology,2655.21,-319.4,3,0.1
2022-07-06,East,Technology,415.39,57.18,1,0.0
2022-07-06,South,Furniture,113.59,41.96,1,0.0
2022-07-06,South,Office Supplies,1917.47,-171.9,1,0.3
2022-07-06,West,Furniture,880.94,225.31,1,0.2
2022-07-06,West,Office Supplies,1894.77,459.04,1,0.5
2022-07-06,West,Technology,1703.89,111.37,1,0.0
2022-07-07,Central,Technology,1254.29,352.15,2,0.4
2022-07-07,East,Furniture,1208.87,-221.02,1,0.1
2022-07-07,East,Office Supplies,1472.17,-148.25,1,0.0
2022-07-07,South,Furniture,756.92,244.83,1,0.4
2022-07-07,South,Office Supplies,7163.6,840.3,4,0.075
2022-07-07,South,Technology,348.97,-44.69,1,0.5
2022-07-07,West,Technology,2476.17,-52.85,2,0.05
2022-07-08,Central,Furniture,1067.63,-171.27,1,0.4
2022-07-08,Central,Office Supplies,1660.57,177.01,2,0.0
2022-07-08,Central,Technology,1304.84,498.02,1,0.1
2022-07-08,East,Office Supplies,1947.81,-40.65,1,0.0
2022-07-08,East,Technology,1930.88,-176.31,1,0.1
2022-07-08,South,Furniture,965.29,317.75,1,0.1
2022-07-08,South,Office Supplies,1007.96,10.72,1,0.1
2022-07-08,South,Technology,1592.84,-95.87,1,0.4
2022-07-08,West,Furniture,1379.81,395.25,1,0.1
2022-07-08,West,Technology,1448.45,217.03,1,0.2
2022-07-09,East,Furniture,1836.62,-227.31,1,0.0
2022-07-09,East,Office Supplies,1853.21,25.31,2,0.5
2022-07-09,South,Furniture,1350.08,331.27,1,0.0
2022-07-09,South,Office Supplies,1438.41,-204.51,1,0.4
2022-07-09,South,Technology,1848.25,-365.24,1,0.0
2022-07-09,West,Furniture,577.36,175.94,1,0.4
2022-07-09,West,Office Supplies,1829.68,-219.19,1,0.0
2022-07-10,Central,Furniture,1960.94,772.64,1,0.0
2022-07-10,Central,Office Supplies,1398.96,168.79,1,0.0
2022-07-10,South,Furniture,1150.23,83.34,1,0.2
2022-07-10,South,Technology,1603.21,87.04,1,0.0
2022-07-10,West,Furniture,1873.24,-343.97,1,0.3
2022-07-10,West,Office Supplies,638.3,120.13,2,0.4
2022-07-10,West,Technology,1585.19,364.96,1,0.0
2022-07-11,Central,Office Supplies,720.6,-138.42,1,0.1
2022-07-11,East,Furniture,1879.95,333.34,1,0.5
2022-07-11,East,Technology,318.65,51.27,1,0.1
2022-07-11,South,Office Supplies,1149.68,0.36,2,0.45
2022-07-11,South,Technology,3041.71,425.21,3,0.3
2022-07-11,West,Office Supplies,1179.73,-175.31,1,0.2
2022-07-11,West,Technology,1427.16,-242.73,1,0.5
2022-07-12,Central,Furniture,1730.19,131.52,1,0.4
2022-07-12,Central,Office Supplies,1249.28,-235.32,1,0.3
2022-07-12,East,Furniture,2749.47,229.28,2,0.2
2022-07-12,East,Office Supplies,3350.3,671.4,2,0.3
2022-07-12,East,Technology,3712.29,672.99,4,0.15
2022-07-12,South,Office Supplies,1539.71,54.39,1,0.0
2022-07-12,South,Technology,1174.35,-75.33,1,0.1
2022-07-13,Central,Office Supplies,1600.91,-266.75,1,0.5
2022-07-13,East,Furniture,1228.43,-89.84,1,0.0
2022-07-13,East,Office Supplies,3541.28,-81.52,2,0.1
2022-07-13,South,Technology,3219.99,-212.37,2,0.0
2022-07-13,West,Office Supplies,1605.71,-306.07,1,0.0
2022-07-13,West,Technology,477.43,36.35,1,0.0
2022-07-14,Central,Furniture,1548.27,-88.34,2,0.45
2022-07-14,Central,Office Supplies,1194.76,477.38,1,0.0
2022-07-14,Central,Technology,1132.21,158.08,1,0.2
2022-07-14,East,Office Supplies,891.38,222.61,1,0.0
2022-07-14,East,Technology,1854.1,-128.29,1,0.0
2022-07-14,South,Furniture,1661.74,101.76,2,0.45
2022-07-14,South,Technology,3688.49,144.51,3,0.1667
2022-07-14,West,Technology,1256.95,293.89,2,0.3
2022-07-15,Central,Technology,2369.88,387.04,2,0.1
2022-07-15,East,Furniture,1803.36,80.79,2,0.35
2022-07-15,East,Office Supplies,3184.67,-221.88,3,0.2333
2022-07-15,East,Technology,2867.71,494.01,2,0.15
2022-07-15,South,Office Supplies,3450.1,185.27,2,0.5
2022-07-15,West,Office Supplies,1409.83,362.01,1,0.5
2022-07-15,West,Technology,3366.61,842.06,2,0.4
2022-07-16,Central,Office Supplies,682.96,95.0,2,0.15
2022-07-16,East,Furniture,111.73,-13.57,1,0.0
2022-07-16,East,Office Supplies,75.26,7.54,1,0.4
2022-07-16,South,Office Supplies,1648.78,298.83,1,0.4
2022-07-16,South,Technology,158.11,36.95,1,0.3
2022-07-16,West,Furniture,23.77,8.54,1,0.4
2022-07-16,West,Technology,348.17,86.93,1,0.3
2022-07-17,Central,Technology,5338.2,939.99,4,0.1
2022-07-17,East,Furniture,1058.83,230.29,1,0.1
2022-07-17,East,Technology,1960.25,397.36,1,0.0
2022-07-17,South,Technology,670.23,233.18,1,0.2
2022-07-17,West,Furniture,1419.99,539.85,1,0.0
2022-07-17,West,Technology,2458.88,614.58,2,0.15
2022-07-18,Central,Furniture,1473.48,542.11,1,0.0
2022-07-18,East,Furniture,1765.43,-309.16,1,0.1
2022-07-18,East,Technology,2166.44,235.03,2,0.0
2022-07-18,South,Furniture,1534.85,-186.71,3,0.2333
2022-07-18,South,Office Supplies,902.62,241.76,1,0.0
2022-07-18,West,Furniture,1555.32,533.92,1,0.2
2022-07-18,West,Office Supplies,254.31,41.04,1,0.0
2022-07-18,West,Technology,1309.86,-167.66,1,0.0
2022-07-19,Central,Furniture,853.49,105.65,1,0.3
2022-07-19,Central,Office Supplies,2674.51,509.21,3,0.4333
2022-07-19,Central,Technology,1880.9,328.93,1,0.4
2022-07-19,East,Office Supplies,687.37,135.96,1,0.0
2022-07-19,South,Furniture,2215.61,310.57,2,0.05
2022-07-19,South,Office Supplies,2119.06,-137.05,2,0.25
2022-07-19,South,Technology,1356.8,353.15,2,0.3
2022-07-20,Central,Furniture,1603.04,-35.38,2,0.1
2022-07-20,Central,Office Supplies,1731.15,119.66,2,0.2
2022-07-20,Central,Technology,1264.94,283.46,1,0.0
2022-07-20,East,Technology,1566.36,388.32,2,0.3
2022-07-20,South,Furniture,510.34,166.34,1,0.2
2022-07-20,South,Office Supplies,574.88,32.32,1,0.1
2022-07-21,East,Furniture,1684.52,483.37,1,0.0
2022-07-21,East,Office Supplies,3075.3,812.65,4,0.275
2022-07-21,East,Technology,859.7,-88.39,1,0.2
2022-07-21,West,Furniture,1549.83,103.12,2,0.0
2022-07-21,West,Office Supplies,310.45,-52.1,1,0.2
2022-07-22,Central,Office Supplies,1555.5,80.16,1,0.1
2022-07-22,East,Technology,304.62,12.22,1,0.5
2022-07-22,South,Furniture,1967.41,-92.09,1,0.0
2022-07-22,South,Office Supplies,493.68,174.61,1,0.0
2022-07-22,West,Furniture,232.77,-6.58,1,0.4
2022-07-22,West,Technology,2331.17,750.3,2,0.35
2022-07-23,Central,Furniture,1994.54,317.62,1,0.2
2022-07-23,Central,Technology,76.66,2.99,1,0.3
2022-07-23,East,Office Supplies,882.79,-101.55,1,0.0
2022-07-23,South,Office Supplies,367.98,28.91,1,0.3
2022-07-23,South,Technology,1292.3,106.16,2,0.15
2022-07-23,West,Furniture,1559.0,-1.88,2,0.15
2022-07-23,West,Technology,346.08,90.05,1,0.5
2022-07-24,East,Furniture,2666.4,774.41,2,0.0
2022-07-24,East,Technology,1993.92,760.55,1,0.5
2022-07-24,South,Furniture,2543.2,292.39,3,0.1333
2022-07-24,South,Office Supplies,1078.79,-41.18,2,0.4
2022-07-24,South,Technology,1899.7,262.63,2,0.3
2022-07-24,West,Furniture,336.75,-37.59,1,0.0
2022-07-24,West,Office Supplies,1052.65,316.66,1,0.2
2022-07-24,West,Technology,945.55,-154.0,1,0.3
2022-07-25,Central,Office Supplies,1835.99,-57.03,3,0.2
2022-07-25,East,Furniture,1033.63,219.24,1,0.0
2022-07-25,South,Office Supplies,2456.99,571.47,2,0.35
2022-07-25,West,Furniture,2410.87,-98.13,2,0.1
2022-07-25,West,Technology,1687.39,170.3,2,0.3
2022-07-26,East,Furniture,618.28,92.81,1,0.1
2022-07-26,East,Office Supplies,1366.84,355.64,1,0.0
2022-07-26,South,Furniture,2551.68,837.39,2,0.1
2022-07-26,West,Furniture,368.67,10.97,1,0.0
2022-07-27,Central,Office Supplies,2129.68,555.87,2,0.25
2022-07-27,Central,Technology,1612.21,29.51,1,0.1
2022-07-27,East,Furniture,340.69,-30.1,1,0.0
2022-07-27,East,Office Supplies,472.4,93.61,1,0.2
2022-07-27,East,Technology,1276.61,-84.74,1,0.5
2022-07-27,South,Furniture,1405.22,49.24,2,0.25
2022-07-27,South,Office Supplies,654.85,232.43,1,0.3
2022-07-27,South,Technology,1532.11,555.12,1,0.4
2022-07-28,Central,Furniture,1930.76,-0.52,1,0.2
2022-07-28,East,Office Supplies,1905.13,39.81,1,0.0
2022-07-28,East,Technology,1263.62,-147.29,1,0.0
2022-07-28,South,Furniture,126.24,-13.06,1,0.0
2022-07-28,South,Office Supplies,1909.31,400.67,1,0.1
2022-07-28,West,Furniture,627.23,129.08,1,0.5
2022-07-28,West,Technology,1132.95,-156.21,1,0.0
2022-07-29,Central,Furniture,1761.81,101.18,3,0.0
2022-07-29,Central,Office Supplies,1700.98,-263.54,1,0.3
2022-07-29,Central,Technology,1110.57,171.93,2,0.2
2022-07-29,East,Furniture,1121.55,-124.19,1,0.0
2022-07-29,East,Office Supplies,1095.67,175.04,1,0.0
2022-07-29,South,Technology,1570.31,361.98,1,0.4
2022-07-29,West,Office Supplies,2269.76,-286.6,2,0.3
2022-07-30,Central,Furniture,280.87,106.05,1,0.2
2022-07-30,Central,Office Supplies,519.68,-98.78,1,0.3
2022-07-30,East,Office Supplies,889.27,134.26,1,0.0
2022-07-30,South,Furniture,492.15,-82.0,1,0.3
2022-07-30,South,Technology,1769.14,344.33,2,0.25
2022-07-30,West,Furniture,1111.41,-146.29,1,0.0
2022-07-30,West,Office Supplies,608.5,173.26,1,0.0
2022-07-31,Central,Furniture,656.17,9.46,2,0.35
2022-07-31,Central,Office Supplies,885.61,132.06,1,0.0
2022-07-31,Central,Technology,1785.03,268.09,1,0.2
2022-07-31,East,Furniture,814.88,217.68,1,0.3
2022-07-31,South,Furniture,675.68,170.64,1,0.3
2022-07-31,South,Office Supplies,1854.11,543.76,1,0.4
2022-07-31,South,Technology,330.92,31.89,1,0.0
2022-07-31,West,Furniture,1354.99,-58.38,1,0.4
2022-07-31,West,Office Supplies,1062.99,55.05,1,0.1
2022-07-31,West,Technology,469.7,4.86,1,0.0
2022-08-01,Central,Furniture,373.88,134.95,1,0.4
2022-08-01,Central,Technology,452.49,94.32,1,0.1
2022-08-01,East,Technology,1179.69,-49.03,1,0.0
2022-08-01,South,Office Supplies,114.37,6.65,1,0.0
2022-08-01,West,Furniture,813.41,-19.58,1,0.3
2022-08-01,West,Technology,1804.3,693.12,1,0.0
2022-08-02,Central,Office Supplies,404.98,58.13,1,0.4
2022-08-02,Central,Technology,2943.65,262.39,2,0.05
2022-08-02,East,Furniture,1005.43,236.69,1,0.4
2022-08-02,East,Office Supplies,1136.54,370.91,1,0.1
2022-08-02,South,Technology,1235.94,259.21,1,0.1
2022-08-02,West,Furniture,688.56,-25.28,1,0.0
2022-08-02,West,Office Supplies,3103.06,847.42,2,0.2
2022-08-03,Central,Furniture,1147.47,127.4,2,0.0
2022-08-03,South,Furniture,1079.34,-100.21,1,0.4
2022-08-03,West,Furniture,1720.62,609.7,1,0.1
2022-08-03,West,Office Supplies,1806.3,315.59,1,0.0
2022-08-04,Central,Technology,1560.19,497.58,1,0.0
2022-08-04,East,Furniture,1692.2,148.69,2,0.0
2022-08-04,East,Office Supplies,718.5,179.69,1,0.0
2022-08-04,East,Technology,1673.57,304.8,3,0.1333
2022-08-04,South,Technology,3238.12,-270.0,2,0.2
2022-08-05,Central,Furniture,504.3,53.8,1,0.1
2022-08-05,Central,Office Supplies,1849.42,-286.3,1,0.0
2022-08-05,East,Office Supplies,2876.73,976.12,2,0.25
2022-08-05,South,Furniture,2528.03,755.62,2,0.35
2022-08-05,South,Technology,1286.18,220.64,1,0.4
2022-08-05,West,Furniture,2274.31,537.34,2,0.1
2022-08-05,West,Office Supplies,442.97,39.99,1,0.0
2022-08-05,West,Technology,1805.52,410.39,1,0.0
2022-08-06,Central,Office Supplies,1965.2,66.85,3,0.0667
2022-08-06,Central,Technology,298.5,66.36,1,0.0
2022-08-06,East,Furniture,733.73,127.96,1,0.4
2022-08-06,East,Technology,717.22,86.0,2,0.35
2022-08-06,South,Furniture,1576.98,-74.34,1,0.2
2022-08-06,South,Technology,940.28,170.45,1,0.0
2022-08-06,West,Office Supplies,186.15,45.8,2,0.25
2022-08-06,West,Technology,656.93,173.99,1,0.5
2022-08-07,Central,Furniture,581.52,16.01,2,0.2
2022-08-07,Central,Office Supplies,322.61,9.9,1,0.3
2022-08-07,East,Furniture,1290.9,447.92,1,0.0
2022-08-07,East,Technology,817.04,211.94,1,0.0
2022-08-07,South,Office Supplies,1066.29,-81.42,2,0.15
2022-08-07,South,Technology,2961.9,317.76,2,0.25
2022-08-07,West,Furniture,148.92,13.63,1,0.3
2022-08-07,West,Office Supplies,624.77,107.83,1,0.1
2022-08-07,West,Technology,580.01,-78.25,1,0.2
2022-08-08,Central,Technology,6260.6,510.37,5,0.24
2022-08-08,East,Furniture,1077.94,332.31,1,0.3
2022-08-08,South,Office Supplies,2273.21,258.32,2,0.4
2022-08-08,South,Technology,939.78,288.8,1,0.1
2022-08-08,West,Technology,93.32,27.63,1,0.2
2022-08-09,Central,Furniture,1279.73,-208.77,1,0.2
2022-08-09,Central,Office Supplies,1562.08,-300.14,1,0.2
2022-08-09,East,Furniture,2522.4,309.38,3,0.3333
2022-08-09,West,Office Supplies,730.96,-113.52,1,0.1
2022-08-09,West,Technology,609.83,-70.72,1,0.1
2022-08-10,Central,Furniture,123.81,-10.97,1,0.3
2022-08-10,South,Office Supplies,3416.24,470.32,3,0.2333
2022-08-10,West,Office Supplies,845.24,211.93,1,0.4
2022-08-10,West,Technology,2091.14,-52.08,2,0.4
2022-08-11,Central,Furniture,1797.19,436.13,1,0.2
2022-08-11,Central,Office Supplies,1422.41,2.85,1,0.3
2022-08-11,Central,Technology,1824.44,-292.64,1,0.4
2022-08-11,East,Furniture,4415.73,789.5,3,0.1333
2022-08-11,East,Office Supplies,2076.23,77.85,2,0.35
2022-08-11,South,Office Supplies,1117.56,114.09,1,0.2
2022-08-11,West,Furniture,359.15,101.58,1,0.0
2022-08-11,West,Office Supplies,1993.55,-67.62,1,0.3
2022-08-11,West,Technology,1426.68,126.37,1,0.0
2022-08-12,South,Technology,2130.13,482.59,2,0.15
2022-08-12,West,Furniture,1375.86,230.9,1,0.1
2022-08-12,West,Technology,1511.79,94.05,1,0.0
2022-08-13,Central,Technology,369.71,134.67,1,0.4
2022-08-13,East,Furniture,556.97,-20.96,2,0.2
2022-08-13,East,Office Supplies,700.64,277.27,1,0.0
2022-08-13,South,Furniture,1339.74,-64.62,1,0.0
2022-08-13,South,Technology,857.78,135.61,1,0.0
2022-08-13,West,Furniture,993.39,311.73,1,0.4
2022-08-13,West,Office Supplies,1973.63,681.9,1,0.0
2022-08-13,West,Technology,2286.22,614.86,2,0.2
2022-08-14,Central,Furniture,719.28,9.27,2,0.2
2022-08-14,Central,Office Supplies,1491.83,116.68,2,0.15
2022-08-14,East,Furniture,307.85,122.48,1,0.5
2022-08-14,East,Technology,2762.92,73.42,2,0.05
2022-08-14,South,Office Supplies,265.07,36.16,1,0.0
2022-08-14,West,Furniture,1900.36,-127.53,1,0.5
2022-08-14,West,Technology,1939.25,154.73,1,0.0
2022-08-15,Central,Office Supplies,292.47,106.27,1,0.0
2022-08-15,East,Furniture,473.65,149.41,1,0.0
2022-08-15,East,Office Supplies,1216.01,143.87,1,0.1
2022-08-15,East,Technology,3319.75,1026.33,3,0.0333
2022-08-15,South,Technology,2255.24,-20.87,2,0.25
2022-08-15,West,Office Supplies,1342.14,-238.16,1,0.5
2022-08-15,West,Technology,761.06,42.44,1,0.2
2022-08-16,Central,Technology,550.35,86.06,1,0.1
2022-08-16,South,Furniture,1688.04,35.15,2,0.05
2022-08-16,South,Technology,1432.93,332.24,1,0.3
2022-08-16,West,Furniture,1738.55,108.28,1,0.5
2022-08-16,West,Technology,992.65,242.41,2,0.15
2022-08-17,Central,Furniture,914.44,317.85,1,0.0
2022-08-17,Central,Technology,260.58,-49.75,1,0.3
2022-08-17,East,Furniture,567.05,-49.82,1,0.2
2022-08-17,South,Office Supplies,421.41,100.76,1,0.2
2022-08-17,South,Technology,2592.66,224.38,2,0.1
2022-08-17,West,Furniture,3588.79,295.26,3,0.0333
2022-08-17,West,Office Supplies,1672.64,-243.95,1,0.2
2022-08-17,West,Technology,3237.03,-158.66,2,0.4
2022-08-18,Central,Furniture,1711.21,248.17,1,0.5
2022-08-18,Central,Office Supplies,1325.54,10.29,2,0.0
2022-08-18,Central,Technology,3514.35,749.82,3,0.4333
2022-08-18,East,Furniture,1940.36,64.55,1,0.2
2022-08-18,East,Office Supplies,15.29,2.59,1,0.5
2022-08-18,East,Technology,652.15,-82.88,2,0.3
2022-08-18,South,Furniture,971.42,-192.98,1,0.1
2022-08-18,South,Technology,5805.52,-498.98,4,0.125
2022-08-18,West,Furniture,1901.37,741.25,2,0.25
2022-08-18,West,Technology,603.23,69.29,1,0.0
2022-08-19,Central,Office Supplies,1746.74,325.45,1,0.0
2022-08-19,Central,Technology,1652.93,-241.81,2,0.3
2022-08-19,East,Furniture,1250.74,80.54,1,0.0
2022-08-19,South,Furniture,856.33,217.64,1,0.0
2022-08-19,South,Office Supplies,1211.81,183.61,1,0.5
2022-08-19,South,Technology,1596.81,423.35,1,0.0
2022-08-20,East,Furniture,3622.52,561.93,3,0.2333
2022-08-20,East,Office Supplies,2226.46,297.84,2,0.5
2022-08-20,East,Technology,2973.17,220.64,2,0.35
2022-08-20,South,Furniture,1831.79,385.65,1,0.0
2022-08-20,West,Office Supplies,2411.87,-276.38,2,0.0
2022-08-20,West,Technology,1721.67,555.5,1,0.4
2022-08-21,Central,Furniture,774.76,25.77,1,0.2
2022-08-21,Central,Office Supplies,847.8,-47.52,1,0.2
2022-08-21,Central,Technology,1477.39,134.23,1,0.2
2022-08-21,East,Office Supplies,1803.51,-52.05,1,0.0
2022-08-21,East,Technology,3562.01,552.13,2,0.0
2022-08-21,South,Office Supplies,1056.05,134.66,1,0.5
2022-08-21,West,Office Supplies,312.98,51.54,1,0.3
2022-08-21,West,Technology,929.97,-106.22,1,0.2
2022-08-22,Central,Technology,2098.6,194.12,2,0.1
2022-08-22,East,Furniture,652.13,204.85,1,0.2
2022-08-22,South,Furniture,1173.15,101.69,1,0.5
2022-08-22,West,Office Supplies,1920.27,398.23,1,0.5
2022-08-22,West,Technology,643.22,142.79,1,0.0
2022-08-23,East,Office Supplies,427.48,93.99,1,0.1
2022-08-23,South,Furniture,1613.87,535.97,1,0.3
2022-08-23,West,Technology,1940.57,605.06,2,0.35
2022-08-24,Central,Office Supplies,1129.99,104.32,1,0.3
2022-08-24,Central,Technology,928.14,-172.63,1,0.5
2022-08-24,East,Furniture,761.68,4.03,1,0.0
2022-08-24,East,Technology,227.92,13.13,1,0.3
2022-08-24,South,Technology,680.25,269.71,1,0.0
2022-08-24,West,Furniture,312.65,16.44,1,0.2
2022-08-24,West,Office Supplies,1008.4,-7.07,1,0.1
2022-08-25,Central,Furniture,1810.43,358.55,2,0.25
2022-08-25,Central,Office Supplies,1998.43,729.1,1,0.5
2022-08-25,East,Technology,741.31,139.73,1,0.1
2022-08-25,South,Furniture,1414.91,132.2,2,0.15
2022-08-25,South,Office Supplies,1566.1,616.92,1,0.4
2022-08-25,West,Furniture,316.52,-61.39,1,0.4
2022-08-25,West,Office Supplies,684.28,118.3,2,0.2
2022-08-26,Central,Furniture,796.25,141.26,1,0.0
2022-08-26,Central,Technology,771.3,-84.26,1,0.2
2022-08-26,East,Office Supplies,841.16,-103.24,1,0.0
2022-08-26,East,Technology,2178.32,-311.9,2,0.2
2022-08-26,South,Furniture,3176.71,197.07,3,0.1333
2022-08-26,South,Office Supplies,1703.92,544.97,1,0.0
2022-08-26,South,Technology,938.56,182.43,1,0.1
2022-08-26,West,Office Supplies,1643.98,-288.82,1,0.5
2022-08-26,West,Technology,1717.91,393.0,1,0.4
2022-08-27,Central,Office Supplies,2172.11,391.92,2,0.3
2022-08-27,East,Furniture,2447.67,-216.97,2,0.25
2022-08-27,East,Office Supplies,2240.83,324.96,2,0.15
2022-08-27,South,Furniture,556.94,29.28,1,0.0
2022-08-27,South,Office Supplies,1619.52,258.16,3,0.0333
2022-08-27,South,Technology,1004.97,-141.13,1,0.3
2022-08-27,West,Technology,406.05,135.16,1,0.2
2022-08-28,Central,Furniture,131.94,22.59,1,0.1
2022-08-28,Central,Technology,643.42,86.51,2,0.3
2022-08-28,East,Furniture,1693.32,-133.84,2,0.15
2022-08-28,East,Office Supplies,559.63,196.43,1,0.0
2022-08-28,South,Furniture,1014.27,-47.18,1,0.2
2022-08-28,South,Office Supplies,1179.23,119.98,2,0.0
2022-08-28,South,Technology,714.02,275.49,1,0.0
2022-08-28,West,Furniture,680.68,54.35,1,0.0
2022-08-29,East,Furniture,1298.8,114.13,1,0.0
2022-08-29,East,Office Supplies,472.98,139.72,1,0.0
2022-08-29,East,Technology,3638.52,440.98,2,0.25
2022-08-29,South,Office Supplies,306.39,83.86,1,0.0
2022-08-29,South,Technology,445.67,170.08,1,0.4
2022-08-29,West,Furniture,2196.34,102.85,2,0.25
2022-08-30,Central,Furniture,1159.36,-44.06,1,0.0
2022-08-30,East,Furniture,700.7,17.37,2,0.15
2022-08-30,South,Office Supplies,549.31,136.28,1,0.4
2022-08-30,West,Furniture,1124.34,-146.0,1,0.5
2022-08-30,West,Office Supplies,3140.69,740.28,2,0.05
2022-08-31,East,Office Supplies,1905.02,629.13,1,0.3
2022-08-31,East,Technology,309.79,67.27,1,0.0
2022-08-31,South,Furniture,1208.23,151.13,1,0.0
2022-08-31,South,Technology,1804.27,644.05,1,0.2
2022-08-31,West,Office Supplies,1469.34,96.08,1,0.5
2022-09-01,Central,Furniture,1332.18,-38.32,1,0.4
2022-09-01,Central,Office Supplies,369.07,84.99,1,0.0
2022-09-01,Central,Technology,825.07,231.28,1,0.3
2022-09-01,East,Furniture,788.05,76.08,1,0.0
2022-09-01,East,Office Supplies,947.01,353.0,1,0.4
2022-09-01,South,Furniture,2317.34,507.16,2,0.35
2022-09-01,South,Office Supplies,2289.36,609.48,3,0.0
2022-09-01,West,Office Supplies,1850.47,292.86,2,0.15
2022-09-01,West,Technology,7032.24,25.58,4,0.125
2022-09-02,Central,Office Supplies,471.81,151.41,1,0.0
2022-09-02,Central,Technology,1998.63,18.28,1,0.2
2022-09-02,East,Furniture,1361.69,200.26,1,0.0
2022-09-02,East,Office Supplies,5700.64,-77.16,4,0.45
2022-09-02,South,Office Supplies,43.14,16.36,1,0.5
2022-09-03,Central,Furniture,1162.87,77.95,1,0.0
2022-09-03,East,Office Supplies,891.01,-37.22,1,0.0
2022-09-03,South,Office Supplies,3031.25,123.15,2,0.15
2022-09-03,South,Technology,1879.83,173.19,1,0.3
2022-09-03,West,Furniture,1690.32,564.11,1,0.3
2022-09-03,West,Office Supplies,506.22,196.84,1,0.0
2022-09-03,West,Technology,589.75,-68.29,1,0.0
2022-09-04,Central,Office Supplies,55.51,6.05,1,0.2
2022-09-04,East,Office Supplies,932.78,28.65,1,0.2
2022-09-04,South,Furniture,1233.06,183.5,2,0.15
2022-09-05,Central,Office Supplies,1027.16,-2.4,1,0.4
2022-09-05,South,Furniture,151.82,36.25,1,0.2
2022-09-05,South,Office Supplies,1705.03,-34.03,2,0.4
2022-09-05,South,Technology,3586.28,515.96,4,0.175
2022-09-05,West,Office Supplies,5589.71,918.96,4,0.175
2022-09-05,West,Technology,1557.27,474.84,1,0.4
2022-09-06,Central,Furniture,345.18,66.86,1,0.5
2022-09-06,Central,Office Supplies,1063.72,-10.81,1,0.5
2022-09-06,East,Technology,1633.34,333.66,1,0.3
2022-09-06,South,Furniture,2193.06,-131.29,2,0.4
2022-09-06,South,Technology,3018.9,307.08,2,0.2
2022-09-06,West,Furniture,206.09,79.03,1,0.2
2022-09-07,East,Office Supplies,1837.68,240.2,1,0.2
2022-09-07,South,Furniture,1462.4,-95.89,1,0.3
2022-09-07,West,Office Supplies,555.93,55.59,1,0.0
2022-09-07,West,Technology,385.22,-37.22,1,0.1
2022-09-08,Central,Furniture,1748.96,241.91,3,0.0667
2022-09-08,East,Office Supplies,2181.27,259.36,2,0.05
2022-09-08,East,Technology,1578.32,463.52,1,0.0
2022-09-08,South,Office Supplies,1653.19,318.16,1,0.3
2022-09-08,South,Technology,210.6,74.66,1,0.5
2022-09-08,West,Furniture,1457.24,524.34,1,0.0
2022-09-08,West,Office Supplies,1690.52,656.26,1,0.0
2022-09-08,West,Technology,906.89,-21.97,1,0.5
2022-09-09,Central,Furniture,702.91,-54.82,1,0.4
2022-09-09,East,Technology,169.95,-21.95,1,0.0
2022-09-09,South,Office Supplies,2267.2,288.16,3,0.2667
2022-09-09,West,Technology,1581.92,-247.21,1,0.3
2022-09-10,East,Furniture,1539.1,424.57,1,0.3
2022-09-10,East,Office Supplies,932.33,182.42,1,0.0
2022-09-10,East,Technology,201.84,-4.85,1,0.0
2022-09-10,South,Furniture,1651.63,616.22,1,0.2
2022-09-10,South,Office Supplies,74.73,5.95,1,0.4
2022-09-10,South,Technology,792.96,262.46,1,0.3
2022-09-10,West,Furniture,1201.75,-58.69,1,0.0
2022-09-10,West,Technology,836.6,-116.2,1,0.0
2022-09-11,Central,Furniture,1173.28,385.1,1,0.3
2022-09-11,Central,Technology,861.62,187.34,2,0.05
2022-09-11,South,Furniture,1562.37,347.24,1,0.0
2022-09-11,South,Office Supplies,1174.56,-76.68,1,0.5
2022-09-11,South,Technology,824.35,239.97,1,0.4
2022-09-11,West,Furniture,76.28,-8.91,1,0.0
2022-09-11,West,Technology,607.66,190.46,1,0.1
2022-09-12,East,Furniture,1245.0,-59.89,1,0.3
2022-09-12,South,Technology,1090.04,64.15,1,0.0
2022-09-12,West,Furniture,165.63,33.86,1,0.2
2022-09-12,West,Office Supplies,415.54,-64.07,1,0.3
2022-09-12,West,Technology,1345.81,199.57,1,0.0
2022-09-13,Central,Office Supplies,1143.59,68.21,2,0.25
2022-09-13,East,Furniture,736.24,188.19,1,0.4
2022-09-13,East,Technology,1947.78,370.85,1,0.1
2022-09-13,South,Furniture,1157.08,367.32,1,0.2
2022-09-13,South,Office Supplies,994.04,352.01,2,0.05
2022-09-13,West,Technology,2423.96,106.49,2,0.0
2022-09-14,Central,Office Supplies,1207.77,454.34,1,0.0
2022-09-14,Central,Technology,1486.07,-205.09,1,0.4
2022-09-14,East,Furniture,1945.43,-62.67,1,0.2
2022-09-14,East,Office Supplies,168.36,-5.1,1,0.0
2022-09-14,South,Furniture,1351.27,452.36,1,0.5
2022-09-14,South,Office Supplies,2604.81,278.04,2,0.25
2022-09-14,South,Technology,95.76,-9.04,1,0.5
2022-09-14,West,Office Supplies,2561.92,672.25,2,0.0
2022-09-15,Central,Furniture,241.56,-25.93,1,0.0
2022-09-15,East,Office Supplies,2521.9,-146.73,3,0.0667
2022-09-15,East,Technology,2501.88,146.62,2,0.0
2022-09-15,West,Technology,1469.98,-241.09,1,0.2
2022-09-16,Central,Furniture,3627.91,1017.36,2,0.2
2022-09-16,Central,Office Supplies,1606.12,591.73,1,0.0
2022-09-16,Central,Technology,3089.42,829.6,3,0.1667
2022-09-16,East,Furniture,1759.35,2.79,1,0.0
2022-09-16,East,Technology,443.71,162.85,1,0.0
2022-09-16,South,Furniture,2765.27,220.45,2,0.2
2022-09-16,South,Office Supplies,2935.54,534.18,2,0.0
2022-09-16,South,Technology,3570.69,554.56,3,0.1667
2022-09-16,West,Office Supplies,875.1,168.49,2,0.15
2022-09-16,West,Technology,1241.42,478.97,1,0.5
2022-09-17,Central,Furniture,284.99,88.29,1,0.4
2022-09-17,Central,Technology,399.64,138.58,1,0.4
2022-09-17,East,Technology,1611.54,501.42,1,0.2
2022-09-17,South,Furniture,61.47,22.52,1,0.1
2022-09-17,South,Technology,1632.45,406.76,2,0.3
2022-09-17,West,Office Supplies,1429.03,351.88,1,0.0
2022-09-18,Central,Office Supplies,2990.59,610.61,2,0.25
2022-09-18,East,Furniture,1472.77,349.72,2,0.15
2022-09-18,East,Office Supplies,854.71,-53.5,1,0.5
2022-09-18,East,Technology,1329.01,38.46,1,0.5
2022-09-18,South,Office Supplies,2551.01,557.95,2,0.15
2022-09-18,South,Technology,1725.22,93.28,1,0.0
2022-09-18,West,Furniture,681.76,209.76,1,0.4
2022-09-19,Central,Furniture,3535.92,489.1,2,0.25
2022-09-19,East,Furniture,3330.83,-108.04,2,0.0
2022-09-19,East,Technology,1418.58,509.19,1,0.2
2022-09-19,South,Furniture,374.25,138.25,1,0.2
2022-09-19,South,Office Supplies,1198.76,218.33,1,0.0
2022-09-19,South,Technology,3154.29,254.24,4,0.25
2022-09-19,West,Furniture,4571.19,1024.19,3,0.3
2022-09-19,West,Office Supplies,756.82,-143.09,1,0.1
2022-09-19,West,Technology,2272.3,-349.72,2,0.0
2022-09-20,Central,Technology,1159.01,274.78,1,0.3
2022-09-20,East,Office Supplies,1345.25,200.8,2,0.45
2022-09-20,East,Technology,122.72,13.03,1,0.1
2022-09-20,South,Office Supplies,5227.51,1098.62,4,0.05
2022-09-20,South,Technology,3305.7,-182.86,2,0.5
2022-09-20,West,Furniture,1284.58,286.2,1,0.4
2022-09-20,West,Office Supplies,1563.23,28.7,3,0.3
2022-09-20,West,Technology,841.47,-92.82,1,0.2
2022-09-21,Central,Office Supplies,697.45,37.88,1,0.2
2022-09-21,Central,Technology,1639.17,43.7,1,0.0
2022-09-21,East,Furniture,2054.38,-25.55,2,0.0
2022-09-21,West,Furniture,1498.22,276.51,1,0.0
2022-09-21,West,Office Supplies,973.95,380.59,1,0.2
2022-09-22,Central,Furniture,628.87,215.28,1,0.5
2022-09-22,Central,Office Supplies,1802.53,380.05,1,0.2
2022-09-22,Central,Technology,621.72,-109.55,1,0.5
2022-09-22,East,Furniture,499.25,126.21,1,0.3
2022-09-22,South,Furniture,2149.97,-222.05,2,0.0
2022-09-22,South,Technology,666.16,193.03,1,0.1
2022-09-22,West,Technology,118.53,30.92,1,0.3
2022-09-23,Central,Office Supplies,602.55,75.59,1,0.1
2022-09-23,East,Furniture,1934.36,-173.98,1,0.2
2022-09-23,South,Furniture,681.81,229.25,1,0.0
2022-09-23,South,Office Supplies,1946.6,-15.72,2,0.25
2022-09-23,South,Technology,829.1,150.65,1,0.0
2022-09-23,West,Furniture,708.27,82.19,1,0.0
2022-09-23,West,Office Supplies,1914.97,-222.19,1,0.0
2022-09-23,West,Technology,1991.59,101.26,2,0.35
2022-09-24,Central,Furniture,537.37,-56.66,1,0.0
2022-09-24,Central,Office Supplies,2111.11,824.69,2,0.25
2022-09-24,East,Office Supplies,825.52,100.39,1,0.0
2022-09-24,East,Technology,1337.86,113.21,1,0.1
2022-09-24,South,Office Supplies,509.82,-77.29,1,0.0
2022-09-24,South,Technology,644.68,173.26,1,0.1
2022-09-24,West,Furniture,1713.85,466.36,2,0.0
2022-09-24,West,Office Supplies,921.12,-95.74,1,0.0
2022-09-25,Central,Office Supplies,1128.4,234.71,1,0.0
2022-09-25,Central,Technology,4273.08,993.85,3,0.3
2022-09-25,East,Furniture,316.47,-48.72,1,0.1
2022-09-25,South,Technology,1491.72,232.48,1,0.0
2022-09-25,West,Furniture,659.42,35.21,2,0.1
2022-09-25,West,Office Supplies,1236.12,301.5,1,0.4
2022-09-25,West,Technology,887.24,212.42,1,0.3
2022-09-26,East,Office Supplies,3242.46,-245.34,2,0.0
2022-09-26,East,Technology,1107.87,-42.65,1,0.1
2022-09-26,South,Office Supplies,1880.25,-283.11,1,0.0
2022-09-26,South,Technology,587.23,118.99,1,0.0
2022-09-26,West,Furniture,76.0,25.57,1,0.5
2022-09-26,West,Office Supplies,2637.98,423.94,2,0.25
2022-09-27,Central,Office Supplies,600.55,44.82,1,0.3
2022-09-27,East,Technology,238.56,-19.84,1,0.1
2022-09-27,South,Furniture,2212.83,465.17,2,0.05
2022-09-27,South,Office Supplies,1707.31,55.56,2,0.35
2022-09-27,South,Technology,1637.86,-63.09,1,0.2
2022-09-27,West,Office Supplies,1477.66,-49.96,1,0.4
2022-09-27,West,Technology,328.68,68.22,1,0.1
2022-09-28,Central,Office Supplies,855.02,7.01,1,0.0
2022-09-28,Central,Technology,764.62,124.3,1,0.2
2022-09-28,East,Furniture,317.15,78.01,1,0.2
2022-09-28,South,Furniture,1884.45,-360.94,1,0.2
2022-09-28,South,Office Supplies,2067.07,570.31,2,0.25
2022-09-28,West,Office Supplies,1011.91,303.03,1,0.2
2022-09-28,West,Technology,1513.51,351.89,1,0.3
2022-09-29,Central,Furniture,1870.1,-332.75,1,0.3
2022-09-29,Central,Office Supplies,2429.94,-23.08,2,0.15
2022-09-29,South,Furniture,1022.97,306.4,1,0.0
2022-09-29,South,Technology,630.81,-104.56,1,0.4
2022-09-29,West,Furniture,967.11,19.24,2,0.1
2022-09-29,West,Office Supplies,1493.26,350.22,1,0.4
2022-09-29,West,Technology,1734.98,52.39,2,0.3
2022-09-30,Central,Furniture,1526.79,196.4,1,0.0
2022-09-30,Central,Technology,1110.86,-175.57,1,0.5
2022-09-30,East,Furniture,2597.18,-164.09,2,0.35
2022-09-30,East,Office Supplies,1649.25,-226.21,1,0.0
2022-09-30,South,Furniture,286.02,-26.34,1,0.5
2022-09-30,South,Technology,1147.22,-129.86,1,0.3
2022-09-30,West,Furniture,1849.64,-90.66,1,0.0
2022-09-30,West,Technology,1336.39,-117.66,1,0.0
2022-10-01,Central,Furniture,1223.79,-56.04,1,0.0
2022-10-01,Central,Office Supplies,891.19,258.9,1,0.2
2022-10-01,Central,Technology,14.01,1.29,1,0.2
2022-10-01,East,Furniture,916.11,8.23,1,0.5
2022-10-01,East,Office Supplies,3911.78,743.44,3,0.0333
2022-10-01,East,Technology,534.09,193.44,1,0.4
2022-10-01,South,Furniture,224.47,76.35,1,0.0
2022-10-01,West,Office Supplies,1777.63,-260.88,1,0.1
2022-10-01,West,Technology,1021.21,314.97,2,0.25
2022-10-02,Central,Office Supplies,91.33,18.17,1,0.5
2022-10-02,Central,Technology,1959.12,643.52,1,0.5
2022-10-02,East,Furniture,2334.69,512.01,3,0.0667
2022-10-02,East,Technology,1584.78,398.85,1,0.2
2022-10-02,South,Furniture,2222.46,416.3,2,0.4
2022-10-03,Central,Technology,2190.01,298.24,2,0.4
2022-10-03,East,Furniture,983.31,-27.06,1,0.0
2022-10-03,East,Office Supplies,1580.18,27.49,1,0.1
2022-10-03,West,Office Supplies,459.19,-39.55,1,0.3
2022-10-03,West,Technology,1832.32,243.69,1,0.2
2022-10-04,Central,Office Supplies,1063.15,264.6,1,0.1
2022-10-04,Central,Technology,707.7,130.18,1,0.1
2022-10-04,East,Furniture,2277.34,602.96,2,0.15
2022-10-04,East,Technology,2671.06,388.61,2,0.05
2022-10-04,South,Furniture,1974.98,323.83,1,0.5
2022-10-04,South,Technology,508.3,103.96,1,0.0
2022-10-04,West,Office Supplies,1929.88,507.1,1,0.0
2022-10-05,Central,Furniture,3608.21,97.71,2,0.1
2022-10-05,Central,Office Supplies,671.74,66.22,1,0.1
2022-10-05,Central,Technology,924.73,118.15,1,0.3
2022-10-05,South,Furniture,1418.61,40.94,1,0.2
2022-10-05,South,Office Supplies,172.2,25.07,1,0.0
2022-10-05,South,Technology,2111.64,343.02,2,0.2
2022-10-05,West,Furniture,1002.67,257.29,1,0.0
2022-10-05,West,Office Supplies,502.75,-44.37,1,0.4
2022-10-06,Central,Technology,182.66,18.53,1,0.3
2022-10-06,East,Furniture,1993.6,128.01,2,0.2
2022-10-06,East,Office Supplies,886.47,-39.25,1,0.2
2022-10-06,South,Technology,1025.05,257.11,1,0.3
2022-10-06,West,Furniture,221.67,-24.97,1,0.2
2022-10-07,Central,Technology,3353.53,408.88,2,0.25
2022-10-07,East,Office Supplies,931.47,56.23,1,0.5
2022-10-07,South,Furniture,1931.23,687.01,1,0.2
2022-10-07,West,Office Supplies,2148.12,-159.69,2,0.0
2022-10-07,West,Technology,1137.47,365.7,1,0.0
2022-10-08,Central,Office Supplies,1118.62,103.96,1,0.5
2022-10-08,Central,Technology,14.25,0.9,1,0.1
2022-10-08,West,Technology,204.11,-7.05,1,0.3
2022-10-09,Central,Office Supplies,3415.12,-221.7,3,0.3
2022-10-09,East,Office Supplies,726.9,280.7,1,0.5
2022-10-09,East,Technology,10.64,1.61,1,0.0
2022-10-09,South,Office Supplies,1511.22,373.41,1,0.2
2022-10-09,West,Furniture,1282.86,-247.24,1,0.0
2022-10-10,Central,Furniture,1614.23,541.42,1,0.2
2022-10-10,East,Office Supplies,1410.12,-42.89,2,0.2
2022-10-10,South,Technology,3110.85,-385.86,2,0.45
2022-10-10,West,Office Supplies,3087.08,-182.57,2,0.05
2022-10-10,West,Technology,213.25,47.75,1,0.0
2022-10-11,Central,Technology,4222.75,1371.28,3,0.2667
2022-10-11,East,Furniture,65.05,-11.06,1,0.4
2022-10-11,East,Technology,1036.16,324.78,2,0.1
2022-10-11,South,Technology,1272.02,172.15,2,0.25
2022-10-11,West,Office Supplies,1393.46,136.52,1,0.1
2022-10-12,Central,Office Supplies,914.48,347.69,1,0.0
2022-10-12,Central,Technology,304.41,36.59,1,0.0
2022-10-12,East,Technology,430.72,62.49,1,0.4
2022-10-12,South,Furniture,1731.91,503.06,1,0.1
2022-10-12,West,Technology,1123.63,348.82,1,0.0
2022-10-13,Central,Furniture,1124.03,289.75,2,0.25
2022-10-13,East,Furniture,1404.07,-43.5,1,0.0
2022-10-13,East,Office Supplies,1511.92,-162.27,1,0.0
2022-10-13,South,Furniture,1800.93,95.42,1,0.2
2022-10-13,South,Office Supplies,894.07,206.06,1,0.5
2022-10-13,West,Office Supplies,2676.83,-306.92,2,0.25
2022-10-14,Central,Furniture,893.88,45.55,1,0.1
2022-10-14,Central,Office Supplies,2820.18,1043.64,2,0.3
2022-10-14,East,Office Supplies,864.78,222.98,1,0.0
2022-10-14,South,Furniture,1763.56,-225.52,1,0.1
2022-10-14,West,Furniture,944.93,84.71,2,0.0
2022-10-14,West,Office Supplies,292.83,85.91,1,0.0
2022-10-14,West,Technology,756.92,-7.71,1,0.2
2022-10-15,Central,Office Supplies,2697.72,-239.04,2,0.35
2022-10-15,East,Furniture,3202.17,768.21,2,0.4
2022-10-15,South,Furniture,2713.45,-99.38,2,0.15
2022-10-15,South,Technology,1840.19,245.3,2,0.0
2022-10-15,West,Furniture,1403.61,422.32,1,0.1
2022-10-15,West,Technology,1512.15,280.36,2,0.0
2022-10-16,Central,Furniture,1595.45,-94.3,2,0.25
2022-10-16,Central,Office Supplies,1391.4,-50.12,1,0.1
2022-10-16,Central,Technology,1509.45,135.39,1,0.5
2022-10-16,East,Furniture,2452.24,730.47,2,0.25
2022-10-16,East,Office Supplies,617.56,-16.48,1,0.0
2022-10-16,South,Furniture,11.71,1.53,1,0.0
2022-10-16,West,Furniture,2573.68,206.03,3,0.0667
2022-10-16,West,Office Supplies,1273.4,-158.52,2,0.2
2022-10-16,West,Technology,938.28,-48.09,1,0.5
2022-10-17,Central,Office Supplies,1002.1,28.96,1,0.0
2022-10-17,Central,Technology,320.01,-1.84,1,0.3
2022-10-17,East,Office Supplies,1911.68,-27.59,1,0.2
2022-10-17,East,Technology,1137.04,76.46,1,0.0
2022-10-17,South,Office Supplies,2730.46,-174.76,2,0.2
2022-10-17,West,Furniture,1879.91,-85.65,1,0.0
2022-10-17,West,Office Supplies,1869.78,324.85,1,0.0
2022-10-17,West,Technology,961.95,-92.26,1,0.2
2022-10-18,Central,Office Supplies,1035.11,38.56,2,0.3
2022-10-18,Central,Technology,965.71,-148.63,1,0.4
2022-10-18,East,Furniture,3169.73,-231.51,2,0.3
2022-10-18,East,Technology,718.52,236.74,1,0.5
2022-10-18,South,Furniture,1321.75,-6.18,2,0.15
2022-10-18,South,Technology,3932.32,1335.66,3,0.0667
2022-10-18,West,Technology,669.32,221.55,1,0.4
2022-10-19,Central,Furniture,416.56,79.81,1,0.2
2022-10-19,Central,Office Supplies,1368.97,-49.99,1,0.0
2022-10-19,Central,Technology,1947.99,671.42,1,0.0
2022-10-19,East,Furniture,949.52,55.31,1,0.4
2022-10-19,East,Office Supplies,184.86,72.8,1,0.0
2022-10-19,South,Furniture,668.48,69.63,1,0.0
2022-10-19,South,Office Supplies,685.19,-121.63,1,0.2
2022-10-19,South,Technology,4118.94,717.38,4,0.15
2022-10-20,Central,Furniture,4498.86,172.1,3,0.2667
2022-10-20,Central,Technology,1598.08,-207.23,1,0.0
2022-10-20,East,Furniture,4031.57,290.25,3,0.1667
2022-10-20,East,Office Supplies,1242.01,489.59,1,0.0
2022-10-20,South,Furniture,3224.15,282.92,2,0.05
2022-10-20,South,Office Supplies,412.26,108.58,1,0.2
2022-10-20,South,Technology,528.3,187.76,1,0.0
2022-10-21,Central,Furniture,376.53,108.79,1,0.2
2022-10-21,Central,Technology,1735.47,-82.19,1,0.2
2022-10-22,Central,Furniture,1909.18,-15.16,2,0.3
2022-10-22,Central,Office Supplies,1044.18,101.58,1,0.5
2022-10-22,Central,Technology,1643.69,170.64,1,0.3
2022-10-22,East,Furniture,1455.25,389.52,1,0.2
2022-10-22,East,Technology,995.82,22.87,2,0.35
2022-10-22,South,Furniture,3165.07,486.3,2,0.45
2022-10-22,West,Furniture,1080.26,-69.34,1,0.4
2022-10-23,Central,Furniture,5327.18,1233.91,3,0.2
2022-10-23,Central,Office Supplies,2860.12,-308.51,2,0.05
2022-10-23,East,Furniture,1629.14,-299.12,1,0.3
2022-10-23,East,Office Supplies,549.36,117.49,1,0.2
2022-10-23,South,Technology,3347.12,197.96,2,0.25
2022-10-23,West,Technology,1674.09,70.36,1,0.0
2022-10-24,Central,Furniture,1519.67,-61.58,1,0.5
2022-10-24,Central,Office Supplies,1307.11,32.41,1,0.5
2022-10-24,East,Furniture,1297.79,148.23,1,0.5
2022-10-24,East,Technology,1046.34,359.47,1,0.0
2022-10-24,South,Office Supplies,728.68,-28.16,1,0.2
2022-10-24,South,Technology,1514.37,160.75,1,0.0
2022-10-24,West,Office Supplies,985.59,-81.83,1,0.4
2022-10-24,West,Technology,840.34,229.0,1,0.5
2022-10-25,Central,Furniture,1829.58,-252.1,2,0.0
2022-10-25,Central,Office Supplies,2963.61,470.37,2,0.1
2022-10-25,East,Furniture,2275.45,273.0,2,0.25
2022-10-25,East,Office Supplies,993.38,106.88,2,0.2
2022-10-25,West,Furniture,1248.75,-135.64,1,0.5
2022-10-26,Central,Office Supplies,70.34,25.07,1,0.0
2022-10-26,East,Furniture,48.76,-2.75,1,0.2
2022-10-26,East,Technology,364.22,67.81,1,0.0
2022-10-26,South,Furniture,2711.11,235.46,2,0.1
2022-10-26,South,Office Supplies,36.97,9.79,1,0.1
2022-10-26,West,Furniture,1042.24,-54.16,1,0.5
2022-10-26,West,Technology,1959.25,656.77,1,0.3
2022-10-27,East,Furniture,1076.09,-49.96,1,0.0
2022-10-27,East,Office Supplies,1074.63,-101.8,1,0.4
2022-10-27,South,Office Supplies,1136.97,-136.29,2,0.25
2022-10-27,South,Technology,1130.42,-76.53,1,0.0
2022-10-27,West,Furniture,1676.47,-142.17,1,0.1
2022-10-28,Central,Technology,1005.18,66.39,1,0.2
2022-10-28,South,Office Supplies,1310.54,69.76,1,0.4
2022-10-28,South,Technology,235.9,9.01,1,0.3
2022-10-28,West,Office Supplies,1673.34,528.38,1,0.0
2022-10-28,West,Technology,1049.55,-23.64,1,0.0
2022-10-29,Central,Furniture,1163.39,-23.61,1,0.4
2022-10-29,Central,Office Supplies,689.56,-78.59,1,0.1
2022-10-29,East,Office Supplies,1912.23,613.97,1,0.3
2022-10-29,East,Technology,1815.87,51.82,2,0.35
2022-10-29,South,Office Supplies,243.1,45.37,1,0.4
2022-10-29,South,Technology,5598.17,919.27,5,0.12
2022-10-29,West,Furniture,125.85,6.83,1,0.0
2022-10-29,West,Office Supplies,100.33,-5.49,1,0.4
2022-10-30,Central,Office Supplies,826.77,330.5,1,0.0
2022-10-30,Central,Technology,430.16,116.65,1,0.3
2022-10-30,South,Furniture,641.58,-3.6,1,0.0
2022-10-30,South,Office Supplies,1302.41,52.73,1,0.5
2022-10-30,South,Technology,1142.71,316.0,2,0.2
2022-10-30,West,Office Supplies,847.58,24.24,1,0.0
2022-10-31,Central,Technology,319.64,90.69,1,0.2
2022-10-31,East,Office Supplies,1938.88,478.76,2,0.25
2022-10-31,East,Technology,1375.92,176.23,2,0.15
2022-10-31,South,Furniture,3535.77,118.03,2,0.4
2022-10-31,South,Technology,1488.95,151.57,1,0.2
2022-11-01,Central,Furniture,1102.97,321.51,1,0.0
2022-11-01,Central,Office Supplies,877.25,256.26,1,0.0
2022-11-01,Central,Technology,635.71,211.55,1,0.0
2022-11-01,East,Technology,1398.56,285.56,1,0.0
2022-11-01,South,Furniture,1163.36,-141.46,1,0.1
2022-11-01,South,Office Supplies,1055.4,222.17,1,0.1
2022-11-01,West,Furniture,879.25,21.63,1,0.5
2022-11-02,Central,Furniture,2865.0,-365.49,2,0.0
2022-11-02,South,Office Supplies,2289.05,-71.6,2,0.35
2022-11-02,West,Office Supplies,14.92,2.7,1,0.5
2022-11-03,Central,Furniture,336.07,-60.07,1,0.5
2022-11-03,Central,Office Supplies,3124.98,-173.23,2,0.15
2022-11-03,East,Office Supplies,2672.15,354.25,2,0.25
2022-11-03,East,Technology,3016.75,424.77,4,0.275
2022-11-03,South,Furniture,1180.55,-227.03,1,0.2
2022-11-03,South,Office Supplies,1648.59,105.45,2,0.1
2022-11-03,West,Furniture,1612.66,-234.41,2,0.25
2022-11-03,West,Technology,654.2,35.87,2,0.45
2022-11-04,Central,Office Supplies,1669.51,345.93,1,0.1
2022-11-04,South,Office Supplies,1165.39,414.02,1,0.2
2022-11-04,South,Technology,1860.36,149.35,1,0.0
2022-11-04,West,Furniture,20.7,0.04,1,0.3
2022-11-04,West,Technology,264.16,-18.42,1,0.1
2022-11-05,Central,Furniture,563.47,106.4,1,0.4
2022-11-05,East,Furniture,1948.17,498.61,1,0.2
2022-11-05,East,Technology,1702.25,232.02,1,0.3
2022-11-05,South,Office Supplies,575.72,13.89,1,0.4
2022-11-05,South,Technology,1138.98,432.04,1,0.0
2022-11-05,West,Furniture,1838.06,488.32,1,0.4
2022-11-05,West,Office Supplies,832.36,154.14,2,0.35
2022-11-06,Central,Technology,58.91,14.5,1,0.0
2022-11-06,East,Furniture,1944.3,171.6,2,0.2
2022-11-06,East,Office Supplies,2077.96,583.32,2,0.2
2022-11-06,East,Technology,1933.72,772.84,1,0.0
2022-11-06,West,Furniture,1601.55,407.39,1,0.2
2022-11-06,West,Office Supplies,270.56,49.47,1,0.3
2022-11-07,Central,Furniture,1618.61,241.66,2,0.2
2022-11-07,East,Furniture,2938.97,663.54,3,0.3
2022-11-07,East,Office Supplies,1607.59,32.92,2,0.25
2022-11-07,South,Furniture,218.73,-6.23,1,0.5
2022-11-07,South,Office Supplies,2352.21,116.64,2,0.4
2022-11-07,South,Technology,3021.65,687.25,2,0.2
2022-11-07,West,Office Supplies,2330.11,438.71,2,0.15
2022-11-07,West,Technology,20.94,-0.81,1,0.0
2022-11-08,Central,Furniture,140.51,47.46,1,0.4
2022-11-08,Central,Office Supplies,1695.11,-149.9,1,0.5
2022-11-08,East,Furniture,3540.19,1243.91,2,0.2
2022-11-08,East,Technology,13.62,-0.85,1,0.2
2022-11-08,South,Furniture,1785.73,22.21,2,0.05
2022-11-08,South,Office Supplies,901.98,-31.41,1,0.0
2022-11-08,South,Technology,1508.54,127.37,1,0.0
2022-11-08,West,Office Supplies,1642.27,151.28,2,0.0
2022-11-09,Central,Furniture,131.6,-21.05,1,0.0
2022-11-09,Central,Office Supplies,772.26,303.65,1,0.1
2022-11-09,East,Office Supplies,1555.89,472.73,1,0.1
2022-11-09,East,Technology,1815.86,102.46,1,0.4
2022-11-09,South,Furniture,186.53,66.2,1,0.1
2022-11-10,East,Furniture,586.35,38.91,1,0.1
2022-11-10,East,Technology,682.12,265.11,1,0.1
2022-11-10,South,Technology,2256.25,211.87,2,0.05
2022-11-10,West,Furniture,1541.37,373.64,2,0.25
2022-11-11,Central,Furniture,1443.09,243.3,1,0.3
2022-11-11,Central,Office Supplies,670.38,-12.24,1,0.1
2022-11-11,East,Furniture,254.81,-4.77,1,0.2
2022-11-11,East,Office Supplies,3234.68,757.51,2,0.3
2022-11-11,East,Technology,548.0,34.72,1,0.1
2022-11-11,South,Furniture,1102.41,195.13,1,0.0
2022-11-11,South,Technology,2161.85,471.89,2,0.3
2022-11-11,West,Furniture,976.7,-4.06,1,0.0
2022-11-11,West,Office Supplies,3889.13,671.07,2,0.25
2022-11-11,West,Technology,1733.8,-171.87,1,0.0
2022-11-12,Central,Furniture,2971.97,-169.64,2,0.3
2022-11-12,East,Office Supplies,1286.67,230.4,1,0.0
2022-11-12,South,Technology,700.94,267.33,1,0.0
2022-11-12,West,Furniture,1715.29,425.94,2,0.2
2022-11-12,West,Office Supplies,739.22,-24.75,1,0.2
2022-11-12,West,Technology,280.89,-48.95,1,0.0
2022-11-13,Central,Office Supplies,539.04,-79.25,1,0.2
2022-11-13,Central,Technology,1035.09,320.93,1,0.4
2022-11-13,East,Office Supplies,2212.29,-137.09,2,0.2
2022-11-13,East,Technology,1527.55,-284.76,1,0.0
2022-11-13,South,Furniture,496.95,25.02,1,0.4
2022-11-13,South,Office Supplies,1932.65,433.22,1,0.2
2022-11-13,South,Technology,706.99,-75.77,1,0.1
2022-11-13,West,Technology,1039.86,-11.82,1,0.1
2022-11-14,Central,Furniture,2081.81,601.72,2,0.2
2022-11-14,Central,Office Supplies,878.99,95.84,1,0.1
2022-11-14,Central,Technology,2178.61,-320.48,2,0.05
2022-11-14,East,Furniture,1712.87,403.9,1,0.3
2022-11-14,East,Technology,849.32,53.86,1,0.4
2022-11-14,South,Technology,2410.86,462.96,2,0.35
2022-11-14,West,Furniture,981.78,-65.44,1,0.0
2022-11-14,West,Office Supplies,2619.53,94.54,2,0.15
2022-11-15,East,Office Supplies,1752.16,-54.72,1,0.5
2022-11-15,East,Technology,721.87,172.78,2,0.05
2022-11-15,South,Technology,3381.06,928.24,2,0.45
2022-11-15,West,Furniture,273.43,-24.19,1,0.0
2022-11-15,West,Technology,1549.75,312.93,1,0.2
2022-11-16,East,Office Supplies,729.72,-23.54,1,0.1
2022-11-16,East,Technology,3411.21,1052.91,2,0.0
2022-11-16,South,Furniture,1636.55,501.12,2,0.25
2022-11-16,West,Furniture,1364.13,-206.35,1,0.0
2022-11-17,Central,Office Supplies,1901.04,-2.49,1,0.0
2022-11-17,East,Furniture,1354.05,-24.6,1,0.0
2022-11-17,East,Office Supplies,731.61,96.44,2,0.15
2022-11-17,South,Office Supplies,136.27,39.04,1,0.0
2022-11-17,South,Technology,1079.61,-1.68,1,0.0
2022-11-17,West,Furniture,284.17,108.49,1,0.5
2022-11-17,West,Technology,2466.08,488.81,2,0.2
2022-11-18,Central,Furniture,915.95,187.52,1,0.2
2022-11-18,East,Office Supplies,2415.81,267.1,2,0.1
2022-11-18,East,Technology,577.51,15.4,2,0.15
2022-11-18,South,Technology,415.38,75.34,1,0.4
2022-11-18,West,Furniture,369.73,52.69,1,0.0
2022-11-19,Central,Office Supplies,1761.6,174.19,1,0.0
2022-11-19,South,Furniture,1301.14,-109.27,2,0.2
2022-11-19,South,Office Supplies,1027.11,354.77,1,0.0
2022-11-19,South,Technology,1542.69,154.02,2,0.5
2022-11-19,West,Office Supplies,130.84,-4.65,1,0.3
2022-11-19,West,Technology,1355.04,-36.42,1,0.5
2022-11-20,Central,Furniture,1382.81,-50.02,1,0.2
2022-11-20,Central,Office Supplies,3280.13,445.39,3,0.1
2022-11-20,East,Office Supplies,809.06,236.12,1,0.0
2022-11-20,East,Technology,1498.65,276.26,1,0.0
2022-11-20,South,Office Supplies,733.43,274.99,1,0.0
2022-11-20,West,Office Supplies,1553.72,486.82,1,0.0
2022-11-21,Central,Technology,1194.87,-39.41,1,0.0
2022-11-21,South,Furniture,363.3,120.74,1,0.1
2022-11-21,South,Office Supplies,1806.93,-29.33,1,0.3
2022-11-21,West,Furniture,897.05,346.03,2,0.1
2022-11-21,West,Technology,400.33,98.28,1,0.0
2022-11-22,Central,Furniture,1352.49,105.25,1,0.2
2022-11-22,East,Furniture,1963.94,251.68,1,0.0
2022-11-22,East,Office Supplies,138.21,20.49,1,0.3
2022-11-22,East,Technology,1133.19,358.84,1,0.0
2022-11-22,South,Furniture,1650.1,264.1,1,0.0
2022-11-22,South,Office Supplies,1733.12,-335.31,1,0.4
2022-11-22,South,Technology,692.7,-125.19,1,0.2
2022-11-22,West,Furniture,955.03,-137.45,2,0.35
2022-11-22,West,Office Supplies,414.84,86.8,1,0.0
2022-11-22,West,Technology,1075.79,277.44,1,0.0
2022-11-23,Central,Furniture,326.82,8.38,1,0.3
2022-11-23,Central,Technology,1611.28,-129.62,2,0.15
2022-11-23,East,Office Supplies,1160.09,316.68,1,0.5
2022-11-23,East,Technology,1501.04,-280.05,1,0.4
2022-11-23,West,Furniture,2098.48,162.46,2,0.1
2022-11-23,West,Technology,989.83,60.6,1,0.4
2022-11-24,Central,Furniture,948.01,144.6,1,0.4
2022-11-24,South,Technology,767.69,-133.48,2,0.1
2022-11-24,West,Furniture,1445.45,-183.48,2,0.35
2022-11-24,West,Office Supplies,923.24,258.72,1,0.4
2022-11-24,West,Technology,1471.94,103.0,1,0.0
2022-11-25,Central,Technology,2543.23,845.96,2,0.15
2022-11-25,East,Furniture,1501.97,476.43,1,0.3
2022-11-25,East,Office Supplies,3114.62,266.61,2,0.0
2022-11-25,South,Furniture,1627.36,3.64,1,0.0
2022-11-25,South,Office Supplies,497.22,44.47,1,0.0
2022-11-25,West,Furniture,1191.34,448.77,1,0.0
2022-11-26,Central,Furniture,1737.98,340.87,2,0.1
2022-11-26,Central,Office Supplies,1878.51,303.34,1,0.1
2022-11-26,East,Furniture,1519.15,-212.71,1,0.5
2022-11-26,East,Office Supplies,403.72,72.49,1,0.2
2022-11-26,East,Technology,1980.34,-204.77,1,0.0
2022-11-26,South,Furniture,1612.72,16.45,1,0.1
2022-11-27,Central,Furniture,1830.93,47.99,1,0.0
2022-11-27,Central,Office Supplies,1745.7,-186.21,1,0.0
2022-11-27,Central,Technology,1386.12,-84.57,1,0.1
2022-11-27,East,Furniture,2671.4,-282.16,3,0.3
2022-11-27,East,Office Supplies,1180.76,321.83,1,0.3
2022-11-27,South,Furniture,3429.91,110.5,3,0.2333
2022-11-27,South,Technology,2902.62,-334.16,2,0.05
2022-11-28,South,Office Supplies,3677.72,295.81,3,0.3
2022-11-28,South,Technology,1369.53,514.3,1,0.1
2022-11-28,West,Furniture,1630.29,137.71,1,0.2
2022-11-28,West,Office Supplies,1667.4,-170.32,1,0.3
2022-11-29,Central,Furniture,199.45,39.52,1,0.4
2022-11-29,Central,Technology,1186.33,261.81,1,0.1
2022-11-29,East,Furniture,1637.86,-172.71,1,0.0
2022-11-29,East,Technology,1241.12,415.25,2,0.1
2022-11-29,West,Office Supplies,1441.5,-71.11,2,0.15
2022-11-29,West,Technology,2875.42,-228.92,2,0.05
2022-11-30,Central,Furniture,148.0,6.96,1,0.4
2022-11-30,East,Technology,1468.21,28.11,2,0.25
2022-11-30,South,Technology,2041.95,428.02,3,0.0
2022-11-30,West,Office Supplies,1495.84,525.31,1,0.5
2022-12-01,Central,Furniture,832.18,-160.01,1,0.0
2022-12-01,East,Technology,1269.07,490.29,1,0.0
2022-12-01,South,Office Supplies,319.49,66.58,1,0.1
2022-12-01,West,Technology,1344.34,-7.8,1,0.0
2022-12-02,Central,Office Supplies,1665.2,231.11,1,0.2
2022-12-02,Central,Technology,426.73,19.28,1,0.4
2022-12-02,East,Furniture,1471.14,383.88,1,0.5
2022-12-02,East,Technology,1061.41,177.39,2,0.0
2022-12-02,South,Furniture,911.75,126.41,1,0.0
2022-12-02,South,Technology,1885.17,-6.45,1,0.0
2022-12-02,West,Technology,2251.63,507.43,2,0.35
2022-12-03,Central,Furniture,2443.14,483.01,2,0.2
2022-12-03,Central,Office Supplies,2531.44,77.91,3,0.3667
2022-12-03,East,Office Supplies,856.8,-35.0,1,0.2
2022-12-03,East,Technology,963.17,307.84,2,0.15
2022-12-03,South,Furniture,501.61,98.09,1,0.4
2022-12-03,South,Technology,1897.68,641.71,1,0.1
2022-12-03,West,Office Supplies,53.94,-8.74,1,0.2
2022-12-03,West,Technology,456.1,33.07,1,0.4
2022-12-04,Central,Furniture,1096.87,-77.22,1,0.2
2022-12-04,East,Furniture,1779.56,682.11,1,0.0
2022-12-04,East,Technology,3189.17,397.25,2,0.2
2022-12-04,South,Furniture,3014.52,-45.09,2,0.15
2022-12-04,South,Office Supplies,1864.7,717.56,1,0.5
2022-12-04,South,Technology,2321.05,542.5,2,0.0
2022-12-04,West,Technology,382.66,-5.94,1,0.4
2022-12-05,Central,Furniture,913.64,109.14,1,0.1
2022-12-05,Central,Technology,881.99,206.68,1,0.0
2022-12-05,East,Furniture,1930.47,29.2,1,0.3
2022-12-05,East,Technology,790.86,-41.76,1,0.1
2022-12-05,South,Furniture,209.84,-17.79,1,0.2
2022-12-05,South,Office Supplies,1542.47,-45.55,1,0.2
2022-12-05,South,Technology,2944.85,-9.02,2,0.15
2022-12-05,West,Office Supplies,930.59,170.74,1,0.4
2022-12-06,Central,Office Supplies,1135.19,183.05,1,0.2
2022-12-06,Central,Technology,1274.57,40.97,1,0.0
2022-12-06,East,Office Supplies,913.46,-27.57,2,0.15
2022-12-06,South,Furniture,2214.36,535.68,2,0.3
2022-12-06,West,Furniture,183.21,9.44,1,0.3
2022-12-06,West,Technology,3253.25,1038.29,2,0.15
2022-12-07,Central,Furniture,266.57,-26.6,1,0.2
2022-12-07,East,Office Supplies,1361.5,-128.18,1,0.1
2022-12-07,East,Technology,3496.35,412.98,2,0.3
2022-12-07,West,Furniture,266.2,-43.23,1,0.2
2022-12-07,West,Technology,1676.93,-48.56,1,0.0
2022-12-08,Central,Furniture,768.13,180.13,1,0.4
2022-12-08,Central,Office Supplies,847.85,192.34,1,0.0
2022-12-08,East,Furniture,1254.95,353.5,2,0.35
2022-12-08,East,Office Supplies,2509.32,824.34,2,0.4
2022-12-08,East,Technology,1342.17,357.28,1,0.0
2022-12-08,South,Furniture,1081.15,189.5,1,0.0
2022-12-08,South,Office Supplies,1787.42,91.77,1,0.2
2022-12-08,West,Furniture,1237.17,431.33,1,0.0
2022-12-08,West,Office Supplies,1295.77,437.12,1,0.4
2022-12-08,West,Technology,1625.36,58.25,1,0.2
2022-12-09,Central,Technology,117.03,41.87,1,0.3
2022-12-09,East,Office Supplies,3039.61,-112.92,2,0.25
2022-12-09,East,Technology,1101.98,339.7,1,0.0
2022-12-09,South,Technology,2379.95,426.42,2,0.0
2022-12-09,West,Furniture,1751.12,495.61,1,0.2
2022-12-09,West,Office Supplies,1040.73,288.98,2,0.35
2022-12-10,Central,Furniture,1488.91,88.25,1,0.1
2022-12-10,Central,Office Supplies,2665.18,-26.72,2,0.0
2022-12-10,South,Furniture,1415.17,355.56,1,0.0
2022-12-10,West,Furniture,1860.96,112.09,1,0.4
2022-12-11,Central,Furniture,420.64,92.57,1,0.0
2022-12-11,Central,Technology,2308.96,26.64,2,0.25
2022-12-11,East,Technology,348.5,24.94,1,0.4
2022-12-11,South,Furniture,1596.96,90.07,3,0.1667
2022-12-11,South,Office Supplies,818.83,319.4,1,0.0
2022-12-11,South,Technology,708.98,224.32,1,0.3
2022-12-11,West,Furniture,1023.6,115.8,1,0.4
2022-12-11,West,Office Supplies,445.9,142.23,1,0.0
2022-12-11,West,Technology,1486.93,-156.63,1,0.4
2022-12-12,Central,Office Supplies,708.86,118.51,1,0.0
2022-12-12,East,Furniture,1292.28,156.94,1,0.1
2022-12-12,East,Technology,1343.05,-89.96,1,0.0
2022-12-12,South,Office Supplies,1554.68,-111.0,2,0.35
2022-12-12,South,Technology,333.78,-6.02,1,0.0
2022-12-12,West,Office Supplies,653.25,122.36,1,0.0
2022-12-13,Central,Technology,802.2,243.93,1,0.5
2022-12-13,East,Furniture,1675.02,434.69,1,0.0
2022-12-13,East,Technology,1372.28,446.82,1,0.0
2022-12-13,West,Furniture,1425.73,396.22,1,0.0
2022-12-13,West,Technology,112.37,-16.96,1,0.5
2022-12-14,Central,Office Supplies,785.32,158.06,2,0.3
2022-12-14,Central,Technology,1851.66,-273.02,1,0.1
2022-12-14,East,Furniture,1498.51,-125.82,1,0.3
2022-12-14,East,Office Supplies,2212.28,-152.13,2,0.2
2022-12-14,East,Technology,295.72,112.58,1,0.0
2022-12-14,South,Furniture,1528.23,144.83,2,0.1
2022-12-14,South,Office Supplies,1905.1,323.28,1,0.0
2022-12-14,South,Technology,1611.67,277.03,1,0.3
2022-12-14,West,Furniture,707.28,234.67,1,0.2
2022-12-14,West,Office Supplies,1343.7,145.53,1,0.0
2022-12-14,West,Technology,1083.59,136.57,1,0.0
2022-12-15,Central,Furniture,2668.14,-139.42,3,0.1
2022-12-15,Central,Technology,391.77,-12.88,1,0.4
2022-12-15,East,Office Supplies,878.85,98.57,1,0.0
2022-12-15,West,Furniture,1462.79,515.99,1,0.5
2022-12-15,West,Office Supplies,1373.55,476.43,1,0.0
2022-12-15,West,Technology,1291.85,-130.02,1,0.0
2022-12-16,Central,Furniture,1444.04,-107.74,1,0.1
2022-12-16,Central,Office Supplies,1832.12,710.02,2,0.5
2022-12-16,East,Furniture,2312.66,325.47,2,0.3
2022-12-16,East,Technology,80.33,-12.55,1,0.0
2022-12-16,South,Office Supplies,1651.05,590.31,1,0.0
2022-12-17,Central,Furniture,1112.39,127.91,1,0.5
2022-12-17,Central,Technology,1969.34,-40.12,1,0.2
2022-12-17,East,Furniture,3187.42,-370.8,2,0.15
2022-12-17,East,Technology,494.27,71.36,1,0.0
2022-12-17,West,Furniture,1801.36,30.82,1,0.4
2022-12-17,West,Technology,985.24,59.85,1,0.0
2022-12-18,Central,Furniture,1395.19,120.22,1,0.3
2022-12-18,Central,Office Supplies,1177.79,41.72,2,0.0
2022-12-18,East,Furniture,933.88,128.15,1,0.3
2022-12-18,South,Furniture,164.18,17.51,1,0.0
2022-12-18,West,Furniture,1441.73,138.31,2,0.25
2022-12-18,West,Office Supplies,2749.55,752.04,2,0.45
2022-12-19,Central,Office Supplies,735.88,-116.93,1,0.2
2022-12-19,Central,Technology,1900.0,-291.73,1,0.0
2022-12-19,East,Office Supplies,156.88,-30.39,1,0.4
2022-12-19,East,Technology,102.99,9.9,1,0.0
2022-12-19,South,Furniture,2050.17,453.19,2,0.35
2022-12-19,South,Office Supplies,306.73,-10.42,1,0.2
2022-12-19,South,Technology,1168.52,151.16,1,0.0
2022-12-19,West,Furniture,426.89,84.56,1,0.5
2022-12-19,West,Technology,1592.7,279.57,1,0.0
2022-12-20,Central,Furniture,396.42,75.74,1,0.2
2022-12-20,Central,Office Supplies,2286.74,117.96,2,0.2
2022-12-20,East,Furniture,1104.24,297.29,1,0.5
2022-12-20,East,Office Supplies,958.52,136.25,2,0.3
2022-12-20,East,Technology,723.73,131.24,2,0.15
2022-12-20,South,Furniture,1544.12,-65.94,1,0.0
2022-12-20,South,Technology,770.71,-104.99,1,0.0
2022-12-20,West,Furniture,1504.66,456.81,1,0.0
2022-12-21,Central,Furniture,2352.23,67.12,2,0.25
2022-12-21,Central,Office Supplies,12.3,4.28,1,0.3
2022-12-21,East,Furniture,3343.56,491.39,2,0.15
2022-12-21,East,Office Supplies,821.92,151.46,1,0.1
2022-12-21,West,Technology,1290.88,0.39,2,0.1
2022-12-22,Central,Office Supplies,2340.35,629.87,2,0.35
2022-12-22,Central,Technology,2823.07,307.52,2,0.2
2022-12-22,East,Furniture,2134.05,288.09,2,0.3
2022-12-22,East,Office Supplies,138.85,17.89,1,0.4
2022-12-22,East,Technology,941.02,168.43,1,0.3
2022-12-22,South,Furniture,535.22,125.58,1,0.3
2022-12-22,South,Technology,1735.59,-331.78,1,0.0
2022-12-23,Central,Office Supplies,285.16,-27.63,1,0.1
2022-12-23,Central,Technology,434.4,-59.5,1,0.3
2022-12-23,East,Furniture,1315.69,37.95,1,0.1
2022-12-23,East,Office Supplies,2115.45,-166.52,2,0.35
2022-12-23,East,Technology,980.74,-72.21,1,0.5
2022-12-23,South,Office Supplies,1982.48,162.87,1,0.2
2022-12-23,South,Technology,437.94,95.99,1,0.1
2022-12-24,Central,Furniture,1593.67,405.05,1,0.0
2022-12-24,East,Furniture,2407.46,468.55,2,0.15
2022-12-24,East,Technology,1955.79,-358.13,1,0.0
2022-12-24,South,Furniture,939.91,195.11,1,0.5
2022-12-24,South,Office Supplies,2534.71,253.66,2,0.0
2022-12-24,South,Technology,1583.27,32.95,1,0.1
2022-12-25,East,Furniture,2685.9,359.29,2,0.1
2022-12-25,South,Furniture,1765.47,575.4,1,0.0
2022-12-25,West,Office Supplies,1413.53,251.61,1,0.2
2022-12-25,West,Technology,2266.85,316.7,2,0.15
2022-12-26,Central,Technology,2442.42,-152.88,2,0.25
2022-12-26,East,Furniture,1257.98,417.28,1,0.5
2022-12-26,East,Technology,875.9,-86.6,1,0.3
2022-12-26,West,Office Supplies,1580.02,573.49,1,0.2
2022-12-27,Central,Furniture,246.9,60.29,2,0.25
2022-12-27,Central,Technology,1246.61,-87.23,1,0.0
2022-12-27,East,Office Supplies,1879.91,324.24,1,0.0
2022-12-27,East,Technology,1098.01,18.7,2,0.1
2022-12-27,South,Furniture,2205.55,444.07,2,0.0
2022-12-27,South,Office Supplies,538.79,78.01,2,0.1
2022-12-27,South,Technology,211.08,-32.57,1,0.5
2022-12-27,West,Office Supplies,1261.68,-104.99,1,0.5
2022-12-27,West,Technology,5026.47,-187.26,4,0.125
2022-12-28,Central,Furniture,491.6,-15.99,1,0.4
2022-12-28,Central,Technology,2135.47,517.36,2,0.2
2022-12-28,East,Office Supplies,1708.91,199.54,1,0.4
2022-12-28,South,Furniture,2479.24,102.19,2,0.25
2022-12-28,South,Technology,3197.32,737.74,2,0.3
2022-12-28,West,Furniture,1337.16,-16.68,1,0.5
2022-12-29,Central,Furniture,1087.5,261.52,1,0.0
2022-12-29,Central,Technology,215.46,48.13,1,0.4
2022-12-29,East,Office Supplies,1077.22,250.63,1,0.0
2022-12-29,East,Technology,1899.54,-329.88,1,0.0
2022-12-29,South,Office Supplies,721.31,141.36,1,0.2
2022-12-29,West,Furniture,1965.34,511.75,1,0.5
2022-12-29,West,Technology,2106.26,289.06,2,0.05
2022-12-30,Central,Furniture,1907.88,571.48,2,0.3
2022-12-30,Central,Office Supplies,510.53,-85.28,1,0.0
2022-12-30,East,Furniture,2815.95,-44.39,4,0.225
2022-12-30,East,Office Supplies,3042.07,-203.05,2,0.15
2022-12-30,East,Technology,159.02,16.67,1,0.5
2022-12-30,South,Furniture,147.99,-20.75,1,0.0
2022-12-30,West,Technology,1031.78,301.34,1,0.2
2022-12-31,Central,Furniture,1027.02,-86.09,1,0.4
2022-12-31,Central,Office Supplies,1602.63,-83.69,2,0.2
2022-12-31,East,Furniture,18.56,-2.98,1,0.1
2022-12-31,East,Technology,1255.97,327.03,1,0.2
2022-12-31,South,Furniture,399.6,-3.02,1,0.0
2022-12-31,South,Office Supplies,1221.46,419.43,2,0.4
2022-12-31,West,Technology,1911.4,-259.62,1,0.0
2023-01-01,Central,Office Supplies,2682.26,-68.07,2,0.15
2023-01-01,East,Furniture,1811.45,195.03,1,0.3
2023-01-01,South,Office Supplies,1760.16,-325.62,1,0.0
2023-01-01,South,Technology,719.27,163.91,1,0.0
2023-01-01,West,Technology,1992.37,-69.37,3,0.1667
2023-01-02,East,Furniture,1889.83,671.64,1,0.0
2023-01-02,East,Office Supplies,518.36,115.94,1,0.0
2023-01-02,South,Furniture,1269.56,-110.83,3,0.2
2023-01-02,South,Office Supplies,1746.89,193.72,2,0.0
2023-01-02,South,Technology,1063.39,-45.9,1,0.1
2023-01-02,West,Technology,1849.01,160.65,2,0.45
2023-01-03,Central,Furniture,3417.61,373.88,3,0.4
2023-01-03,Central,Office Supplies,1350.1,-189.25,2,0.25
2023-01-03,Central,Technology,2619.77,-27.48,4,0.425
2023-01-03,East,Office Supplies,901.62,297.8,1,0.1
2023-01-03,East,Technology,2901.68,716.94,2,0.0
2023-01-03,South,Furniture,3083.93,307.14,2,0.15
2023-01-03,West,Office Supplies,531.36,128.17,1,0.0
2023-01-03,West,Technology,241.15,75.06,1,0.0
2023-01-04,Central,Furniture,1319.83,351.12,2,0.3
2023-01-04,Central,Technology,3189.45,255.51,2,0.0
2023-01-04,East,Furniture,1990.76,-146.93,1,0.1
2023-01-04,East,Technology,3415.71,-96.34,2,0.0
2023-01-04,South,Technology,631.3,203.35,1,0.5
2023-01-04,West,Furniture,1145.97,-200.12,1,0.5
2023-01-04,West,Office Supplies,1430.83,-161.1,1,0.0
2023-01-04,West,Technology,827.52,171.44,2,0.1
2023-01-05,Central,Furniture,636.69,-106.44,1,0.0
2023-01-05,Central,Technology,2332.14,340.78,2,0.25
2023-01-05,East,Furniture,2259.33,-272.0,2,0.35
2023-01-05,East,Office Supplies,2560.06,-260.66,2,0.1
2023-01-05,South,Furniture,1502.11,173.13,1,0.0
2023-01-05,South,Technology,1505.69,64.11,2,0.0
2023-01-06,Central,Office Supplies,1902.13,395.74,2,0.0
2023-01-06,South,Technology,3158.35,157.72,2,0.2
2023-01-06,West,Furniture,1816.71,402.17,1,0.3
2023-01-06,West,Technology,1645.97,-161.34,2,0.15
2023-01-07,Central,Furniture,411.85,47.01,1,0.0
2023-01-07,Central,Office Supplies,1490.72,-11.09,1,0.0
2023-01-07,East,Office Supplies,1506.49,-23.77,1,0.0
2023-01-07,East,Technology,1927.16,623.68,2,0.25
2023-01-07,South,Office Supplies,3378.74,-370.52,2,0.0
2023-01-07,South,Technology,1327.3,108.45,1,0.1
2023-01-07,West,Furniture,537.2,112.5,1,0.2
2023-01-07,West,Technology,1313.49,522.89,1,0.0
2023-01-08,Central,Technology,1316.66,80.78,1,0.5
2023-01-08,East,Office Supplies,1072.78,-160.7,1,0.3
2023-01-08,South,Technology,1016.21,338.02,1,0.1
2023-01-08,West,Technology,1183.98,-182.78,1,0.0
2023-01-09,Central,Office Supplies,1333.34,363.11,1,0.4
2023-01-09,Central,Technology,1386.76,15.1,1,0.0
2023-01-09,East,Furniture,3698.83,616.13,3,0.1667
2023-01-09,East,Technology,1303.07,-179.82,1,0.4
2023-01-09,West,Office Supplies,3863.75,706.21,3,0.3
2023-01-10,South,Office Supplies,1755.2,165.85,1,0.0
2023-01-10,West,Furniture,5649.68,813.97,6,0.1
2023-01-10,West,Office Supplies,1393.75,549.33,1,0.0
2023-01-11,Central,Office Supplies,949.38,88.35,2,0.1
2023-01-11,East,Furniture,364.68,29.68,1,0.0
2023-01-11,East,Technology,262.19,8.02,1,0.4
2023-01-11,South,Furniture,331.89,-49.37,1,0.1
2023-01-11,South,Office Supplies,1947.75,101.08,1,0.3
2023-01-11,West,Furniture,421.38,69.2,1,0.0
2023-01-11,West,Technology,2922.1,587.74,2,0.3
2023-01-12,Central,Furniture,5427.08,1104.9,4,0.225
2023-01-12,Central,Technology,656.87,155.72,2,0.05
2023-01-12,East,Furniture,663.74,162.74,1,0.0
2023-01-12,East,Technology,2784.25,-52.9,3,0.3
2023-01-12,South,Office Supplies,235.03,80.76,1,0.4
2023-01-12,South,Technology,1524.65,119.73,1,0.1
2023-01-12,West,Furniture,1851.35,181.79,2,0.0
2023-01-12,West,Office Supplies,1426.38,270.3,1,0.2
2023-01-12,West,Technology,3130.93,839.41,3,0.1667
2023-01-13,Central,Furniture,1173.93,394.9,1,0.5
2023-01-13,Central,Technology,3354.29,88.05,2,0.4
2023-01-13,East,Office Supplies,2323.0,-3.77,2,0.05
2023-01-13,East,Technology,921.38,140.76,1,0.0
2023-01-13,South,Furniture,1652.7,51.81,1,0.1
2023-01-13,South,Office Supplies,1575.53,-11.99,2,0.0
2023-01-14,Central,Office Supplies,633.55,-38.46,1,0.2
2023-01-14,Central,Technology,1431.31,177.33,1,0.0
2023-01-14,East,Office Supplies,403.29,122.31,1,0.4
2023-01-14,South,Technology,1879.5,742.46,1,0.5
2023-01-14,West,Office Supplies,3194.73,405.2,4,0.225
2023-01-14,West,Technology,1291.69,313.99,1,0.4
2023-01-15,Central,Office Supplies,891.07,326.58,1,0.1
2023-01-15,Central,Technology,944.45,206.24,1,0.0
2023-01-15,East,Furniture,4433.06,856.28,4,0.2
2023-01-15,East,Office Supplies,1526.52,24.81,1,0.5
2023-01-15,South,Furniture,1742.78,67.25,1,0.0
2023-01-15,South,Technology,351.49,-6.9,1,0.1
2023-01-15,West,Office Supplies,717.9,246.16,1,0.5
2023-01-16,Central,Office Supplies,1346.42,187.59,2,0.25
2023-01-16,Central,Technology,1046.4,64.46,1,0.1
2023-01-16,East,Furniture,627.1,59.43,1,0.2
2023-01-16,East,Technology,1215.82,219.46,2,0.4
2023-01-16,South,Furniture,1189.95,217.19,2,0.0
2023-01-16,South,Office Supplies,3248.2,58.25,2,0.0
2023-01-16,South,Technology,4051.2,1095.42,4,0.25
2023-01-16,West,Furniture,692.23,-22.82,1,0.3
2023-01-16,West,Office Supplies,1545.46,539.03,1,0.0
2023-01-16,West,Technology,266.04,-18.28,1,0.2
2023-01-17,Central,Office Supplies,1522.02,324.97,2,0.05
2023-01-17,South,Furniture,514.89,-56.53,1,0.5
2023-01-17,South,Office Supplies,1847.11,644.53,1,0.5
2023-01-17,West,Furniture,3605.61,75.69,3,0.1667
2023-01-17,West,Office Supplies,647.11,242.57,1,0.0
2023-01-17,West,Technology,2124.88,-12.47,2,0.1
2023-01-18,East,Furniture,4874.18,345.93,4,0.025
2023-01-18,East,Technology,1697.04,-106.97,1,0.5
2023-01-18,South,Office Supplies,1947.45,70.82,2,0.35
2023-01-18,West,Furniture,1456.69,352.52,1,0.2
2023-01-19,Central,Furniture,1873.46,393.39,2,0.2
2023-01-19,Central,Office Supplies,1260.86,416.98,1,0.4
2023-01-19,East,Furniture,1066.35,89.53,1,0.0
2023-01-19,East,Office Supplies,3545.6,685.27,3,0.2
2023-01-19,East,Technology,135.88,-23.5,1,0.5
2023-01-19,South,Office Supplies,389.07,101.86,1,0.0
2023-01-19,South,Technology,358.78,48.96,1,0.0
2023-01-19,West,Office Supplies,774.48,225.47,2,0.2
2023-01-20,Central,Office Supplies,2000.28,552.37,2,0.45
2023-01-20,East,Furniture,342.12,-64.91,1,0.3
2023-01-20,East,Office Supplies,415.23,-13.98,1,0.2
2023-01-20,East,Technology,1239.28,0.2,2,0.2
2023-01-20,South,Office Supplies,1049.07,171.84,2,0.0
2023-01-20,South,Technology,1583.46,193.09,1,0.2
2023-01-20,West,Furniture,1242.65,448.25,1,0.4
2023-01-21,Central,Furniture,201.6,58.56,1,0.3
2023-01-21,Central,Office Supplies,56.04,11.45,2,0.2
2023-01-21,Central,Technology,876.37,-95.6,1,0.0
2023-01-21,East,Technology,1390.47,-250.38,2,0.25
2023-01-21,West,Office Supplies,1503.59,12.67,1,0.1
2023-01-21,West,Technology,1833.42,-312.35,1,0.5
2023-01-22,Central,Office Supplies,1956.68,436.2,1,0.5
2023-01-22,Central,Technology,234.25,-27.02,1,0.1
2023-01-22,East,Office Supplies,2452.47,454.39,2,0.15
2023-01-22,South,Furniture,1305.2,-237.91,1,0.2
2023-01-22,South,Technology,1336.07,126.05,2,0.2
2023-01-22,West,Office Supplies,1911.7,-283.76,1,0.1
2023-01-23,Central,Technology,4295.22,236.83,3,0.2
2023-01-23,East,Furniture,1905.56,-222.72,2,0.2
2023-01-23,East,Office Supplies,1804.38,70.16,1,0.0
2023-01-23,East,Technology,1462.81,446.92,1,0.1
2023-01-23,South,Technology,1960.69,-248.96,1,0.1
2023-01-23,West,Furniture,1334.72,104.3,1,0.1
2023-01-23,West,Technology,1528.98,220.53,1,0.0
2023-01-24,Central,Office Supplies,489.1,-17.8,1,0.4
2023-01-24,East,Furniture,1453.45,226.48,2,0.25
2023-01-24,East,Office Supplies,1875.54,195.44,2,0.45
2023-01-24,South,Furniture,1455.2,51.74,2,0.15
2023-01-24,West,Furniture,1389.93,-191.91,1,0.2
2023-01-25,South,Furniture,922.86,48.86,1,0.5
2023-01-25,South,Office Supplies,3017.27,342.5,2,0.15
2023-01-25,South,Technology,52.69,16.81,1,0.4
2023-01-25,West,Office Supplies,787.8,-67.99,1,0.0
2023-01-26,Central,Furniture,1852.01,249.57,1,0.0
2023-01-26,Central,Office Supplies,2824.6,-163.34,2,0.35
2023-01-26,South,Office Supplies,2990.46,1043.27,2,0.0
2023-01-26,West,Furniture,1954.73,129.1,1,0.2
2023-01-26,West,Office Supplies,669.54,132.47,1,0.5
2023-01-27,Central,Furniture,1007.64,74.21,1,0.0
2023-01-27,Central,Office Supplies,1322.92,176.09,2,0.25
2023-01-27,East,Technology,1137.94,122.73,1,0.1
2023-01-27,South,Office Supplies,3388.01,79.6,3,0.2667
2023-01-27,West,Furniture,239.76,-22.24,1,0.3
2023-01-28,Central,Furniture,1094.85,-61.39,1,0.0
2023-01-28,Central,Technology,177.16,-9.13,1,0.0
2023-01-28,East,Office Supplies,791.14,210.17,1,0.1
2023-01-28,East,Technology,1942.55,227.67,1,0.1
2023-01-28,South,Furniture,292.95,74.3,1,0.5
2023-01-28,South,Office Supplies,458.54,62.2,1,0.4
2023-01-28,South,Technology,429.91,132.21,1,0.3
2023-01-28,West,Furniture,1448.23,165.82,1,0.1
2023-01-29,Central,Furniture,1922.2,236.91,2,0.05
2023-01-29,Central,Technology,29.51,2.69,1,0.0
2023-01-29,South,Office Supplies,970.53,-186.65,1,0.4
2023-01-29,South,Technology,1895.36,-210.41,1,0.1
2023-01-29,West,Furniture,2355.37,755.31,2,0.0
2023-01-30,Central,Furniture,1855.78,-307.5,1,0.0
2023-01-30,Central,Office Supplies,2595.96,140.79,2,0.35
2023-01-30,East,Office Supplies,1274.19,-86.13,2,0.4
2023-01-30,East,Technology,661.68,165.67,1,0.5
2023-01-30,South,Office Supplies,2342.59,-151.5,2,0.45
2023-01-30,West,Furniture,1781.09,188.12,1,0.4
2023-01-30,West,Office Supplies,745.11,-31.31,1,0.0
2023-01-31,Central,Technology,106.5,-19.38,1,0.0
2023-01-31,South,Office Supplies,1523.29,56.35,1,0.0
2023-01-31,South,Technology,435.31,121.97,1,0.0
2023-02-01,Central,Furniture,767.84,193.31,1,0.2
2023-02-01,Central,Technology,1715.0,-11.46,2,0.0
2023-02-01,East,Furniture,482.76,163.87,1,0.3
2023-02-01,East,Technology,1202.16,219.58,1,0.5
2023-02-01,South,Technology,1952.12,573.67,1,0.1
2023-02-02,Central,Furniture,596.16,10.44,1,0.1
2023-02-02,Central,Office Supplies,2755.02,431.13,3,0.2
2023-02-02,Central,Technology,393.22,-22.57,1,0.4
2023-02-02,East,Office Supplies,537.04,97.36,1,0.0
2023-02-03,Central,Office Supplies,605.12,28.98,1,0.5
2023-02-03,East,Office Supplies,3049.7,819.5,2,0.25
2023-02-03,East,Technology,1947.48,-133.41,1,0.4
2023-02-03,South,Technology,1109.85,101.65,1,0.3
2023-02-03,West,Furniture,2170.75,373.86,2,0.15
2023-02-03,West,Technology,1688.44,466.52,1,0.0
2023-02-04,Central,Office Supplies,1529.16,27.12,2,0.0
2023-02-04,Central,Technology,946.26,52.4,1,0.1
2023-02-04,East,Furniture,3916.77,259.01,3,0.1
2023-02-04,East,Technology,1229.73,-54.15,1,0.5
2023-02-04,South,Furniture,229.82,-24.69,1,0.0
2023-02-04,South,Office Supplies,366.69,-27.31,1,0.0
2023-02-04,South,Technology,205.33,-29.17,1,0.2
2023-02-04,West,Furniture,3398.87,579.33,3,0.1333
2023-02-04,West,Office Supplies,975.24,208.44,1,0.1
2023-02-04,West,Technology,223.97,46.5,1,0.1
2023-02-05,Central,Office Supplies,1083.67,319.43,2,0.2
2023-02-05,East,Furniture,2631.18,543.58,3,0.1
2023-02-05,East,Technology,872.02,333.31,1,0.1
2023-02-05,South,Furniture,1793.59,98.55,1,0.0
2023-02-05,West,Furniture,409.19,8.64,1,0.5
2023-02-05,West,Office Supplies,778.47,-50.82,1,0.3
2023-02-06,Central,Furniture,369.67,57.32,1,0.0
2023-02-06,Central,Office Supplies,1755.11,-296.48,1,0.2
2023-02-06,Central,Technology,1043.47,403.86,1,0.0
2023-02-06,East,Furniture,1811.41,-75.85,2,0.45
2023-02-06,East,Technology,1303.63,50.0,1,0.1
2023-02-06,South,Furniture,1461.39,-135.78,2,0.3
2023-02-06,South,Office Supplies,552.5,201.42,1,0.1
2023-02-06,West,Furniture,1188.14,331.48,1,0.0
2023-02-07,East,Furniture,2896.88,323.39,2,0.25
2023-02-07,East,Technology,1409.56,-72.63,1,0.1
2023-02-07,South,Furniture,3670.22,276.88,2,0.35
2023-02-07,South,Office Supplies,1341.86,499.39,1,0.3
2023-02-07,West,Technology,620.73,50.99,1,0.0
2023-02-08,Central,Furniture,1943.03,-3.36,1,0.5
2023-02-08,East,Office Supplies,675.49,203.87,1,0.1
2023-02-08,East,Technology,519.02,81.15,1,0.0
2023-02-08,West,Furniture,1860.23,190.68,3,0.3
2023-02-08,West,Office Supplies,1827.88,689.05,1,0.1
2023-02-09,Central,Furniture,2011.88,422.34,2,0.2
2023-02-09,East,Technology,1758.63,-293.2,1,0.3
2023-02-09,South,Furniture,1591.69,-252.2,1,0.0
2023-02-09,West,Office Supplies,2358.79,-413.7,2,0.25
2023-02-09,West,Technology,1732.06,516.94,1,0.1
2023-02-10,Central,Office Supplies,1446.07,-80.32,2,0.0
2023-02-10,Central,Technology,290.12,7.04,1,0.0
2023-02-10,East,Technology,380.58,145.93,1,0.3
2023-02-10,South,Technology,1674.3,654.16,1,0.0
2023-02-10,West,Furniture,1095.64,155.31,1,0.0
2023-02-10,West,Technology,883.7,123.92,1,0.0
2023-02-11,Central,Furniture,1756.93,524.28,2,0.25
2023-02-11,Central,Technology,518.75,-94.26,1,0.4
2023-02-11,East,Office Supplies,2492.91,259.31,2,0.05
2023-02-11,South,Furniture,1978.9,-215.08,1,0.3
2023-02-11,South,Office Supplies,609.93,179.35,1,0.0
2023-02-11,West,Furniture,255.72,29.16,1,0.0
2023-02-11,West,Office Supplies,135.45,33.67,1,0.3
2023-02-12,Central,Furniture,625.12,2.11,1,0.0
2023-02-12,Central,Office Supplies,962.72,36.37,1,0.1
2023-02-12,Central,Technology,272.02,-52.07,1,0.5
2023-02-12,East,Furniture,413.38,121.62,1,0.2
2023-02-12,East,Office Supplies,3183.85,488.17,3,0.2333
2023-02-12,East,Technology,862.73,-105.22,1,0.2
2023-02-12,South,Furniture,2199.63,670.73,3,0.2667
2023-02-12,West,Office Supplies,1871.66,-127.56,1,0.0
2023-02-13,Central,Office Supplies,480.74,-68.92,1,0.0
2023-02-13,East,Furniture,37.16,0.04,1,0.3
2023-02-13,East,Office Supplies,833.59,-96.92,1,0.0
2023-02-13,South,Furniture,3293.79,-398.09,3,0.0667
2023-02-13,West,Technology,1408.25,15.55,2,0.2
2023-02-14,Central,Furniture,144.69,-19.46,1,0.0
2023-02-14,Central,Office Supplies,2188.82,533.11,2,0.25
2023-02-14,Central,Technology,655.5,59.64,3,0.1
2023-02-14,East,Office Supplies,1003.04,-180.34,1,0.5
2023-02-14,East,Technology,838.43,-92.98,1,0.0
2023-02-14,South,Furniture,489.58,14.77,1,0.0
2023-02-14,West,Office Supplies,3427.5,1052.51,2,0.5
2023-02-15,Central,Furniture,1880.8,180.21,1,0.2
2023-02-15,Central,Office Supplies,1567.64,181.67,1,0.0
2023-02-15,East,Office Supplies,458.77,-67.96,1,0.2
2023-02-15,South,Furniture,1951.63,497.59,1,0.3
2023-02-15,South,Office Supplies,974.31,-7.04,1,0.0
2023-02-15,South,Technology,4600.84,559.21,4,0.15
2023-02-15,West,Furniture,2458.38,-171.9,2,0.2
2023-02-15,West,Office Supplies,1552.99,504.57,1,0.2
2023-02-16,East,Office Supplies,32.93,0.41,1,0.0
2023-02-16,South,Technology,319.91,56.49,1,0.0
2023-02-16,West,Office Supplies,308.62,89.3,1,0.0
2023-02-17,Central,Furniture,2291.5,-180.49,2,0.05
2023-02-17,Central,Technology,1454.82,311.24,3,0.2
2023-02-17,East,Furniture,1781.67,197.93,1,0.3
2023-02-17,East,Office Supplies,1027.69,-175.24,1,0.0
2023-02-17,South,Office Supplies,1398.95,-102.23,1,0.4
2023-02-17,South,Technology,1157.04,-127.02,1,0.0
2023-02-17,West,Furniture,499.74,97.96,1,0.0
2023-02-17,West,Office Supplies,563.4,118.21,1,0.1
2023-02-17,West,Technology,1049.15,-8.34,2,0.0
2023-02-18,Central,Furniture,1136.3,1.91,2,0.25
2023-02-18,East,Furniture,845.83,13.73,1,0.3
2023-02-18,East,Office Supplies,5585.65,728.84,5,0.04
2023-02-18,South,Technology,1104.07,33.68,1,0.0
2023-02-18,West,Furniture,1476.47,227.43,1,0.0
2023-02-18,West,Office Supplies,2675.63,-112.35,2,0.1
2023-02-19,Central,Furniture,1219.78,414.76,1,0.3
2023-02-19,Central,Office Supplies,2274.17,521.16,3,0.3
2023-02-19,East,Furniture,1367.71,71.88,1,0.0
2023-02-19,East,Office Supplies,324.98,69.12,1,0.0
2023-02-19,South,Furniture,649.93,99.14,2,0.1
2023-02-19,South,Technology,315.99,-17.06,1,0.3
2023-02-19,West,Furniture,3952.45,625.15,4,0.375
2023-02-19,West,Office Supplies,840.07,-7.79,2,0.35
2023-02-19,West,Technology,3602.78,290.96,3,0.2
2023-02-20,Central,Furniture,1996.38,-8.57,2,0.2
2023-02-20,East,Office Supplies,1240.38,-225.39,1,0.0
2023-02-20,East,Technology,820.78,120.82,1,0.0
2023-02-20,South,Technology,1065.81,-149.74,1,0.4
2023-02-21,Central,Office Supplies,395.46,-45.75,1,0.3
2023-02-21,East,Furniture,724.33,-135.33,1,0.2
2023-02-21,East,Office Supplies,567.72,93.5,3,0.1
2023-02-21,East,Technology,1736.44,352.26,2,0.15
2023-02-21,South,Technology,789.27,103.76,2,0.25
2023-02-22,Central,Office Supplies,369.94,-48.31,1,0.0
2023-02-22,Central,Technology,1338.79,395.7,2,0.1
2023-02-22,East,Technology,1723.37,16.14,3,0.2667
2023-02-22,South,Technology,1384.4,27.74,1,0.0
2023-02-22,West,Furniture,4899.19,33.91,3,0.1
2023-02-23,Central,Office Supplies,1816.43,633.94,1,0.4
2023-02-23,East,Furniture,3016.97,27.77,2,0.05
2023-02-23,East,Technology,1086.35,341.72,1,0.0
2023-02-23,West,Office Supplies,303.86,49.89,1,0.2
2023-02-23,West,Technology,384.74,118.29,1,0.2
2023-02-24,Central,Technology,1436.21,-105.01,1,0.4
2023-02-24,South,Technology,883.85,121.21,1,0.4
2023-02-24,West,Furniture,1376.29,542.0,1,0.0
2023-02-24,West,Technology,1929.97,258.93,2,0.2
2023-02-25,Central,Furniture,1977.07,622.16,2,0.05
2023-02-25,Central,Office Supplies,362.17,30.67,1,0.3
2023-02-25,Central,Technology,40.38,-5.97,1,0.2
2023-02-25,East,Furniture,2821.64,-260.62,2,0.4
2023-02-25,East,Office Supplies,804.77,23.89,1,0.1
2023-02-25,East,Technology,1954.39,646.95,1,0.0
2023-02-25,South,Furniture,1747.8,126.16,1,0.4
2023-02-25,South,Office Supplies,1478.71,-72.69,1,0.0
2023-02-25,South,Technology,475.38,36.7,1,0.4
2023-02-25,West,Furniture,1076.85,269.19,1,0.0
2023-02-25,West,Office Supplies,1734.37,306.21,2,0.25
2023-02-25,West,Technology,1129.35,110.75,1,0.0
2023-02-26,Central,Furniture,14.84,2.48,1,0.5
2023-02-26,Central,Technology,1625.19,-159.81,2,0.0
2023-02-26,East,Furniture,2158.46,-44.44,2,0.25
2023-02-26,South,Furniture,2429.33,142.88,2,0.25
2023-02-26,West,Furniture,390.1,69.58,1,0.0
2023-02-26,West,Office Supplies,795.71,39.6,1,0.0
2023-02-27,Central,Furniture,261.37,30.58,1,0.2
2023-02-27,Central,Office Supplies,1502.45,131.16,2,0.1
2023-02-27,Central,Technology,1973.12,-264.61,1,0.0
2023-02-27,East,Furniture,540.63,188.33,1,0.0
2023-02-27,East,Office Supplies,343.48,14.48,1,0.3
2023-02-27,South,Furniture,3233.5,-353.03,2,0.25
2023-02-27,South,Technology,4488.34,755.6,4,0.325
2023-02-27,West,Furniture,1940.9,758.84,1,0.4
2023-02-27,West,Technology,1217.89,-0.95,1,0.1
2023-02-28,Central,Furniture,949.35,377.28,1,0.0
2023-02-28,Central,Office Supplies,1062.9,86.78,2,0.0
2023-02-28,Central,Technology,1706.28,353.39,1,0.0
2023-02-28,East,Furniture,1809.16,320.74,1,0.0
2023-02-28,South,Furniture,5388.62,669.8,3,0.3667
2023-02-28,South,Technology,109.35,23.39,1,0.4
2023-03-01,East,Office Supplies,1425.48,49.14,1,0.3
2023-03-01,East,Technology,287.72,24.01,1,0.1
2023-03-01,South,Technology,1207.59,-166.95,1,0.1
2023-03-01,West,Furniture,706.6,65.49,1,0.0
2023-03-01,West,Office Supplies,61.51,7.06,1,0.4
2023-03-02,Central,Furniture,794.71,-75.38,1,0.2
2023-03-02,Central,Technology,798.11,303.6,1,0.0
2023-03-02,South,Furniture,1027.61,0.15,1,0.5
2023-03-02,West,Technology,1973.88,-106.43,1,0.3
2023-03-03,Central,Office Supplies,1929.57,85.86,2,0.25
2023-03-03,Central,Technology,1888.31,189.91,1,0.4
2023-03-03,South,Furniture,1959.79,670.88,1,0.0
2023-03-03,South,Technology,760.04,157.09,1,0.1
2023-03-03,West,Furniture,744.21,255.73,1,0.3
2023-03-03,West,Office Supplies,618.93,-111.45,1,0.5
2023-03-03,West,Technology,1947.71,39.75,1,0.5
2023-03-04,Central,Furniture,1141.91,-226.09,1,0.1
2023-03-04,Central,Technology,40.78,11.59,1,0.3
2023-03-04,East,Furniture,493.58,133.7,1,0.0
2023-03-04,East,Technology,393.92,5.41,2,0.4
2023-03-04,South,Furniture,850.3,335.24,1,0.5
2023-03-04,West,Furniture,18.45,6.17,1,0.1
2023-03-05,East,Furniture,993.73,111.56,1,0.0
2023-03-05,East,Office Supplies,2167.09,-302.87,2,0.1
2023-03-05,East,Technology,1974.85,641.33,2,0.25
2023-03-05,South,Furniture,144.13,18.33,1,0.2
2023-03-05,South,Office Supplies,2027.67,200.09,2,0.15
2023-03-06,Central,Technology,1510.76,438.64,1,0.4
2023-03-06,East,Furniture,510.54,29.82,1,0.0
2023-03-06,East,Technology,1275.36,-204.32,1,0.0
2023-03-06,South,Furniture,2090.97,357.15,2,0.25
2023-03-06,South,Office Supplies,889.96,-100.82,1,0.3
2023-03-06,South,Technology,2191.24,174.26,2,0.0
2023-03-06,West,Furniture,1523.25,493.3,1,0.0
2023-03-06,West,Office Supplies,1350.57,144.17,2,0.4
2023-03-06,West,Technology,547.5,207.66,1,0.2
2023-03-07,Central,Office Supplies,3048.37,381.97,2,0.0
2023-03-07,Central,Technology,3226.7,-93.94,4,0.15
2023-03-07,East,Technology,2021.7,375.07,2,0.05
2023-03-07,South,Technology,1723.37,-164.72,1,0.0
2023-03-07,West,Furniture,202.8,59.25,1,0.2
2023-03-07,West,Office Supplies,4451.1,-176.57,3,0.2333
2023-03-07,West,Technology,2920.6,117.18,2,0.0
2023-03-08,Central,Office Supplies,2519.77,270.83,2,0.1
2023-03-08,Central,Technology,511.87,158.4,1,0.5
2023-03-08,East,Furniture,1026.74,365.41,1,0.0
2023-03-08,East,Technology,766.1,-27.05,1,0.0
2023-03-08,South,Furniture,1530.38,300.03,1,0.5
2023-03-08,South,Office Supplies,1030.05,-134.76,2,0.15
2023-03-08,South,Technology,559.28,195.32,1,0.0
2023-03-08,West,Office Supplies,2033.84,56.31,2,0.25
2023-03-09,Central,Office Supplies,1528.43,161.9,1,0.2
2023-03-09,Central,Technology,1941.55,560.45,1,0.0
2023-03-09,South,Furniture,2278.25,723.65,2,0.2
2023-03-09,South,Office Supplies,48.69,16.97,1,0.0
2023-03-09,West,Furniture,1678.97,162.28,1,0.0
2023-03-09,West,Technology,1885.92,52.14,2,0.2
2023-03-10,Central,Technology,2555.27,662.56,2,0.15
2023-03-10,East,Furniture,726.22,16.59,1,0.0
2023-03-10,South,Furniture,1253.51,385.72,1,0.0
2023-03-10,West,Furniture,1808.18,508.91,1,0.3
2023-03-10,West,Technology,991.09,-33.2,1,0.0
2023-03-11,Central,Office Supplies,571.83,222.27,1,0.1
2023-03-11,Central,Technology,1218.36,-241.04,1,0.0
2023-03-11,East,Office Supplies,1506.96,334.58,2,0.4
2023-03-11,East,Technology,1454.8,554.6,1,0.4
2023-03-11,South,Furniture,1515.37,143.18,2,0.2
2023-03-11,South,Office Supplies,216.28,48.77,1,0.2
2023-03-11,West,Office Supplies,2432.49,295.54,3,0.1333
2023-03-11,West,Technology,2709.09,290.81,2,0.3
2023-03-12,Central,Furniture,1989.17,466.07,1,0.0
2023-03-12,Central,Office Supplies,906.68,-140.05,1,0.1
2023-03-12,East,Furniture,1768.57,180.19,1,0.3
2023-03-12,East,Office Supplies,2413.69,754.73,2,0.5
2023-03-12,South,Furniture,85.72,11.22,1,0.4
2023-03-12,South,Office Supplies,555.61,160.46,1,0.1
2023-03-12,West,Furniture,1891.8,66.45,1,0.0
2023-03-12,West,Office Supplies,182.3,-19.18,1,0.3
2023-03-13,Central,Office Supplies,152.93,33.31,1,0.2
2023-03-13,East,Office Supplies,4321.01,907.6,3,0.2333
2023-03-13,South,Office Supplies,544.79,-68.86,1,0.2
2023-03-13,South,Technology,1909.42,-181.22,1,0.2
2023-03-13,West,Office Supplies,461.82,-59.52,1,0.5
2023-03-14,Central,Office Supplies,1408.88,138.31,2,0.25
2023-03-14,Central,Technology,1223.39,405.59,1,0.0
2023-03-14,East,Office Supplies,2079.12,636.9,2,0.25
2023-03-14,East,Technology,554.52,44.22,1,0.3
2023-03-14,South,Furniture,2567.55,-13.86,2,0.0
2023-03-14,West,Furniture,323.32,123.67,1,0.0
2023-03-14,West,Technology,1847.02,-203.1,1,0.0
2023-03-15,Central,Furniture,528.05,187.99,1,0.3
2023-03-15,Central,Technology,108.58,-18.91,1,0.4
2023-03-15,East,Office Supplies,810.89,230.55,1,0.0
2023-03-15,East,Technology,548.47,159.83,1,0.5
2023-03-15,South,Furniture,3855.92,586.39,3,0.2
2023-03-15,South,Office Supplies,157.13,41.9,1,0.2
2023-03-15,West,Technology,1524.83,-193.75,2,0.0
2023-03-16,Central,Technology,98.69,13.55,1,0.0
2023-03-16,East,Furniture,390.97,89.94,1,0.4
2023-03-16,West,Furniture,599.77,-69.68,1,0.4
2023-03-16,West,Technology,380.85,25.55,1,0.1
2023-03-17,Central,Office Supplies,1272.12,-131.04,1,0.3
2023-03-17,Central,Technology,3483.77,272.18,3,0.2667
2023-03-17,East,Furniture,701.45,90.74,2,0.15
2023-03-17,East,Office Supplies,1581.34,-81.57,2,0.25
2023-03-17,East,Technology,1691.63,276.29,1,0.5
2023-03-17,South,Office Supplies,718.92,-61.69,1,0.4
2023-03-17,South,Technology,156.26,-22.37,1,0.0
2023-03-17,West,Office Supplies,1910.03,602.6,2,0.3
2023-03-17,West,Technology,4394.35,-629.68,3,0.1
2023-03-18,Central,Furniture,1781.0,-313.36,1,0.3
2023-03-18,Central,Office Supplies,1442.16,-108.12,1,0.3
2023-03-18,Central,Technology,528.16,76.66,1,0.0
2023-03-18,East,Furniture,875.2,87.52,1,0.2
2023-03-18,South,Furniture,1190.0,-1.25,2,0.4
2023-03-19,Central,Technology,4826.37,644.55,3,0.2667
2023-03-19,East,Furniture,3162.88,831.45,2,0.35
2023-03-19,East,Office Supplies,1046.29,-52.22,1,0.3
2023-03-19,South,Office Supplies,545.36,206.96,1,0.2
2023-03-19,South,Technology,3536.7,651.03,3,0.3
2023-03-19,West,Office Supplies,1188.27,341.16,1,0.0
2023-03-19,West,Technology,238.43,57.92,1,0.1
2023-03-20,Central,Furniture,1517.77,321.74,1,0.0
2023-03-20,Central,Technology,188.86,56.99,1,0.5
2023-03-20,East,Technology,1542.85,550.38,1,0.3
2023-03-20,South,Furniture,393.29,27.49,1,0.4
2023-03-20,South,Technology,354.95,64.31,1,0.0
2023-03-20,West,Furniture,1673.72,174.05,1,0.4
2023-03-20,West,Office Supplies,89.93,-16.63,1,0.2
2023-03-20,West,Technology,581.38,232.54,1,0.3
2023-03-21,Central,Office Supplies,1357.19,137.47,1,0.0
2023-03-21,East,Technology,2060.08,-113.03,3,0.3
2023-03-21,South,Office Supplies,2645.81,34.02,2,0.0
2023-03-21,South,Technology,2099.17,535.77,2,0.25
2023-03-21,West,Furniture,2443.43,328.55,2,0.25
2023-03-21,West,Office Supplies,819.92,253.54,1,0.0
2023-03-21,West,Technology,885.79,-73.67,1,0.0
2023-03-22,Central,Furniture,291.06,-8.34,1,0.4
2023-03-22,Central,Office Supplies,618.94,223.62,1,0.0
2023-03-22,East,Furniture,1837.64,481.51,1,0.4
2023-03-22,East,Office Supplies,2236.72,-153.21,2,0.05
2023-03-22,East,Technology,3543.68,-210.11,3,0.2333
2023-03-22,South,Furniture,990.66,155.25,1,0.3
2023-03-22,South,Technology,746.93,-130.18,1,0.0
2023-03-22,West,Office Supplies,1858.65,474.87,2,0.1
2023-03-22,West,Technology,603.68,153.58,1,0.3
2023-03-23,Central,Furniture,1906.88,-160.82,2,0.25
2023-03-23,East,Furniture,1816.18,252.36,1,0.1
2023-03-23,East,Office Supplies,1758.06,-52.87,1,0.3
2023-03-23,West,Furniture,2367.67,209.96,2,0.2
2023-03-23,West,Office Supplies,1083.06,-44.19,1,0.4
2023-03-24,Central,Furniture,1795.57,502.78,1,0.1
2023-03-24,Central,Office Supplies,1452.44,-124.68,1,0.0
2023-03-24,Central,Technology,1062.7,109.79,1,0.5
2023-03-24,East,Office Supplies,722.26,-71.02,2,0.0
2023-03-24,East,Technology,391.85,39.39,1,0.2
2023-03-24,West,Furniture,1166.35,-34.17,1,0.0
2023-03-24,West,Office Supplies,1149.08,25.09,1,0.0
2023-03-24,West,Technology,1009.31,256.69,1,0.0
2023-03-25,Central,Furniture,120.31,43.34,1,0.0
2023-03-25,East,Furniture,910.57,94.13,1,0.4
2023-03-25,East,Office Supplies,1849.33,125.97,1,0.2
2023-03-25,East,Technology,431.11,143.49,1,0.1
2023-03-25,South,Office Supplies,1597.65,575.17,1,0.2
2023-03-25,West,Furniture,1444.79,321.33,1,0.3
2023-03-25,West,Office Supplies,328.37,24.39,1,0.4
2023-03-25,West,Technology,819.34,221.17,1,0.4
2023-03-26,Central,Furniture,1286.28,320.33,1,0.2
2023-03-26,Central,Technology,801.54,127.25,1,0.0
2023-03-26,East,Furniture,1170.55,-7.85,1,0.3
2023-03-26,South,Office Supplies,2372.29,-180.54,2,0.05
2023-03-26,South,Technology,1502.84,173.49,1,0.0
2023-03-26,West,Technology,1417.36,-241.82,1,0.4
2023-03-27,Central,Office Supplies,542.2,9.23,1,0.0
2023-03-27,Central,Technology,2936.82,279.25,2,0.0
2023-03-27,East,Furniture,595.41,229.04,1,0.3
2023-03-27,East,Technology,225.77,14.2,1,0.1
2023-03-27,South,Furniture,310.74,-13.93,1,0.0
2023-03-27,South,Office Supplies,669.66,30.84,1,0.2
2023-03-28,Central,Office Supplies,1449.38,-101.2,1,0.1
2023-03-28,Central,Technology,564.42,6.03,1,0.2
2023-03-28,South,Technology,1359.63,60.24,1,0.0
2023-03-28,West,Technology,4587.72,730.49,5,0.16
2023-03-29,Central,Office Supplies,540.6,-69.77,1,0.2
2023-03-29,Central,Technology,1794.12,-343.7,1,0.0
2023-03-29,East,Technology,5203.76,387.48,3,0.1333
2023-03-29,South,Technology,1363.05,379.81,1,0.0
2023-03-29,West,Office Supplies,1681.84,44.36,2,0.0
2023-03-29,West,Technology,1932.6,-242.39,1,0.0
2023-03-30,Central,Office Supplies,463.21,180.27,1,0.4
2023-03-30,Central,Technology,2007.7,167.92,2,0.15
2023-03-30,East,Furniture,4677.23,1022.01,5,0.16
2023-03-30,East,Office Supplies,1663.57,457.97,1,0.0
2023-03-30,East,Technology,2147.82,305.42,2,0.15
2023-03-30,South,Furniture,155.28,60.43,1,0.0
2023-03-30,West,Furniture,1855.51,505.54,1,0.4
2023-03-30,West,Office Supplies,2748.0,404.2,3,0.1667
2023-03-30,West,Technology,1893.17,-124.23,1,0.2
2023-03-31,Central,Furniture,578.56,-28.64,1,0.2
2023-03-31,Central,Office Supplies,1380.91,523.36,1,0.2
2023-03-31,Central,Technology,956.89,375.59,1,0.4
2023-03-31,East,Furniture,755.2,-54.53,1,0.0
2023-03-31,East,Office Supplies,1713.49,-83.77,1,0.5
2023-03-31,South,Furniture,1773.54,-257.69,3,0.2667
2023-03-31,South,Technology,1966.27,408.87,1,0.0
2023-03-31,West,Office Supplies,1118.04,97.47,1,0.4
2023-04-01,Central,Furniture,292.33,72.4,1,0.0
2023-04-01,East,Furniture,1515.35,405.5,1,0.0
2023-04-01,East,Office Supplies,1144.86,151.05,1,0.3
2023-04-01,South,Office Supplies,2920.39,572.95,2,0.15
2023-04-02,Central,Technology,214.62,26.41,1,0.0
2023-04-02,South,Furniture,2974.44,-464.53,2,0.15
2023-04-02,South,Technology,652.57,20.98,1,0.0
2023-04-02,West,Technology,1460.11,126.17,1,0.0
2023-04-03,Central,Furniture,159.76,24.41,1,0.2
2023-04-03,Central,Office Supplies,16.86,0.91,1,0.0
2023-04-03,East,Office Supplies,3591.13,1149.6,2,0.2
2023-04-03,East,Technology,1289.82,512.42,1,0.0
2023-04-03,South,Technology,1362.7,-157.02,1,0.1
2023-04-03,West,Furniture,1419.85,490.91,1,0.2
2023-04-03,West,Technology,1838.85,467.71,1,0.0
2023-04-04,Central,Furniture,320.3,55.43,1,0.1
2023-04-04,Central,Office Supplies,995.7,-42.64,1,0.2
2023-04-04,Central,Technology,1323.66,440.07,1,0.0
2023-04-04,East,Office Supplies,2175.76,524.68,2,0.1
2023-04-04,East,Technology,449.89,53.5,1,0.2
2023-04-04,South,Furniture,1669.92,209.15,1,0.0
2023-04-04,South,Technology,3722.04,710.06,3,0.2
2023-04-04,West,Technology,1937.92,293.11,2,0.2
2023-04-05,East,Furniture,980.03,293.43,1,0.4
2023-04-05,East,Office Supplies,726.72,93.14,1,0.2
2023-04-05,East,Technology,1787.57,-44.43,1,0.0
2023-04-05,West,Furniture,422.52,-45.84,1,0.0
2023-04-05,West,Technology,1854.94,161.37,1,0.5
2023-04-06,Central,Furniture,478.41,35.13,1,0.5
2023-04-06,Central,Technology,350.43,135.09,1,0.0
2023-04-06,East,Furniture,1871.99,630.28,1,0.0
2023-04-06,East,Office Supplies,2888.25,350.03,2,0.2
2023-04-06,South,Office Supplies,1727.4,11.63,1,0.0
2023-04-06,West,Furniture,1190.57,-42.41,1,0.0
2023-04-06,West,Office Supplies,824.28,154.54,1,0.1
2023-04-06,West,Technology,477.16,130.16,1,0.0
2023-04-07,Central,Office Supplies,791.45,196.87,1,0.0
2023-04-07,Central,Technology,1660.75,-34.48,1,0.0
2023-04-07,East,Furniture,1732.6,341.85,1,0.2
2023-04-07,East,Office Supplies,2332.49,24.13,2,0.45
2023-04-07,South,Office Supplies,694.2,77.59,1,0.0
2023-04-07,West,Furniture,2701.0,423.66,3,0.1333
2023-04-07,West,Office Supplies,578.57,207.72,1,0.2
2023-04-07,West,Technology,532.12,-16.16,1,0.0
2023-04-08,East,Furniture,115.06,-10.24,1,0.0
2023-04-08,East,Technology,1079.25,-89.8,1,0.5
2023-04-08,South,Furniture,1472.45,-104.76,1,0.3
2023-04-08,South,Office Supplies,938.57,255.13,1,0.3
2023-04-08,South,Technology,1589.0,400.76,1,0.5
2023-04-08,West,Office Supplies,1645.5,316.68,1,0.5
2023-04-09,Central,Office Supplies,303.31,81.32,1,0.5
2023-04-09,East,Office Supplies,1168.53,125.72,1,0.3
2023-04-09,East,Technology,2136.07,358.79,3,0.2667
2023-04-09,South,Technology,1507.94,477.84,1,0.0
2023-04-09,West,Office Supplies,1904.68,-259.23,1,0.2
2023-04-09,West,Technology,2075.15,568.29,2,0.2
2023-04-10,Central,Furniture,3165.91,-53.45,2,0.2
2023-04-10,Central,Office Supplies,1482.56,82.32,1,0.0
2023-04-10,Central,Technology,2161.3,433.64,2,0.2
2023-04-10,East,Office Supplies,505.04,13.97,1,0.1
2023-04-10,South,Technology,1456.3,157.66,1,0.0
2023-04-10,West,Furniture,587.08,1.76,2,0.0
2023-04-10,West,Technology,264.43,-43.15,1,0.0
2023-04-11,Central,Technology,978.71,-118.73,1,0.3
2023-04-11,East,Furniture,1717.8,601.81,1,0.0
2023-04-11,East,Office Supplies,1581.82,351.7,1,0.5
2023-04-11,East,Technology,1236.41,273.93,1,0.4
2023-04-12,Central,Technology,1568.18,273.74,2,0.2
2023-04-12,East,Office Supplies,4557.28,53.89,3,0.2333
2023-04-12,South,Furniture,1850.05,111.05,2,0.0
2023-04-12,South,Office Supplies,3422.82,-143.5,2,0.45
2023-04-12,South,Technology,147.85,40.42,1,0.0
2023-04-12,West,Furniture,85.01,-4.43,1,0.0
2023-04-12,West,Technology,2087.39,21.95,2,0.4
2023-04-13,East,Furniture,1821.41,597.98,1,0.0
2023-04-13,South,Furniture,2307.5,-64.6,2,0.4
2023-04-13,South,Office Supplies,2934.84,1056.27,2,0.15
2023-04-13,West,Office Supplies,1875.13,463.6,2,0.0
2023-04-13,West,Technology,758.73,116.51,1,0.5
2023-04-14,Central,Furniture,1350.52,84.98,2,0.15
2023-04-14,Central,Office Supplies,1252.76,312.33,1,0.4
2023-04-14,East,Office Supplies,564.13,-23.88,1,0.0
2023-04-14,South,Furniture,562.83,-2.66,1,0.1
2023-04-14,South,Technology,2877.33,148.79,2,0.05
2023-04-14,West,Furniture,1689.37,4.03,1,0.1
2023-04-14,West,Office Supplies,719.37,27.82,1,0.3
2023-04-15,Central,Office Supplies,1480.77,126.93,1,0.0
2023-04-15,Central,Technology,1037.89,185.77,1,0.5
2023-04-15,East,Office Supplies,907.57,29.78,2,0.05
2023-04-15,East,Technology,2170.21,283.0,2,0.15
2023-04-15,South,Furniture,334.59,85.88,1,0.1
2023-04-15,South,Technology,2107.42,123.92,2,0.35
2023-04-15,West,Office Supplies,1282.55,249.85,1,0.0
2023-04-15,West,Technology,2166.8,91.73,2,0.1
2023-04-16,Central,Office Supplies,1497.68,491.46,1,0.0
2023-04-16,Central,Technology,1556.18,-264.83,1,0.2
2023-04-16,East,Technology,2318.81,708.23,2,0.1
2023-04-16,South,Office Supplies,268.35,-33.2,1,0.3
2023-04-16,South,Technology,1366.01,130.58,1,0.1
2023-04-16,West,Technology,1434.58,-7.14,1,0.2
2023-04-17,Central,Office Supplies,1639.96,-162.91,1,0.0
2023-04-17,Central,Technology,940.25,71.45,1,0.0
2023-04-17,East,Office Supplies,1970.33,236.3,1,0.0
2023-04-17,East,Technology,1008.23,290.45,1,0.3
2023-04-17,South,Office Supplies,1311.37,91.95,2,0.25
2023-04-17,South,Technology,711.57,258.04,1,0.2
2023-04-17,West,Furniture,958.43,145.78,1,0.0
2023-04-18,Central,Office Supplies,1181.05,86.61,1,0.0
2023-04-18,Central,Technology,1689.23,203.34,2,0.1
2023-04-18,East,Furniture,235.67,16.47,1,0.0
2023-04-18,East,Office Supplies,305.76,113.51,1,0.0
2023-04-18,East,Technology,1991.52,710.07,2,0.05
2023-04-18,South,Office Supplies,2408.6,875.67,2,0.1
2023-04-18,West,Furniture,1531.93,-248.58,1,0.2
2023-04-19,Central,Furniture,1608.6,355.08,1,0.0
2023-04-19,East,Technology,1223.16,391.84,1,0.0
2023-04-19,South,Furniture,1933.09,246.58,1,0.5
2023-04-19,South,Technology,30.35,-1.01,1,0.4
2023-04-19,West,Furniture,4527.44,568.51,4,0.0
2023-04-19,West,Office Supplies,1812.01,-320.44,1,0.1
2023-04-19,West,Technology,1845.94,-65.55,2,0.25
2023-04-20,Central,Furniture,1107.96,293.85,2,0.15
2023-04-20,Central,Technology,946.98,105.89,1,0.1
2023-04-20,East,Furniture,1265.67,-167.85,1,0.0
2023-04-20,East,Office Supplies,88.48,-15.32,1,0.0
2023-04-20,South,Furniture,613.06,-11.1,1,0.4
2023-04-20,South,Office Supplies,692.8,-64.95,1,0.2
2023-04-20,West,Furniture,1211.73,47.24,1,0.3
2023-04-21,Central,Furniture,2234.16,195.37,3,0.1
2023-04-21,Central,Technology,1950.67,-1.5,1,0.0
2023-04-21,East,Furniture,192.9,12.16,1,0.0
2023-04-21,South,Technology,967.27,182.35,1,0.0
2023-04-21,West,Office Supplies,1315.29,377.41,2,0.15
2023-04-21,West,Technology,978.74,-37.55,1,0.4
2023-04-22,Central,Furniture,741.22,178.29,1,0.2
2023-04-22,Central,Technology,542.58,-77.34,1,0.0
2023-04-22,South,Office Supplies,3333.95,-76.78,2,0.05
2023-04-22,West,Office Supplies,1526.41,79.84,2,0.0
2023-04-22,West,Technology,464.25,-37.56,1,0.0
2023-04-23,Central,Furniture,1952.49,349.79,1,0.2
2023-04-23,Central,Technology,998.94,-45.98,1,0.3
2023-04-23,East,Furniture,438.18,-18.86,1,0.1
2023-04-23,West,Technology,1794.34,268.25,1,0.3
2023-04-24,Central,Furniture,342.96,9.78,1,0.3
2023-04-24,Central,Office Supplies,93.13,6.39,1,0.1
2023-04-24,East,Office Supplies,1153.26,402.47,1,0.0
2023-04-24,West,Furniture,3676.91,971.18,2,0.3
2023-04-25,Central,Furniture,317.46,97.25,1,0.0
2023-04-25,Central,Office Supplies,1901.91,-69.27,2,0.45
2023-04-25,East,Furniture,3085.51,579.59,2,0.15
2023-04-25,East,Technology,2695.36,-190.82,2,0.2
2023-04-25,South,Technology,1643.68,-239.74,1,0.2
2023-04-25,West,Office Supplies,339.41,-40.89,1,0.0
2023-04-25,West,Technology,271.7,101.6,1,0.2
2023-04-26,Central,Furniture,1738.34,70.6,1,0.5
2023-04-26,Central,Office Supplies,415.74,134.57,1,0.5
2023-04-26,Central,Technology,1838.32,162.44,3,0.1667
2023-04-26,East,Furniture,1816.87,142.5,2,0.25
2023-04-26,East,Technology,211.52,-4.73,1,0.0
2023-04-26,South,Furniture,3438.61,891.59,5,0.28
2023-04-26,South,Office Supplies,2559.34,161.88,4,0.15
2023-04-26,South,Technology,1879.36,89.88,1,0.1
2023-04-26,West,Furniture,3344.11,133.31,3,0.2667
2023-04-26,West,Office Supplies,311.32,21.55,1,0.3
2023-04-27,East,Office Supplies,879.65,-67.79,1,0.0
2023-04-27,South,Furniture,557.56,97.91,1,0.0
2023-04-27,West,Office Supplies,1496.33,460.24,1,0.3
2023-04-27,West,Technology,5413.12,314.67,3,0.1667
2023-04-28,Central,Office Supplies,2000.35,522.97,2,0.15
2023-04-28,Central,Technology,2261.87,332.57,2,0.3
2023-04-28,East,Furniture,3050.9,482.38,2,0.05
2023-04-28,East,Office Supplies,2733.94,608.65,2,0.05
2023-04-28,South,Office Supplies,2438.38,-321.16,2,0.25
2023-04-28,South,Technology,1688.35,-151.73,2,0.15
2023-04-28,West,Office Supplies,1152.94,271.55,1,0.4
2023-04-29,Central,Office Supplies,207.58,76.14,1,0.5
2023-04-29,Central,Technology,3099.2,362.43,2,0.3
2023-04-29,East,Furniture,789.51,168.61,2,0.35
2023-04-29,South,Furniture,1347.57,-203.56,1,0.2
2023-04-29,South,Office Supplies,970.73,146.9,2,0.5
2023-04-29,West,Technology,1696.37,222.2,1,0.5
2023-04-30,Central,Office Supplies,1952.34,432.76,1,0.0
2023-04-30,Central,Technology,1695.59,453.58,1,0.2
2023-04-30,South,Office Supplies,138.24,27.89,1,0.3
2023-04-30,South,Technology,207.05,75.25,1,0.4
2023-04-30,West,Furniture,1882.07,702.67,1,0.0
2023-05-01,Central,Furniture,540.82,76.41,1,0.3
2023-05-01,Central,Office Supplies,1511.04,-48.77,1,0.5
2023-05-01,East,Furniture,3761.43,616.07,3,0.4
2023-05-01,East,Technology,42.38,0.82,1,0.4
2023-05-01,South,Office Supplies,566.85,183.01,1,0.4
2023-05-01,South,Technology,1020.33,-71.88,1,0.2
2023-05-01,West,Office Supplies,1360.07,282.78,1,0.0
2023-05-02,East,Furniture,744.45,87.41,1,0.2
2023-05-02,East,Office Supplies,2192.27,141.21,2,0.1
2023-05-02,South,Furniture,1884.31,556.41,1,0.5
2023-05-02,South,Technology,2601.76,343.19,2,0.25
2023-05-02,West,Office Supplies,1908.51,206.99,1,0.1
2023-05-02,West,Technology,3180.44,-14.81,2,0.3
2023-05-03,Central,Office Supplies,1865.61,28.81,2,0.2
2023-05-03,East,Furniture,462.7,-56.54,1,0.4
2023-05-03,South,Furniture,923.02,284.42,1,0.4
2023-05-04,Central,Office Supplies,121.26,-17.21,1,0.4
2023-05-04,Central,Technology,607.29,163.76,1,0.5
2023-05-04,East,Furniture,26.99,-2.69,1,0.4
2023-05-04,East,Technology,1882.98,526.96,1,0.5
2023-05-04,South,Furniture,1844.62,79.85,1,0.2
2023-05-04,South,Technology,673.47,-62.16,1,0.0
2023-05-04,West,Furniture,1008.49,98.81,1,0.0
2023-05-04,West,Technology,2023.29,384.44,3,0.0
2023-05-05,Central,Office Supplies,602.2,53.79,1,0.0
2023-05-05,South,Office Supplies,3245.22,848.23,3,0.1667
2023-05-05,South,Technology,988.85,-126.96,1,0.0
2023-05-05,West,Technology,1781.53,279.69,2,0.1
2023-05-06,Central,Furniture,1551.18,362.28,2,0.15
2023-05-06,Central,Technology,1960.47,281.97,1,0.4
2023-05-06,East,Technology,3101.5,567.73,2,0.45
2023-05-06,South,Office Supplies,1898.96,122.53,1,0.0
2023-05-06,West,Furniture,2963.82,-89.33,3,0.2333
2023-05-07,Central,Technology,385.86,-45.09,1,0.1
2023-05-07,East,Technology,874.34,267.21,2,0.3
2023-05-07,South,Furniture,155.78,50.6,1,0.0
2023-05-07,South,Office Supplies,976.9,47.75,2,0.0
2023-05-07,South,Technology,742.35,-70.22,1,0.4
2023-05-07,West,Furniture,2483.8,470.94,2,0.1
2023-05-07,West,Office Supplies,64.92,-3.25,1,0.0
2023-05-07,West,Technology,1158.08,66.81,1,0.3
2023-05-08,Central,Office Supplies,1066.56,163.44,1,0.3
2023-05-08,Central,Technology,2336.13,703.17,2,0.05
2023-05-08,East,Furniture,1404.19,53.21,1,0.0
2023-05-08,East,Technology,122.17,13.25,1,0.1
2023-05-08,South,Furniture,194.96,-25.69,1,0.0
2023-05-08,South,Technology,2704.73,-386.72,2,0.1
2023-05-08,West,Furniture,1063.11,10.52,1,0.0
2023-05-08,West,Office Supplies,199.07,-2.49,1,0.2
2023-05-08,West,Technology,1932.97,-230.66,1,0.2
2023-05-09,East,Technology,1129.06,-135.23,1,0.5
2023-05-09,South,Office Supplies,2991.83,717.84,3,0.0667
2023-05-09,West,Furniture,715.13,35.13,1,0.5
2023-05-09,West,Office Supplies,1473.22,-183.3,1,0.0
2023-05-09,West,Technology,767.9,2.86,1,0.2
2023-05-10,Central,Furniture,681.49,-45.4,1,0.0
2023-05-10,East,Office Supplies,198.89,12.03,1,0.4
2023-05-10,East,Technology,2279.52,-309.28,3,0.1333
2023-05-10,West,Furniture,1298.91,-50.63,2,0.0
2023-05-10,West,Office Supplies,1437.2,509.52,1,0.3
2023-05-10,West,Technology,3067.11,456.17,2,0.0
2023-05-11,Central,Technology,1096.71,-77.12,1,0.4
2023-05-11,East,Furniture,1523.17,-110.84,1,0.2
2023-05-11,South,Furniture,1154.64,-65.37,1,0.3
2023-05-11,South,Office Supplies,978.46,104.2,3,0.2667
2023-05-11,West,Furniture,3170.57,-82.68,2,0.15
2023-05-12,Central,Furniture,1279.5,383.65,2,0.35
2023-05-12,Central,Office Supplies,96.1,26.93,1,0.5
2023-05-12,East,Technology,1292.18,331.97,1,0.0
2023-05-12,South,Furniture,233.25,39.08,1,0.5
2023-05-12,South,Office Supplies,11.91,0.1,1,0.0
2023-05-12,West,Office Supplies,206.2,18.61,1,0.0
2023-05-13,Central,Office Supplies,2964.52,692.57,2,0.25
2023-05-13,East,Furniture,1242.96,345.45,1,0.0
2023-05-13,East,Technology,2376.58,231.27,2,0.4
2023-05-13,South,Furniture,567.52,-10.34,1,0.0
2023-05-13,South,Office Supplies,1798.98,165.15,2,0.15
2023-05-13,South,Technology,976.98,-117.86,1,0.4
2023-05-13,West,Furniture,868.41,172.19,1,0.0
2023-05-13,West,Technology,968.63,170.01,1,0.0
2023-05-14,Central,Furniture,1333.37,510.41,1,0.0
2023-05-14,Central,Technology,2511.41,-148.6,2,0.2
2023-05-14,East,Furniture,65.54,6.78,1,0.4
2023-05-14,South,Furniture,1852.69,671.46,2,0.15
2023-05-14,West,Office Supplies,1855.89,688.51,2,0.15
2023-05-15,Central,Furniture,638.54,214.37,1,0.2
2023-05-15,Central,Technology,1639.4,376.71,3,0.1333
2023-05-15,East,Technology,668.13,-71.55,1,0.0
2023-05-15,South,Office Supplies,1820.59,287.22,2,0.2
2023-05-15,West,Furniture,1172.9,-197.47,1,0.4
2023-05-15,West,Technology,926.5,154.37,2,0.35
2023-05-16,Central,Furniture,2413.12,536.17,2,0.35
2023-05-16,Central,Office Supplies,1720.63,-190.89,1,0.1
2023-05-16,Central,Technology,2041.3,388.15,2,0.05
2023-05-16,East,Technology,1178.38,467.56,1,0.5
2023-05-16,South,Furniture,1885.81,-284.3,1,0.3
2023-05-16,South,Office Supplies,1343.33,483.11,1,0.0
2023-05-16,West,Furniture,1198.67,356.43,2,0.3
2023-05-16,West,Technology,352.88,86.4,1,0.3
2023-05-17,Central,Office Supplies,113.62,19.28,1,0.2
2023-05-17,East,Furniture,1621.57,253.77,1,0.3
2023-05-17,East,Technology,1198.42,160.83,1,0.0
2023-05-17,South,Office Supplies,1228.56,69.47,1,0.2
2023-05-17,South,Technology,1683.75,111.75,2,0.05
2023-05-17,West,Technology,1362.97,-1.54,1,0.0
2023-05-18,East,Office Supplies,1902.07,-207.92,1,0.3
2023-05-18,East,Technology,1704.66,-117.75,1,0.2
2023-05-18,South,Furniture,699.09,156.28,1,0.0
2023-05-18,South,Technology,3512.08,712.58,3,0.2333
2023-05-18,West,Furniture,1788.83,240.69,2,0.15
2023-05-18,West,Office Supplies,3044.53,-242.9,2,0.2
2023-05-18,West,Technology,2227.98,-343.87,2,0.35
2023-05-19,Central,Technology,1009.37,110.57,2,0.3
2023-05-19,East,Furniture,1667.35,-51.36,1,0.0
2023-05-19,East,Office Supplies,44.57,-7.25,1,0.0
2023-05-19,West,Furniture,759.53,-24.37,1,0.4
2023-05-19,West,Office Supplies,3335.03,-246.33,3,0.3667
2023-05-20,Central,Furniture,125.46,-10.72,1,0.0
2023-05-20,East,Furniture,999.21,162.8,1,0.2
2023-05-20,East,Office Supplies,1918.72,-99.64,1,0.5
2023-05-20,East,Technology,1283.06,114.5,1,0.5
2023-05-20,South,Office Supplies,2856.29,656.53,2,0.25
2023-05-20,West,Office Supplies,157.13,51.41,1,0.2
2023-05-20,West,Technology,1942.72,273.47,2,0.05
2023-05-21,Central,Furniture,425.15,38.82,1,0.0
2023-05-21,Central,Office Supplies,1979.47,479.97,1,0.3
2023-05-21,East,Furniture,747.95,-49.8,2,0.0
2023-05-21,South,Office Supplies,3485.52,1010.79,2,0.05
2023-05-21,West,Furniture,268.82,28.19,1,0.4
2023-05-21,West,Office Supplies,83.41,26.13,1,0.3
2023-05-22,Central,Furniture,364.74,60.33,1,0.0
2023-05-22,Central,Technology,2700.52,282.79,2,0.2
2023-05-22,East,Furniture,567.42,175.72,1,0.0
2023-05-22,East,Technology,1060.11,-17.34,1,0.0
2023-05-22,South,Technology,794.7,77.22,1,0.5
2023-05-22,West,Technology,1488.71,542.92,1,0.0
2023-05-23,Central,Furniture,1347.3,383.09,1,0.1
2023-05-23,East,Furniture,207.61,-36.15,1,0.3
2023-05-23,East,Technology,967.15,90.3,2,0.0
2023-05-23,South,Furniture,1994.77,11.68,2,0.3
2023-05-23,South,Office Supplies,533.66,-10.59,1,0.2
2023-05-23,West,Furniture,2024.73,471.88,2,0.25
2023-05-23,West,Office Supplies,2198.91,-227.56,2,0.2
2023-05-24,Central,Technology,2419.05,-191.33,2,0.1
2023-05-24,East,Furniture,1819.95,335.47,3,0.1667
2023-05-24,South,Office Supplies,3384.63,312.92,3,0.1
2023-05-24,South,Technology,892.8,45.33,1,0.0
2023-05-24,West,Office Supplies,769.9,-45.57,1,0.3
2023-05-24,West,Technology,653.74,-64.73,1,0.3
2023-05-25,Central,Furniture,2394.78,186.6,2,0.3
2023-05-25,East,Furniture,360.23,-48.97,1,0.1
2023-05-25,East,Office Supplies,1574.42,616.91,1,0.0
2023-05-25,West,Furniture,525.12,62.71,1,0.3
2023-05-25,West,Technology,5492.16,1183.37,4,0.25
2023-05-26,Central,Office Supplies,1426.79,301.34,2,0.15
2023-05-26,South,Furniture,1087.93,254.85,2,0.2
2023-05-26,South,Office Supplies,1250.78,397.95,1,0.1
2023-05-26,South,Technology,1138.11,337.15,2,0.3
2023-05-26,West,Furniture,650.94,217.17,1,0.3
2023-05-26,West,Technology,2191.79,542.36,2,0.4
2023-05-27,Central,Furniture,4260.5,639.23,3,0.1333
2023-05-27,Central,Office Supplies,592.75,189.37,1,0.5
2023-05-27,East,Office Supplies,2713.84,24.22,2,0.15
2023-05-27,South,Furniture,946.4,5.78,2,0.4
2023-05-27,South,Office Supplies,1353.65,-71.74,1,0.4
2023-05-27,South,Technology,1770.93,-288.86,1,0.4
2023-05-27,West,Furniture,2728.3,157.76,2,0.25
2023-05-28,Central,Furniture,1316.28,225.97,1,0.5
2023-05-28,Central,Office Supplies,3616.02,-196.71,3,0.0333
2023-05-28,Central,Technology,1990.33,298.82,1,0.4
2023-05-28,East,Furniture,791.44,24.66,1,0.4
2023-05-28,East,Office Supplies,1625.68,463.17,2,0.0
2023-05-28,South,Office Supplies,1389.52,-32.01,1,0.0
2023-05-28,West,Furniture,1975.97,-169.38,1,0.0
2023-05-28,West,Office Supplies,1975.34,-83.59,1,0.4
2023-05-29,Central,Office Supplies,1421.23,38.74,2,0.0
2023-05-29,Central,Technology,1126.32,186.29,1,0.0
2023-05-29,East,Technology,1983.81,121.27,2,0.15
2023-05-29,South,Office Supplies,1328.29,-81.6,1,0.0
2023-05-29,West,Furniture,2065.55,-305.05,2,0.1
2023-05-29,West,Office Supplies,1239.05,-62.35,1,0.0
2023-05-30,Central,Furniture,127.74,17.8,1,0.4
2023-05-30,Central,Office Supplies,103.57,-4.23,1,0.4
2023-05-30,Central,Technology,2291.13,-246.62,2,0.1
2023-05-30,East,Furniture,1597.25,176.35,2,0.45
2023-05-30,East,Office Supplies,1689.6,466.68,2,0.05
2023-05-30,East,Technology,1783.63,606.1,2,0.0
2023-05-30,South,Technology,1029.61,116.55,1,0.4
2023-05-30,West,Furniture,14.54,3.86,1,0.1
2023-05-30,West,Office Supplies,1007.69,280.69,1,0.0
2023-05-31,East,Furniture,31.75,4.82,1,0.0
2023-05-31,East,Office Supplies,4995.66,984.04,4,0.075
2023-05-31,East,Technology,2116.99,337.95,2,0.35
2023-05-31,South,Technology,639.89,197.13,1,0.0
2023-06-01,Central,Furniture,1607.02,-100.5,2,0.35
2023-06-01,Central,Office Supplies,3429.72,85.54,3,0.1
2023-06-01,East,Furniture,2717.84,442.67,2,0.0
2023-06-01,East,Office Supplies,1319.63,405.77,1,0.0
2023-06-01,East,Technology,1488.13,351.99,1,0.0
2023-06-01,South,Furniture,2494.36,556.77,2,0.2
2023-06-01,South,Technology,829.6,119.47,1,0.4
2023-06-01,West,Furniture,1884.54,141.85,2,0.35
2023-06-01,West,Office Supplies,3230.57,606.86,2,0.1
2023-06-02,East,Office Supplies,1097.49,232.3,2,0.1
2023-06-02,South,Furniture,534.38,-10.33,1,0.4
2023-06-02,South,Office Supplies,3182.22,248.7,3,0.2
2023-06-02,South,Technology,2643.37,91.91,2,0.45
2023-06-02,West,Office Supplies,509.3,203.02,1,0.0
2023-06-02,West,Technology,832.47,111.66,2,0.25
2023-06-03,Central,Furniture,37.48,12.01,1,0.0
2023-06-03,Central,Office Supplies,338.34,-56.8,1,0.0
2023-06-03,Central,Technology,2100.93,475.44,2,0.15
2023-06-03,East,Furniture,1530.36,473.74,1,0.5
2023-06-03,East,Technology,1740.14,-116.67,2,0.2
2023-06-03,South,Office Supplies,1965.64,187.87,1,0.2
2023-06-03,South,Technology,192.01,-14.57,1,0.0
2023-06-03,West,Furniture,2284.48,278.85,2,0.3
2023-06-03,West,Office Supplies,598.37,-30.6,1,0.1
2023-06-04,Central,Furniture,2133.73,817.6,2,0.05
2023-06-04,Central,Office Supplies,681.4,-15.27,2,0.05
2023-06-04,East,Office Supplies,1716.46,570.6,2,0.25
2023-06-04,East,Technology,1877.72,658.35,1,0.0
2023-06-04,South,Furniture,3405.13,130.0,2,0.2
2023-06-04,South,Technology,905.42,202.47,1,0.2
2023-06-04,West,Office Supplies,1015.98,36.73,1,0.1
2023-06-04,West,Technology,651.42,-94.59,1,0.0
2023-06-05,Central,Office Supplies,658.33,82.75,1,0.0
2023-06-05,East,Furniture,2210.28,166.18,2,0.15
2023-06-05,West,Office Supplies,3506.67,1107.62,3,0.2
2023-06-06,Central,Furniture,2212.73,334.37,2,0.45
2023-06-06,Central,Technology,1098.37,433.17,1,0.0
2023-06-06,East,Furniture,1511.39,161.86,2,0.25
2023-06-06,East,Technology,321.21,-44.49,1,0.0
2023-06-06,South,Furniture,3308.12,352.69,3,0.3333
2023-06-06,South,Office Supplies,3058.72,890.92,2,0.3
2023-06-07,Central,Furniture,1128.86,165.87,1,0.2
2023-06-07,Central,Office Supplies,1582.77,106.84,1,0.0
2023-06-07,Central,Technology,3109.47,271.55,3,0.2
2023-06-07,East,Office Supplies,981.33,273.82,1,0.0
2023-06-07,East,Technology,2053.7,375.16,2,0.25
2023-06-07,South,Furniture,2642.3,217.51,2,0.35
2023-06-07,South,Office Supplies,4929.64,-348.02,3,0.1333
2023-06-07,West,Office Supplies,3012.46,232.7,2,0.2
2023-06-07,West,Technology,1943.8,-35.81,2,0.05
2023-06-08,Central,Furniture,1408.07,-11.23,1,0.5
2023-06-08,Central,Office Supplies,576.64,-113.13,1,0.0
2023-06-08,East,Furniture,1950.23,-69.81,2,0.1
2023-06-08,East,Office Supplies,293.14,109.08,1,0.5
2023-06-08,East,Technology,2170.82,678.85,2,0.5
2023-06-08,South,Technology,1008.96,-93.53,1,0.0
2023-06-08,West,Technology,1686.55,-105.89,1,0.3
2023-06-09,Central,Technology,1738.71,368.02,1,0.0
2023-06-09,East,Office Supplies,2275.52,381.12,2,0.15
2023-06-09,East,Technology,1099.61,-8.19,1,0.0
2023-06-09,South,Office Supplies,228.03,16.34,1,0.2
2023-06-09,South,Technology,131.42,0.01,1,0.4
2023-06-09,West,Furniture,939.29,-63.15,1,0.5
2023-06-09,West,Office Supplies,1711.32,303.25,1,0.1
2023-06-10,Central,Furniture,1262.56,300.62,1,0.0
2023-06-10,Central,Office Supplies,324.35,14.93,1,0.1
2023-06-10,East,Office Supplies,701.08,150.73,1,0.3
2023-06-10,South,Furniture,1704.32,-129.01,2,0.3
2023-06-10,South,Office Supplies,691.26,-115.62,1,0.4
2023-06-10,South,Technology,1874.09,108.34,1,0.1
2023-06-10,West,Office Supplies,1279.89,136.81,1,0.5
2023-06-10,West,Technology,2998.92,468.78,2,0.15
2023-06-11,Central,Office Supplies,1604.79,-143.18,3,0.1667
2023-06-11,East,Furniture,1503.76,442.58,1,0.0
2023-06-11,East,Office Supplies,1093.94,95.7,2,0.25
2023-06-11,South,Office Supplies,2883.59,518.9,2,0.3
2023-06-11,South,Technology,656.95,19.12,1,0.2
2023-06-11,West,Furniture,1220.56,111.44,1,0.4
2023-06-11,West,Office Supplies,919.52,24.57,1,0.0
2023-06-11,West,Technology,1277.18,128.35,2,0.3
2023-06-12,East,Furniture,510.8,83.91,1,0.0
2023-06-12,East,Technology,1076.78,48.14,1,0.5
2023-06-12,South,Furniture,632.2,-105.68,1,0.0
2023-06-12,South,Technology,470.55,174.84,1,0.3
2023-06-12,West,Office Supplies,2481.83,697.5,2,0.0
2023-06-13,Central,Furniture,3475.95,75.76,2,0.15
2023-06-13,Central,Technology,1524.35,-115.36,1,0.0
2023-06-13,East,Technology,184.7,1.28,1,0.1
2023-06-13,South,Technology,1021.72,157.17,2,0.15
2023-06-13,West,Furniture,26.34,-3.3,1,0.0
2023-06-13,West,Technology,539.79,75.87,2,0.35
2023-06-14,Central,Furniture,942.78,-154.83,1,0.0
2023-06-14,Central,Technology,1823.37,193.99,2,0.1
2023-06-14,East,Technology,474.4,-12.06,1,0.0
2023-06-14,South,Office Supplies,3201.0,323.33,2,0.15
2023-06-14,South,Technology,1791.83,279.2,1,0.0
2023-06-15,Central,Furniture,805.49,30.66,1,0.1
2023-06-15,Central,Office Supplies,1723.82,14.24,1,0.3
2023-06-15,Central,Technology,775.79,150.82,1,0.5
2023-06-15,East,Office Supplies,1919.98,-58.39,1,0.5
2023-06-15,South,Office Supplies,913.1,-31.01,1,0.1
2023-06-15,West,Furniture,200.51,-24.65,1,0.1
2023-06-15,West,Office Supplies,1450.09,282.09,1,0.0
2023-06-15,West,Technology,1558.61,510.74,1,0.0
2023-06-16,Central,Furniture,985.55,239.6,2,0.15
2023-06-16,Central,Office Supplies,3531.9,0.52,2,0.35
2023-06-16,Central,Technology,414.46,119.13,1,0.4
2023-06-16,East,Furniture,1335.47,149.17,2,0.3
2023-06-16,East,Office Supplies,2003.53,376.35,2,0.3
2023-06-16,South,Furniture,2113.89,447.74,2,0.15
2023-06-16,West,Technology,1110.35,315.23,1,0.1
2023-06-17,Central,Office Supplies,97.21,25.18,1,0.0
2023-06-17,Central,Technology,1448.65,-119.36,1,0.2
2023-06-17,East,Furniture,739.68,166.46,1,0.0
2023-06-17,East,Technology,1226.53,389.48,1,0.0
2023-06-17,South,Furniture,980.16,195.83,1,0.0
2023-06-17,West,Furniture,1112.49,374.84,1,0.0
2023-06-17,West,Office Supplies,589.75,120.18,1,0.4
2023-06-18,Central,Furniture,1084.12,110.95,1,0.0
2023-06-18,Central,Technology,1568.44,-168.6,1,0.2
2023-06-18,East,Technology,759.58,37.51,1,0.5
2023-06-18,South,Furniture,331.88,32.23,2,0.15
2023-06-18,South,Office Supplies,1228.81,289.65,1,0.3
2023-06-18,West,Furniture,2598.54,149.65,2,0.0
2023-06-18,West,Office Supplies,1754.97,-31.95,1,0.2
2023-06-18,West,Technology,60.22,-8.26,1,0.1
2023-06-19,Central,Furniture,1237.95,411.68,1,0.5
2023-06-19,Central,Office Supplies,3121.18,431.5,2,0.1
2023-06-19,Central,Technology,217.88,49.33,1,0.1
2023-06-19,East,Furniture,1724.97,4.22,2,0.15
2023-06-19,East,Technology,710.08,138.63,1,0.0
2023-06-19,South,Furniture,3543.67,257.41,2,0.25
2023-06-19,South,Office Supplies,2437.58,785.05,2,0.25
2023-06-19,South,Technology,1001.5,-23.87,1,0.5
2023-06-20,Central,Technology,618.99,-83.45,1,0.0
2023-06-20,East,Furniture,3755.56,1180.47,2,0.1
2023-06-20,East,Office Supplies,1338.25,101.12,2,0.2
2023-06-20,East,Technology,334.03,64.56,1,0.2
2023-06-20,South,Office Supplies,962.59,-96.35,1,0.0
2023-06-20,West,Furniture,973.66,159.68,1,0.3
2023-06-20,West,Office Supplies,308.4,5.81,1,0.1
2023-06-20,West,Technology,445.32,-38.97,1,0.0
2023-06-21,Central,Office Supplies,824.64,7.07,1,0.4
2023-06-21,South,Furniture,2288.74,395.38,2,0.2
2023-06-21,South,Office Supplies,429.87,94.79,1,0.5
2023-06-21,West,Technology,1947.91,463.68,1,0.1
2023-06-22,East,Furniture,1223.54,122.35,2,0.35
2023-06-22,East,Technology,1356.63,503.8,1,0.0
2023-06-22,South,Furniture,1130.77,437.98,1,0.4
2023-06-22,West,Office Supplies,1942.37,-192.67,1,0.1
2023-06-23,Central,Technology,538.52,54.16,1,0.0
2023-06-23,East,Furniture,447.89,124.33,1,0.3
2023-06-23,East,Office Supplies,2113.44,502.0,2,0.45
2023-06-23,South,Furniture,1901.35,-259.35,1,0.3
2023-06-23,South,Technology,3380.4,-30.73,3,0.2333
2023-06-23,West,Office Supplies,3791.75,33.31,3,0.0333
2023-06-23,West,Technology,518.96,197.19,1,0.4
2023-06-24,Central,Technology,2199.87,-12.59,2,0.25
2023-06-24,East,Technology,1743.87,-7.87,1,0.0
2023-06-24,South,Office Supplies,1393.25,187.73,1,0.0
2023-06-24,West,Furniture,2802.08,1018.74,2,0.1
2023-06-24,West,Office Supplies,2358.32,192.12,2,0.05
2023-06-25,Central,Furniture,1495.89,189.23,1,0.0
2023-06-25,Central,Office Supplies,1753.8,198.61,1,0.5
2023-06-25,Central,Technology,4780.76,330.82,3,0.1667
2023-06-25,East,Furniture,1801.4,695.94,1,0.3
2023-06-25,East,Office Supplies,2724.62,344.09,2,0.0
2023-06-25,East,Technology,1339.1,-96.36,1,0.5
2023-06-25,South,Furniture,105.03,3.61,1,0.0
2023-06-25,South,Office Supplies,1298.29,-51.64,2,0.1
2023-06-25,South,Technology,655.28,-69.86,1,0.4
2023-06-25,West,Furniture,520.32,-40.98,1,0.1
2023-06-25,West,Office Supplies,3912.07,541.09,3,0.1333
2023-06-25,West,Technology,402.44,54.38,1,0.0
2023-06-26,Central,Furniture,442.32,111.23,1,0.0
2023-06-26,Central,Office Supplies,683.55,33.08,2,0.3
2023-06-26,East,Furniture,2830.19,-207.15,2,0.25
2023-06-26,East,Office Supplies,3476.77,739.32,4,0.2
2023-06-26,East,Technology,631.25,-96.72,1,0.2
2023-06-26,South,Furniture,431.28,-25.62,1,0.0
2023-06-26,South,Technology,1876.58,-65.76,2,0.2
2023-06-26,West,Office Supplies,2052.45,-380.43,2,0.05
2023-06-26,West,Technology,2008.45,106.8,3,0.1
2023-06-27,Central,Office Supplies,1227.83,480.22,1,0.0
2023-06-27,Central,Technology,888.51,15.03,1,0.0
2023-06-27,East,Technology,1882.7,195.56,2,0.45
2023-06-27,South,Furniture,2209.55,181.23,2,0.25
2023-06-27,South,Technology,3717.66,133.23,3,0.4333
2023-06-28,Central,Furniture,3070.52,61.07,3,0.2333
2023-06-28,Central,Office Supplies,300.06,60.81,1,0.2
2023-06-28,East,Furniture,3899.68,319.1,4,0.25
2023-06-28,South,Furniture,1216.59,249.82,1,0.2
2023-06-28,South,Office Supplies,1533.22,177.32,2,0.0
2023-06-28,West,Furniture,389.35,-22.78,1,0.1
2023-06-28,West,Technology,1680.65,98.83,2,0.0
2023-06-29,Central,Office Supplies,457.45,108.35,2,0.05
2023-06-29,South,Office Supplies,1757.7,228.45,1,0.2
2023-06-29,West,Furniture,1935.0,757.68,1,0.3
2023-06-29,West,Technology,2459.9,190.55,2,0.2
2023-06-30,Central,Office Supplies,1983.78,298.73,1,0.0
2023-06-30,East,Furniture,1824.56,222.28,2,0.25
2023-06-30,East,Technology,991.58,392.51,1,0.0
2023-06-30,South,Furniture,1863.01,293.9,1,0.4
2023-06-30,West,Office Supplies,450.83,93.92,1,0.2
2023-06-30,West,Technology,2638.41,478.44,2,0.25
2023-07-01,Central,Furniture,1407.71,-280.87,1,0.0
2023-07-01,Central,Office Supplies,2894.72,375.76,2,0.5
2023-07-01,Central,Technology,740.03,271.63,1,0.0
2023-07-01,East,Furniture,1864.44,132.79,1,0.0
2023-07-01,South,Furniture,1475.81,-21.2,1,0.0
2023-07-01,South,Office Supplies,1979.8,-201.37,1,0.2
2023-07-01,West,Furniture,975.76,333.81,1,0.1
2023-07-01,West,Technology,1809.86,2.81,1,0.5
2023-07-02,Central,Furniture,598.86,114.3,1,0.2
2023-07-02,Central,Technology,1048.48,269.77,1,0.2
2023-07-02,East,Technology,788.36,5.5,1,0.0
2023-07-02,South,Technology,1511.89,419.98,1,0.2
2023-07-02,West,Furniture,352.83,131.69,1,0.5
2023-07-02,West,Office Supplies,1956.34,-152.94,2,0.2
2023-07-03,Central,Office Supplies,1646.52,310.86,1,0.0
2023-07-03,East,Office Supplies,2059.03,477.24,2,0.1
2023-07-03,South,Furniture,1833.68,-82.19,1,0.0
2023-07-03,West,Furniture,446.64,-37.59,1,0.2
2023-07-03,West,Office Supplies,764.95,75.59,1,0.4
2023-07-04,Central,Furniture,2985.95,316.64,2,0.25
2023-07-04,South,Furniture,962.15,379.01,1,0.0
2023-07-04,South,Office Supplies,683.86,-12.35,1,0.2
2023-07-04,West,Furniture,3042.35,463.5,2,0.2
2023-07-04,West,Technology,3462.35,2.44,2,0.2
2023-07-05,Central,Office Supplies,407.29,134.22,1,0.5
2023-07-05,East,Furniture,2710.49,840.65,2,0.25
2023-07-05,East,Office Supplies,1673.23,-47.51,1,0.0
2023-07-05,South,Furniture,747.41,-149.2,1,0.0
2023-07-05,West,Office Supplies,958.84,-0.52,1,0.2
2023-07-05,West,Technology,1409.78,137.74,1,0.2
2023-07-06,Central,Office Supplies,631.69,203.31,2,0.2
2023-07-06,Central,Technology,2053.21,135.27,3,0.2
2023-07-06,East,Furniture,2992.91,255.48,2,0.1
2023-07-06,South,Office Supplies,1376.63,329.69,1,0.0
2023-07-06,South,Technology,2689.1,55.45,2,0.1
2023-07-06,West,Furniture,1783.89,-28.08,1,0.2
2023-07-07,Central,Office Supplies,1970.18,556.26,2,0.25
2023-07-07,Central,Technology,4584.12,552.02,3,0.1
2023-07-07,East,Furniture,641.04,15.31,1,0.2
2023-07-07,East,Office Supplies,2396.72,469.37,2,0.1
2023-07-07,East,Technology,2587.99,-281.8,2,0.15
2023-07-07,South,Office Supplies,1947.77,-322.44,2,0.25
2023-07-07,West,Technology,3172.57,-365.94,2,0.0
2023-07-08,Central,Office Supplies,139.0,-1.31,1,0.0
2023-07-08,East,Technology,2250.73,295.38,2,0.2
2023-07-08,West,Furniture,271.88,-21.15,1,0.4
2023-07-08,West,Office Supplies,1535.24,219.0,1,0.0
2023-07-08,West,Technology,138.95,46.84,1,0.0
2023-07-09,Central,Furniture,352.55,-3.72,1,0.2
2023-07-09,East,Furniture,314.16,-21.19,1,0.0
2023-07-09,East,Office Supplies,1641.45,376.82,2,0.35
2023-07-09,East,Technology,57.78,22.45,1,0.1
2023-07-09,South,Furniture,2050.04,364.53,2,0.05
2023-07-09,West,Office Supplies,1935.47,-72.01,2,0.2
2023-07-09,West,Technology,863.43,-56.8,1,0.5
2023-07-10,Central,Furniture,1974.28,130.54,1,0.1
2023-07-10,Central,Office Supplies,3251.21,100.12,2,0.0
2023-07-10,Central,Technology,1521.85,133.94,1,0.5
2023-07-10,East,Furniture,2940.21,17.53,2,0.25
2023-07-10,East,Office Supplies,3185.58,399.02,2,0.3
2023-07-10,East,Technology,1379.98,521.78,1,0.5
2023-07-10,South,Furniture,1687.32,175.05,1,0.4
2023-07-10,South,Office Supplies,1768.08,-11.38,1,0.3
2023-07-10,West,Office Supplies,765.49,-35.71,1,0.2
2023-07-10,West,Technology,1589.15,-161.79,1,0.3
2023-07-11,Central,Furniture,17.46,4.41,1,0.1
2023-07-11,Central,Office Supplies,3948.37,1122.84,3,0.1
2023-07-11,Central,Technology,1506.04,265.14,1,0.5
2023-07-11,East,Technology,1646.15,406.25,2,0.25
2023-07-11,South,Furniture,323.57,-17.07,1,0.0
2023-07-11,South,Technology,2041.3,-123.54,2,0.3
2023-07-11,West,Furniture,1720.72,-72.35,1,0.0
2023-07-11,West,Office Supplies,675.97,92.07,1,0.3
2023-07-12,Central,Office Supplies,1703.15,293.6,2,0.0
2023-07-12,East,Furniture,1630.6,-268.41,1,0.1
2023-07-12,South,Furniture,1781.16,305.59,1,0.0
2023-07-12,West,Furniture,2295.72,-388.94,2,0.0
2023-07-12,West,Office Supplies,922.57,325.97,2,0.35
2023-07-12,West,Technology,3547.04,278.89,2,0.0
2023-07-13,Central,Furniture,290.14,-49.56,1,0.2
2023-07-13,Central,Office Supplies,753.81,-0.99,2,0.1
2023-07-13,East,Furniture,381.82,76.57,1,0.4
2023-07-13,East,Office Supplies,1223.1,242.17,1,0.0
2023-07-13,South,Office Supplies,720.5,73.68,2,0.25
2023-07-13,South,Technology,734.48,80.06,1,0.4
2023-07-13,West,Office Supplies,1910.44,20.47,1,0.0
2023-07-13,West,Technology,1961.81,388.08,2,0.0
2023-07-14,Central,Office Supplies,1904.41,455.49,1,0.5
2023-07-14,Central,Technology,763.52,-97.52,1,0.1
2023-07-14,East,Office Supplies,1825.69,724.3,1,0.2
2023-07-14,South,Furniture,545.8,-8.22,1,0.0
2023-07-14,South,Office Supplies,2317.04,273.01,2,0.25
2023-07-14,South,Technology,1390.99,145.27,1,0.0
2023-07-14,West,Furniture,1700.96,140.69,1,0.0
2023-07-15,Central,Technology,1069.19,78.1,1,0.0
2023-07-15,East,Furniture,1525.36,523.33,1,0.0
2023-07-15,East,Office Supplies,1404.16,-97.36,1,0.1
2023-07-15,East,Technology,742.61,248.88,1,0.1
2023-07-15,South,Office Supplies,2804.5,512.52,2,0.1
2023-07-15,South,Technology,2921.9,169.9,2,0.1
2023-07-16,Central,Technology,2860.19,814.1,2,0.25
2023-07-16,East,Furniture,1808.52,346.15,1,0.4
2023-07-16,East,Office Supplies,1498.65,375.58,2,0.3
2023-07-16,East,Technology,1038.08,373.79,2,0.2
2023-07-16,West,Furniture,758.23,102.96,2,0.35
2023-07-16,West,Office Supplies,154.8,-24.96,1,0.5
2023-07-16,West,Technology,218.13,-6.95,1,0.4
2023-07-17,Central,Furniture,806.98,235.44,1,0.3
2023-07-17,Central,Office Supplies,538.5,6.82,1,0.0
2023-07-17,Central,Technology,757.72,295.78,1,0.1
2023-07-17,East,Furniture,943.09,211.17,2,0.2
2023-07-17,East,Technology,1515.25,11.85,2,0.2
2023-07-17,South,Furniture,373.44,67.89,2,0.0
2023-07-17,South,Technology,834.29,-30.23,1,0.5
2023-07-17,West,Office Supplies,2903.68,397.84,2,0.3
2023-07-18,Central,Office Supplies,2446.0,-323.28,2,0.4
2023-07-18,Central,Technology,1418.6,29.01,1,0.0
2023-07-18,East,Furniture,1961.87,40.74,1,0.1
2023-07-18,East,Office Supplies,837.82,46.97,1,0.3
2023-07-18,East,Technology,1586.23,-176.8,2,0.0
2023-07-18,South,Furniture,396.49,17.74,1,0.0
2023-07-18,South,Technology,1502.19,36.27,2,0.05
2023-07-18,West,Furniture,1168.11,51.08,1,0.0
2023-07-18,West,Office Supplies,70.23,0.76,1,0.0
2023-07-18,West,Technology,610.36,88.1,1,0.3
2023-07-19,Central,Furniture,1069.75,303.45,1,0.0
2023-07-19,Central,Office Supplies,222.58,-42.14,1,0.4
2023-07-19,Central,Technology,663.11,-91.77,1,0.0
2023-07-19,East,Furniture,1831.52,44.27,1,0.3
2023-07-19,East,Technology,146.03,4.72,1,0.0
2023-07-19,South,Furniture,2025.28,-121.11,2,0.3
2023-07-19,South,Office Supplies,1013.76,-22.43,1,0.5
2023-07-19,South,Technology,1876.4,111.7,1,0.3
2023-07-19,West,Furniture,852.8,271.92,1,0.3
2023-07-20,East,Office Supplies,1649.65,-284.27,1,0.0
2023-07-20,South,Office Supplies,1525.67,-292.43,1,0.2
2023-07-20,South,Technology,1991.98,434.91,2,0.15
2023-07-20,West,Furniture,365.05,74.14,1,0.0
2023-07-20,West,Office Supplies,1652.56,136.08,1,0.4
2023-07-20,West,Technology,1294.16,82.75,3,0.3333
2023-07-21,East,Furniture,2157.79,36.03,2,0.15
2023-07-21,East,Office Supplies,1977.79,437.42,1,0.4
2023-07-21,South,Office Supplies,2063.44,-130.5,2,0.1
2023-07-21,South,Technology,2972.01,-240.39,2,0.35
2023-07-22,Central,Furniture,589.73,213.92,1,0.1
2023-07-22,Central,Office Supplies,744.05,279.05,1,0.0
2023-07-22,East,Furniture,1071.43,83.0,2,0.4
2023-07-22,East,Technology,1162.14,303.44,1,0.0
2023-07-22,West,Furniture,439.3,113.61,1,0.0
2023-07-22,West,Technology,841.71,-80.47,1,0.5
2023-07-23,Central,Technology,557.89,-105.31,1,0.1
2023-07-23,East,Furniture,27.76,1.84,1,0.5
2023-07-23,South,Furniture,752.77,185.16,1,0.0
2023-07-23,South,Office Supplies,3407.95,1193.47,2,0.0
2023-07-23,South,Technology,1537.54,245.98,2,0.15
2023-07-23,West,Office Supplies,3054.85,-169.31,4,0.15
2023-07-24,Central,Office Supplies,2986.71,-7.71,3,0.0667
2023-07-24,Central,Technology,733.05,224.75,1,0.1
2023-07-24,East,Furniture,2128.81,-76.87,2,0.25
2023-07-24,East,Office Supplies,2003.42,77.31,3,0.0667
2023-07-24,South,Furniture,2292.02,384.98,2,0.15
2023-07-24,South,Office Supplies,2548.18,-254.57,2,0.3
2023-07-24,West,Office Supplies,1673.06,316.72,1,0.4
2023-07-24,West,Technology,2551.55,158.95,3,0.0333
2023-07-25,East,Technology,915.29,354.0,1,0.0
2023-07-25,South,Office Supplies,1241.26,307.48,2,0.2
2023-07-26,Central,Furniture,1400.3,142.97,1,0.4
2023-07-26,East,Furniture,1499.26,284.36,2,0.35
2023-07-26,East,Office Supplies,1114.33,118.74,2,0.1
2023-07-26,South,Furniture,340.28,-16.24,1,0.5
2023-07-26,South,Office Supplies,1705.53,13.38,2,0.3
2023-07-26,West,Office Supplies,1670.99,173.33,1,0.5
2023-07-26,West,Technology,1181.83,279.79,1,0.0
2023-07-27,Central,Technology,1822.56,65.85,1,0.0
2023-07-27,East,Furniture,335.75,73.05,1,0.5
2023-07-27,East,Technology,141.24,-13.04,1,0.1
2023-07-27,South,Furniture,3246.56,538.77,3,0.3667
2023-07-27,South,Office Supplies,750.21,-30.98,3,0.3
2023-07-27,West,Furniture,1981.03,163.67,1,0.4
2023-07-27,West,Technology,1138.36,297.07,2,0.4
2023-07-28,Central,Technology,1179.7,84.22,1,0.2
2023-07-28,East,Technology,2441.89,234.91,3,0.1667
2023-07-28,South,Furniture,1249.37,-171.84,1,0.0
2023-07-28,West,Technology,1849.05,-307.25,1,0.0
2023-07-29,East,Office Supplies,5036.11,440.1,5,0.22
2023-07-29,South,Furniture,1484.33,548.47,1,0.4
2023-07-29,South,Technology,71.81,-10.44,1,0.0
2023-07-29,West,Furniture,1657.18,69.37,3,0.0
2023-07-29,West,Office Supplies,2053.64,354.55,2,0.2
2023-07-30,Central,Furniture,1132.03,249.98,2,0.1
2023-07-30,Central,Technology,1495.39,-294.76,1,0.0
2023-07-30,East,Technology,727.6,-8.48,1,0.5
2023-07-30,South,Office Supplies,450.15,142.15,1,0.4
2023-07-30,West,Furniture,1174.45,-142.07,1,0.5
2023-07-30,West,Office Supplies,894.78,62.15,2,0.0
2023-07-30,West,Technology,1422.87,327.13,1,0.4
2023-07-31,South,Furniture,1369.12,307.64,1,0.2
2023-07-31,South,Technology,880.21,-138.95,1,0.5
2023-07-31,West,Technology,307.44,-15.65,1,0.0
2023-08-01,Central,Technology,816.13,-14.95,1,0.5
2023-08-01,East,Office Supplies,45.2,-3.21,1,0.5
2023-08-01,East,Technology,290.48,62.49,1,0.3
2023-08-01,West,Furniture,1891.31,487.77,1,0.0
2023-08-01,West,Office Supplies,1339.76,391.21,1,0.1
2023-08-02,East,Technology,1468.22,-170.35,1,0.0
2023-08-02,South,Technology,1093.3,22.26,1,0.0
2023-08-02,West,Furniture,2327.57,-38.5,2,0.0
2023-08-02,West,Technology,2133.54,169.83,2,0.15
2023-08-03,Central,Furniture,2879.8,399.13,2,0.3
2023-08-03,Central,Technology,1585.91,90.83,1,0.1
2023-08-03,East,Furniture,382.01,41.1,1,0.4
2023-08-03,East,Office Supplies,1856.43,149.89,2,0.15
2023-08-03,South,Furniture,1042.61,-88.67,1,0.2
2023-08-03,South,Office Supplies,1601.98,374.7,1,0.0
2023-08-03,South,Technology,1138.78,17.85,1,0.5
2023-08-03,West,Furniture,690.72,-107.71,1,0.4
2023-08-03,West,Office Supplies,1507.79,346.73,2,0.4
2023-08-03,West,Technology,1103.83,-54.74,1,0.0
2023-08-04,Central,Office Supplies,3402.84,-12.22,3,0.1
2023-08-04,East,Furniture,2774.35,49.42,3,0.1
2023-08-04,South,Technology,570.73,216.74,1,0.4
2023-08-04,West,Furniture,2142.93,686.95,2,0.3
2023-08-04,West,Office Supplies,24.57,-4.62,1,0.0
2023-08-05,East,Furniture,1579.23,83.56,2,0.45
2023-08-05,South,Furniture,1301.14,290.47,3,0.1333
2023-08-05,West,Office Supplies,1141.06,-111.14,1,0.0
2023-08-05,West,Technology,1700.16,9.2,1,0.0
2023-08-06,Central,Furniture,1140.0,330.44,1,0.5
2023-08-06,Central,Office Supplies,1952.75,312.47,2,0.25
2023-08-06,East,Furniture,3753.69,705.54,2,0.3
2023-08-06,West,Furniture,1750.23,498.49,1,0.5
2023-08-06,West,Office Supplies,1254.05,-244.0,1,0.3
2023-08-06,West,Technology,1229.31,127.9,1,0.1
2023-08-07,Central,Furniture,541.99,130.62,1,0.5
2023-08-07,Central,Technology,558.16,81.24,1,0.0
2023-08-07,East,Furniture,1610.5,87.24,2,0.0
2023-08-07,East,Office Supplies,443.0,9.0,1,0.0
2023-08-07,East,Technology,241.36,57.38,1,0.0
2023-08-07,South,Furniture,924.34,40.5,1,0.3
2023-08-07,South,Technology,2533.8,474.66,3,0.1
2023-08-07,West,Furniture,1768.26,612.17,2,0.0
2023-08-07,West,Office Supplies,2322.58,15.89,3,0.3333
2023-08-07,West,Technology,1519.95,372.28,2,0.2
2023-08-08,East,Technology,503.19,32.13,2,0.2
2023-08-08,South,Technology,493.06,-60.6,1,0.4
2023-08-08,West,Furniture,1951.83,-0.44,1,0.1
2023-08-08,West,Office Supplies,1987.62,250.99,1,0.0
2023-08-09,Central,Furniture,3553.1,615.1,2,0.0
2023-08-09,Central,Office Supplies,1687.65,-65.95,1,0.1
2023-08-09,East,Furniture,1688.84,-44.77,2,0.05
2023-08-09,South,Furniture,553.52,134.22,1,0.0
2023-08-09,South,Technology,1030.87,294.62,1,0.3
2023-08-09,West,Furniture,1687.6,-221.75,1,0.0
2023-08-09,West,Office Supplies,589.34,165.25,1,0.5
2023-08-09,West,Technology,848.59,39.79,2,0.1
2023-08-10,Central,Furniture,302.86,-16.5,1,0.1
2023-08-10,Central,Office Supplies,359.26,135.62,1,0.0
2023-08-10,Central,Technology,1056.18,95.31,2,0.25
2023-08-10,East,Office Supplies,2219.58,193.31,2,0.0
2023-08-10,East,Technology,1943.46,-320.78,1,0.5
2023-08-10,South,Office Supplies,1066.95,394.8,1,0.3
2023-08-10,West,Office Supplies,3285.48,157.84,4,0.275
2023-08-10,West,Technology,204.01,1.34,1,0.3
2023-08-11,Central,Furniture,519.92,85.03,1,0.0
2023-08-11,Central,Technology,2739.04,187.18,2,0.35
2023-08-11,East,Furniture,2674.25,-323.07,2,0.15
2023-08-11,East,Office Supplies,1061.28,46.14,1,0.0
2023-08-11,West,Furniture,1532.84,592.12,1,0.0
2023-08-11,West,Office Supplies,440.62,-12.99,1,0.1
2023-08-12,Central,Office Supplies,1665.19,-295.53,1,0.3
2023-08-12,South,Furniture,191.73,58.88,1,0.3
2023-08-12,South,Technology,1250.21,85.47,2,0.0
2023-08-13,East,Technology,1592.85,625.93,1,0.4
2023-08-13,South,Technology,389.97,35.01,1,0.0
2023-08-13,West,Technology,207.53,12.38,1,0.1
2023-08-14,Central,Furniture,716.38,258.85,1,0.0
2023-08-14,Central,Office Supplies,1570.24,414.33,1,0.0
2023-08-14,Central,Technology,1371.67,23.44,1,0.0
2023-08-14,East,Furniture,2800.22,-231.0,2,0.0
2023-08-14,East,Office Supplies,463.37,137.2,1,0.2
2023-08-14,West,Technology,1052.53,186.52,1,0.0
2023-08-15,Central,Furniture,1701.48,662.63,1,0.0
2023-08-15,Central,Office Supplies,1172.49,-108.97,1,0.2
2023-08-15,East,Office Supplies,1548.77,260.84,1,0.4
2023-08-15,East,Technology,704.26,223.57,1,0.1
2023-08-15,South,Office Supplies,1971.08,539.02,1,0.5
2023-08-15,South,Technology,2471.32,321.92,2,0.3
2023-08-15,West,Office Supplies,1128.68,355.86,2,0.2
2023-08-15,West,Technology,549.2,-35.64,1,0.3
2023-08-16,Central,Furniture,1432.5,102.76,1,0.0
2023-08-16,Central,Office Supplies,164.19,-12.11,1,0.1
2023-08-16,East,Furniture,484.07,15.15,1,0.0
2023-08-16,East,Office Supplies,3974.83,789.29,3,0.1667
2023-08-16,South,Furniture,1219.1,339.75,2,0.0
2023-08-16,South,Office Supplies,676.45,33.92,2,0.05
2023-08-16,West,Furniture,766.54,160.77,1,0.1
2023-08-16,West,Office Supplies,688.74,-12.39,1,0.0
2023-08-17,Central,Furniture,1203.56,-106.03,1,0.5
2023-08-17,Central,Technology,1686.69,-249.7,1,0.0
2023-08-17,East,Furniture,1696.47,503.92,1,0.1
2023-08-17,East,Office Supplies,743.92,-20.23,2,0.0
2023-08-17,South,Office Supplies,253.83,55.12,1,0.1
2023-08-17,South,Technology,1902.85,-142.75,1,0.3
2023-08-17,West,Technology,869.51,-128.3,1,0.4
2023-08-18,Central,Furniture,2330.12,-257.18,2,0.25
2023-08-18,Central,Office Supplies,2077.67,458.28,3,0.4333
2023-08-18,Central,Technology,146.06,22.72,1,0.4
2023-08-18,East,Technology,1006.3,333.9,1,0.0
2023-08-18,South,Furniture,3039.45,551.15,3,0.2333
2023-08-18,South,Office Supplies,1384.07,-18.75,1,0.1
2023-08-18,South,Technology,1545.23,196.51,1,0.0
2023-08-18,West,Technology,462.48,74.45,1,0.1
2023-08-19,Central,Technology,1947.1,185.14,2,0.2
2023-08-19,East,Furniture,366.94,85.02,1,0.4
2023-08-19,East,Office Supplies,3112.6,266.68,2,0.0
2023-08-19,West,Furniture,58.79,19.05,1,0.1
2023-08-19,West,Office Supplies,270.77,96.9,1,0.3
2023-08-19,West,Technology,3081.77,-14.31,2,0.25
2023-08-20,Central,Furniture,990.54,-54.61,1,0.1
2023-08-20,Central,Technology,2249.66,88.71,2,0.25
2023-08-20,East,Office Supplies,617.61,2.26,1,0.0
2023-08-20,East,Technology,2141.62,593.89,2,0.0
2023-08-20,South,Technology,338.79,-20.61,1,0.5
2023-08-20,West,Technology,1323.26,250.6,2,0.2
2023-08-21,Central,Furniture,771.67,159.0,2,0.4
2023-08-21,Central,Office Supplies,600.39,-31.51,1,0.1
2023-08-21,Central,Technology,485.36,-36.19,1,0.0
2023-08-21,East,Furniture,2685.54,-134.68,2,0.25
2023-08-21,East,Technology,1284.03,504.22,1,0.0
2023-08-21,South,Furniture,291.81,41.89,2,0.25
2023-08-21,South,Office Supplies,695.82,75.22,1,0.2
2023-08-21,West,Furniture,19.4,4.2,1,0.0
2023-08-21,West,Technology,1715.72,10.26,2,0.15
2023-08-22,Central,Technology,750.59,203.92,1,0.3
2023-08-22,South,Technology,223.66,85.48,1,0.2
2023-08-22,West,Furniture,437.05,57.22,2,0.3
2023-08-22,West,Technology,593.46,195.89,1,0.2
2023-08-23,Central,Furniture,484.59,-40.87,1,0.1
2023-08-23,East,Furniture,2496.01,822.38,2,0.0
2023-08-23,East,Technology,795.07,46.85,1,0.4
2023-08-23,South,Office Supplies,918.8,135.61,1,0.3
2023-08-23,South,Technology,1641.34,-26.36,1,0.3
2023-08-23,West,Furniture,1268.16,106.61,1,0.0
2023-08-23,West,Technology,2235.81,-312.74,2,0.1
2023-08-24,Central,Furniture,973.15,367.33,1,0.1
2023-08-24,East,Office Supplies,228.85,-34.6,1,0.0
2023-08-24,East,Technology,1718.22,494.9,1,0.0
2023-08-24,South,Furniture,2858.83,357.96,3,0.3
2023-08-24,West,Furniture,461.2,102.01,1,0.0
2023-08-25,Central,Furniture,424.7,118.8,1,0.1
2023-08-25,Central,Office Supplies,365.76,98.07,1,0.3
2023-08-25,Central,Technology,191.63,68.2,1,0.5
2023-08-25,East,Furniture,444.1,133.2,1,0.3
2023-08-25,South,Office Supplies,1321.35,-161.66,1,0.2
2023-08-25,West,Office Supplies,1045.36,207.66,1,0.0
2023-08-26,Central,Furniture,1229.75,-77.43,1,0.1
2023-08-26,Central,Technology,536.28,42.07,1,0.2
2023-08-26,East,Office Supplies,539.03,64.37,1,0.2
2023-08-26,South,Furniture,836.35,47.78,1,0.0
2023-08-26,South,Technology,1657.45,72.01,1,0.5
2023-08-26,West,Furniture,549.9,-77.35,1,0.0
2023-08-26,West,Technology,3958.0,455.91,3,0.2667
2023-08-27,Central,Furniture,1053.8,-56.67,1,0.2
2023-08-27,East,Office Supplies,502.54,-72.73,1,0.3
2023-08-27,South,Technology,180.12,29.86,1,0.0
2023-08-27,West,Furniture,1691.84,438.74,1,0.0
2023-08-27,West,Technology,2737.81,-169.49,2,0.1
2023-08-28,Central,Technology,1977.49,54.6,1,0.0
2023-08-28,East,Furniture,1140.79,159.37,2,0.25
2023-08-28,East,Technology,888.42,240.01,1,0.0
2023-08-28,South,Furniture,658.34,-51.86,1,0.1
2023-08-28,South,Technology,978.28,182.01,2,0.3
2023-08-28,West,Technology,1015.59,226.75,1,0.3
2023-08-29,East,Furniture,2868.58,395.75,3,0.5
2023-08-29,South,Furniture,1608.73,-160.7,1,0.2
2023-08-29,South,Technology,2442.93,700.82,3,0.2
2023-08-29,West,Office Supplies,53.42,13.0,1,0.0
2023-08-29,West,Technology,2263.24,317.32,2,0.1
2023-08-30,Central,Furniture,1282.81,304.32,1,0.3
2023-08-30,East,Furniture,1299.33,221.91,1,0.0
2023-08-30,East,Office Supplies,151.36,29.61,1,0.2
2023-08-30,East,Technology,1017.24,-195.63,1,0.3
2023-08-30,South,Office Supplies,1081.84,-5.17,1,0.4
2023-08-30,West,Technology,1905.25,82.36,1,0.0
2023-08-31,Central,Technology,301.65,54.81,1,0.3
2023-08-31,South,Technology,788.13,29.44,2,0.25
2023-08-31,West,Furniture,1382.36,-37.21,1,0.4
2023-09-01,Central,Furniture,2089.36,361.98,2,0.35
2023-09-01,Central,Office Supplies,1157.76,240.64,1,0.4
2023-09-01,Central,Technology,1748.6,244.52,1,0.5
2023-09-01,East,Furniture,1196.46,-60.74,1,0.0
2023-09-01,East,Technology,2797.31,-173.28,2,0.25
2023-09-01,South,Furniture,1111.06,-55.59,2,0.05
2023-09-01,South,Technology,27.38,-2.76,1,0.3
2023-09-01,West,Furniture,114.96,2.73,1,0.0
2023-09-02,Central,Furniture,1693.29,-96.7,1,0.0
2023-09-02,Central,Office Supplies,2170.07,326.59,2,0.25
2023-09-02,Central,Technology,1633.4,-125.3,1,0.0
2023-09-02,East,Furniture,1382.16,314.09,2,0.4
2023-09-02,East,Office Supplies,3034.42,659.24,3,0.1333
2023-09-02,South,Furniture,1386.34,-96.03,1,0.0
2023-09-02,West,Furniture,1419.32,116.17,2,0.0
2023-09-02,West,Office Supplies,1116.32,126.55,1,0.0
2023-09-03,Central,Furniture,936.8,-29.19,1,0.5
2023-09-03,Central,Office Supplies,928.43,-16.79,3,0.4667
2023-09-03,Central,Technology,498.16,147.89,1,0.0
2023-09-03,East,Furniture,485.74,159.19,1,0.0
2023-09-03,East,Office Supplies,779.9,-71.23,1,0.0
2023-09-03,South,Office Supplies,671.83,242.12,1,0.2
2023-09-03,South,Technology,1645.22,-65.94,1,0.0
2023-09-03,West,Furniture,478.62,-62.6,1,0.0
2023-09-04,Central,Furniture,793.65,-84.62,1,0.5
2023-09-04,West,Furniture,745.81,-11.26,1,0.4
2023-09-04,West,Office Supplies,1706.23,429.3,1,0.0
2023-09-05,Central,Technology,4547.35,136.37,3,0.0667
2023-09-05,East,Office Supplies,19.29,4.6,1,0.1
2023-09-05,South,Office Supplies,206.92,15.49,1,0.0
2023-09-05,South,Technology,1255.11,332.32,1,0.4
2023-09-05,West,Furniture,2169.48,5.95,2,0.1
2023-09-05,West,Office Supplies,880.38,-158.52,1,0.3
2023-09-06,Central,Furniture,103.61,-13.98,1,0.0
2023-09-06,Central,Technology,537.57,103.34,1,0.0
2023-09-06,East,Technology,2681.39,766.03,2,0.15
2023-09-06,South,Technology,2464.94,13.91,2,0.05
2023-09-06,West,Office Supplies,889.5,262.98,1,0.4
2023-09-07,Central,Technology,1153.43,89.62,1,0.1
2023-09-07,East,Office Supplies,494.06,0.37,1,0.0
2023-09-07,South,Furniture,1077.63,-74.05,1,0.0
2023-09-07,South,Office Supplies,1587.74,521.38,2,0.3
2023-09-07,South,Technology,151.64,49.6,1,0.4
2023-09-07,West,Technology,108.76,-7.6,1,0.1
2023-09-08,Central,Furniture,217.52,-43.01,1,0.1
2023-09-08,Central,Office Supplies,821.97,110.05,2,0.25
2023-09-08,East,Furniture,809.22,184.05,1,0.5
2023-09-08,East,Office Supplies,369.03,-65.67,1,0.5
2023-09-08,South,Furniture,1111.51,172.82,1,0.0
2023-09-08,South,Office Supplies,113.74,24.21,1,0.0
2023-09-08,West,Furniture,1219.88,-96.51,2,0.3
2023-09-08,West,Office Supplies,1211.99,-141.32,2,0.0
2023-09-08,West,Technology,1943.69,607.22,2,0.1
2023-09-09,Central,Office Supplies,184.57,9.51,1,0.0
2023-09-09,East,Office Supplies,3688.29,1392.58,3,0.1667
2023-09-09,South,Technology,1768.88,141.38,1,0.0
2023-09-09,West,Furniture,824.83,126.92,1,0.0
2023-09-09,West,Office Supplies,1694.75,431.0,2,0.3
2023-09-10,Central,Office Supplies,544.1,15.44,1,0.3
2023-09-10,East,Office Supplies,1459.79,-19.94,2,0.0
2023-09-10,East,Technology,732.54,211.48,1,0.1
2023-09-10,South,Furniture,1004.23,-108.74,1,0.1
2023-09-10,West,Furniture,1426.26,315.2,1,0.3
2023-09-10,West,Office Supplies,1694.29,-203.86,1,0.0
2023-09-10,West,Technology,1429.77,190.98,1,0.0
2023-09-11,Central,Office Supplies,1492.79,555.29,1,0.0
2023-09-11,Central,Technology,829.81,-40.22,1,0.3
2023-09-11,East,Furniture,1968.12,738.58,1,0.5
2023-09-11,East,Technology,520.38,46.96,1,0.0
2023-09-11,South,Furniture,1751.89,338.77,1,0.2
2023-09-11,South,Office Supplies,1861.39,42.72,2,0.25
2023-09-11,West,Office Supplies,1145.57,374.01,1,0.2
2023-09-12,Central,Furniture,3172.24,608.9,2,0.0
2023-09-12,East,Furniture,328.9,89.39,1,0.4
2023-09-12,East,Technology,1944.98,-219.75,1,0.2
2023-09-12,South,Furniture,641.5,-37.95,1,0.5
2023-09-12,South,Office Supplies,1132.95,131.55,1,0.4
2023-09-12,West,Office Supplies,1631.11,435.88,1,0.2
2023-09-13,Central,Furniture,214.77,41.75,1,0.4
2023-09-13,Central,Technology,1401.04,-225.16,1,0.5
2023-09-13,East,Office Supplies,1715.52,174.06,2,0.05
2023-09-13,South,Furniture,1270.9,387.47,1,0.0
2023-09-13,West,Office Supplies,1551.51,-59.32,2,0.0
2023-09-14,Central,Office Supplies,318.13,99.29,1,0.0
2023-09-14,Central,Technology,686.12,-55.58,2,0.15
2023-09-14,South,Office Supplies,762.54,81.93,1,0.0
2023-09-14,South,Technology,3224.1,610.34,4,0.05
2023-09-14,West,Furniture,1134.94,249.5,1,0.1
2023-09-15,Central,Technology,1604.03,413.33,2,0.1
2023-09-15,East,Furniture,238.63,-0.71,1,0.0
2023-09-15,East,Office Supplies,1724.29,511.17,1,0.1
2023-09-15,East,Technology,676.86,19.92,1,0.5
2023-09-15,South,Furniture,1454.82,236.26,1,0.1
2023-09-15,South,Technology,236.62,62.31,1,0.0
2023-09-15,West,Furniture,2963.39,451.1,3,0.1667
2023-09-16,Central,Technology,1332.81,-72.32,1,0.0
2023-09-16,East,Office Supplies,1664.26,-326.48,1,0.5
2023-09-16,East,Technology,1213.67,25.65,1,0.3
2023-09-16,South,Furniture,816.68,75.72,1,0.0
2023-09-16,South,Office Supplies,1349.15,336.43,1,0.4
2023-09-16,South,Technology,1406.21,-225.47,1,0.4
2023-09-17,Central,Furniture,883.51,41.87,1,0.1
2023-09-17,East,Furniture,1143.25,9.29,1,0.5
2023-09-17,East,Office Supplies,1077.17,170.7,1,0.0
2023-09-17,East,Technology,93.39,7.15,1,0.4
2023-09-17,South,Furniture,1930.76,570.37,1,0.0
2023-09-17,South,Office Supplies,1898.35,-287.85,1,0.0
2023-09-17,West,Technology,854.69,105.47,2,0.35
2023-09-18,Central,Furniture,1028.55,178.23,1,0.0
2023-09-18,Central,Office Supplies,1177.94,171.73,1,0.0
2023-09-18,East,Office Supplies,2076.12,585.39,2,0.2
2023-09-18,East,Technology,1579.37,417.57,2,0.05
2023-09-18,South,Furniture,1125.2,69.68,1,0.0
2023-09-18,South,Technology,2092.98,-231.48,2,0.35
2023-09-18,West,Furniture,246.22,-46.91,1,0.3
2023-09-18,West,Technology,715.74,-78.64,1,0.1
2023-09-19,Central,Furniture,1973.9,437.51,1,0.5
2023-09-19,South,Office Supplies,1339.7,109.55,1,0.4
2023-09-19,West,Office Supplies,671.56,49.16,1,0.4
2023-09-19,West,Technology,92.81,24.27,2,0.1
2023-09-20,Central,Furniture,5137.42,760.7,4,0.15
2023-09-20,Central,Office Supplies,1129.25,-17.85,1,0.5
2023-09-20,East,Office Supplies,145.79,33.26,1,0.1
2023-09-20,West,Furniture,579.36,147.47,1,0.0
2023-09-20,West,Office Supplies,687.4,203.9,2,0.1
2023-09-21,Central,Furniture,392.37,105.81,1,0.0
2023-09-21,Central,Office Supplies,880.63,-75.85,1,0.5
2023-09-21,Central,Technology,396.41,86.03,1,0.0
2023-09-21,South,Technology,1934.68,206.26,2,0.3
2023-09-21,West,Furniture,897.65,-92.28,1,0.4
2023-09-21,West,Technology,1276.69,12.75,2,0.25
2023-09-22,Central,Furniture,1133.46,206.34,1,0.0
2023-09-22,Central,Technology,1596.84,-112.66,2,0.15
2023-09-22,East,Office Supplies,2740.6,-27.41,2,0.0
2023-09-22,West,Furniture,169.71,26.84,1,0.5
2023-09-22,West,Office Supplies,1948.83,691.27,1,0.4
2023-09-22,West,Technology,1817.86,472.71,1,0.5
2023-09-23,Central,Furniture,1104.56,386.87,2,0.35
2023-09-23,Central,Office Supplies,551.76,-90.83,1,0.0
2023-09-23,East,Furniture,5092.15,712.82,4,0.175
2023-09-23,East,Office Supplies,1857.8,-67.74,1,0.2
2023-09-23,West,Furniture,2623.5,31.91,2,0.35
2023-09-23,West,Office Supplies,1028.73,11.6,1,0.0
2023-09-24,Central,Furniture,1480.06,244.04,2,0.15
2023-09-24,Central,Office Supplies,1861.39,31.87,1,0.4
2023-09-24,Central,Technology,1400.37,178.64,1,0.1
2023-09-24,East,Office Supplies,1901.41,340.44,1,0.1
2023-09-24,East,Technology,41.81,5.32,1,0.2
2023-09-24,South,Office Supplies,872.93,-52.18,1,0.4
2023-09-24,South,Technology,724.41,199.87,1,0.4
2023-09-24,West,Furniture,1141.36,370.86,1,0.0
2023-09-25,Central,Furniture,722.9,219.86,1,0.1
2023-09-25,Central,Technology,820.33,295.12,1,0.0
2023-09-25,South,Furniture,780.13,-142.53,1,0.0
2023-09-25,South,Technology,1895.87,-294.1,2,0.2
2023-09-25,West,Office Supplies,419.91,33.62,2,0.2
2023-09-25,West,Technology,641.39,-42.37,1,0.3
2023-09-26,Central,Furniture,1168.8,-118.87,1,0.1
2023-09-26,South,Furniture,563.94,-39.1,1,0.2
2023-09-26,South,Office Supplies,1274.2,-129.87,2,0.2
2023-09-26,West,Technology,1378.2,16.01,1,0.5
2023-09-27,Central,Office Supplies,2872.01,-208.59,2,0.1
2023-09-27,Central,Technology,1786.02,-221.46,1,0.0
2023-09-27,East,Furniture,331.18,50.39,1,0.5
2023-09-27,East,Office Supplies,1799.06,282.7,1,0.0
2023-09-27,East,Technology,1157.0,-6.99,1,0.0
2023-09-27,South,Office Supplies,744.45,180.53,1,0.1
2023-09-27,South,Technology,3172.9,989.97,2,0.4
2023-09-27,West,Furniture,1717.07,-72.61,1,0.0
2023-09-27,West,Office Supplies,199.51,64.9,1,0.3
2023-09-27,West,Technology,762.51,154.23,1,0.3
2023-09-28,Central,Furniture,384.32,75.05,1,0.4
2023-09-28,Central,Office Supplies,1348.32,349.12,2,0.35
2023-09-28,East,Office Supplies,1348.42,224.4,1,0.0
2023-09-28,West,Furniture,643.57,55.25,1,0.3
2023-09-28,West,Office Supplies,141.23,-6.08,1,0.4
2023-09-28,West,Technology,1757.35,-152.38,1,0.0
2023-09-29,Central,Office Supplies,1904.3,-9.92,2,0.1
2023-09-29,Central,Technology,909.14,295.3,1,0.0
2023-09-29,East,Office Supplies,1648.3,-191.68,1,0.4
2023-09-29,East,Technology,742.1,143.34,1,0.3
2023-09-29,South,Furniture,737.21,264.08,1,0.3
2023-09-29,South,Office Supplies,1741.72,351.77,1,0.0
2023-09-29,South,Technology,5446.97,655.26,4,0.1
2023-09-29,West,Technology,361.24,-7.48,1,0.1
2023-09-30,Central,Furniture,2561.46,-109.86,2,0.35
2023-09-30,Central,Office Supplies,287.51,-40.45,1,0.3
2023-09-30,Central,Technology,2427.17,603.44,2,0.45
2023-09-30,East,Furniture,2845.54,-362.68,3,0.1667
2023-09-30,South,Furniture,1701.03,462.21,1,0.0
2023-09-30,South,Office Supplies,1763.5,-187.07,1,0.5
2023-09-30,West,Furniture,1102.08,360.17,1,0.3
2023-10-01,Central,Technology,4714.93,1277.12,4,0.15
2023-10-01,East,Office Supplies,857.31,79.56,1,0.0
2023-10-01,South,Technology,3458.1,-247.66,2,0.0
2023-10-01,West,Furniture,2421.21,-186.25,2,0.25
2023-10-01,West,Technology,3119.04,361.84,2,0.2
2023-10-02,Central,Office Supplies,346.73,24.59,1,0.3
2023-10-02,Central,Technology,1825.53,-242.38,2,0.3
2023-10-02,East,Furniture,3584.49,-384.38,4,0.375
2023-10-02,East,Office Supplies,2055.46,-1.06,2,0.25
2023-10-02,West,Office Supplies,2097.22,-126.8,3,0.2333
2023-10-02,West,Technology,1451.14,150.15,1,0.0
2023-10-03,Central,Office Supplies,294.97,66.47,1,0.2
2023-10-03,Central,Technology,2136.22,-168.73,2,0.05
2023-10-03,East,Furniture,2779.45,156.1,2,0.25
2023-10-03,East,Office Supplies,191.83,10.8,1,0.3
2023-10-03,East,Technology,1555.32,539.15,1,0.2
2023-10-03,South,Office Supplies,709.25,41.02,1,0.3
2023-10-03,South,Technology,1533.58,507.79,2,0.05
2023-10-03,West,Technology,604.58,75.67,1,0.0
2023-10-04,Central,Office Supplies,130.76,11.02,1,0.4
2023-10-04,Central,Technology,3031.52,395.67,2,0.4
2023-10-04,East,Furniture,579.41,-23.96,1,0.2
2023-10-04,South,Furniture,1594.54,529.87,1,0.4
2023-10-04,South,Technology,1814.45,283.28,1,0.0
2023-10-04,West,Furniture,108.0,42.42,1,0.2
2023-10-04,West,Office Supplies,1320.36,197.48,2,0.2
2023-10-05,Central,Furniture,4260.68,191.23,3,0.1
2023-10-05,Central,Office Supplies,3654.18,383.26,2,0.3
2023-10-05,East,Furniture,1073.86,-119.02,1,0.0
2023-10-05,East,Technology,1602.28,-104.45,2,0.25
2023-10-05,West,Furniture,202.77,39.08,1,0.4
2023-10-05,West,Office Supplies,425.23,-75.59,1,0.5
2023-10-05,West,Technology,896.19,75.08,2,0.05
2023-10-06,Central,Furniture,986.33,119.46,2,0.05
2023-10-06,Central,Office Supplies,1595.29,-184.95,1,0.5
2023-10-06,Central,Technology,4273.35,457.4,3,0.1667
2023-10-06,East,Technology,1616.56,182.95,1,0.3
2023-10-06,South,Furniture,1086.56,104.1,1,0.0
2023-10-06,South,Office Supplies,2988.63,757.96,3,0.4
2023-10-06,South,Technology,2124.62,539.99,2,0.0
2023-10-06,West,Office Supplies,1578.02,84.53,1,0.0
2023-10-06,West,Technology,858.27,135.73,1,0.3
2023-10-07,Central,Furniture,766.52,64.04,1,0.0
2023-10-07,Central,Office Supplies,750.49,-22.27,1,0.3
2023-10-07,Central,Technology,3433.67,542.45,3,0.4667
2023-10-07,South,Technology,389.85,-12.14,1,0.0
2023-10-07,West,Furniture,1403.62,-141.04,3,0.1333
2023-10-07,West,Office Supplies,1927.05,-83.7,1,0.0
2023-10-07,West,Technology,1022.32,215.3,1,0.4
2023-10-08,East,Furniture,1268.31,-165.39,1,0.3
2023-10-08,East,Technology,3810.2,637.15,3,0.1667
2023-10-08,South,Furniture,847.73,246.98,1,0.0
2023-10-08,South,Technology,3002.32,985.04,2,0.2
2023-10-08,West,Furniture,1637.4,292.04,1,0.3
2023-10-08,West,Technology,1066.99,233.96,1,0.3
2023-10-09,Central,Furniture,1944.35,297.75,3,0.4
2023-10-09,East,Furniture,411.86,-82.12,1,0.5
2023-10-09,East,Office Supplies,728.62,-61.32,1,0.1
2023-10-09,South,Furniture,83.05,-12.19,1,0.3
2023-10-09,South,Technology,1218.43,269.48,1,0.1
2023-10-09,West,Office Supplies,814.72,-112.85,1,0.0
2023-10-09,West,Technology,2115.66,-36.44,2,0.25
2023-10-10,Central,Office Supplies,922.95,229.32,1,0.5
2023-10-10,Central,Technology,1447.35,-179.9,2,0.25
2023-10-10,East,Furniture,1006.87,207.52,1,0.3
2023-10-10,East,Technology,1635.48,189.92,1,0.4
2023-10-10,South,Office Supplies,710.72,44.56,1,0.0
2023-10-10,South,Technology,797.62,-124.17,1,0.4
2023-10-10,West,Furniture,1785.89,216.11,1,0.2
2023-10-10,West,Office Supplies,1301.53,326.09,1,0.4
2023-10-10,West,Technology,1108.85,144.24,1,0.4
2023-10-11,Central,Office Supplies,1951.19,-148.41,2,0.35
2023-10-11,East,Furniture,3587.28,832.57,3,0.1667
2023-10-11,East,Office Supplies,1231.62,-26.2,1,0.0
2023-10-11,East,Technology,1929.95,-189.41,1,0.5
2023-10-11,South,Office Supplies,439.73,-70.28,1,0.4
2023-10-11,West,Furniture,849.35,263.83,1,0.5
2023-10-11,West,Office Supplies,1409.14,-34.82,1,0.0
2023-10-12,Central,Furniture,1256.07,-145.81,1,0.5
2023-10-12,Central,Office Supplies,2102.01,394.27,2,0.3
2023-10-12,East,Office Supplies,3874.47,322.91,3,0.2667
2023-10-12,East,Technology,1333.47,230.4,1,0.3
2023-10-12,South,Furniture,1406.98,399.1,2,0.45
2023-10-12,South,Office Supplies,1611.66,315.85,1,0.4
2023-10-12,South,Technology,1845.43,117.94,1,0.0
2023-10-12,West,Furniture,666.61,192.91,1,0.0
2023-10-12,West,Technology,360.17,3.88,1,0.3
2023-10-13,Central,Furniture,1987.24,390.29,1,0.1
2023-10-13,Central,Office Supplies,1997.52,283.75,1,0.5
2023-10-13,East,Technology,443.09,-82.99,1,0.0
2023-10-13,South,Furniture,1367.72,296.06,1,0.5
2023-10-13,South,Office Supplies,1844.7,350.77,2,0.1
2023-10-13,South,Technology,496.77,-1.63,1,0.3
2023-10-13,West,Furniture,1188.69,-79.47,1,0.0
2023-10-14,Central,Furniture,1785.77,576.5,1,0.3
2023-10-14,Central,Office Supplies,1359.05,97.18,1,0.4
2023-10-14,East,Office Supplies,2819.19,147.82,3,0.1333
2023-10-15,Central,Technology,1854.63,-257.14,1,0.0
2023-10-15,East,Office Supplies,3240.62,-60.99,2,0.35
2023-10-15,East,Technology,2873.09,603.67,3,0.1667
2023-10-15,South,Technology,880.36,230.64,1,0.3
2023-10-15,West,Furniture,527.74,-96.71,1,0.0
2023-10-15,West,Technology,1136.38,-57.31,1,0.0
2023-10-16,East,Furniture,2678.13,963.63,2,0.15
2023-10-16,East,Technology,845.86,-83.38,2,0.15
2023-10-16,South,Technology,1976.88,370.42,1,0.4
2023-10-16,West,Furniture,619.07,107.19,1,0.2
2023-10-16,West,Office Supplies,285.04,30.3,1,0.3
2023-10-17,Central,Furniture,1151.72,-148.94,1,0.0
2023-10-17,Central,Technology,1807.99,-152.83,2,0.0
2023-10-17,East,Office Supplies,803.86,130.92,1,0.2
2023-10-17,South,Furniture,1033.38,148.7,1,0.2
2023-10-17,West,Furniture,1838.01,540.73,1,0.3
2023-10-18,East,Office Supplies,483.85,189.4,1,0.3
2023-10-18,South,Furniture,1837.93,565.32,1,0.4
2023-10-18,South,Technology,1281.92,264.2,1,0.2
2023-10-18,West,Furniture,1025.32,98.94,1,0.0
2023-10-18,West,Technology,590.8,177.73,1,0.4
2023-10-19,Central,Office Supplies,839.09,-89.78,1,0.0
2023-10-19,East,Furniture,1553.06,339.61,1,0.0
2023-10-19,South,Furniture,1482.73,42.58,1,0.1
2023-10-19,South,Office Supplies,111.65,-0.24,1,0.0
2023-10-19,West,Furniture,1757.18,-54.34,1,0.3
2023-10-19,West,Office Supplies,835.79,20.54,1,0.0
2023-10-19,West,Technology,1938.7,-319.79,1,0.3
2023-10-20,Central,Furniture,956.1,125.25,2,0.0
2023-10-20,East,Furniture,752.0,-95.06,1,0.0
2023-10-20,East,Office Supplies,639.65,71.91,1,0.2
2023-10-20,East,Technology,934.23,267.46,2,0.0
2023-10-20,South,Furniture,2902.51,-338.78,2,0.05
2023-10-20,West,Furniture,1612.25,-30.78,1,0.0
2023-10-21,Central,Office Supplies,1716.72,348.49,1,0.4
2023-10-21,Central,Technology,1817.42,368.01,2,0.05
2023-10-21,South,Furniture,1747.97,554.1,1,0.0
2023-10-21,South,Technology,2509.87,56.77,2,0.35
2023-10-21,West,Furniture,1191.92,467.39,1,0.0
2023-10-21,West,Technology,364.75,98.61,1,0.0
2023-10-22,Central,Technology,1333.98,446.31,1,0.2
2023-10-22,East,Furniture,65.84,0.85,1,0.0
2023-10-22,East,Technology,611.12,-54.41,1,0.0
2023-10-22,South,Office Supplies,1538.26,371.1,2,0.2
2023-10-22,West,Furniture,1433.4,126.34,1,0.0
2023-10-22,West,Office Supplies,74.16,13.6,1,0.0
2023-10-22,West,Technology,1302.97,115.81,1,0.2
2023-10-23,Central,Furniture,1948.9,121.32,1,0.0
2023-10-23,Central,Technology,3770.41,-54.02,2,0.0
2023-10-23,East,Furniture,3661.74,522.05,3,0.1333
2023-10-23,East,Office Supplies,1551.94,294.97,1,0.4
2023-10-23,East,Technology,1438.67,410.66,2,0.1
2023-10-23,South,Office Supplies,1842.9,119.68,2,0.15
2023-10-23,South,Technology,1674.73,624.71,1,0.3
2023-10-23,West,Office Supplies,1360.6,295.88,2,0.25
2023-10-24,East,Technology,1581.31,63.59,1,0.0
2023-10-24,South,Technology,3343.29,-116.52,2,0.05
2023-10-24,West,Furniture,2328.06,198.57,2,0.45
2023-10-24,West,Office Supplies,1350.54,43.1,1,0.3
2023-10-25,Central,Furniture,1304.44,-243.89,1,0.4
2023-10-25,Central,Office Supplies,2180.3,-92.01,3,0.1333
2023-10-25,Central,Technology,1047.43,150.42,1,0.1
2023-10-25,South,Office Supplies,3319.82,-335.62,2,0.4
2023-10-25,West,Furniture,1109.11,-59.03,2,0.15
2023-10-25,West,Office Supplies,1662.64,632.52,1,0.5
2023-10-25,West,Technology,348.17,1.5,2,0.25
2023-10-26,Central,Office Supplies,782.88,-6.79,1,0.0
2023-10-26,East,Furniture,1264.94,251.57,1,0.0
2023-10-26,East,Technology,1588.11,-312.3,2,0.15
2023-10-26,South,Furniture,1298.26,-209.56,2,0.4
2023-10-26,South,Office Supplies,1490.4,387.44,2,0.0
2023-10-26,West,Furniture,1564.2,-208.03,1,0.3
2023-10-27,Central,Furniture,1759.67,208.77,1,0.5
2023-10-27,East,Office Supplies,2166.81,-0.62,2,0.35
2023-10-27,East,Technology,1987.92,-51.69,1,0.0
2023-10-27,South,Office Supplies,1353.35,126.52,1,0.2
2023-10-27,West,Technology,1504.54,6.72,2,0.05
2023-10-28,Central,Technology,1154.18,77.22,1,0.5
2023-10-28,East,Furniture,1558.53,369.23,1,0.1
2023-10-28,East,Technology,261.74,-20.22,1,0.1
2023-10-28,South,Technology,796.19,-87.68,1,0.0
2023-10-28,West,Furniture,747.37,-2.17,1,0.5
2023-10-29,East,Furniture,720.28,84.96,1,0.1
2023-10-29,South,Furniture,1942.1,-344.68,1,0.4
2023-10-29,West,Furniture,2899.29,98.16,3,0.0333
2023-10-29,West,Technology,162.89,42.73,1,0.3
2023-10-30,Central,Office Supplies,1694.46,-42.47,2,0.1
2023-10-30,Central,Technology,2809.42,306.3,2,0.05
2023-10-30,East,Furniture,1074.14,-83.41,2,0.4
2023-10-30,East,Technology,291.32,-56.81,1,0.0
2023-10-30,South,Furniture,1266.57,383.01,1,0.2
2023-10-30,South,Office Supplies,358.7,-14.08,1,0.3
2023-10-30,West,Office Supplies,1883.9,73.33,1,0.5
2023-10-30,West,Technology,1298.94,377.54,1,0.0
2023-10-31,Central,Furniture,1409.94,-269.52,1,0.0
2023-10-31,Central,Office Supplies,273.71,33.35,1,0.4
2023-10-31,Central,Technology,1838.93,-70.0,2,0.35
2023-10-31,East,Technology,2853.6,422.47,3,0.1667
2023-10-31,South,Office Supplies,1757.48,-307.68,1,0.1
2023-10-31,South,Technology,1486.53,71.11,1,0.1
2023-10-31,West,Office Supplies,2656.27,736.01,2,0.05
2023-11-01,Central,Office Supplies,1466.65,258.41,1,0.2
2023-11-01,Central,Technology,941.44,296.08,1,0.2
2023-11-01,East,Office Supplies,1459.13,-101.11,2,0.1
2023-11-01,East,Technology,1661.39,-77.32,1,0.4
2023-11-01,South,Technology,336.21,-9.56,1,0.0
2023-11-01,West,Office Supplies,1535.76,232.69,1,0.5
2023-11-02,Central,Furniture,458.22,89.26,1,0.3
2023-11-02,Central,Office Supplies,1897.36,32.24,2,0.05
2023-11-02,East,Furniture,2172.9,-199.8,2,0.0
2023-11-02,East,Office Supplies,1273.65,-119.44,1,0.4
2023-11-02,East,Technology,1096.8,56.18,1,0.0
2023-11-02,South,Furniture,1126.51,103.17,1,0.5
2023-11-02,South,Office Supplies,1333.24,246.94,1,0.0
2023-11-02,South,Technology,529.53,148.97,1,0.1
2023-11-02,West,Technology,888.25,-131.14,1,0.3
2023-11-03,Central,Furniture,1481.57,538.47,1,0.1
2023-11-03,Central,Office Supplies,651.11,-38.47,1,0.1
2023-11-03,Central,Technology,1494.5,-29.47,1,0.5
2023-11-03,East,Technology,1155.65,430.08,1,0.0
2023-11-03,South,Office Supplies,332.07,-8.74,1,0.0
2023-11-03,South,Technology,418.71,86.62,1,0.0
2023-11-03,West,Furniture,2918.91,212.25,2,0.15
2023-11-03,West,Office Supplies,419.52,-58.45,1,0.5
2023-11-03,West,Technology,234.48,20.8,1,0.0
2023-11-04,East,Furniture,1023.78,98.16,1,0.5
2023-11-04,East,Office Supplies,227.09,70.74,1,0.1
2023-11-05,Central,Furniture,1372.72,29.1,2,0.45
2023-11-05,Central,Technology,160.77,35.0,1,0.1
2023-11-05,South,Furniture,1954.44,339.81,1,0.0
2023-11-05,South,Office Supplies,4169.2,-121.6,3,0.3
2023-11-05,South,Technology,1145.57,226.1,2,0.35
2023-11-05,West,Furniture,1291.49,74.75,1,0.0
2023-11-05,West,Office Supplies,2187.02,148.98,2,0.2
2023-11-06,Central,Office Supplies,689.91,16.01,1,0.0
2023-11-06,South,Furniture,1441.42,502.43,1,0.2
2023-11-06,West,Furniture,3438.73,1168.08,2,0.05
2023-11-06,West,Office Supplies,1084.14,213.75,1,0.0
2023-11-06,West,Technology,1913.71,468.83,1,0.3
2023-11-07,East,Furniture,300.84,119.29,1,0.2
2023-11-07,South,Office Supplies,2190.15,56.94,2,0.2
2023-11-07,South,Technology,1631.38,257.05,1,0.4
2023-11-07,West,Furniture,1554.05,85.56,1,0.5
2023-11-07,West,Technology,81.77,9.62,1,0.2
2023-11-08,Central,Furniture,1699.95,354.75,1,0.3
2023-11-08,Central,Technology,3879.25,965.62,3,0.0
2023-11-08,East,Furniture,2546.68,232.29,2,0.25
2023-11-08,East,Office Supplies,1686.42,-26.46,2,0.1
2023-11-08,South,Furniture,1405.23,323.53,1,0.1
2023-11-08,South,Office Supplies,2201.62,92.56,2,0.3
2023-11-08,West,Furniture,1639.51,-128.1,2,0.1
2023-11-09,Central,Office Supplies,684.23,-127.14,1,0.1
2023-11-09,Central,Technology,636.7,39.49,1,0.2
2023-11-09,East,Office Supplies,1288.66,-29.04,1,0.0
2023-11-09,South,Office Supplies,1125.38,287.17,1,0.3
2023-11-09,South,Technology,1090.42,29.68,1,0.1
2023-11-09,West,Furniture,1532.87,-203.67,1,0.3
2023-11-09,West,Technology,2358.3,-302.04,2,0.2
2023-11-10,East,Furniture,1134.38,-72.58,1,0.0
2023-11-10,South,Furniture,1416.8,-34.03,1,0.0
2023-11-10,South,Office Supplies,3667.44,-448.21,2,0.4
2023-11-10,South,Technology,501.33,18.33,1,0.0
2023-11-11,Central,Office Supplies,1057.73,297.01,1,0.0
2023-11-11,Central,Technology,1292.32,-229.58,1,0.2
2023-11-11,East,Furniture,1833.61,693.53,1,0.0
2023-11-11,East,Office Supplies,1105.27,173.21,1,0.2
2023-11-11,East,Technology,1659.78,-52.57,1,0.1
2023-11-11,South,Furniture,1111.45,-135.88,1,0.0
2023-11-11,South,Office Supplies,732.44,201.64,3,0.3667
2023-11-11,West,Office Supplies,882.89,-20.67,1,0.2
2023-11-11,West,Technology,3419.84,585.0,3,0.2667
2023-11-12,Central,Office Supplies,2836.59,79.14,2,0.0
2023-11-12,Central,Technology,777.98,121.61,1,0.0
2023-11-12,East,Furniture,236.91,81.39,1,0.1
2023-11-12,East,Office Supplies,654.16,41.02,1,0.1
2023-11-12,East,Technology,1761.01,213.75,1,0.1
2023-11-12,South,Office Supplies,1999.92,494.98,2,0.3
2023-11-12,West,Technology,2676.97,37.92,2,0.05
2023-11-13,Central,Technology,663.85,175.81,1,0.5
2023-11-13,East,Furniture,873.04,236.14,1,0.0
2023-11-13,East,Technology,401.98,-21.61,1,0.0
2023-11-13,South,Office Supplies,1149.7,143.97,1,0.3
2023-11-13,West,Furniture,1490.53,492.29,1,0.0
2023-11-13,West,Office Supplies,861.63,264.99,2,0.0
2023-11-13,West,Technology,1553.28,527.79,1,0.4
2023-11-14,Central,Furniture,46.61,10.59,1,0.2
2023-11-14,Central,Technology,1454.59,32.58,3,0.0333
2023-11-14,East,Furniture,3113.61,-49.48,2,0.05
2023-11-14,East,Office Supplies,763.42,-74.15,1,0.0
2023-11-14,South,Furniture,1853.93,234.21,1,0.2
2023-11-14,West,Furniture,1395.63,-198.29,1,0.5
2023-11-14,West,Office Supplies,630.37,16.29,1,0.5
2023-11-14,West,Technology,2234.73,-140.85,2,0.05
2023-11-15,Central,Office Supplies,1977.95,209.49,2,0.25
2023-11-15,Central,Technology,2207.47,54.26,2,0.3
2023-11-15,East,Office Supplies,1582.6,51.34,1,0.0
2023-11-15,South,Furniture,4000.26,1126.67,3,0.1667
2023-11-15,South,Office Supplies,766.24,102.05,1,0.0
2023-11-15,West,Furniture,281.43,97.58,1,0.3
2023-11-15,West,Office Supplies,1479.48,317.32,1,0.5
2023-11-16,Central,Office Supplies,78.49,-7.31,1,0.4
2023-11-16,Central,Technology,1613.01,178.28,1,0.2
2023-11-16,East,Office Supplies,1442.68,-111.04,2,0.15
2023-11-16,South,Furniture,760.43,55.09,1,0.0
2023-11-16,South,Office Supplies,1576.34,209.96,1,0.0
2023-11-16,South,Technology,1174.34,22.33,2,0.15
2023-11-16,West,Office Supplies,3003.63,34.62,2,0.25
2023-11-17,Central,Office Supplies,1064.21,28.22,2,0.35
2023-11-17,East,Office Supplies,727.16,123.81,1,0.3
2023-11-17,South,Technology,747.73,221.98,1,0.2
2023-11-18,Central,Furniture,345.92,88.09,1,0.4
2023-11-18,Central,Office Supplies,3694.86,582.96,2,0.5
2023-11-18,Central,Technology,1531.55,14.43,1,0.5
2023-11-18,East,Furniture,2683.49,-184.33,2,0.1
2023-11-18,South,Furniture,3245.24,750.07,2,0.4
2023-11-18,South,Office Supplies,1744.3,0.3,2,0.2
2023-11-18,South,Technology,2334.72,693.63,2,0.2
2023-11-18,West,Technology,1675.61,-127.25,2,0.2
2023-11-19,Central,Furniture,1518.02,-40.88,1,0.0
2023-11-19,Central,Office Supplies,907.93,168.95,1,0.5
2023-11-19,East,Office Supplies,564.17,69.7,1,0.1
2023-11-19,East,Technology,856.35,273.75,2,0.5
2023-11-20,Central,Office Supplies,539.71,-43.4,1,0.0
2023-11-20,East,Furniture,568.81,-60.06,1,0.0
2023-11-20,East,Technology,2142.77,345.68,2,0.25
2023-11-20,South,Office Supplies,1382.16,382.75,1,0.2
2023-11-20,South,Technology,377.47,133.84,1,0.4
2023-11-20,West,Office Supplies,2498.12,437.9,2,0.2
2023-11-20,West,Technology,370.83,29.08,1,0.3
2023-11-21,Central,Furniture,1754.75,86.39,1,0.0
2023-11-21,Central,Technology,3222.51,415.55,2,0.4
2023-11-21,South,Furniture,1807.92,361.89,1,0.0
2023-11-21,South,Technology,1833.25,288.09,1,0.0
2023-11-21,West,Office Supplies,1667.79,240.68,2,0.05
2023-11-22,Central,Technology,2136.8,579.56,2,0.2
2023-11-22,East,Office Supplies,326.36,-38.71,1,0.4
2023-11-22,East,Technology,1375.02,-222.53,1,0.4
2023-11-22,South,Office Supplies,3084.49,-196.38,2,0.45
2023-11-22,West,Furniture,2635.58,139.26,4,0.175
2023-11-22,West,Office Supplies,1796.65,353.18,2,0.15
2023-11-23,Central,Office Supplies,1508.42,-242.77,1,0.2
2023-11-23,Central,Technology,961.43,-88.08,1,0.2
2023-11-23,East,Office Supplies,2161.93,-268.82,2,0.0
2023-11-23,East,Technology,258.11,-9.38,1,0.0
2023-11-23,South,Office Supplies,1811.78,243.58,2,0.0
2023-11-23,South,Technology,969.76,135.96,1,0.5
2023-11-24,Central,Furniture,1992.11,148.45,2,0.2
2023-11-24,Central,Office Supplies,1580.16,309.56,2,0.15
2023-11-24,Central,Technology,1437.39,-242.21,2,0.2
2023-11-24,East,Furniture,1449.33,87.82,1,0.0
2023-11-24,South,Furniture,1154.07,393.17,1,0.0
2023-11-24,South,Office Supplies,1309.53,393.9,1,0.0
2023-11-24,West,Furniture,1921.91,-301.62,1,0.0
2023-11-24,West,Office Supplies,2740.5,548.97,4,0.05
2023-11-24,West,Technology,1234.45,111.28,2,0.5
2023-11-25,Central,Furniture,731.04,99.15,2,0.3
2023-11-25,Central,Office Supplies,1601.92,-46.77,1,0.2
2023-11-25,Central,Technology,1076.26,-143.43,1,0.0
2023-11-25,East,Furniture,1989.88,-41.59,1,0.2
2023-11-25,East,Technology,1670.4,347.36,1,0.4
2023-11-25,South,Furniture,2711.75,424.9,2,0.05
2023-11-25,South,Technology,2134.02,589.1,2,0.25
2023-11-25,West,Office Supplies,1443.92,-71.35,1,0.2
2023-11-25,West,Technology,758.89,8.91,1,0.4
2023-11-26,Central,Furniture,1212.97,-90.72,1,0.2
2023-11-26,Central,Office Supplies,3722.51,-143.02,3,0.1333
2023-11-26,Central,Technology,3969.54,949.22,3,0.0333
2023-11-26,East,Office Supplies,1506.91,-134.85,1,0.0
2023-11-26,East,Technology,3428.46,806.55,2,0.15
2023-11-26,South,Office Supplies,778.48,-140.03,1,0.2
2023-11-26,South,Technology,173.19,16.56,1,0.0
2023-11-26,West,Furniture,1967.89,145.99,4,0.275
2023-11-26,West,Office Supplies,234.52,69.41,1,0.5
2023-11-27,Central,Furniture,885.78,235.18,1,0.4
2023-11-27,Central,Office Supplies,443.21,95.75,1,0.0
2023-11-27,Central,Technology,3474.01,293.21,2,0.2
2023-11-27,East,Furniture,1005.09,128.21,1,0.0
2023-11-27,East,Office Supplies,392.06,-57.7,2,0.0
2023-11-27,South,Furniture,1991.98,-160.71,1,0.0
2023-11-27,South,Technology,1732.86,-295.11,1,0.5
2023-11-27,West,Furniture,920.8,160.3,1,0.5
2023-11-27,West,Technology,971.17,311.0,1,0.5
2023-11-28,Central,Furniture,3060.55,-18.3,3,0.0667
2023-11-28,East,Furniture,3750.66,208.67,3,0.3333
2023-11-28,East,Office Supplies,1047.32,163.75,2,0.15
2023-11-28,South,Furniture,526.71,131.33,1,0.5
2023-11-28,South,Office Supplies,1369.37,90.62,1,0.5
2023-11-28,South,Technology,1249.59,-240.06,1,0.4
2023-11-28,West,Furniture,64.82,25.49,1,0.0
2023-11-28,West,Office Supplies,652.13,-78.12,1,0.0
2023-11-29,East,Office Supplies,333.47,82.49,1,0.5
2023-11-29,East,Technology,337.93,29.04,1,0.3
2023-11-29,South,Furniture,3497.05,-88.58,2,0.3
2023-11-29,South,Office Supplies,1074.68,35.78,1,0.3
2023-11-29,West,Furniture,1912.96,-364.65,1,0.3
2023-11-30,Central,Furniture,357.97,32.46,1,0.0
2023-11-30,Central,Technology,694.63,38.05,1,0.0
2023-11-30,East,Office Supplies,2095.47,-90.85,3,0.1
2023-11-30,South,Furniture,351.52,84.62,1,0.3
2023-11-30,South,Office Supplies,1005.43,-40.23,1,0.0
2023-11-30,West,Furniture,798.7,-60.12,1,0.5
2023-11-30,West,Technology,382.49,95.28,1,0.5
2023-12-01,Central,Office Supplies,1399.25,-259.51,1,0.5
2023-12-01,Central,Technology,1330.39,338.12,1,0.4
2023-12-01,East,Furniture,989.45,-23.61,1,0.1
2023-12-01,West,Furniture,844.42,196.69,1,0.2
2023-12-01,West,Office Supplies,1057.2,387.64,1,0.0
2023-12-01,West,Technology,603.87,-114.57,1,0.4
2023-12-02,Central,Furniture,858.22,-160.49,1,0.0
2023-12-02,Central,Office Supplies,2828.63,877.23,2,0.0
2023-12-02,Central,Technology,1069.03,347.35,1,0.0
2023-12-02,South,Furniture,1940.66,-123.81,1,0.0
2023-12-02,South,Technology,2436.87,-314.68,2,0.1
2023-12-02,West,Furniture,680.85,121.52,2,0.0
2023-12-02,West,Office Supplies,1131.44,380.57,1,0.3
2023-12-03,Central,Furniture,868.93,150.05,1,0.0
2023-12-03,Central,Office Supplies,2624.42,314.3,3,0.1
2023-12-03,Central,Technology,1642.28,-151.64,1,0.0
2023-12-03,East,Furniture,61.01,23.81,1,0.4
2023-12-03,East,Office Supplies,3576.74,653.73,2,0.2
2023-12-03,East,Technology,908.7,101.07,1,0.1
2023-12-03,South,Office Supplies,1066.2,-157.11,1,0.3
2023-12-03,South,Technology,270.69,-1.25,1,0.1
2023-12-03,West,Furniture,691.88,167.13,1,0.3
2023-12-04,Central,Office Supplies,1492.46,170.2,1,0.0
2023-12-04,East,Furniture,2401.98,-318.68,2,0.3
2023-12-04,East,Office Supplies,205.92,30.06,1,0.3
2023-12-04,South,Office Supplies,1476.39,281.06,1,0.0
2023-12-04,West,Furniture,2988.45,-249.12,2,0.0
2023-12-05,Central,Technology,260.49,-18.12,1,0.1
2023-12-05,East,Office Supplies,1568.41,591.06,2,0.0
2023-12-05,South,Office Supplies,1293.92,-27.75,1,0.4
2023-12-05,West,Office Supplies,1774.13,50.09,2,0.2
2023-12-06,Central,Furniture,608.6,-6.87,1,0.0
2023-12-06,East,Furniture,2418.9,262.13,2,0.25
2023-12-06,East,Technology,1410.42,257.52,1,0.4
2023-12-06,South,Furniture,478.3,-38.43,1,0.3
2023-12-06,West,Furniture,1317.7,341.45,1,0.1
2023-12-06,West,Technology,1219.77,22.14,1,0.2
2023-12-07,Central,Office Supplies,820.84,162.62,1,0.0
2023-12-07,Central,Technology,1044.33,222.09,1,0.1
2023-12-07,East,Office Supplies,990.35,272.66,2,0.1
2023-12-07,East,Technology,1876.83,375.28,1,0.0
2023-12-07,South,Furniture,381.24,135.2,1,0.5
2023-12-07,South,Office Supplies,2084.72,601.76,2,0.1
2023-12-07,West,Furniture,2942.7,892.92,2,0.25
2023-12-07,West,Office Supplies,755.46,180.53,1,0.4
2023-12-08,Central,Furniture,1163.89,386.7,2,0.0
2023-12-08,Central,Office Supplies,1003.69,178.2,1,0.4
2023-12-08,East,Office Supplies,2150.48,603.75,2,0.0
2023-12-08,East,Technology,1450.09,71.35,1,0.1
2023-12-08,South,Furniture,2238.12,-109.55,2,0.4
2023-12-08,South,Office Supplies,2907.52,728.16,2,0.0
2023-12-08,West,Office Supplies,1613.09,277.66,1,0.0
2023-12-08,West,Technology,872.6,91.95,1,0.4
2023-12-09,Central,Technology,1422.41,145.92,2,0.25
2023-12-09,East,Office Supplies,210.51,24.26,1,0.1
2023-12-09,East,Technology,1013.22,54.51,1,0.4
2023-12-09,South,Furniture,496.33,41.38,1,0.3
2023-12-10,Central,Office Supplies,1806.34,709.65,1,0.0
2023-12-10,Central,Technology,2141.24,-247.02,2,0.25
2023-12-10,East,Furniture,3445.17,522.05,2,0.3
2023-12-10,South,Technology,1898.31,124.58,2,0.3
2023-12-10,West,Furniture,1076.22,-96.42,2,0.1
2023-12-10,West,Office Supplies,1171.82,270.22,1,0.3
2023-12-11,Central,Office Supplies,1677.11,5.1,1,0.1
2023-12-11,South,Office Supplies,1211.93,-96.94,1,0.5
2023-12-11,South,Technology,196.49,68.22,1,0.4
2023-12-11,West,Furniture,1649.78,-89.95,1,0.0
2023-12-12,Central,Furniture,971.73,53.66,1,0.4
2023-12-12,Central,Office Supplies,342.94,-48.01,1,0.0
2023-12-12,Central,Technology,2204.99,120.51,2,0.15
2023-12-12,East,Technology,3911.68,428.36,3,0.1333
2023-12-12,South,Furniture,2317.64,718.66,2,0.15
2023-12-12,South,Technology,1815.68,-62.13,1,0.4
2023-12-13,South,Office Supplies,2366.79,-94.44,2,0.0
2023-12-13,West,Technology,971.76,-37.9,1,0.5
2023-12-14,Central,Furniture,1752.88,547.63,1,0.0
2023-12-14,Central,Office Supplies,2202.49,-112.18,2,0.25
2023-12-14,East,Office Supplies,861.78,116.95,1,0.0
2023-12-14,East,Technology,346.97,-61.55,1,0.1
2023-12-14,South,Furniture,4108.56,263.0,3,0.0333
2023-12-14,South,Office Supplies,1185.06,188.81,2,0.4
2023-12-14,South,Technology,1150.81,386.85,1,0.5
2023-12-14,West,Furniture,890.12,215.27,2,0.4
2023-12-14,West,Office Supplies,2336.87,-294.23,2,0.25
2023-12-15,Central,Furniture,1106.35,-55.01,1,0.0
2023-12-15,Central,Office Supplies,1507.01,112.4,1,0.0
2023-12-15,East,Furniture,1391.33,112.74,1,0.3
2023-12-15,East,Office Supplies,974.55,117.73,1,0.2
2023-12-15,East,Technology,790.24,262.28,1,0.4
2023-12-15,South,Furniture,1402.39,-26.6,1,0.0
2023-12-16,Central,Furniture,1963.1,69.44,2,0.35
2023-12-16,Central,Office Supplies,848.18,-117.55,2,0.15
2023-12-16,East,Furniture,847.46,-108.64,1,0.1
2023-12-16,East,Office Supplies,1941.28,-288.55,1,0.5
2023-12-16,East,Technology,403.34,107.15,2,0.2
2023-12-16,South,Furniture,1062.13,130.15,2,0.25
2023-12-16,South,Office Supplies,253.1,49.31,1,0.5
2023-12-16,West,Furniture,740.89,93.76,1,0.3
2023-12-16,West,Office Supplies,349.24,-26.84,1,0.5
2023-12-16,West,Technology,1555.42,-91.59,1,0.0
2023-12-17,East,Furniture,2059.78,98.96,2,0.25
2023-12-17,East,Office Supplies,2316.97,184.48,2,0.3
2023-12-17,East,Technology,2446.95,380.59,2,0.4
2023-12-17,South,Furniture,1016.93,129.36,1,0.0
2023-12-17,South,Technology,172.3,-9.49,1,0.0
2023-12-17,West,Furniture,2003.78,639.43,2,0.2
2023-12-18,Central,Furniture,262.59,88.42,1,0.4
2023-12-18,East,Furniture,1675.54,594.55,1,0.5
2023-12-18,East,Office Supplies,2148.7,437.95,2,0.05
2023-12-18,South,Technology,1497.65,184.21,1,0.0
2023-12-18,West,Furniture,1061.08,219.19,1,0.0
2023-12-18,West,Office Supplies,770.2,298.74,1,0.0
2023-12-19,Central,Furniture,639.23,-35.95,1,0.4
2023-12-19,Central,Technology,769.8,136.05,1,0.5
2023-12-19,East,Furniture,1043.89,320.01,1,0.4
2023-12-19,East,Technology,1505.18,-142.21,1,0.4
2023-12-19,South,Furniture,2249.05,171.63,2,0.05
2023-12-19,South,Office Supplies,464.77,134.66,1,0.1
2023-12-19,West,Furniture,3465.38,-171.51,3,0.0
2023-12-19,West,Technology,1542.74,329.0,1,0.4
2023-12-20,Central,Furniture,1042.21,-164.29,1,0.0
2023-12-20,Central,Technology,1747.07,43.82,2,0.3
2023-12-20,East,Furniture,15.61,3.27,1,0.2
2023-12-20,East,Office Supplies,830.1,108.85,1,0.0
2023-12-20,East,Technology,749.47,112.87,1,0.1
2023-12-20,South,Technology,5559.21,1089.69,5,0.22
2023-12-21,Central,Furniture,916.37,287.84,1,0.1
2023-12-21,Central,Office Supplies,1470.81,474.37,1,0.0
2023-12-21,East,Furniture,802.09,301.84,1,0.1
2023-12-21,East,Office Supplies,2061.5,301.94,2,0.4
2023-12-21,West,Technology,688.78,14.97,1,0.0
2023-12-22,Central,Furniture,1548.43,515.67,1,0.3
2023-12-22,Central,Office Supplies,1912.18,714.6,1,0.3
2023-12-22,Central,Technology,577.34,-104.39,1,0.1
2023-12-22,South,Technology,665.81,58.14,1,0.1
2023-12-22,West,Furniture,2944.92,761.17,2,0.1
2023-12-22,West,Office Supplies,303.69,-47.71,1,0.3
2023-12-23,Central,Office Supplies,989.15,-93.98,1,0.4
2023-12-23,East,Furniture,1474.83,-152.24,1,0.5
2023-12-23,East,Office Supplies,970.37,312.03,1,0.0
2023-12-23,East,Technology,2904.8,672.23,2,0.25
2023-12-23,South,Furniture,597.58,221.45,1,0.0
2023-12-23,South,Office Supplies,2924.22,817.2,3,0.0333
2023-12-23,South,Technology,934.86,305.62,1,0.0
2023-12-23,West,Furniture,1990.99,775.08,1,0.0
2023-12-23,West,Office Supplies,3395.25,705.19,3,0.2333
2023-12-23,West,Technology,151.2,-7.72,1,0.0
2023-12-24,East,Office Supplies,1074.47,-214.43,1,0.0
2023-12-24,South,Furniture,1854.22,15.87,1,0.4
2023-12-24,South,Office Supplies,4082.08,252.88,3,0.1667
2023-12-24,South,Technology,1505.39,-229.46,1,0.4
2023-12-24,West,Office Supplies,1892.15,272.46,2,0.15
2023-12-24,West,Technology,324.16,27.63,1,0.0
2023-12-25,West,Furniture,548.46,170.89,1,0.0
2023-12-26,Central,Office Supplies,1726.49,300.61,1,0.1
2023-12-26,Central,Technology,1784.51,-271.32,1,0.1
2023-12-26,South,Technology,210.34,45.5,1,0.5
2023-12-26,West,Furniture,828.56,100.62,1,0.2
2023-12-26,West,Technology,2924.25,486.59,3,0.4667
2023-12-27,Central,Technology,940.33,188.77,1,0.3
2023-12-27,East,Furniture,591.95,-94.07,1,0.0
2023-12-27,South,Office Supplies,1085.27,-8.06,1,0.2
2023-12-27,South,Technology,903.52,-97.16,1,0.3
2023-12-27,West,Furniture,360.69,48.29,1,0.2
2023-12-27,West,Technology,2022.04,499.53,2,0.4
2023-12-28,Central,Office Supplies,70.11,7.05,1,0.0
2023-12-28,Central,Technology,1878.45,219.58,2,0.0
2023-12-28,East,Furniture,1764.94,206.52,1,0.0
2023-12-28,South,Office Supplies,1899.69,373.89,1,0.3
2023-12-28,West,Furniture,1464.67,272.46,1,0.3
2023-12-29,East,Furniture,690.09,37.06,1,0.0
2023-12-29,East,Technology,209.78,-30.8,1,0.2
2023-12-29,South,Furniture,144.78,-14.22,1,0.3
2023-12-29,South,Technology,1740.83,-301.81,1,0.0
2023-12-29,West,Office Supplies,1268.9,254.4,4,0.25
2023-12-30,Central,Furniture,1935.33,459.36,2,0.15
2023-12-30,Central,Office Supplies,1921.45,548.67,1,0.0
2023-12-30,East,Furniture,3759.45,-109.87,3,0.3667
2023-12-30,East,Technology,867.85,205.14,1,0.0
2023-12-30,South,Office Supplies,24.9,9.53,1,0.4
2023-12-30,South,Technology,1602.85,-176.28,1,0.0
2023-12-30,West,Furniture,1592.68,50.21,1,0.2
2023-12-31,Central,Furniture,128.54,-24.92,1,0.2
2023-12-31,Central,Office Supplies,282.72,77.72,1,0.4
2023-12-31,Central,Technology,1366.91,237.93,1,0.4
2023-12-31,East,Office Supplies,611.95,64.46,1,0.0
2023-12-31,West,Furniture,1721.99,-290.53,1,0.5
2023-12-31,West,Office Supplies,1091.51,71.1,1,0.4
2023-12-31,West,Technology,1990.29,545.41,2,0.0
2024-01-01,Central,Technology,1286.43,326.21,1,0.0
2024-01-01,East,Furniture,1228.13,273.0,2,0.3
2024-01-01,South,Furniture,3556.85,687.23,2,0.35
2024-01-01,West,Technology,2097.73,-22.53,3,0.4333
