product_id,product_name,category,sub_category
TEC-PHO-10238,Phones Model 33,Technology,Phones
TEC-PHO-10284,Phones Model 10,Technology,Phones
FUR-BOO-10565,Bookcases Model 19,Furniture,Bookcases
TEC-MAC-10166,Machines Model 24,Technology,Machines
OFF-BIN-10701,Binders Model 21,Office Supplies,Binders
FUR-TAB-10146,Tables Model 17,Furniture,Tables
FUR-TAB-10642,Tables Model 11,Furniture,Tables
TEC-COP-10787,Copiers Model 42,Technology,Copiers
OFF-STO-10156,Storage Model 24,Office Supplies,Storage
FUR-CHA-10778,Chairs Model 35,Furniture,Chairs
FUR-TAB-10448,Tables Model 34,Furniture,Tables
OFF-STO-10927,Storage Model 3,Office Supplies,Storage
OFF-STO-10674,Storage Model 28,Office Supplies,Storage
OFF-FAS-10143,Fasteners Model 28,Office Supplies,Fasteners
FUR-BOO-10170,Bookcases Model 27,Furniture,Bookcases
OFF-PAP-10158,Paper Model 13,Office Supplies,Paper
OFF-BIN-10871,Binders Model 12,Office Supplies,Binders
FUR-CHA-10957,Chairs Model 17,Furniture,Chairs
FUR-BOO-10550,Bookcases Model 14,Furniture,Bookcases
TEC-MAC-10683,Machines Model 36,Technology,Machines
OFF-STO-10517,Storage Model 32,Office Supplies,Storage
OFF-LAB-10574,Labels Model 1,Office Supplies,Labels
FUR-CHA-10682,Chairs Model 7,Furniture,Chairs
OFF-SUP-10821,Supplies Model 43,Office Supplies,Supplies
TEC-ACC-10228,Accessories Model 2,Technology,Accessories
TEC-ACC-10182,Accessories Model 38,Technology,Accessories
OFF-LAB-10001,Labels Model 34,Office Supplies,Labels
TEC-ACC-10334,Accessories Model 26,Technology,Accessories
TEC-MAC-10440,Machines Model 38,Technology,Machines
TEC-MAC-10095,Machines Model 49,Technology,Machines
FUR-BOO-10735,Bookcases Model 45,Furniture,Bookcases
OFF-PAP-10939,Paper Model 8,Office Supplies,Paper
OFF-ART-10918,Art Model 11,Office Supplies,Art
TEC-COP-10343,Copiers Model 21,Technology,Copiers
TEC-PHO-10852,Phones Model 27,Technology,Phones
OFF-LAB-10499,Labels Model 15,Office Supplies,Labels
OFF-FAS-10085,Fasteners Model 42,Office Supplies,Fasteners
OFF-ART-10854,Art Model 6,Office Supplies,Art
OFF-LAB-10484,Labels Model 43,Office Supplies,Labels
FUR-TAB-10589,Tables Model 44,Furniture,Tables
OFF-FAS-10545,Fasteners Model 28,Office Supplies,Fasteners
TEC-MAC-10445,Machines Model 12,Technology,Machines
TEC-MAC-10344,Machines Model 2,Technology,Machines
OFF-ENV-10737,Envelopes Model 27,Office Supplies,Envelopes
OFF-SUP-10679,Supplies Model 38,Office Supplies,Supplies
OFF-PAP-10323,Paper Model 8,Office Supplies,Paper
TEC-ACC-10725,Accessories Model 35,Technology,Accessories
FUR-BOO-10188,Bookcases Model 4,Furniture,Bookcases
OFF-PAP-10121,Paper Model 36,Office Supplies,Paper
OFF-BIN-10970,Binders Model 49,Office Supplies,Binders
FUR-TAB-10298,Tables Model 3,Furniture,Tables
FUR-BOO-10930,Bookcases Model 18,Furniture,Bookcases
FUR-CHA-10448,Chairs Model 6,Furniture,Chairs
TEC-PHO-10481,Phones Model 34,Technology,Phones
TEC-COP-10878,Copiers Model 11,Technology,Copiers
OFF-FAS-10673,Fasteners Model 35,Office Supplies,Fasteners
OFF-FAS-10901,Fasteners Model 45,Office Supplies,Fasteners
OFF-STO-10969,Storage Model 8,Office Supplies,Storage
TEC-ACC-10943,Accessories Model 39,Technology,Accessories
TEC-ACC-10886,Accessories Model 10,Technology,Accessories
OFF-SUP-10876,Supplies Model 50,Office Supplies,Supplies
OFF-LAB-10890,Labels Model 7,Office Supplies,Labels
OFF-STO-10665,Storage Model 6,Office Supplies,Storage
OFF-SUP-10444,Supplies Model 7,Office Supplies,Supplies
TEC-PHO-10543,Phones Model 27,Technology,Phones
TEC-ACC-10682,Accessories Model 1,Technology,Accessories
OFF-APP-10873,Appliances Model 31,Office Supplies,Appliances
FUR-TAB-10932,Tables Model 39,Furniture,Tables
TEC-COP-10643,Copiers Model 7,Technology,Copiers
TEC-PHO-10135,Phones Model 35,Technology,Phones
OFF-SUP-10772,Supplies Model 15,Office Supplies,Supplies
TEC-COP-10842,Copiers Model 41,Technology,Copiers
OFF-STO-10664,Storage Model 27,Office Supplies,Storage
FUR-TAB-10601,Tables Model 48,Furniture,Tables
TEC-ACC-10973,Accessories Model 16,Technology,Accessories
OFF-STO-10051,Storage Model 22,Office Supplies,Storage
FUR-TAB-10879,Tables Model 10,Furniture,Tables
FUR-BOO-10129,Bookcases Model 48,Furniture,Bookcases
OFF-SUP-10469,Supplies Model 42,Office Supplies,Supplies
FUR-CHA-10129,Chairs Model 18,Furniture,Chairs
TEC-MAC-10462,Machines Model 15,Technology,Machines
OFF-ENV-10851,Envelopes Model 6,Office Supplies,Envelopes
FUR-FUR-10888,Furnishings Model 47,Furniture,Furnishings
FUR-BOO-10780,Bookcases Model 18,Furniture,Bookcases
TEC-ACC-10359,Accessories Model 1,Technology,Accessories
FUR-TAB-10319,Tables Model 47,Furniture,Tables
OFF-STO-10424,Storage Model 18,Office Supplies,Storage
FUR-CHA-10209,Chairs Model 20,Furniture,Chairs
FUR-TAB-10073,Tables Model 26,Furniture,Tables
TEC-PHO-10021,Phones Model 21,Technology,Phones
FUR-FUR-10226,Furnishings Model 22,Furniture,Furnishings
FUR-CHA-10149,Chairs Model 17,Furniture,Chairs
FUR-TAB-10884,Tables Model 41,Furniture,Tables
OFF-ART-10058,Art Model 24,Office Supplies,Art
OFF-STO-10513,Storage Model 10,Office Supplies,Storage
FUR-FUR-10372,Furnishings Model 24,Furniture,Furnishings
OFF-FAS-10290,Fasteners Model 17,Office Supplies,Fasteners
TEC-ACC-10658,Accessories Model 22,Technology,Accessories
FUR-CHA-10158,Chairs Model 5,Furniture,Chairs
OFF-STO-10738,Storage Model 29,Office Supplies,Storage
FUR-FUR-10376,Furnishings Model 44,Furniture,Furnishings
TEC-COP-10895,Copiers Model 24,Technology,Copiers
TEC-PHO-10424,Phones Model 4,Technology,Phones
OFF-SUP-10039,Supplies Model 19,Office Supplies,Supplies
OFF-ART-10794,Art Model 19,Office Supplies,Art
OFF-FAS-10399,Fasteners Model 31,Office Supplies,Fasteners
FUR-FUR-10360,Furnishings Model 35,Furniture,Furnishings
OFF-ART-10323,Art Model 20,Office Supplies,Art
TEC-COP-10910,Copiers Model 26,Technology,Copiers
TEC-COP-10558,Copiers Model 19,Technology,Copiers
OFF-STO-10744,Storage Model 23,Office Supplies,Storage
TEC-COP-10146,Copiers Model 39,Technology,Copiers
TEC-COP-10454,Copiers Model 49,Technology,Copiers
FUR-TAB-10268,Tables Model 50,Furniture,Tables
OFF-PAP-10683,Paper Model 23,Office Supplies,Paper
TEC-PHO-10567,Phones Model 37,Technology,Phones
OFF-PAP-10995,Paper Model 21,Office Supplies,Paper
TEC-PHO-10530,Phones Model 10,Technology,Phones
OFF-ART-10128,Art Model 41,Office Supplies,Art
OFF-SUP-10666,Supplies Model 14,Office Supplies,Supplies
TEC-COP-10074,Copiers Model 45,Technology,Copiers
FUR-TAB-10778,Tables Model 24,Furniture,Tables
TEC-PHO-10985,Phones Model 11,Technology,Phones
OFF-ENV-10989,Envelopes Model 16,Office Supplies,Envelopes
FUR-BOO-10782,Bookcases Model 26,Furniture,Bookcases
OFF-LAB-10131,Labels Model 7,Office Supplies,Labels
OFF-ENV-10823,Envelopes Model 31,Office Supplies,Envelopes
TEC-COP-10519,Copiers Model 33,Technology,Copiers
TEC-COP-10611,Copiers Model 31,Technology,Copiers
OFF-BIN-10451,Binders Model 21,Office Supplies,Binders
OFF-ART-10678,Art Model 31,Office Supplies,Art
TEC-COP-10230,Copiers Model 20,Technology,Copiers
OFF-BIN-10978,Binders Model 46,Office Supplies,Binders
FUR-BOO-10248,Bookcases Model 4,Furniture,Bookcases
TEC-ACC-10488,Accessories Model 42,Technology,Accessories
FUR-BOO-10190,Bookcases Model 48,Furniture,Bookcases
OFF-LAB-10338,Labels Model 11,Office Supplies,Labels
TEC-COP-10088,Copiers Model 26,Technology,Copiers
TEC-PHO-10267,Phones Model 42,Technology,Phones
OFF-BIN-10224,Binders Model 9,Office Supplies,Binders
OFF-ART-10538,Art Model 29,Office Supplies,Art
TEC-MAC-10734,Machines Model 38,Technology,Machines
OFF-STO-10740,Storage Model 2,Office Supplies,Storage
OFF-APP-10418,Appliances Model 12,Office Supplies,Appliances
FUR-FUR-10541,Furnishings Model 9,Furniture,Furnishings
TEC-ACC-10158,Accessories Model 18,Technology,Accessories
FUR-CHA-10250,Chairs Model 48,Furniture,Chairs
FUR-FUR-10242,Furnishings Model 20,Furniture,Furnishings
FUR-TAB-10804,Tables Model 34,Furniture,Tables
OFF-FAS-10991,Fasteners Model 27,Office Supplies,Fasteners
TEC-ACC-10386,Accessories Model 44,Technology,Accessories
TEC-PHO-10764,Phones Model 49,Technology,Phones
OFF-BIN-10368,Binders Model 33,Office Supplies,Binders
OFF-PAP-10016,Paper Model 17,Office Supplies,Paper
TEC-COP-10781,Copiers Model 32,Technology,Copiers
TEC-COP-10859,Copiers Model 5,Technology,Copiers
TEC-PHO-10675,Phones Model 32,Technology,Phones
FUR-CHA-10109,Chairs Model 7,Furniture,Chairs
TEC-ACC-10713,Accessories Model 15,Technology,Accessories
OFF-STO-10579,Storage Model 7,Office Supplies,Storage
TEC-PHO-10183,Phones Model 21,Technology,Phones
FUR-TAB-10773,Tables Model 48,Furniture,Tables
FUR-CHA-10030,Chairs Model 41,Furniture,Chairs
OFF-PAP-10084,Paper Model 18,Office Supplies,Paper
FUR-FUR-10191,Furnishings Model 28,Furniture,Furnishings
OFF-SUP-10742,Supplies Model 36,Office Supplies,Supplies
FUR-TAB-10801,Tables Model 5,Furniture,Tables
OFF-APP-10823,Appliances Model 22,Office Supplies,Appliances
OFF-ENV-10752,Envelopes Model 45,Office Supplies,Envelopes
TEC-COP-10975,Copiers Model 47,Technology,Copiers
OFF-BIN-10732,Binders Model 28,Office Supplies,Binders
OFF-STO-10787,Storage Model 16,Office Supplies,Storage
TEC-MAC-10522,Machines Model 48,Technology,Machines
TEC-ACC-10851,Accessories Model 47,Technology,Accessories
FUR-BOO-10307,Bookcases Model 3,Furniture,Bookcases
TEC-PHO-10981,Phones Model 30,Technology,Phones
FUR-FUR-10210,Furnishings Model 18,Furniture,Furnishings
TEC-PHO-10611,Phones Model 25,Technology,Phones
TEC-COP-10120,Copiers Model 16,Technology,Copiers
OFF-STO-10568,Storage Model 11,Office Supplies,Storage
OFF-FAS-10172,Fasteners Model 50,Office Supplies,Fasteners
OFF-PAP-10104,Paper Model 48,Office Supplies,Paper
TEC-ACC-10881,Accessories Model 46,Technology,Accessories
TEC-COP-10720,Copiers Model 19,Technology,Copiers
OFF-APP-10728,Appliances Model 21,Office Supplies,Appliances
FUR-FUR-10711,Furnishings Model 24,Furniture,Furnishings
OFF-PAP-10506,Paper Model 18,Office Supplies,Paper
OFF-APP-10951,Appliances Model 11,Office Supplies,Appliances
OFF-PAP-10680,Paper Model 42,Office Supplies,Paper
FUR-CHA-10531,Chairs Model 44,Furniture,Chairs
OFF-LAB-10105,Labels Model 21,Office Supplies,Labels
OFF-APP-10643,Appliances Model 48,Office Supplies,Appliances
FUR-FUR-10660,Furnishings Model 6,Furniture,Furnishings
FUR-BOO-10506,Bookcases Model 25,Furniture,Bookcases
FUR-TAB-10781,Tables Model 31,Furniture,Tables
FUR-CHA-10433,Chairs Model 45,Furniture,Chairs
OFF-STO-10317,Storage Model 45,Office Supplies,Storage
OFF-BIN-10122,Binders Model 1,Office Supplies,Binders
TEC-ACC-10826,Accessories Model 28,Technology,Accessories
OFF-SUP-10261,Supplies Model 50,Office Supplies,Supplies
FUR-CHA-10229,Chairs Model 21,Furniture,Chairs
FUR-FUR-10898,Furnishings Model 30,Furniture,Furnishings
OFF-APP-10791,Appliances Model 50,Office Supplies,Appliances
FUR-TAB-10106,Tables Model 14,Furniture,Tables
TEC-ACC-10594,Accessories Model 7,Technology,Accessories
TEC-ACC-10325,Accessories Model 29,Technology,Accessories
OFF-BIN-10987,Binders Model 50,Office Supplies,Binders
FUR-FUR-10151,Furnishings Model 6,Furniture,Furnishings
TEC-ACC-10096,Accessories Model 30,Technology,Accessories
FUR-TAB-10939,Tables Model 5,Furniture,Tables
FUR-CHA-10841,Chairs Model 47,Furniture,Chairs
OFF-PAP-10662,Paper Model 19,Office Supplies,Paper
OFF-FAS-10491,Fasteners Model 35,Office Supplies,Fasteners
OFF-ENV-10785,Envelopes Model 38,Office Supplies,Envelopes
FUR-TAB-10606,Tables Model 21,Furniture,Tables
TEC-MAC-10092,Machines Model 4,Technology,Machines
FUR-TAB-10600,Tables Model 46,Furniture,Tables
FUR-CHA-10999,Chairs Model 11,Furniture,Chairs
TEC-COP-10181,Copiers Model 47,Technology,Copiers
FUR-FUR-10355,Furnishings Model 21,Furniture,Furnishings
OFF-ART-10075,Art Model 3,Office Supplies,Art
OFF-LAB-10608,Labels Model 40,Office Supplies,Labels
OFF-LAB-10676,Labels Model 19,Office Supplies,Labels
OFF-BIN-10204,Binders Model 7,Office Supplies,Binders
FUR-TAB-10657,Tables Model 35,Furniture,Tables
OFF-ART-10770,Art Model 45,Office Supplies,Art
TEC-PHO-10586,Phones Model 16,Technology,Phones
OFF-APP-10433,Appliances Model 6,Office Supplies,Appliances
TEC-COP-10877,Copiers Model 18,Technology,Copiers
TEC-COP-10576,Copiers Model 50,Technology,Copiers
FUR-BOO-10039,Bookcases Model 26,Furniture,Bookcases
OFF-BIN-10995,Binders Model 15,Office Supplies,Binders
FUR-BOO-10777,Bookcases Model 34,Furniture,Bookcases
OFF-LAB-10467,Labels Model 4,Office Supplies,Labels
OFF-BIN-10181,Binders Model 31,Office Supplies,Binders
TEC-MAC-10693,Machines Model 14,Technology,Machines
OFF-FAS-10729,Fasteners Model 46,Office Supplies,Fasteners
TEC-MAC-10007,Machines Model 33,Technology,Machines
TEC-MAC-10192,Machines Model 10,Technology,Machines
TEC-ACC-10928,Accessories Model 27,Technology,Accessories
OFF-FAS-10519,Fasteners Model 20,Office Supplies,Fasteners
FUR-TAB-10430,Tables Model 22,Furniture,Tables
OFF-APP-10542,Appliances Model 20,Office Supplies,Appliances
OFF-LAB-10340,Labels Model 41,Office Supplies,Labels
FUR-BOO-10648,Bookcases Model 28,Furniture,Bookcases
OFF-FAS-10641,Fasteners Model 47,Office Supplies,Fasteners
FUR-TAB-10444,Tables Model 44,Furniture,Tables
FUR-BOO-10126,Bookcases Model 24,Furniture,Bookcases
TEC-PHO-10426,Phones Model 29,Technology,Phones
OFF-STO-10428,Storage Model 7,Office Supplies,Storage
TEC-PHO-10164,Phones Model 3,Technology,Phones
TEC-COP-10798,Copiers Model 33,Technology,Copiers
FUR-CHA-10436,Chairs Model 48,Furniture,Chairs
FUR-CHA-10187,Chairs Model 8,Furniture,Chairs
OFF-FAS-10106,Fasteners Model 27,Office Supplies,Fasteners
TEC-COP-10064,Copiers Model 17,Technology,Copiers
TEC-MAC-10443,Machines Model 43,Technology,Machines
TEC-ACC-10890,Accessories Model 11,Technology,Accessories
FUR-FUR-10090,Furnishings Model 32,Furniture,Furnishings
OFF-ENV-10911,Envelopes Model 33,Office Supplies,Envelopes
TEC-ACC-10733,Accessories Model 29,Technology,Accessories
TEC-ACC-10790,Accessories Model 29,Technology,Accessories
OFF-SUP-10106,Supplies Model 25,Office Supplies,Supplies
TEC-MAC-10863,Machines Model 45,Technology,Machines
TEC-MAC-10727,Machines Model 8,Technology,Machines
OFF-SUP-10054,Supplies Model 43,Office Supplies,Supplies
FUR-TAB-10833,Tables Model 29,Furniture,Tables
FUR-TAB-10761,Tables Model 17,Furniture,Tables
FUR-FUR-10985,Furnishings Model 12,Furniture,Furnishings
TEC-PHO-10157,Phones Model 21,Technology,Phones
TEC-PHO-10425,Phones Model 35,Technology,Phones
TEC-COP-10117,Copiers Model 43,Technology,Copiers
OFF-PAP-10025,Paper Model 34,Office Supplies,Paper
OFF-SUP-10215,Supplies Model 43,Office Supplies,Supplies
TEC-ACC-10038,Accessories Model 6,Technology,Accessories
FUR-CHA-10017,Chairs Model 25,Furniture,Chairs
TEC-PHO-10805,Phones Model 44,Technology,Phones
OFF-STO-10815,Storage Model 35,Office Supplies,Storage
OFF-ART-10550,Art Model 36,Office Supplies,Art
FUR-BOO-10117,Bookcases Model 12,Furniture,Bookcases
TEC-PHO-10687,Phones Model 42,Technology,Phones
FUR-CHA-10579,Chairs Model 37,Furniture,Chairs
OFF-ENV-10898,Envelopes Model 31,Office Supplies,Envelopes
OFF-PAP-10744,Paper Model 5,Office Supplies,Paper
FUR-CHA-10137,Chairs Model 30,Furniture,Chairs
TEC-PHO-10753,Phones Model 47,Technology,Phones
OFF-ENV-10480,Envelopes Model 30,Office Supplies,Envelopes
FUR-CHA-10374,Chairs Model 38,Furniture,Chairs
TEC-PHO-10450,Phones Model 11,Technology,Phones
FUR-CHA-10493,Chairs Model 44,Furniture,Chairs
OFF-PAP-10912,Paper Model 37,Office Supplies,Paper
FUR-CHA-10459,Chairs Model 39,Furniture,Chairs
OFF-PAP-10944,Paper Model 30,Office Supplies,Paper
TEC-PHO-10898,Phones Model 35,Technology,Phones
TEC-PHO-10234,Phones Model 31,Technology,Phones
OFF-ENV-10005,Envelopes Model 46,Office Supplies,Envelopes
OFF-ENV-10314,Envelopes Model 37,Office Supplies,Envelopes
OFF-FAS-10164,Fasteners Model 25,Office Supplies,Fasteners
TEC-PHO-10953,Phones Model 26,Technology,Phones
TEC-MAC-10629,Machines Model 11,Technology,Machines
OFF-SUP-10576,Supplies Model 31,Office Supplies,Supplies
FUR-BOO-10819,Bookcases Model 21,Furniture,Bookcases
OFF-ENV-10487,Envelopes Model 21,Office Supplies,Envelopes
OFF-BIN-10854,Binders Model 16,Office Supplies,Binders
TEC-MAC-10502,Machines Model 12,Technology,Machines
TEC-MAC-10881,Machines Model 44,Technology,Machines
OFF-BIN-10286,Binders Model 29,Office Supplies,Binders
FUR-TAB-10180,Tables Model 27,Furniture,Tables
OFF-ART-10833,Art Model 17,Office Supplies,Art
OFF-STO-10590,Storage Model 37,Office Supplies,Storage
TEC-ACC-10889,Accessories Model 11,Technology,Accessories
TEC-MAC-10619,Machines Model 42,Technology,Machines
OFF-APP-10963,Appliances Model 48,Office Supplies,Appliances
TEC-PHO-10106,Phones Model 17,Technology,Phones
TEC-ACC-10029,Accessories Model 3,Technology,Accessories
TEC-MAC-10646,Machines Model 48,Technology,Machines
TEC-COP-10159,Copiers Model 20,Technology,Copiers
FUR-CHA-10817,Chairs Model 19,Furniture,Chairs
TEC-ACC-10269,Accessories Model 6,Technology,Accessories
OFF-BIN-10113,Binders Model 41,Office Supplies,Binders
OFF-PAP-10128,Paper Model 46,Office Supplies,Paper
OFF-LAB-10082,Labels Model 49,Office Supplies,Labels
FUR-CHA-10789,Chairs Model 29,Furniture,Chairs
FUR-CHA-10259,Chairs Model 31,Furniture,Chairs
TEC-MAC-10405,Machines Model 16,Technology,Machines
FUR-CHA-10061,Chairs Model 23,Furniture,Chairs
TEC-ACC-10741,Accessories Model 9,Technology,Accessories
OFF-LAB-10888,Labels Model 39,Office Supplies,Labels
TEC-ACC-10904,Accessories Model 2,Technology,Accessories
TEC-MAC-10419,Machines Model 42,Technology,Machines
OFF-STO-10584,Storage Model 42,Office Supplies,Storage
OFF-PAP-10820,Paper Model 41,Office Supplies,Paper
FUR-BOO-10742,Bookcases Model 15,Furniture,Bookcases
TEC-COP-10719,Copiers Model 43,Technology,Copiers
OFF-STO-10782,Storage Model 41,Office Supplies,Storage
OFF-ENV-10610,Envelopes Model 2,Office Supplies,Envelopes
OFF-ENV-10740,Envelopes Model 21,Office Supplies,Envelopes
OFF-ART-10943,Art Model 50,Office Supplies,Art
OFF-ENV-10326,Envelopes Model 35,Office Supplies,Envelopes
TEC-ACC-10227,Accessories Model 28,Technology,Accessories
OFF-FAS-10780,Fasteners Model 9,Office Supplies,Fasteners
OFF-SUP-10115,Supplies Model 43,Office Supplies,Supplies
OFF-FAS-10045,Fasteners Model 15,Office Supplies,Fasteners
FUR-BOO-10312,Bookcases Model 29,Furniture,Bookcases
OFF-LAB-10385,Labels Model 38,Office Supplies,Labels
TEC-PHO-10885,Phones Model 7,Technology,Phones
FUR-BOO-10574,Bookcases Model 46,Furniture,Bookcases
FUR-CHA-10241,Chairs Model 33,Furniture,Chairs
OFF-LAB-10533,Labels Model 44,Office Supplies,Labels
TEC-ACC-10188,Accessories Model 21,Technology,Accessories
FUR-CHA-10780,Chairs Model 40,Furniture,Chairs
TEC-MAC-10188,Machines Model 25,Technology,Machines
OFF-PAP-10775,Paper Model 14,Office Supplies,Paper
FUR-TAB-10403,Tables Model 40,Furniture,Tables
TEC-PHO-10194,Phones Model 19,Technology,Phones
OFF-FAS-10092,Fasteners Model 47,Office Supplies,Fasteners
TEC-PHO-10903,Phones Model 30,Technology,Phones
FUR-BOO-10744,Bookcases Model 33,Furniture,Bookcases
TEC-ACC-10315,Accessories Model 20,Technology,Accessories
TEC-COP-10622,Copiers Model 32,Technology,Copiers
FUR-TAB-10151,Tables Model 4,Furniture,Tables
TEC-MAC-10625,Machines Model 43,Technology,Machines
TEC-ACC-10299,Accessories Model 31,Technology,Accessories
FUR-CHA-10495,Chairs Model 47,Furniture,Chairs
TEC-MAC-10904,Machines Model 40,Technology,Machines
FUR-BOO-10573,Bookcases Model 41,Furniture,Bookcases
FUR-CHA-10405,Chairs Model 47,Furniture,Chairs
TEC-PHO-10913,Phones Model 35,Technology,Phones
OFF-PAP-10818,Paper Model 23,Office Supplies,Paper
FUR-TAB-10726,Tables Model 3,Furniture,Tables
OFF-FAS-10803,Fasteners Model 3,Office Supplies,Fasteners
TEC-ACC-10105,Accessories Model 34,Technology,Accessories
TEC-MAC-10279,Machines Model 10,Technology,Machines
FUR-BOO-10587,Bookcases Model 16,Furniture,Bookcases
FUR-CHA-10088,Chairs Model 28,Furniture,Chairs
OFF-ART-10832,Art Model 45,Office Supplies,Art
OFF-STO-10716,Storage Model 43,Office Supplies,Storage
OFF-ENV-10520,Envelopes Model 7,Office Supplies,Envelopes
OFF-STO-10393,Storage Model 5,Office Supplies,Storage
OFF-BIN-10117,Binders Model 38,Office Supplies,Binders
TEC-COP-10335,Copiers Model 32,Technology,Copiers
TEC-PHO-10200,Phones Model 14,Technology,Phones
TEC-MAC-10867,Machines Model 9,Technology,Machines
OFF-LAB-10640,Labels Model 21,Office Supplies,Labels
TEC-COP-10893,Copiers Model 43,Technology,Copiers
FUR-TAB-10638,Tables Model 12,Furniture,Tables
OFF-SUP-10729,Supplies Model 33,Office Supplies,Supplies
OFF-FAS-10476,Fasteners Model 34,Office Supplies,Fasteners
FUR-CHA-10587,Chairs Model 47,Furniture,Chairs
OFF-FAS-10592,Fasteners Model 11,Office Supplies,Fasteners
TEC-PHO-10281,Phones Model 17,Technology,Phones
FUR-CHA-10351,Chairs Model 6,Furniture,Chairs
FUR-TAB-10295,Tables Model 29,Furniture,Tables
OFF-ENV-10821,Envelopes Model 7,Office Supplies,Envelopes
OFF-FAS-10012,Fasteners Model 27,Office Supplies,Fasteners
FUR-CHA-10973,Chairs Model 39,Furniture,Chairs
TEC-PHO-10676,Phones Model 5,Technology,Phones
TEC-COP-10264,Copiers Model 17,Technology,Copiers
FUR-FUR-10934,Furnishings Model 29,Furniture,Furnishings
TEC-MAC-10680,Machines Model 25,Technology,Machines
OFF-ART-10977,Art Model 45,Office Supplies,Art
OFF-STO-10663,Storage Model 13,Office Supplies,Storage
FUR-CHA-10143,Chairs Model 3,Furniture,Chairs
FUR-CHA-10415,Chairs Model 8,Furniture,Chairs
FUR-FUR-10718,Furnishings Model 42,Furniture,Furnishings
FUR-CHA-10064,Chairs Model 13,Furniture,Chairs
OFF-ENV-10123,Envelopes Model 18,Office Supplies,Envelopes
FUR-FUR-10016,Furnishings Model 32,Furniture,Furnishings
FUR-CHA-10535,Chairs Model 29,Furniture,Chairs
OFF-BIN-10196,Binders Model 8,Office Supplies,Binders
TEC-PHO-10509,Phones Model 12,Technology,Phones
FUR-CHA-10161,Chairs Model 2,Furniture,Chairs
OFF-SUP-10755,Supplies Model 27,Office Supplies,Supplies
FUR-FUR-10139,Furnishings Model 30,Furniture,Furnishings
TEC-ACC-10175,Accessories Model 49,Technology,Accessories
OFF-BIN-10857,Binders Model 30,Office Supplies,Binders
OFF-LAB-10041,Labels Model 31,Office Supplies,Labels
TEC-PHO-10972,Phones Model 14,Technology,Phones
FUR-BOO-10999,Bookcases Model 30,Furniture,Bookcases
OFF-ART-10303,Art Model 28,Office Supplies,Art
OFF-SUP-10374,Supplies Model 30,Office Supplies,Supplies
TEC-PHO-10755,Phones Model 49,Technology,Phones
TEC-ACC-10481,Accessories Model 46,Technology,Accessories
TEC-MAC-10111,Machines Model 11,Technology,Machines
OFF-STO-10298,Storage Model 13,Office Supplies,Storage
FUR-CHA-10468,Chairs Model 20,Furniture,Chairs
TEC-ACC-10979,Accessories Model 11,Technology,Accessories
TEC-PHO-10159,Phones Model 1,Technology,Phones
TEC-MAC-10142,Machines Model 44,Technology,Machines
TEC-PHO-10800,Phones Model 50,Technology,Phones
OFF-BIN-10930,Binders Model 43,Office Supplies,Binders
OFF-FAS-10220,Fasteners Model 47,Office Supplies,Fasteners
OFF-FAS-10067,Fasteners Model 38,Office Supplies,Fasteners
OFF-STO-10296,Storage Model 36,Office Supplies,Storage
OFF-LAB-10127,Labels Model 42,Office Supplies,Labels
TEC-MAC-10579,Machines Model 28,Technology,Machines
OFF-PAP-10365,Paper Model 11,Office Supplies,Paper
FUR-BOO-10556,Bookcases Model 21,Furniture,Bookcases
OFF-APP-10797,Appliances Model 32,Office Supplies,Appliances
OFF-ENV-10491,Envelopes Model 23,Office Supplies,Envelopes
OFF-ENV-10704,Envelopes Model 15,Office Supplies,Envelopes
OFF-ART-10812,Art Model 43,Office Supplies,Art
TEC-PHO-10189,Phones Model 43,Technology,Phones
OFF-LAB-10541,Labels Model 14,Office Supplies,Labels
TEC-ACC-10450,Accessories Model 44,Technology,Accessories
FUR-TAB-10780,Tables Model 24,Furniture,Tables
TEC-MAC-10875,Machines Model 28,Technology,Machines
FUR-CHA-10146,Chairs Model 26,Furniture,Chairs
OFF-STO-10783,Storage Model 46,Office Supplies,Storage
TEC-MAC-10501,Machines Model 32,Technology,Machines
FUR-TAB-10636,Tables Model 40,Furniture,Tables
FUR-CHA-10975,Chairs Model 49,Furniture,Chairs
FUR-FUR-10503,Furnishings Model 28,Furniture,Furnishings
FUR-BOO-10269,Bookcases Model 32,Furniture,Bookcases
TEC-COP-10783,Copiers Model 41,Technology,Copiers
OFF-FAS-10932,Fasteners Model 45,Office Supplies,Fasteners
FUR-BOO-10602,Bookcases Model 2,Furniture,Bookcases
OFF-FAS-10629,Fasteners Model 20,Office Supplies,Fasteners
OFF-FAS-10734,Fasteners Model 38,Office Supplies,Fasteners
FUR-BOO-10679,Bookcases Model 35,Furniture,Bookcases
OFF-BIN-10218,Binders Model 43,Office Supplies,Binders
TEC-COP-10154,Copiers Model 48,Technology,Copiers
TEC-MAC-10415,Machines Model 16,Technology,Machines
FUR-TAB-10139,Tables Model 2,Furniture,Tables
OFF-APP-10687,Appliances Model 43,Office Supplies,Appliances
FUR-FUR-10337,Furnishings Model 38,Furniture,Furnishings
TEC-COP-10546,Copiers Model 24,Technology,Copiers
TEC-PHO-10660,Phones Model 39,Technology,Phones
FUR-CHA-10949,Chairs Model 17,Furniture,Chairs
OFF-STO-10948,Storage Model 22,Office Supplies,Storage
TEC-COP-10645,Copiers Model 29,Technology,Copiers
TEC-ACC-10867,Accessories Model 39,Technology,Accessories
TEC-COP-10402,Copiers Model 25,Technology,Copiers
TEC-ACC-10632,Accessories Model 28,Technology,Accessories
TEC-MAC-10730,Machines Model 14,Technology,Machines
FUR-BOO-10418,Bookcases Model 10,Furniture,Bookcases
FUR-BOO-10703,Bookcases Model 14,Furniture,Bookcases
TEC-COP-10005,Copiers Model 17,Technology,Copiers
TEC-COP-10091,Copiers Model 21,Technology,Copiers
TEC-COP-10529,Copiers Model 21,Technology,Copiers
OFF-ART-10167,Art Model 46,Office Supplies,Art
OFF-FAS-10889,Fasteners Model 19,Office Supplies,Fasteners
FUR-TAB-10252,Tables Model 50,Furniture,Tables
OFF-STO-10464,Storage Model 41,Office Supplies,Storage
OFF-LAB-10761,Labels Model 5,Office Supplies,Labels
TEC-COP-10123,Copiers Model 20,Technology,Copiers
OFF-ENV-10953,Envelopes Model 32,Office Supplies,Envelopes
TEC-PHO-10582,Phones Model 4,Technology,Phones
TEC-PHO-10116,Phones Model 48,Technology,Phones
TEC-COP-10638,Copiers Model 17,Technology,Copiers
OFF-ART-10013,Art Model 11,Office Supplies,Art
TEC-COP-10089,Copiers Model 9,Technology,Copiers
OFF-ART-10206,Art Model 19,Office Supplies,Art
TEC-COP-10237,Copiers Model 46,Technology,Copiers
OFF-LAB-10134,Labels Model 19,Office Supplies,Labels
TEC-COP-10683,Copiers Model 31,Technology,Copiers
FUR-TAB-10367,Tables Model 17,Furniture,Tables
OFF-ART-10498,Art Model 17,Office Supplies,Art
OFF-ENV-10800,Envelopes Model 40,Office Supplies,Envelopes
TEC-PHO-10750,Phones Model 7,Technology,Phones
FUR-BOO-10087,Bookcases Model 18,Furniture,Bookcases
OFF-FAS-10966,Fasteners Model 2,Office Supplies,Fasteners
OFF-ART-10676,Art Model 42,Office Supplies,Art
FUR-CHA-10717,Chairs Model 26,Furniture,Chairs
OFF-BIN-10532,Binders Model 35,Office Supplies,Binders
OFF-BIN-10852,Binders Model 50,Office Supplies,Binders
OFF-FAS-10586,Fasteners Model 48,Office Supplies,Fasteners
FUR-FUR-10532,Furnishings Model 48,Furniture,Furnishings
FUR-CHA-10487,Chairs Model 14,Furniture,Chairs
OFF-STO-10843,Storage Model 11,Office Supplies,Storage
FUR-TAB-10943,Tables Model 8,Furniture,Tables
TEC-COP-10028,Copiers Model 10,Technology,Copiers
FUR-FUR-10427,Furnishings Model 31,Furniture,Furnishings
TEC-MAC-10091,Machines Model 40,Technology,Machines
TEC-COP-10585,Copiers Model 41,Technology,Copiers
TEC-MAC-10985,Machines Model 2,Technology,Machines
OFF-BIN-10447,Binders Model 12,Office Supplies,Binders
OFF-LAB-10314,Labels Model 27,Office Supplies,Labels
TEC-ACC-10264,Accessories Model 25,Technology,Accessories
FUR-CHA-10067,Chairs Model 31,Furniture,Chairs
FUR-FUR-10801,Furnishings Model 10,Furniture,Furnishings
OFF-SUP-10955,Supplies Model 31,Office Supplies,Supplies
OFF-APP-10742,Appliances Model 36,Office Supplies,Appliances
OFF-FAS-10470,Fasteners Model 39,Office Supplies,Fasteners
OFF-LAB-10780,Labels Model 26,Office Supplies,Labels
TEC-PHO-10127,Phones Model 30,Technology,Phones
OFF-BIN-10239,Binders Model 32,Office Supplies,Binders
OFF-LAB-10565,Labels Model 13,Office Supplies,Labels
TEC-ACC-10993,Accessories Model 45,Technology,Accessories
TEC-MAC-10370,Machines Model 34,Technology,Machines
FUR-TAB-10706,Tables Model 28,Furniture,Tables
FUR-TAB-10110,Tables Model 31,Furniture,Tables
FUR-FUR-10104,Furnishings Model 44,Furniture,Furnishings
FUR-CHA-10347,Chairs Model 42,Furniture,Chairs
TEC-PHO-10363,Phones Model 27,Technology,Phones
OFF-PAP-10150,Paper Model 31,Office Supplies,Paper
OFF-ENV-10804,Envelopes Model 5,Office Supplies,Envelopes
OFF-BIN-10465,Binders Model 3,Office Supplies,Binders
OFF-BIN-10409,Binders Model 12,Office Supplies,Binders
FUR-BOO-10203,Bookcases Model 13,Furniture,Bookcases
OFF-ART-10388,Art Model 42,Office Supplies,Art
FUR-BOO-10196,Bookcases Model 35,Furniture,Bookcases
OFF-ENV-10644,Envelopes Model 18,Office Supplies,Envelopes
FUR-FUR-10183,Furnishings Model 21,Furniture,Furnishings
TEC-MAC-10916,Machines Model 13,Technology,Machines
OFF-BIN-10455,Binders Model 34,Office Supplies,Binders
OFF-BIN-10025,Binders Model 12,Office Supplies,Binders
OFF-BIN-10039,Binders Model 35,Office Supplies,Binders
FUR-BOO-10788,Bookcases Model 20,Furniture,Bookcases
OFF-ENV-10485,Envelopes Model 15,Office Supplies,Envelopes
TEC-COP-10142,Copiers Model 37,Technology,Copiers
FUR-BOO-10333,Bookcases Model 38,Furniture,Bookcases
FUR-CHA-10111,Chairs Model 22,Furniture,Chairs
TEC-COP-10210,Copiers Model 15,Technology,Copiers
OFF-SUP-10489,Supplies Model 48,Office Supplies,Supplies
FUR-FUR-10514,Furnishings Model 46,Furniture,Furnishings
TEC-COP-10471,Copiers Model 30,Technology,Copiers
TEC-PHO-10921,Phones Model 40,Technology,Phones
TEC-COP-10682,Copiers Model 5,Technology,Copiers
TEC-ACC-10168,Accessories Model 17,Technology,Accessories
FUR-CHA-10726,Chairs Model 9,Furniture,Chairs
OFF-PAP-10621,Paper Model 7,Office Supplies,Paper
FUR-BOO-10221,Bookcases Model 46,Furniture,Bookcases
FUR-TAB-10785,Tables Model 13,Furniture,Tables
FUR-BOO-10816,Bookcases Model 43,Furniture,Bookcases
FUR-TAB-10237,Tables Model 14,Furniture,Tables
FUR-BOO-10044,Bookcases Model 5,Furniture,Bookcases
FUR-FUR-10340,Furnishings Model 12,Furniture,Furnishings
TEC-MAC-10631,Machines Model 49,Technology,Machines
FUR-BOO-10657,Bookcases Model 3,Furniture,Bookcases
FUR-FUR-10248,Furnishings Model 14,Furniture,Furnishings
TEC-PHO-10976,Phones Model 13,Technology,Phones
FUR-TAB-10250,Tables Model 28,Furniture,Tables
FUR-TAB-10451,Tables Model 28,Furniture,Tables
TEC-COP-10566,Copiers Model 47,Technology,Copiers
FUR-BOO-10158,Bookcases Model 13,Furniture,Bookcases
FUR-CHA-10418,Chairs Model 3,Furniture,Chairs
FUR-FUR-10948,Furnishings Model 28,Furniture,Furnishings
TEC-ACC-10253,Accessories Model 39,Technology,Accessories
TEC-ACC-10708,Accessories Model 20,Technology,Accessories
TEC-COP-10715,Copiers Model 20,Technology,Copiers
FUR-TAB-10202,Tables Model 32,Furniture,Tables
FUR-CHA-10889,Chairs Model 41,Furniture,Chairs
FUR-CHA-10272,Chairs Model 49,Furniture,Chairs
FUR-CHA-10379,Chairs Model 44,Furniture,Chairs
OFF-ENV-10026,Envelopes Model 39,Office Supplies,Envelopes
FUR-BOO-10992,Bookcases Model 48,Furniture,Bookcases
TEC-ACC-10977,Accessories Model 8,Technology,Accessories
OFF-SUP-10681,Supplies Model 31,Office Supplies,Supplies
TEC-PHO-10386,Phones Model 46,Technology,Phones
TEC-COP-10586,Copiers Model 24,Technology,Copiers
FUR-BOO-10532,Bookcases Model 43,Furniture,Bookcases
TEC-ACC-10149,Accessories Model 48,Technology,Accessories
TEC-PHO-10060,Phones Model 22,Technology,Phones
FUR-TAB-10432,Tables Model 44,Furniture,Tables
OFF-ENV-10770,Envelopes Model 38,Office Supplies,Envelopes
FUR-BOO-10370,Bookcases Model 47,Furniture,Bookcases
TEC-PHO-10607,Phones Model 28,Technology,Phones
FUR-FUR-10796,Furnishings Model 30,Furniture,Furnishings
TEC-COP-10023,Copiers Model 38,Technology,Copiers
TEC-COP-10730,Copiers Model 35,Technology,Copiers
FUR-FUR-10882,Furnishings Model 39,Furniture,Furnishings
TEC-ACC-10086,Accessories Model 8,Technology,Accessories
TEC-MAC-10711,Machines Model 21,Technology,Machines
TEC-MAC-10605,Machines Model 23,Technology,Machines
OFF-ART-10962,Art Model 45,Office Supplies,Art
FUR-TAB-10987,Tables Model 39,Furniture,Tables
FUR-CHA-10010,Chairs Model 7,Furniture,Chairs
OFF-BIN-10564,Binders Model 18,Office Supplies,Binders
TEC-PHO-10673,Phones Model 9,Technology,Phones
OFF-FAS-10078,Fasteners Model 47,Office Supplies,Fasteners
FUR-CHA-10509,Chairs Model 33,Furniture,Chairs
TEC-PHO-10621,Phones Model 29,Technology,Phones
FUR-TAB-10935,Tables Model 44,Furniture,Tables
FUR-CHA-10913,Chairs Model 40,Furniture,Chairs
OFF-LAB-10103,Labels Model 28,Office Supplies,Labels
OFF-BIN-10404,Binders Model 24,Office Supplies,Binders
OFF-ENV-10367,Envelopes Model 46,Office Supplies,Envelopes
FUR-CHA-10121,Chairs Model 27,Furniture,Chairs
OFF-SUP-10980,Supplies Model 7,Office Supplies,Supplies
FUR-TAB-10296,Tables Model 19,Furniture,Tables
OFF-STO-10485,Storage Model 46,Office Supplies,Storage
FUR-TAB-10631,Tables Model 13,Furniture,Tables
FUR-CHA-10112,Chairs Model 18,Furniture,Chairs
OFF-APP-10483,Appliances Model 18,Office Supplies,Appliances
TEC-PHO-10339,Phones Model 24,Technology,Phones
TEC-MAC-10042,Machines Model 38,Technology,Machines
TEC-ACC-10044,Accessories Model 9,Technology,Accessories
FUR-FUR-10429,Furnishings Model 34,Furniture,Furnishings
TEC-PHO-10169,Phones Model 29,Technology,Phones
TEC-COP-10310,Copiers Model 15,Technology,Copiers
OFF-APP-10843,Appliances Model 14,Office Supplies,Appliances
TEC-PHO-10058,Phones Model 41,Technology,Phones
FUR-BOO-10890,Bookcases Model 41,Furniture,Bookcases
TEC-ACC-10095,Accessories Model 32,Technology,Accessories
FUR-FUR-10837,Furnishings Model 26,Furniture,Furnishings
TEC-ACC-10617,Accessories Model 7,Technology,Accessories
OFF-FAS-10980,Fasteners Model 7,Office Supplies,Fasteners
TEC-MAC-10642,Machines Model 35,Technology,Machines
FUR-CHA-10671,Chairs Model 19,Furniture,Chairs
FUR-FUR-10945,Furnishings Model 6,Furniture,Furnishings
FUR-TAB-10896,Tables Model 7,Furniture,Tables
OFF-PAP-10738,Paper Model 31,Office Supplies,Paper
FUR-CHA-10492,Chairs Model 45,Furniture,Chairs
OFF-ENV-10393,Envelopes Model 6,Office Supplies,Envelopes
TEC-COP-10943,Copiers Model 8,Technology,Copiers
FUR-BOO-10120,Bookcases Model 45,Furniture,Bookcases
TEC-ACC-10030,Accessories Model 10,Technology,Accessories
OFF-ART-10481,Art Model 27,Office Supplies,Art
TEC-MAC-10011,Machines Model 26,Technology,Machines
OFF-PAP-10410,Paper Model 40,Office Supplies,Paper
FUR-TAB-10168,Tables Model 4,Furniture,Tables
OFF-FAS-10066,Fasteners Model 14,Office Supplies,Fasteners
TEC-PHO-10966,Phones Model 20,Technology,Phones
FUR-BOO-10514,Bookcases Model 50,Furniture,Bookcases
FUR-CHA-10826,Chairs Model 44,Furniture,Chairs
TEC-ACC-10912,Accessories Model 46,Technology,Accessories
TEC-COP-10510,Copiers Model 7,Technology,Copiers
OFF-ENV-10781,Envelopes Model 29,Office Supplies,Envelopes
TEC-ACC-10085,Accessories Model 44,Technology,Accessories
OFF-SUP-10384,Supplies Model 11,Office Supplies,Supplies
TEC-COP-10749,Copiers Model 7,Technology,Copiers
OFF-FAS-10465,Fasteners Model 3,Office Supplies,Fasteners
TEC-ACC-10216,Accessories Model 2,Technology,Accessories
TEC-COP-10685,Copiers Model 17,Technology,Copiers
FUR-CHA-10363,Chairs Model 45,Furniture,Chairs
TEC-COP-10014,Copiers Model 10,Technology,Copiers
OFF-ART-10037,Art Model 14,Office Supplies,Art
TEC-ACC-10016,Accessories Model 20,Technology,Accessories
OFF-ART-10106,Art Model 32,Office Supplies,Art
TEC-PHO-10876,Phones Model 31,Technology,Phones
FUR-BOO-10858,Bookcases Model 27,Furniture,Bookcases
TEC-ACC-10197,Accessories Model 40,Technology,Accessories
TEC-COP-10447,Copiers Model 15,Technology,Copiers
FUR-TAB-10011,Tables Model 41,Furniture,Tables
TEC-ACC-10668,Accessories Model 15,Technology,Accessories
TEC-PHO-10075,Phones Model 32,Technology,Phones
TEC-PHO-10120,Phones Model 22,Technology,Phones
OFF-PAP-10887,Paper Model 24,Office Supplies,Paper
FUR-TAB-10478,Tables Model 48,Furniture,Tables
OFF-FAS-10813,Fasteners Model 14,Office Supplies,Fasteners
TEC-COP-10460,Copiers Model 11,Technology,Copiers
FUR-BOO-10074,Bookcases Model 14,Furniture,Bookcases
TEC-MAC-10920,Machines Model 15,Technology,Machines
TEC-PHO-10698,Phones Model 49,Technology,Phones
OFF-ENV-10605,Envelopes Model 25,Office Supplies,Envelopes
FUR-CHA-10345,Chairs Model 42,Furniture,Chairs
FUR-CHA-10402,Chairs Model 20,Furniture,Chairs
TEC-COP-10330,Copiers Model 45,Technology,Copiers
TEC-COP-10270,Copiers Model 22,Technology,Copiers
TEC-COP-10684,Copiers Model 8,Technology,Copiers
TEC-ACC-10361,Accessories Model 36,Technology,Accessories
FUR-TAB-10213,Tables Model 38,Furniture,Tables
TEC-MAC-10798,Machines Model 26,Technology,Machines
FUR-CHA-10273,Chairs Model 2,Furniture,Chairs
OFF-ENV-10531,Envelopes Model 28,Office Supplies,Envelopes
FUR-CHA-10401,Chairs Model 26,Furniture,Chairs
FUR-TAB-10756,Tables Model 20,Furniture,Tables
TEC-ACC-10021,Accessories Model 12,Technology,Accessories
OFF-STO-10580,Storage Model 44,Office Supplies,Storage
OFF-BIN-10679,Binders Model 32,Office Supplies,Binders
OFF-ENV-10151,Envelopes Model 27,Office Supplies,Envelopes
FUR-TAB-10981,Tables Model 34,Furniture,Tables
FUR-BOO-10443,Bookcases Model 30,Furniture,Bookcases
TEC-MAC-10310,Machines Model 32,Technology,Machines
OFF-STO-10676,Storage Model 1,Office Supplies,Storage
FUR-BOO-10297,Bookcases Model 15,Furniture,Bookcases
FUR-FUR-10695,Furnishings Model 21,Furniture,Furnishings
TEC-ACC-10384,Accessories Model 28,Technology,Accessories
FUR-TAB-10980,Tables Model 50,Furniture,Tables
OFF-STO-10473,Storage Model 49,Office Supplies,Storage
TEC-COP-10758,Copiers Model 38,Technology,Copiers
TEC-PHO-10638,Phones Model 45,Technology,Phones
FUR-CHA-10948,Chairs Model 8,Furniture,Chairs
OFF-FAS-10189,Fasteners Model 10,Office Supplies,Fasteners
TEC-ACC-10683,Accessories Model 18,Technology,Accessories
OFF-FAS-10034,Fasteners Model 42,Office Supplies,Fasteners
TEC-COP-10525,Copiers Model 5,Technology,Copiers
FUR-TAB-10938,Tables Model 42,Furniture,Tables
OFF-FAS-10069,Fasteners Model 3,Office Supplies,Fasteners
FUR-CHA-10136,Chairs Model 41,Furniture,Chairs
TEC-ACC-10644,Accessories Model 43,Technology,Accessories
FUR-TAB-10194,Tables Model 14,Furniture,Tables
TEC-COP-10130,Copiers Model 34,Technology,Copiers
OFF-STO-10991,Storage Model 19,Office Supplies,Storage
FUR-TAB-10346,Tables Model 27,Furniture,Tables
OFF-BIN-10354,Binders Model 5,Office Supplies,Binders
OFF-STO-10021,Storage Model 4,Office Supplies,Storage
FUR-TAB-10118,Tables Model 29,Furniture,Tables
FUR-BOO-10821,Bookcases Model 1,Furniture,Bookcases
TEC-ACC-10620,Accessories Model 26,Technology,Accessories
OFF-STO-10889,Storage Model 42,Office Supplies,Storage
FUR-BOO-10933,Bookcases Model 9,Furniture,Bookcases
TEC-ACC-10975,Accessories Model 8,Technology,Accessories
FUR-FUR-10883,Furnishings Model 25,Furniture,Furnishings
TEC-ACC-10879,Accessories Model 35,Technology,Accessories
OFF-FAS-10255,Fasteners Model 50,Office Supplies,Fasteners
TEC-MAC-10582,Machines Model 43,Technology,Machines
OFF-APP-10593,Appliances Model 6,Office Supplies,Appliances
OFF-SUP-10238,Supplies Model 8,Office Supplies,Supplies
TEC-PHO-10553,Phones Model 46,Technology,Phones
OFF-APP-10045,Appliances Model 19,Office Supplies,Appliances
FUR-CHA-10324,Chairs Model 18,Furniture,Chairs
FUR-BOO-10081,Bookcases Model 23,Furniture,Bookcases
TEC-PHO-10620,Phones Model 17,Technology,Phones
OFF-ENV-10269,Envelopes Model 49,Office Supplies,Envelopes
TEC-ACC-10758,Accessories Model 28,Technology,Accessories
OFF-PAP-10388,Paper Model 21,Office Supplies,Paper
OFF-ART-10292,Art Model 21,Office Supplies,Art
OFF-ENV-10280,Envelopes Model 32,Office Supplies,Envelopes
OFF-BIN-10028,Binders Model 39,Office Supplies,Binders
FUR-TAB-10940,Tables Model 8,Furniture,Tables
TEC-PHO-10334,Phones Model 11,Technology,Phones
TEC-MAC-10194,Machines Model 36,Technology,Machines
TEC-PHO-10289,Phones Model 9,Technology,Phones
FUR-CHA-10428,Chairs Model 45,Furniture,Chairs
OFF-FAS-10612,Fasteners Model 23,Office Supplies,Fasteners
TEC-COP-10979,Copiers Model 21,Technology,Copiers
TEC-PHO-10274,Phones Model 33,Technology,Phones
FUR-FUR-10745,Furnishings Model 15,Furniture,Furnishings
OFF-LAB-10973,Labels Model 47,Office Supplies,Labels
FUR-FUR-10880,Furnishings Model 46,Furniture,Furnishings
FUR-BOO-10810,Bookcases Model 32,Furniture,Bookcases
FUR-TAB-10882,Tables Model 6,Furniture,Tables
FUR-CHA-10803,Chairs Model 21,Furniture,Chairs
OFF-SUP-10574,Supplies Model 18,Office Supplies,Supplies
OFF-APP-10591,Appliances Model 2,Office Supplies,Appliances
OFF-BIN-10085,Binders Model 10,Office Supplies,Binders
OFF-PAP-10329,Paper Model 45,Office Supplies,Paper
TEC-COP-10526,Copiers Model 36,Technology,Copiers
TEC-PHO-10890,Phones Model 8,Technology,Phones
FUR-FUR-10737,Furnishings Model 44,Furniture,Furnishings
OFF-SUP-10483,Supplies Model 30,Office Supplies,Supplies
FUR-BOO-10204,Bookcases Model 45,Furniture,Bookcases
FUR-FUR-10840,Furnishings Model 28,Furniture,Furnishings
TEC-MAC-10577,Machines Model 7,Technology,Machines
FUR-FUR-10951,Furnishings Model 40,Furniture,Furnishings
FUR-TAB-10334,Tables Model 20,Furniture,Tables
TEC-PHO-10728,Phones Model 10,Technology,Phones
OFF-SUP-10789,Supplies Model 43,Office Supplies,Supplies
OFF-FAS-10600,Fasteners Model 20,Office Supplies,Fasteners
OFF-STO-10280,Storage Model 41,Office Supplies,Storage
FUR-CHA-10722,Chairs Model 48,Furniture,Chairs
FUR-TAB-10340,Tables Model 44,Furniture,Tables
OFF-ART-10085,Art Model 12,Office Supplies,Art
OFF-LAB-10477,Labels Model 37,Office Supplies,Labels
TEC-PHO-10222,Phones Model 41,Technology,Phones
OFF-PAP-10285,Paper Model 9,Office Supplies,Paper
TEC-MAC-10363,Machines Model 38,Technology,Machines
OFF-ENV-10355,Envelopes Model 42,Office Supplies,Envelopes
TEC-MAC-10529,Machines Model 43,Technology,Machines
TEC-ACC-10162,Accessories Model 27,Technology,Accessories
OFF-ENV-10607,Envelopes Model 37,Office Supplies,Envelopes
TEC-COP-10431,Copiers Model 28,Technology,Copiers
OFF-FAS-10811,Fasteners Model 50,Office Supplies,Fasteners
FUR-BOO-10447,Bookcases Model 6,Furniture,Bookcases
TEC-ACC-10934,Accessories Model 31,Technology,Accessories
TEC-PHO-10625,Phones Model 39,Technology,Phones
OFF-STO-10291,Storage Model 20,Office Supplies,Storage
OFF-PAP-10671,Paper Model 26,Office Supplies,Paper
FUR-TAB-10759,Tables Model 41,Furniture,Tables
FUR-FUR-10007,Furnishings Model 22,Furniture,Furnishings
TEC-MAC-10910,Machines Model 39,Technology,Machines
TEC-MAC-10304,Machines Model 41,Technology,Machines
FUR-CHA-10914,Chairs Model 18,Furniture,Chairs
OFF-PAP-10391,Paper Model 33,Office Supplies,Paper
TEC-PHO-10812,Phones Model 13,Technology,Phones
TEC-MAC-10283,Machines Model 33,Technology,Machines
TEC-PHO-10613,Phones Model 41,Technology,Phones
OFF-STO-10650,Storage Model 39,Office Supplies,Storage
OFF-SUP-10545,Supplies Model 45,Office Supplies,Supplies
FUR-FUR-10298,Furnishings Model 49,Furniture,Furnishings
OFF-PAP-10240,Paper Model 25,Office Supplies,Paper
TEC-ACC-10563,Accessories Model 27,Technology,Accessories
OFF-BIN-10506,Binders Model 49,Office Supplies,Binders
OFF-APP-10392,Appliances Model 38,Office Supplies,Appliances
TEC-COP-10624,Copiers Model 16,Technology,Copiers
FUR-FUR-10483,Furnishings Model 46,Furniture,Furnishings
FUR-BOO-10996,Bookcases Model 30,Furniture,Bookcases
TEC-PHO-10887,Phones Model 34,Technology,Phones
OFF-FAS-10848,Fasteners Model 47,Office Supplies,Fasteners
FUR-BOO-10375,Bookcases Model 27,Furniture,Bookcases
TEC-MAC-10302,Machines Model 45,Technology,Machines
OFF-ENV-10730,Envelopes Model 19,Office Supplies,Envelopes
OFF-ART-10028,Art Model 14,Office Supplies,Art
TEC-MAC-10535,Machines Model 24,Technology,Machines
OFF-PAP-10229,Paper Model 10,Office Supplies,Paper
OFF-STO-10641,Storage Model 7,Office Supplies,Storage
OFF-SUP-10816,Supplies Model 48,Office Supplies,Supplies
FUR-TAB-10927,Tables Model 9,Furniture,Tables
TEC-MAC-10452,Machines Model 6,Technology,Machines
OFF-BIN-10603,Binders Model 41,Office Supplies,Binders
FUR-BOO-10167,Bookcases Model 12,Furniture,Bookcases
FUR-FUR-10327,Furnishings Model 50,Furniture,Furnishings
TEC-MAC-10785,Machines Model 18,Technology,Machines
FUR-TAB-10816,Tables Model 14,Furniture,Tables
TEC-COP-10255,Copiers Model 18,Technology,Copiers
TEC-COP-10332,Copiers Model 50,Technology,Copiers
TEC-COP-10570,Copiers Model 34,Technology,Copiers
OFF-LAB-10471,Labels Model 24,Office Supplies,Labels
OFF-BIN-10934,Binders Model 33,Office Supplies,Binders
OFF-LAB-10997,Labels Model 36,Office Supplies,Labels
FUR-TAB-10462,Tables Model 48,Furniture,Tables
FUR-BOO-10019,Bookcases Model 1,Furniture,Bookcases
FUR-BOO-10193,Bookcases Model 50,Furniture,Bookcases
FUR-TAB-10206,Tables Model 20,Furniture,Tables
FUR-FUR-10389,Furnishings Model 4,Furniture,Furnishings
OFF-PAP-10774,Paper Model 14,Office Supplies,Paper
FUR-FUR-10967,Furnishings Model 30,Furniture,Furnishings
FUR-CHA-10666,Chairs Model 42,Furniture,Chairs
OFF-PAP-10143,Paper Model 45,Office Supplies,Paper
OFF-LAB-10373,Labels Model 8,Office Supplies,Labels
FUR-CHA-10935,Chairs Model 27,Furniture,Chairs
FUR-FUR-10876,Furnishings Model 35,Furniture,Furnishings
OFF-ART-10766,Art Model 37,Office Supplies,Art
FUR-TAB-10231,Tables Model 17,Furniture,Tables
FUR-BOO-10765,Bookcases Model 25,Furniture,Bookcases
TEC-PHO-10643,Phones Model 37,Technology,Phones
OFF-PAP-10261,Paper Model 22,Office Supplies,Paper
OFF-SUP-10232,Supplies Model 30,Office Supplies,Supplies
FUR-CHA-10860,Chairs Model 44,Furniture,Chairs
FUR-CHA-10383,Chairs Model 11,Furniture,Chairs
FUR-TAB-10915,Tables Model 31,Furniture,Tables
OFF-ENV-10773,Envelopes Model 27,Office Supplies,Envelopes
FUR-FUR-10536,Furnishings Model 7,Furniture,Furnishings
TEC-COP-10436,Copiers Model 38,Technology,Copiers
FUR-FUR-10885,Furnishings Model 50,Furniture,Furnishings
OFF-APP-10226,Appliances Model 38,Office Supplies,Appliances
OFF-APP-10589,Appliances Model 7,Office Supplies,Appliances
FUR-TAB-10962,Tables Model 26,Furniture,Tables
TEC-COP-10360,Copiers Model 16,Technology,Copiers
OFF-PAP-10341,Paper Model 23,Office Supplies,Paper
OFF-ENV-10203,Envelopes Model 6,Office Supplies,Envelopes
FUR-FUR-10331,Furnishings Model 15,Furniture,Furnishings
OFF-LAB-10012,Labels Model 19,Office Supplies,Labels
FUR-CHA-10822,Chairs Model 17,Furniture,Chairs
OFF-ENV-10098,Envelopes Model 33,Office Supplies,Envelopes
TEC-COP-10509,Copiers Model 38,Technology,Copiers
OFF-STO-10977,Storage Model 47,Office Supplies,Storage
OFF-APP-10338,Appliances Model 15,Office Supplies,Appliances
TEC-COP-10628,Copiers Model 5,Technology,Copiers
TEC-COP-10096,Copiers Model 26,Technology,Copiers
TEC-COP-10092,Copiers Model 12,Technology,Copiers
OFF-FAS-10699,Fasteners Model 24,Office Supplies,Fasteners
FUR-TAB-10186,Tables Model 35,Furniture,Tables
FUR-BOO-10031,Bookcases Model 40,Furniture,Bookcases
FUR-CHA-10950,Chairs Model 43,Furniture,Chairs
TEC-COP-10060,Copiers Model 31,Technology,Copiers
OFF-FAS-10540,Fasteners Model 3,Office Supplies,Fasteners
FUR-CHA-10360,Chairs Model 35,Furniture,Chairs
FUR-FUR-10074,Furnishings Model 46,Furniture,Furnishings
FUR-FUR-10181,Furnishings Model 25,Furniture,Furnishings
FUR-BOO-10209,Bookcases Model 42,Furniture,Bookcases
OFF-ART-10978,Art Model 44,Office Supplies,Art
FUR-FUR-10452,Furnishings Model 39,Furniture,Furnishings
FUR-TAB-10400,Tables Model 25,Furniture,Tables
FUR-BOO-10570,Bookcases Model 11,Furniture,Bookcases
FUR-BOO-10700,Bookcases Model 15,Furniture,Bookcases
FUR-FUR-10959,Furnishings Model 37,Furniture,Furnishings
TEC-COP-10549,Copiers Model 24,Technology,Copiers
FUR-TAB-10470,Tables Model 27,Furniture,Tables
TEC-ACC-10474,Accessories Model 24,Technology,Accessories
OFF-ENV-10921,Envelopes Model 30,Office Supplies,Envelopes
TEC-COP-10345,Copiers Model 36,Technology,Copiers
FUR-FUR-10656,Furnishings Model 26,Furniture,Furnishings
TEC-ACC-10692,Accessories Model 7,Technology,Accessories
OFF-ENV-10162,Envelopes Model 36,Office Supplies,Envelopes
TEC-COP-10388,Copiers Model 31,Technology,Copiers
FUR-CHA-10070,Chairs Model 12,Furniture,Chairs
FUR-BOO-10173,Bookcases Model 24,Furniture,Bookcases
OFF-BIN-10459,Binders Model 28,Office Supplies,Binders
OFF-LAB-10309,Labels Model 25,Office Supplies,Labels
FUR-FUR-10565,Furnishings Model 13,Furniture,Furnishings
OFF-APP-10382,Appliances Model 5,Office Supplies,Appliances
FUR-CHA-10734,Chairs Model 6,Furniture,Chairs
OFF-ENV-10453,Envelopes Model 12,Office Supplies,Envelopes
TEC-PHO-10868,Phones Model 21,Technology,Phones
FUR-TAB-10543,Tables Model 1,Furniture,Tables
TEC-MAC-10012,Machines Model 48,Technology,Machines
TEC-PHO-10307,Phones Model 49,Technology,Phones
OFF-ENV-10145,Envelopes Model 48,Office Supplies,Envelopes
OFF-FAS-10154,Fasteners Model 38,Office Supplies,Fasteners
FUR-TAB-10233,Tables Model 13,Furniture,Tables
OFF-PAP-10622,Paper Model 19,Office Supplies,Paper
FUR-TAB-10626,Tables Model 8,Furniture,Tables
TEC-ACC-10214,Accessories Model 21,Technology,Accessories
TEC-ACC-10541,Accessories Model 32,Technology,Accessories
OFF-APP-10335,Appliances Model 23,Office Supplies,Appliances
TEC-COP-10751,Copiers Model 4,Technology,Copiers
TEC-COP-10282,Copiers Model 13,Technology,Copiers
TEC-COP-10563,Copiers Model 2,Technology,Copiers
TEC-COP-10740,Copiers Model 46,Technology,Copiers
TEC-ACC-10083,Accessories Model 27,Technology,Accessories
OFF-STO-10162,Storage Model 8,Office Supplies,Storage
OFF-BIN-10977,Binders Model 9,Office Supplies,Binders
TEC-MAC-10563,Machines Model 5,Technology,Machines
FUR-TAB-10155,Tables Model 35,Furniture,Tables
FUR-BOO-10666,Bookcases Model 19,Furniture,Bookcases
OFF-LAB-10777,Labels Model 37,Office Supplies,Labels
FUR-BOO-10814,Bookcases Model 43,Furniture,Bookcases
FUR-CHA-10099,Chairs Model 4,Furniture,Chairs
OFF-BIN-10269,Binders Model 30,Office Supplies,Binders
FUR-CHA-10719,Chairs Model 37,Furniture,Chairs
OFF-STO-10672,Storage Model 5,Office Supplies,Storage
OFF-APP-10894,Appliances Model 37,Office Supplies,Appliances
OFF-SUP-10743,Supplies Model 36,Office Supplies,Supplies
TEC-ACC-10691,Accessories Model 35,Technology,Accessories
OFF-ENV-10351,Envelopes Model 33,Office Supplies,Envelopes
TEC-ACC-10532,Accessories Model 7,Technology,Accessories
TEC-PHO-10535,Phones Model 43,Technology,Phones
OFF-BIN-10507,Binders Model 10,Office Supplies,Binders
TEC-PHO-10383,Phones Model 14,Technology,Phones
OFF-FAS-10881,Fasteners Model 25,Office Supplies,Fasteners
TEC-PHO-10084,Phones Model 16,Technology,Phones
TEC-PHO-10097,Phones Model 1,Technology,Phones
TEC-ACC-10714,Accessories Model 34,Technology,Accessories
OFF-ART-10497,Art Model 16,Office Supplies,Art
FUR-FUR-10168,Furnishings Model 9,Furniture,Furnishings
FUR-CHA-10285,Chairs Model 28,Furniture,Chairs
TEC-COP-10680,Copiers Model 13,Technology,Copiers
OFF-SUP-10136,Supplies Model 48,Office Supplies,Supplies
TEC-COP-10942,Copiers Model 16,Technology,Copiers
OFF-BIN-10683,Binders Model 9,Office Supplies,Binders
TEC-ACC-10770,Accessories Model 28,Technology,Accessories
FUR-BOO-10661,Bookcases Model 49,Furniture,Bookcases
TEC-ACC-10791,Accessories Model 42,Technology,Accessories
FUR-BOO-10480,Bookcases Model 22,Furniture,Bookcases
FUR-FUR-10928,Furnishings Model 16,Furniture,Furnishings
TEC-ACC-10194,Accessories Model 44,Technology,Accessories
TEC-MAC-10187,Machines Model 42,Technology,Machines
OFF-ENV-10832,Envelopes Model 36,Office Supplies,Envelopes
OFF-LAB-10437,Labels Model 41,Office Supplies,Labels
OFF-STO-10561,Storage Model 35,Office Supplies,Storage
OFF-ART-10291,Art Model 28,Office Supplies,Art
FUR-TAB-10825,Tables Model 25,Furniture,Tables
FUR-CHA-10624,Chairs Model 11,Furniture,Chairs
FUR-TAB-10729,Tables Model 29,Furniture,Tables
OFF-ART-10329,Art Model 2,Office Supplies,Art
OFF-SUP-10212,Supplies Model 14,Office Supplies,Supplies
OFF-ENV-10463,Envelopes Model 46,Office Supplies,Envelopes
FUR-FUR-10375,Furnishings Model 17,Furniture,Furnishings
OFF-ART-10094,Art Model 40,Office Supplies,Art
TEC-PHO-10170,Phones Model 34,Technology,Phones
FUR-TAB-10068,Tables Model 50,Furniture,Tables
FUR-BOO-10784,Bookcases Model 18,Furniture,Bookcases
TEC-PHO-10473,Phones Model 16,Technology,Phones
OFF-ART-10693,Art Model 49,Office Supplies,Art
OFF-SUP-10129,Supplies Model 3,Office Supplies,Supplies
FUR-CHA-10220,Chairs Model 28,Furniture,Chairs
TEC-ACC-10477,Accessories Model 46,Technology,Accessories
OFF-ENV-10908,Envelopes Model 42,Office Supplies,Envelopes
OFF-STO-10011,Storage Model 7,Office Supplies,Storage
FUR-BOO-10291,Bookcases Model 24,Furniture,Bookcases
FUR-CHA-10749,Chairs Model 47,Furniture,Chairs
TEC-MAC-10976,Machines Model 9,Technology,Machines
FUR-FUR-10744,Furnishings Model 31,Furniture,Furnishings
FUR-TAB-10590,Tables Model 36,Furniture,Tables
TEC-MAC-10962,Machines Model 33,Technology,Machines
OFF-PAP-10948,Paper Model 7,Office Supplies,Paper
TEC-MAC-10948,Machines Model 4,Technology,Machines
OFF-FAS-10415,Fasteners Model 28,Office Supplies,Fasteners
FUR-BOO-10153,Bookcases Model 35,Furniture,Bookcases
OFF-PAP-10682,Paper Model 37,Office Supplies,Paper
FUR-CHA-10607,Chairs Model 19,Furniture,Chairs
TEC-PHO-10402,Phones Model 22,Technology,Phones
TEC-ACC-10246,Accessories Model 30,Technology,Accessories
FUR-TAB-10704,Tables Model 21,Furniture,Tables
TEC-ACC-10196,Accessories Model 23,Technology,Accessories
TEC-COP-10043,Copiers Model 9,Technology,Copiers
FUR-FUR-10107,Furnishings Model 31,Furniture,Furnishings
TEC-ACC-10551,Accessories Model 49,Technology,Accessories
OFF-LAB-10460,Labels Model 17,Office Supplies,Labels
OFF-LAB-10440,Labels Model 4,Office Supplies,Labels
FUR-BOO-10947,Bookcases Model 25,Furniture,Bookcases
TEC-MAC-10173,Machines Model 43,Technology,Machines
OFF-APP-10078,Appliances Model 10,Office Supplies,Appliances
TEC-MAC-10064,Machines Model 11,Technology,Machines
FUR-BOO-10217,Bookcases Model 11,Furniture,Bookcases
FUR-FUR-10584,Furnishings Model 23,Furniture,Furnishings
FUR-BOO-10607,Bookcases Model 9,Furniture,Bookcases
OFF-PAP-10712,Paper Model 17,Office Supplies,Paper
OFF-ART-10335,Art Model 12,Office Supplies,Art
TEC-PHO-10596,Phones Model 6,Technology,Phones
FUR-CHA-10319,Chairs Model 27,Furniture,Chairs
FUR-BOO-10554,Bookcases Model 7,Furniture,Bookcases
OFF-ART-10755,Art Model 44,Office Supplies,Art
OFF-ENV-10001,Envelopes Model 8,Office Supplies,Envelopes
OFF-BIN-10748,Binders Model 5,Office Supplies,Binders
TEC-COP-10457,Copiers Model 10,Technology,Copiers
FUR-CHA-10890,Chairs Model 43,Furniture,Chairs
TEC-ACC-10536,Accessories Model 19,Technology,Accessories
FUR-FUR-10356,Furnishings Model 20,Furniture,Furnishings
TEC-ACC-10799,Accessories Model 16,Technology,Accessories
TEC-COP-10764,Copiers Model 26,Technology,Copiers
FUR-CHA-10335,Chairs Model 50,Furniture,Chairs
TEC-MAC-10233,Machines Model 28,Technology,Machines
TEC-PHO-10105,Phones Model 44,Technology,Phones
TEC-COP-10914,Copiers Model 14,Technology,Copiers
FUR-BOO-10948,Bookcases Model 32,Furniture,Bookcases
FUR-FUR-10569,Furnishings Model 45,Furniture,Furnishings
FUR-CHA-10847,Chairs Model 14,Furniture,Chairs
FUR-TAB-10854,Tables Model 44,Furniture,Tables
OFF-ART-10086,Art Model 49,Office Supplies,Art
FUR-TAB-10907,Tables Model 29,Furniture,Tables
FUR-TAB-10384,Tables Model 50,Furniture,Tables
TEC-COP-10054,Copiers Model 34,Technology,Copiers
TEC-PHO-10085,Phones Model 21,Technology,Phones
FUR-CHA-10361,Chairs Model 21,Furniture,Chairs
OFF-STO-10502,Storage Model 34,Office Supplies,Storage
FUR-TAB-10613,Tables Model 4,Furniture,Tables
FUR-BOO-10241,Bookcases Model 27,Furniture,Bookcases
FUR-BOO-10640,Bookcases Model 31,Furniture,Bookcases
FUR-FUR-10066,Furnishings Model 4,Furniture,Furnishings
OFF-LAB-10560,Labels Model 31,Office Supplies,Labels
OFF-BIN-10633,Binders Model 44,Office Supplies,Binders
OFF-ART-10219,Art Model 7,Office Supplies,Art
OFF-APP-10412,Appliances Model 15,Office Supplies,Appliances
TEC-MAC-10811,Machines Model 18,Technology,Machines
OFF-SUP-10850,Supplies Model 18,Office Supplies,Supplies
OFF-ART-10198,Art Model 34,Office Supplies,Art
OFF-ENV-10621,Envelopes Model 13,Office Supplies,Envelopes
FUR-CHA-10776,Chairs Model 21,Furniture,Chairs
OFF-STO-10797,Storage Model 27,Office Supplies,Storage
TEC-ACC-10111,Accessories Model 35,Technology,Accessories
OFF-BIN-10075,Binders Model 16,Office Supplies,Binders
OFF-APP-10849,Appliances Model 24,Office Supplies,Appliances
TEC-PHO-10436,Phones Model 50,Technology,Phones
FUR-CHA-10074,Chairs Model 21,Furniture,Chairs
TEC-ACC-10497,Accessories Model 41,Technology,Accessories
OFF-FAS-10798,Fasteners Model 13,Office Supplies,Fasteners
OFF-APP-10054,Appliances Model 7,Office Supplies,Appliances
TEC-MAC-10261,Machines Model 38,Technology,Machines
FUR-FUR-10593,Furnishings Model 25,Furniture,Furnishings
TEC-ACC-10189,Accessories Model 50,Technology,Accessories
FUR-BOO-10468,Bookcases Model 49,Furniture,Bookcases
OFF-LAB-10920,Labels Model 34,Office Supplies,Labels
FUR-FUR-10408,Furnishings Model 35,Furniture,Furnishings
FUR-TAB-10614,Tables Model 26,Furniture,Tables
OFF-STO-10540,Storage Model 4,Office Supplies,Storage
TEC-MAC-10657,Machines Model 27,Technology,Machines
TEC-ACC-10059,Accessories Model 46,Technology,Accessories
OFF-ART-10945,Art Model 4,Office Supplies,Art
FUR-CHA-10977,Chairs Model 21,Furniture,Chairs
OFF-ART-10080,Art Model 39,Office Supplies,Art
FUR-CHA-10385,Chairs Model 8,Furniture,Chairs
OFF-SUP-10481,Supplies Model 35,Office Supplies,Supplies
FUR-TAB-10104,Tables Model 41,Furniture,Tables
FUR-BOO-10887,Bookcases Model 15,Furniture,Bookcases
TEC-ACC-10804,Accessories Model 45,Technology,Accessories
TEC-COP-10880,Copiers Model 1,Technology,Copiers
OFF-LAB-10015,Labels Model 50,Office Supplies,Labels
OFF-SUP-10992,Supplies Model 30,Office Supplies,Supplies
TEC-PHO-10817,Phones Model 3,Technology,Phones
TEC-ACC-10662,Accessories Model 6,Technology,Accessories
OFF-ENV-10458,Envelopes Model 25,Office Supplies,Envelopes
TEC-COP-10767,Copiers Model 3,Technology,Copiers
TEC-MAC-10702,Machines Model 30,Technology,Machines
TEC-PHO-10471,Phones Model 38,Technology,Phones
OFF-BIN-10808,Binders Model 26,Office Supplies,Binders
OFF-ART-10378,Art Model 24,Office Supplies,Art
OFF-STO-10275,Storage Model 3,Office Supplies,Storage
FUR-BOO-10374,Bookcases Model 40,Furniture,Bookcases
FUR-FUR-10975,Furnishings Model 10,Furniture,Furnishings
TEC-PHO-10574,Phones Model 4,Technology,Phones
TEC-ACC-10426,Accessories Model 4,Technology,Accessories
OFF-SUP-10758,Supplies Model 43,Office Supplies,Supplies
OFF-SUP-10990,Supplies Model 6,Office Supplies,Supplies
FUR-CHA-10568,Chairs Model 48,Furniture,Chairs
FUR-CHA-10920,Chairs Model 41,Furniture,Chairs
OFF-APP-10824,Appliances Model 12,Office Supplies,Appliances
TEC-PHO-10756,Phones Model 1,Technology,Phones
FUR-TAB-10681,Tables Model 30,Furniture,Tables
FUR-TAB-10333,Tables Model 10,Furniture,Tables
TEC-PHO-10735,Phones Model 29,Technology,Phones
FUR-FUR-10186,Furnishings Model 12,Furniture,Furnishings
FUR-TAB-10242,Tables Model 11,Furniture,Tables
OFF-ENV-10754,Envelopes Model 48,Office Supplies,Envelopes
OFF-BIN-10184,Binders Model 29,Office Supplies,Binders
TEC-COP-10736,Copiers Model 8,Technology,Copiers
FUR-FUR-10746,Furnishings Model 47,Furniture,Furnishings
FUR-TAB-10700,Tables Model 14,Furniture,Tables
TEC-MAC-10660,Machines Model 6,Technology,Machines
TEC-MAC-10679,Machines Model 2,Technology,Machines
OFF-STO-10770,Storage Model 43,Office Supplies,Storage
FUR-CHA-10457,Chairs Model 9,Furniture,Chairs
TEC-MAC-10345,Machines Model 14,Technology,Machines
TEC-PHO-10640,Phones Model 34,Technology,Phones
FUR-BOO-10990,Bookcases Model 23,Furniture,Bookcases
TEC-COP-10234,Copiers Model 30,Technology,Copiers
FUR-TAB-10964,Tables Model 5,Furniture,Tables
TEC-ACC-10170,Accessories Model 39,Technology,Accessories
TEC-PHO-10350,Phones Model 21,Technology,Phones
OFF-ART-10377,Art Model 28,Office Supplies,Art
OFF-STO-10472,Storage Model 28,Office Supplies,Storage
FUR-CHA-10408,Chairs Model 18,Furniture,Chairs
FUR-FUR-10997,Furnishings Model 22,Furniture,Furnishings
TEC-PHO-10992,Phones Model 4,Technology,Phones
OFF-ENV-10544,Envelopes Model 34,Office Supplies,Envelopes
TEC-MAC-10621,Machines Model 26,Technology,Machines
FUR-FUR-10716,Furnishings Model 31,Furniture,Furnishings
OFF-PAP-10587,Paper Model 1,Office Supplies,Paper
OFF-BIN-10802,Binders Model 39,Office Supplies,Binders
TEC-COP-10420,Copiers Model 25,Technology,Copiers
FUR-TAB-10215,Tables Model 48,Furniture,Tables
TEC-MAC-10478,Machines Model 4,Technology,Machines
TEC-COP-10240,Copiers Model 24,Technology,Copiers
TEC-COP-10915,Copiers Model 17,Technology,Copiers
OFF-SUP-10552,Supplies Model 12,Office Supplies,Supplies
FUR-CHA-10609,Chairs Model 26,Furniture,Chairs
FUR-CHA-10592,Chairs Model 43,Furniture,Chairs
OFF-LAB-10506,Labels Model 36,Office Supplies,Labels
TEC-ACC-10186,Accessories Model 19,Technology,Accessories
TEC-PHO-10463,Phones Model 33,Technology,Phones
OFF-ART-10281,Art Model 35,Office Supplies,Art
TEC-ACC-10491,Accessories Model 10,Technology,Accessories
TEC-COP-10840,Copiers Model 14,Technology,Copiers
TEC-COP-10410,Copiers Model 22,Technology,Copiers
TEC-PHO-10893,Phones Model 13,Technology,Phones
TEC-MAC-10716,Machines Model 17,Technology,Machines
TEC-PHO-10859,Phones Model 21,Technology,Phones
TEC-ACC-10319,Accessories Model 33,Technology,Accessories
OFF-APP-10059,Appliances Model 44,Office Supplies,Appliances
OFF-ENV-10852,Envelopes Model 39,Office Supplies,Envelopes
TEC-COP-10007,Copiers Model 4,Technology,Copiers
FUR-BOO-10441,Bookcases Model 32,Furniture,Bookcases
OFF-LAB-10550,Labels Model 2,Office Supplies,Labels
TEC-COP-10896,Copiers Model 25,Technology,Copiers
FUR-TAB-10711,Tables Model 44,Furniture,Tables
OFF-ART-10410,Art Model 9,Office Supplies,Art
OFF-STO-10061,Storage Model 1,Office Supplies,Storage
TEC-PHO-10454,Phones Model 1,Technology,Phones
OFF-PAP-10208,Paper Model 34,Office Supplies,Paper
OFF-BIN-10271,Binders Model 33,Office Supplies,Binders
FUR-BOO-10260,Bookcases Model 20,Furniture,Bookcases
TEC-MAC-10292,Machines Model 50,Technology,Machines
TEC-COP-10173,Copiers Model 2,Technology,Copiers
FUR-FUR-10336,Furnishings Model 46,Furniture,Furnishings
TEC-ACC-10012,Accessories Model 3,Technology,Accessories
TEC-PHO-10260,Phones Model 17,Technology,Phones
TEC-MAC-10461,Machines Model 46,Technology,Machines
TEC-PHO-10895,Phones Model 35,Technology,Phones
TEC-COP-10280,Copiers Model 29,Technology,Copiers
TEC-ACC-10606,Accessories Model 29,Technology,Accessories
FUR-TAB-10529,Tables Model 33,Furniture,Tables
FUR-TAB-10472,Tables Model 28,Furniture,Tables
OFF-STO-10392,Storage Model 6,Office Supplies,Storage
OFF-LAB-10801,Labels Model 49,Office Supplies,Labels
TEC-ACC-10855,Accessories Model 49,Technology,Accessories
OFF-ART-10446,Art Model 28,Office Supplies,Art
TEC-COP-10001,Copiers Model 29,Technology,Copiers
TEC-ACC-10483,Accessories Model 34,Technology,Accessories
TEC-COP-10129,Copiers Model 2,Technology,Copiers
FUR-TAB-10779,Tables Model 37,Furniture,Tables
OFF-ART-10687,Art Model 48,Office Supplies,Art
FUR-FUR-10962,Furnishings Model 9,Furniture,Furnishings
OFF-APP-10272,Appliances Model 9,Office Supplies,Appliances
FUR-BOO-10850,Bookcases Model 1,Furniture,Bookcases
TEC-PHO-10181,Phones Model 33,Technology,Phones
TEC-MAC-10322,Machines Model 12,Technology,Machines
OFF-STO-10607,Storage Model 21,Office Supplies,Storage
TEC-PHO-10423,Phones Model 38,Technology,Phones
TEC-ACC-11000,Accessories Model 31,Technology,Accessories
FUR-BOO-10227,Bookcases Model 44,Furniture,Bookcases
FUR-CHA-10882,Chairs Model 18,Furniture,Chairs
TEC-COP-10990,Copiers Model 12,Technology,Copiers
OFF-BIN-10721,Binders Model 4,Office Supplies,Binders
OFF-ENV-10553,Envelopes Model 22,Office Supplies,Envelopes
OFF-STO-10097,Storage Model 39,Office Supplies,Storage
TEC-PHO-10941,Phones Model 15,Technology,Phones
OFF-APP-10161,Appliances Model 27,Office Supplies,Appliances
TEC-PHO-10648,Phones Model 40,Technology,Phones
OFF-LAB-10725,Labels Model 48,Office Supplies,Labels
TEC-MAC-10208,Machines Model 45,Technology,Machines
TEC-PHO-10978,Phones Model 15,Technology,Phones
TEC-MAC-10060,Machines Model 27,Technology,Machines
OFF-LAB-10490,Labels Model 33,Office Supplies,Labels
OFF-ART-10386,Art Model 49,Office Supplies,Art
FUR-BOO-10292,Bookcases Model 7,Furniture,Bookcases
OFF-SUP-10585,Supplies Model 3,Office Supplies,Supplies
OFF-LAB-10261,Labels Model 30,Office Supplies,Labels
OFF-LAB-10441,Labels Model 45,Office Supplies,Labels
FUR-CHA-10444,Chairs Model 7,Furniture,Chairs
FUR-FUR-10720,Furnishings Model 45,Furniture,Furnishings
FUR-FUR-10920,Furnishings Model 12,Furniture,Furnishings
TEC-ACC-10946,Accessories Model 48,Technology,Accessories
TEC-PHO-10649,Phones Model 14,Technology,Phones
FUR-BOO-10042,Bookcases Model 50,Furniture,Bookcases
OFF-PAP-10425,Paper Model 44,Office Supplies,Paper
TEC-PHO-10269,Phones Model 16,Technology,Phones
TEC-MAC-10375,Machines Model 26,Technology,Machines
TEC-MAC-10584,Machines Model 33,Technology,Machines
OFF-ENV-10619,Envelopes Model 50,Office Supplies,Envelopes
FUR-TAB-10090,Tables Model 19,Furniture,Tables
FUR-BOO-10546,Bookcases Model 48,Furniture,Bookcases
OFF-STO-10908,Storage Model 9,Office Supplies,Storage
TEC-MAC-10079,Machines Model 6,Technology,Machines
TEC-MAC-10511,Machines Model 22,Technology,Machines
OFF-FAS-10395,Fasteners Model 47,Office Supplies,Fasteners
TEC-MAC-10186,Machines Model 8,Technology,Machines
FUR-CHA-10683,Chairs Model 17,Furniture,Chairs
TEC-ACC-10225,Accessories Model 43,Technology,Accessories
OFF-BIN-10094,Binders Model 36,Office Supplies,Binders
OFF-ENV-10049,Envelopes Model 8,Office Supplies,Envelopes
OFF-FAS-10954,Fasteners Model 35,Office Supplies,Fasteners
FUR-CHA-10316,Chairs Model 12,Furniture,Chairs
TEC-COP-10232,Copiers Model 45,Technology,Copiers
TEC-ACC-10232,Accessories Model 28,Technology,Accessories
OFF-STO-10621,Storage Model 32,Office Supplies,Storage
FUR-TAB-10723,Tables Model 6,Furniture,Tables
OFF-FAS-10707,Fasteners Model 10,Office Supplies,Fasteners
FUR-TAB-10734,Tables Model 43,Furniture,Tables
TEC-ACC-10853,Accessories Model 41,Technology,Accessories
OFF-STO-10234,Storage Model 37,Office Supplies,Storage
TEC-COP-10377,Copiers Model 6,Technology,Copiers
OFF-APP-10606,Appliances Model 14,Office Supplies,Appliances
TEC-MAC-10682,Machines Model 1,Technology,Machines
FUR-FUR-10473,Furnishings Model 35,Furniture,Furnishings
TEC-COP-10135,Copiers Model 29,Technology,Copiers
TEC-COP-10207,Copiers Model 8,Technology,Copiers
TEC-PHO-10360,Phones Model 2,Technology,Phones
OFF-PAP-10430,Paper Model 36,Office Supplies,Paper
OFF-FAS-10394,Fasteners Model 23,Office Supplies,Fasteners
OFF-LAB-10998,Labels Model 18,Office Supplies,Labels
TEC-COP-10607,Copiers Model 30,Technology,Copiers
TEC-PHO-10938,Phones Model 34,Technology,Phones
TEC-MAC-10726,Machines Model 17,Technology,Machines
FUR-BOO-10231,Bookcases Model 37,Furniture,Bookcases
OFF-FAS-10740,Fasteners Model 14,Office Supplies,Fasteners
OFF-BIN-10284,Binders Model 37,Office Supplies,Binders
OFF-APP-10208,Appliances Model 47,Office Supplies,Appliances
OFF-ENV-10994,Envelopes Model 6,Office Supplies,Envelopes
TEC-ACC-10956,Accessories Model 35,Technology,Accessories
TEC-MAC-10317,Machines Model 30,Technology,Machines
OFF-ART-10800,Art Model 35,Office Supplies,Art
FUR-FUR-10165,Furnishings Model 36,Furniture,Furnishings
TEC-MAC-10009,Machines Model 9,Technology,Machines
FUR-TAB-10479,Tables Model 29,Furniture,Tables
FUR-TAB-10174,Tables Model 16,Furniture,Tables
FUR-TAB-10465,Tables Model 46,Furniture,Tables
FUR-TAB-10851,Tables Model 31,Furniture,Tables
TEC-COP-10157,Copiers Model 44,Technology,Copiers
OFF-ART-10729,Art Model 17,Office Supplies,Art
TEC-ACC-10122,Accessories Model 34,Technology,Accessories
OFF-SUP-10710,Supplies Model 3,Office Supplies,Supplies
TEC-ACC-10176,Accessories Model 12,Technology,Accessories
FUR-FUR-10180,Furnishings Model 25,Furniture,Furnishings
TEC-MAC-10309,Machines Model 29,Technology,Machines
TEC-MAC-10437,Machines Model 41,Technology,Machines
TEC-ACC-10580,Accessories Model 10,Technology,Accessories
FUR-FUR-10154,Furnishings Model 38,Furniture,Furnishings
OFF-STO-10238,Storage Model 28,Office Supplies,Storage
FUR-FUR-10638,Furnishings Model 33,Furniture,Furnishings
FUR-BOO-10065,Bookcases Model 42,Furniture,Bookcases
FUR-TAB-10890,Tables Model 28,Furniture,Tables
TEC-COP-10398,Copiers Model 20,Technology,Copiers
OFF-ART-10653,Art Model 26,Office Supplies,Art
OFF-FAS-10732,Fasteners Model 28,Office Supplies,Fasteners
FUR-TAB-10750,Tables Model 32,Furniture,Tables
TEC-PHO-10667,Phones Model 11,Technology,Phones
TEC-ACC-10723,Accessories Model 1,Technology,Accessories
FUR-CHA-10334,Chairs Model 12,Furniture,Chairs
OFF-BIN-10061,Binders Model 29,Office Supplies,Binders
OFF-SUP-10219,Supplies Model 31,Office Supplies,Supplies
OFF-STO-10000,Storage Model 5,Office Supplies,Storage
FUR-TAB-10541,Tables Model 31,Furniture,Tables
OFF-LAB-10876,Labels Model 42,Office Supplies,Labels
OFF-BIN-10593,Binders Model 35,Office Supplies,Binders
TEC-ACC-10546,Accessories Model 25,Technology,Accessories
FUR-BOO-10643,Bookcases Model 41,Furniture,Bookcases
FUR-FUR-10064,Furnishings Model 49,Furniture,Furnishings
FUR-TAB-10389,Tables Model 19,Furniture,Tables
TEC-PHO-10408,Phones Model 9,Technology,Phones
OFF-LAB-10788,Labels Model 15,Office Supplies,Labels
FUR-TAB-10886,Tables Model 16,Furniture,Tables
TEC-MAC-10442,Machines Model 29,Technology,Machines
TEC-PHO-10437,Phones Model 24,Technology,Phones
TEC-PHO-10280,Phones Model 43,Technology,Phones
OFF-FAS-10893,Fasteners Model 31,Office Supplies,Fasteners
FUR-BOO-10450,Bookcases Model 2,Furniture,Bookcases
OFF-PAP-10174,Paper Model 7,Office Supplies,Paper
FUR-TAB-10003,Tables Model 48,Furniture,Tables
FUR-FUR-10160,Furnishings Model 28,Furniture,Furnishings
OFF-SUP-10143,Supplies Model 46,Office Supplies,Supplies
OFF-STO-10371,Storage Model 20,Office Supplies,Storage
TEC-PHO-10894,Phones Model 34,Technology,Phones
FUR-CHA-10245,Chairs Model 42,Furniture,Chairs
TEC-ACC-10009,Accessories Model 19,Technology,Accessories
TEC-COP-10494,Copiers Model 33,Technology,Copiers
FUR-CHA-10453,Chairs Model 48,Furniture,Chairs
OFF-ART-10644,Art Model 28,Office Supplies,Art
OFF-ENV-10233,Envelopes Model 37,Office Supplies,Envelopes
FUR-TAB-10753,Tables Model 33,Furniture,Tables
TEC-MAC-10968,Machines Model 34,Technology,Machines
TEC-PHO-10920,Phones Model 6,Technology,Phones
OFF-LAB-10535,Labels Model 7,Office Supplies,Labels
OFF-BIN-10199,Binders Model 9,Office Supplies,Binders
TEC-COP-10314,Copiers Model 9,Technology,Copiers
TEC-MAC-10290,Machines Model 21,Technology,Machines
FUR-TAB-10143,Tables Model 29,Furniture,Tables
FUR-TAB-10557,Tables Model 21,Furniture,Tables
OFF-STO-10365,Storage Model 23,Office Supplies,Storage
FUR-CHA-10557,Chairs Model 39,Furniture,Chairs
FUR-FUR-10138,Furnishings Model 32,Furniture,Furnishings
FUR-CHA-10118,Chairs Model 34,Furniture,Chairs
TEC-ACC-10583,Accessories Model 12,Technology,Accessories
FUR-BOO-10866,Bookcases Model 32,Furniture,Bookcases
FUR-FUR-10604,Furnishings Model 33,Furniture,Furnishings
TEC-PHO-10290,Phones Model 49,Technology,Phones
OFF-PAP-10190,Paper Model 35,Office Supplies,Paper
FUR-FUR-10741,Furnishings Model 42,Furniture,Furnishings
OFF-PAP-10163,Paper Model 18,Office Supplies,Paper
OFF-BIN-10601,Binders Model 47,Office Supplies,Binders
TEC-COP-10296,Copiers Model 1,Technology,Copiers
OFF-BIN-10220,Binders Model 4,Office Supplies,Binders
OFF-LAB-10914,Labels Model 27,Office Supplies,Labels
TEC-ACC-10506,Accessories Model 16,Technology,Accessories
OFF-LAB-10811,Labels Model 8,Office Supplies,Labels
OFF-STO-10844,Storage Model 15,Office Supplies,Storage
OFF-APP-10977,Appliances Model 47,Office Supplies,Appliances
TEC-PHO-10656,Phones Model 41,Technology,Phones
OFF-ENV-10276,Envelopes Model 23,Office Supplies,Envelopes
TEC-MAC-10553,Machines Model 26,Technology,Machines
TEC-MAC-10319,Machines Model 30,Technology,Machines
OFF-LAB-10087,Labels Model 28,Office Supplies,Labels
OFF-LAB-10522,Labels Model 28,Office Supplies,Labels
OFF-PAP-10170,Paper Model 13,Office Supplies,Paper
TEC-COP-10254,Copiers Model 19,Technology,Copiers
TEC-COP-10593,Copiers Model 6,Technology,Copiers
OFF-ART-10554,Art Model 47,Office Supplies,Art
OFF-APP-10700,Appliances Model 15,Office Supplies,Appliances
FUR-FUR-10710,Furnishings Model 17,Furniture,Furnishings
OFF-SUP-10208,Supplies Model 21,Office Supplies,Supplies
FUR-BOO-10452,Bookcases Model 10,Furniture,Bookcases
TEC-PHO-10525,Phones Model 29,Technology,Phones
TEC-MAC-10926,Machines Model 9,Technology,Machines
OFF-BIN-10163,Binders Model 40,Office Supplies,Binders
FUR-TAB-10117,Tables Model 3,Furniture,Tables
FUR-FUR-10088,Furnishings Model 2,Furniture,Furnishings
TEC-COP-10224,Copiers Model 41,Technology,Copiers
OFF-FAS-10503,Fasteners Model 10,Office Supplies,Fasteners
OFF-BIN-10845,Binders Model 30,Office Supplies,Binders
TEC-ACC-10078,Accessories Model 40,Technology,Accessories
OFF-FAS-10370,Fasteners Model 1,Office Supplies,Fasteners
FUR-FUR-10054,Furnishings Model 20,Furniture,Furnishings
TEC-COP-10262,Copiers Model 37,Technology,Copiers
FUR-CHA-10543,Chairs Model 10,Furniture,Chairs
OFF-BIN-10600,Binders Model 27,Office Supplies,Binders
TEC-MAC-10004,Machines Model 16,Technology,Machines
OFF-ART-10608,Art Model 29,Office Supplies,Art
TEC-PHO-10603,Phones Model 30,Technology,Phones
TEC-COP-10100,Copiers Model 38,Technology,Copiers
TEC-MAC-10723,Machines Model 8,Technology,Machines
FUR-FUR-10114,Furnishings Model 27,Furniture,Furnishings
FUR-FUR-10257,Furnishings Model 31,Furniture,Furnishings
OFF-STO-10689,Storage Model 47,Office Supplies,Storage
TEC-MAC-10987,Machines Model 12,Technology,Machines
FUR-CHA-10820,Chairs Model 29,Furniture,Chairs
TEC-MAC-10753,Machines Model 8,Technology,Machines
OFF-APP-10868,Appliances Model 14,Office Supplies,Appliances
TEC-PHO-10615,Phones Model 5,Technology,Phones
FUR-BOO-10413,Bookcases Model 46,Furniture,Bookcases
FUR-TAB-10787,Tables Model 10,Furniture,Tables
OFF-SUP-10927,Supplies Model 29,Office Supplies,Supplies
OFF-ENV-10780,Envelopes Model 43,Office Supplies,Envelopes
TEC-COP-10791,Copiers Model 30,Technology,Copiers
OFF-ART-10772,Art Model 42,Office Supplies,Art
OFF-SUP-10303,Supplies Model 5,Office Supplies,Supplies
OFF-SUP-10151,Supplies Model 29,Office Supplies,Supplies
FUR-BOO-10965,Bookcases Model 22,Furniture,Bookcases
FUR-FUR-10917,Furnishings Model 43,Furniture,Furnishings
TEC-PHO-10265,Phones Model 1,Technology,Phones
OFF-LAB-10974,Labels Model 17,Office Supplies,Labels
FUR-BOO-10352,Bookcases Model 17,Furniture,Bookcases
FUR-FUR-10466,Furnishings Model 47,Furniture,Furnishings
FUR-TAB-10991,Tables Model 32,Furniture,Tables
FUR-FUR-10383,Furnishings Model 12,Furniture,Furnishings
FUR-FUR-10911,Furnishings Model 18,Furniture,Furnishings
FUR-FUR-10946,Furnishings Model 13,Furniture,Furnishings
FUR-CHA-10774,Chairs Model 21,Furniture,Chairs
OFF-LAB-10776,Labels Model 32,Office Supplies,Labels
FUR-CHA-10850,Chairs Model 28,Furniture,Chairs
TEC-PHO-10558,Phones Model 1,Technology,Phones
TEC-PHO-10598,Phones Model 15,Technology,Phones
FUR-TAB-10352,Tables Model 4,Furniture,Tables
OFF-BIN-10125,Binders Model 9,Office Supplies,Binders
OFF-APP-10120,Appliances Model 10,Office Supplies,Appliances
TEC-ACC-10237,Accessories Model 47,Technology,Accessories
OFF-ART-10911,Art Model 40,Office Supplies,Art
OFF-STO-10276,Storage Model 4,Office Supplies,Storage
FUR-TAB-10595,Tables Model 41,Furniture,Tables
FUR-BOO-10383,Bookcases Model 45,Furniture,Bookcases
TEC-MAC-10604,Machines Model 12,Technology,Machines
TEC-PHO-10362,Phones Model 7,Technology,Phones
OFF-LAB-10752,Labels Model 34,Office Supplies,Labels
TEC-ACC-10128,Accessories Model 43,Technology,Accessories
TEC-ACC-10008,Accessories Model 49,Technology,Accessories
FUR-TAB-10901,Tables Model 12,Furniture,Tables
TEC-PHO-10806,Phones Model 1,Technology,Phones
TEC-COP-10440,Copiers Model 13,Technology,Copiers
FUR-TAB-10954,Tables Model 34,Furniture,Tables
FUR-FUR-10223,Furnishings Model 46,Furniture,Furnishings
TEC-MAC-10877,Machines Model 15,Technology,Machines
TEC-PHO-10961,Phones Model 13,Technology,Phones
OFF-FAS-10335,Fasteners Model 22,Office Supplies,Fasteners
FUR-FUR-10315,Furnishings Model 18,Furniture,Furnishings
OFF-STO-10169,Storage Model 23,Office Supplies,Storage
OFF-SUP-10751,Supplies Model 46,Office Supplies,Supplies
OFF-STO-10743,Storage Model 18,Office Supplies,Storage
TEC-COP-10863,Copiers Model 42,Technology,Copiers
OFF-FAS-10531,Fasteners Model 24,Office Supplies,Fasteners
TEC-PHO-10020,Phones Model 19,Technology,Phones
FUR-BOO-10216,Bookcases Model 2,Furniture,Bookcases
OFF-PAP-10420,Paper Model 31,Office Supplies,Paper
TEC-MAC-10396,Machines Model 31,Technology,Machines
FUR-CHA-10416,Chairs Model 26,Furniture,Chairs
FUR-TAB-10502,Tables Model 8,Furniture,Tables
TEC-MAC-10115,Machines Model 19,Technology,Machines
OFF-FAS-10621,Fasteners Model 34,Office Supplies,Fasteners
FUR-BOO-10424,Bookcases Model 31,Furniture,Bookcases
TEC-PHO-10666,Phones Model 17,Technology,Phones
TEC-ACC-10043,Accessories Model 29,Technology,Accessories
FUR-TAB-10666,Tables Model 50,Furniture,Tables
OFF-APP-10090,Appliances Model 5,Office Supplies,Appliances
OFF-SUP-10543,Supplies Model 9,Office Supplies,Supplies
FUR-TAB-10645,Tables Model 42,Furniture,Tables
FUR-BOO-10305,Bookcases Model 11,Furniture,Bookcases
TEC-MAC-10564,Machines Model 18,Technology,Machines
TEC-COP-10136,Copiers Model 49,Technology,Copiers
TEC-MAC-10994,Machines Model 16,Technology,Machines
OFF-APP-10155,Appliances Model 13,Office Supplies,Appliances
FUR-TAB-10407,Tables Model 5,Furniture,Tables
OFF-FAS-10569,Fasteners Model 33,Office Supplies,Fasteners
OFF-PAP-10916,Paper Model 39,Office Supplies,Paper
FUR-CHA-10304,Chairs Model 4,Furniture,Chairs
TEC-COP-10307,Copiers Model 8,Technology,Copiers
FUR-TAB-10659,Tables Model 21,Furniture,Tables
TEC-COP-10239,Copiers Model 22,Technology,Copiers
FUR-CHA-10411,Chairs Model 35,Furniture,Chairs
FUR-CHA-10491,Chairs Model 10,Furniture,Chairs
TEC-MAC-10676,Machines Model 40,Technology,Machines
OFF-FAS-10088,Fasteners Model 49,Office Supplies,Fasteners
TEC-ACC-10749,Accessories Model 12,Technology,Accessories
OFF-APP-10886,Appliances Model 9,Office Supplies,Appliances
FUR-BOO-10091,Bookcases Model 31,Furniture,Bookcases
TEC-ACC-10521,Accessories Model 1,Technology,Accessories
OFF-ENV-10254,Envelopes Model 39,Office Supplies,Envelopes
TEC-PHO-10914,Phones Model 20,Technology,Phones
FUR-BOO-10785,Bookcases Model 48,Furniture,Bookcases
TEC-PHO-10546,Phones Model 35,Technology,Phones
FUR-TAB-10887,Tables Model 14,Furniture,Tables
TEC-ACC-10780,Accessories Model 50,Technology,Accessories
OFF-PAP-10613,Paper Model 45,Office Supplies,Paper
TEC-PHO-10566,Phones Model 22,Technology,Phones
TEC-PHO-10746,Phones Model 16,Technology,Phones
TEC-MAC-10944,Machines Model 1,Technology,Machines
OFF-BIN-10529,Binders Model 26,Office Supplies,Binders
FUR-BOO-10662,Bookcases Model 41,Furniture,Bookcases
OFF-APP-10654,Appliances Model 2,Office Supplies,Appliances
FUR-BOO-10236,Bookcases Model 8,Furniture,Bookcases
TEC-ACC-10830,Accessories Model 18,Technology,Accessories
TEC-ACC-10645,Accessories Model 36,Technology,Accessories
FUR-FUR-10611,Furnishings Model 44,Furniture,Furnishings
OFF-ART-10317,Art Model 35,Office Supplies,Art
OFF-LAB-10516,Labels Model 24,Office Supplies,Labels
FUR-CHA-10355,Chairs Model 34,Furniture,Chairs
OFF-LAB-10991,Labels Model 17,Office Supplies,Labels
TEC-MAC-10776,Machines Model 42,Technology,Machines
TEC-COP-10555,Copiers Model 17,Technology,Copiers
FUR-CHA-10217,Chairs Model 44,Furniture,Chairs
FUR-TAB-10264,Tables Model 11,Furniture,Tables
OFF-PAP-10022,Paper Model 37,Office Supplies,Paper
FUR-TAB-10936,Tables Model 29,Furniture,Tables
OFF-FAS-10792,Fasteners Model 49,Office Supplies,Fasteners
OFF-ART-10411,Art Model 20,Office Supplies,Art
TEC-COP-10138,Copiers Model 41,Technology,Copiers
OFF-STO-10800,Storage Model 49,Office Supplies,Storage
OFF-SUP-10195,Supplies Model 33,Office Supplies,Supplies
TEC-MAC-10106,Machines Model 34,Technology,Machines
FUR-FUR-10014,Furnishings Model 19,Furniture,Furnishings
TEC-ACC-10133,Accessories Model 7,Technology,Accessories
FUR-CHA-10447,Chairs Model 48,Furniture,Chairs
TEC-ACC-10764,Accessories Model 33,Technology,Accessories
TEC-COP-10059,Copiers Model 22,Technology,Copiers
TEC-MAC-10410,Machines Model 20,Technology,Machines
OFF-SUP-10994,Supplies Model 1,Office Supplies,Supplies
FUR-FUR-10769,Furnishings Model 49,Furniture,Furnishings
OFF-PAP-10345,Paper Model 34,Office Supplies,Paper
OFF-SUP-10882,Supplies Model 20,Office Supplies,Supplies
OFF-STO-10524,Storage Model 50,Office Supplies,Storage
FUR-BOO-10157,Bookcases Model 14,Furniture,Bookcases
TEC-COP-10275,Copiers Model 43,Technology,Copiers
TEC-PHO-10112,Phones Model 14,Technology,Phones
OFF-FAS-10521,Fasteners Model 1,Office Supplies,Fasteners
TEC-MAC-10001,Machines Model 11,Technology,Machines
TEC-MAC-10108,Machines Model 37,Technology,Machines
OFF-ART-10169,Art Model 30,Office Supplies,Art
OFF-PAP-10380,Paper Model 6,Office Supplies,Paper
TEC-PHO-10955,Phones Model 27,Technology,Phones
FUR-TAB-10036,Tables Model 46,Furniture,Tables
OFF-ENV-10072,Envelopes Model 41,Office Supplies,Envelopes
OFF-FAS-10361,Fasteners Model 38,Office Supplies,Fasteners
FUR-BOO-10563,Bookcases Model 33,Furniture,Bookcases
OFF-FAS-10184,Fasteners Model 8,Office Supplies,Fasteners
TEC-PHO-10664,Phones Model 32,Technology,Phones
FUR-FUR-10603,Furnishings Model 36,Furniture,Furnishings
FUR-FUR-10502,Furnishings Model 21,Furniture,Furnishings
OFF-SUP-10784,Supplies Model 11,Office Supplies,Supplies
TEC-ACC-10065,Accessories Model 20,Technology,Accessories
OFF-LAB-10838,Labels Model 50,Office Supplies,Labels
OFF-APP-10067,Appliances Model 28,Office Supplies,Appliances
FUR-TAB-10615,Tables Model 46,Furniture,Tables
TEC-ACC-10657,Accessories Model 11,Technology,Accessories
FUR-TAB-10969,Tables Model 30,Furniture,Tables
FUR-BOO-10665,Bookcases Model 6,Furniture,Bookcases
FUR-FUR-10722,Furnishings Model 38,Furniture,Furnishings
OFF-SUP-10680,Supplies Model 41,Office Supplies,Supplies
FUR-TAB-10386,Tables Model 29,Furniture,Tables
OFF-STO-10137,Storage Model 9,Office Supplies,Storage
FUR-TAB-10499,Tables Model 23,Furniture,Tables
TEC-PHO-10631,Phones Model 11,Technology,Phones
FUR-FUR-10701,Furnishings Model 29,Furniture,Furnishings
OFF-APP-10746,Appliances Model 47,Office Supplies,Appliances
FUR-TAB-10152,Tables Model 23,Furniture,Tables
FUR-CHA-10014,Chairs Model 38,Furniture,Chairs
OFF-APP-10061,Appliances Model 7,Office Supplies,Appliances
TEC-COP-10174,Copiers Model 41,Technology,Copiers
FUR-CHA-10338,Chairs Model 49,Furniture,Chairs
OFF-LAB-10723,Labels Model 48,Office Supplies,Labels
FUR-CHA-10691,Chairs Model 21,Furniture,Chairs
FUR-TAB-10327,Tables Model 48,Furniture,Tables
TEC-ACC-10284,Accessories Model 3,Technology,Accessories
FUR-BOO-10983,Bookcases Model 43,Furniture,Bookcases
TEC-PHO-10529,Phones Model 25,Technology,Phones
FUR-TAB-10190,Tables Model 33,Furniture,Tables
OFF-APP-10747,Appliances Model 38,Office Supplies,Appliances
FUR-BOO-10893,Bookcases Model 41,Furniture,Bookcases
TEC-PHO-10163,Phones Model 19,Technology,Phones
OFF-APP-10765,Appliances Model 16,Office Supplies,Appliances
FUR-BOO-10656,Bookcases Model 30,Furniture,Bookcases
TEC-COP-10252,Copiers Model 43,Technology,Copiers
OFF-BIN-10133,Binders Model 25,Office Supplies,Binders
FUR-FUR-10395,Furnishings Model 47,Furniture,Furnishings
OFF-BIN-10858,Binders Model 10,Office Supplies,Binders
TEC-ACC-10011,Accessories Model 14,Technology,Accessories
OFF-APP-10462,Appliances Model 44,Office Supplies,Appliances
FUR-FUR-10410,Furnishings Model 50,Furniture,Furnishings
TEC-ACC-10672,Accessories Model 14,Technology,Accessories
TEC-MAC-10075,Machines Model 17,Technology,Machines
TEC-PHO-10873,Phones Model 27,Technology,Phones
FUR-FUR-10309,Furnishings Model 36,Furniture,Furnishings
OFF-ART-10210,Art Model 35,Office Supplies,Art
OFF-LAB-10948,Labels Model 2,Office Supplies,Labels
FUR-BOO-10139,Bookcases Model 32,Furniture,Bookcases
TEC-PHO-10038,Phones Model 41,Technology,Phones
OFF-APP-10084,Appliances Model 22,Office Supplies,Appliances
FUR-BOO-10179,Bookcases Model 49,Furniture,Bookcases
TEC-COP-10533,Copiers Model 34,Technology,Copiers
OFF-FAS-10443,Fasteners Model 29,Office Supplies,Fasteners
FUR-BOO-10005,Bookcases Model 25,Furniture,Bookcases
TEC-COP-10688,Copiers Model 18,Technology,Copiers
FUR-FUR-10146,Furnishings Model 36,Furniture,Furnishings
FUR-TAB-10032,Tables Model 1,Furniture,Tables
OFF-STO-10355,Storage Model 43,Office Supplies,Storage
FUR-BOO-10979,Bookcases Model 32,Furniture,Bookcases
TEC-PHO-10248,Phones Model 20,Technology,Phones
FUR-TAB-10803,Tables Model 24,Furniture,Tables
TEC-MAC-10915,Machines Model 10,Technology,Machines
FUR-FUR-10225,Furnishings Model 41,Furniture,Furnishings
FUR-BOO-10330,Bookcases Model 1,Furniture,Bookcases
TEC-MAC-10315,Machines Model 8,Technology,Machines
TEC-MAC-10178,Machines Model 32,Technology,Machines
TEC-COP-10367,Copiers Model 12,Technology,Copiers
FUR-CHA-10926,Chairs Model 45,Furniture,Chairs
TEC-PHO-10926,Phones Model 8,Technology,Phones
OFF-BIN-10124,Binders Model 15,Office Supplies,Binders
TEC-ACC-10590,Accessories Model 16,Technology,Accessories
TEC-ACC-10440,Accessories Model 7,Technology,Accessories
OFF-ART-10593,Art Model 40,Office Supplies,Art
FUR-BOO-10942,Bookcases Model 6,Furniture,Bookcases
TEC-COP-10027,Copiers Model 37,Technology,Copiers
FUR-CHA-10400,Chairs Model 31,Furniture,Chairs
TEC-COP-10552,Copiers Model 23,Technology,Copiers
TEC-ACC-10866,Accessories Model 10,Technology,Accessories
TEC-MAC-10894,Machines Model 16,Technology,Machines
TEC-PHO-10502,Phones Model 43,Technology,Phones
TEC-ACC-10834,Accessories Model 25,Technology,Accessories
FUR-TAB-10523,Tables Model 19,Furniture,Tables
TEC-ACC-10183,Accessories Model 39,Technology,Accessories
OFF-LAB-10878,Labels Model 9,Office Supplies,Labels
OFF-STO-10463,Storage Model 36,Office Supplies,Storage
TEC-ACC-10784,Accessories Model 47,Technology,Accessories
OFF-LAB-10027,Labels Model 4,Office Supplies,Labels
TEC-MAC-10969,Machines Model 33,Technology,Machines
FUR-FUR-10897,Furnishings Model 39,Furniture,Furnishings
FUR-CHA-10077,Chairs Model 44,Furniture,Chairs
FUR-BOO-10201,Bookcases Model 3,Furniture,Bookcases
FUR-TAB-10374,Tables Model 34,Furniture,Tables
OFF-FAS-10679,Fasteners Model 13,Office Supplies,Fasteners
FUR-FUR-10602,Furnishings Model 23,Furniture,Furnishings
OFF-ENV-10289,Envelopes Model 11,Office Supplies,Envelopes
OFF-FAS-10561,Fasteners Model 32,Office Supplies,Fasteners
TEC-ACC-10004,Accessories Model 35,Technology,Accessories
OFF-BIN-10972,Binders Model 31,Office Supplies,Binders
OFF-PAP-10668,Paper Model 33,Office Supplies,Paper
OFF-BIN-10198,Binders Model 19,Office Supplies,Binders
TEC-MAC-10957,Machines Model 8,Technology,Machines
TEC-COP-10621,Copiers Model 40,Technology,Copiers
TEC-COP-10698,Copiers Model 46,Technology,Copiers
OFF-BIN-10469,Binders Model 2,Office Supplies,Binders
OFF-APP-10044,Appliances Model 5,Office Supplies,Appliances
OFF-ART-10884,Art Model 36,Office Supplies,Art
FUR-TAB-10483,Tables Model 37,Furniture,Tables
FUR-BOO-10093,Bookcases Model 32,Furniture,Bookcases
TEC-ACC-10297,Accessories Model 1,Technology,Accessories
FUR-CHA-10286,Chairs Model 14,Furniture,Chairs
FUR-FUR-10612,Furnishings Model 46,Furniture,Furnishings
FUR-CHA-10828,Chairs Model 20,Furniture,Chairs
TEC-PHO-10636,Phones Model 48,Technology,Phones
FUR-CHA-10524,Chairs Model 6,Furniture,Chairs
FUR-TAB-10075,Tables Model 6,Furniture,Tables
FUR-BOO-10142,Bookcases Model 7,Furniture,Bookcases
TEC-PHO-10415,Phones Model 32,Technology,Phones
TEC-COP-10583,Copiers Model 45,Technology,Copiers
TEC-ACC-10579,Accessories Model 35,Technology,Accessories
FUR-TAB-10934,Tables Model 36,Furniture,Tables
FUR-BOO-10792,Bookcases Model 3,Furniture,Bookcases
FUR-TAB-10281,Tables Model 11,Furniture,Tables
FUR-FUR-10142,Furnishings Model 17,Furniture,Furnishings
TEC-COP-10400,Copiers Model 43,Technology,Copiers
TEC-MAC-10259,Machines Model 24,Technology,Machines
FUR-BOO-10518,Bookcases Model 13,Furniture,Bookcases
OFF-SUP-10246,Supplies Model 10,Office Supplies,Supplies
FUR-FUR-10307,Furnishings Model 16,Furniture,Furnishings
TEC-COP-10544,Copiers Model 18,Technology,Copiers
OFF-PAP-10457,Paper Model 15,Office Supplies,Paper
FUR-BOO-10214,Bookcases Model 22,Furniture,Bookcases
FUR-CHA-10145,Chairs Model 16,Furniture,Chairs
TEC-MAC-10927,Machines Model 12,Technology,Machines
TEC-MAC-10350,Machines Model 6,Technology,Machines
OFF-FAS-10773,Fasteners Model 44,Office Supplies,Fasteners
FUR-FUR-10394,Furnishings Model 7,Furniture,Furnishings
FUR-CHA-10538,Chairs Model 8,Furniture,Chairs
TEC-COP-10945,Copiers Model 40,Technology,Copiers
TEC-MAC-10936,Machines Model 44,Technology,Machines
TEC-COP-10315,Copiers Model 33,Technology,Copiers
OFF-STO-10566,Storage Model 12,Office Supplies,Storage
TEC-ACC-10112,Accessories Model 46,Technology,Accessories
OFF-APP-10230,Appliances Model 6,Office Supplies,Appliances
FUR-TAB-10399,Tables Model 22,Furniture,Tables
FUR-FUR-10839,Furnishings Model 40,Furniture,Furnishings
FUR-TAB-10791,Tables Model 2,Furniture,Tables
FUR-BOO-10908,Bookcases Model 14,Furniture,Bookcases
TEC-ACC-10554,Accessories Model 33,Technology,Accessories
FUR-CHA-10384,Chairs Model 4,Furniture,Chairs
FUR-BOO-10902,Bookcases Model 49,Furniture,Bookcases
TEC-COP-10664,Copiers Model 45,Technology,Copiers
OFF-BIN-10132,Binders Model 6,Office Supplies,Binders
OFF-STO-10106,Storage Model 12,Office Supplies,Storage
FUR-FUR-10145,Furnishings Model 40,Furniture,Furnishings
TEC-COP-10962,Copiers Model 2,Technology,Copiers
OFF-ENV-10683,Envelopes Model 25,Office Supplies,Envelopes
FUR-BOO-10073,Bookcases Model 30,Furniture,Bookcases
OFF-STO-10212,Storage Model 27,Office Supplies,Storage
OFF-PAP-10564,Paper Model 36,Office Supplies,Paper
FUR-CHA-10798,Chairs Model 46,Furniture,Chairs
TEC-PHO-10592,Phones Model 7,Technology,Phones
FUR-FUR-10667,Furnishings Model 4,Furniture,Furnishings
OFF-ENV-10323,Envelopes Model 11,Office Supplies,Envelopes
FUR-CHA-10963,Chairs Model 1,Furniture,Chairs
OFF-STO-10978,Storage Model 24,Office Supplies,Storage
OFF-PAP-10090,Paper Model 37,Office Supplies,Paper
FUR-CHA-10356,Chairs Model 13,Furniture,Chairs
TEC-ACC-10592,Accessories Model 3,Technology,Accessories
FUR-BOO-10925,Bookcases Model 16,Furniture,Bookcases
TEC-PHO-10330,Phones Model 36,Technology,Phones
FUR-BOO-10238,Bookcases Model 37,Furniture,Bookcases
TEC-MAC-10008,Machines Model 50,Technology,Machines
OFF-FAS-10138,Fasteners Model 41,Office Supplies,Fasteners
OFF-LAB-10220,Labels Model 40,Office Supplies,Labels
OFF-BIN-10135,Binders Model 42,Office Supplies,Binders
OFF-LAB-10161,Labels Model 45,Office Supplies,Labels
OFF-BIN-10344,Binders Model 27,Office Supplies,Binders
OFF-LAB-10307,Labels Model 21,Office Supplies,Labels
FUR-CHA-10767,Chairs Model 37,Furniture,Chairs
TEC-ACC-10793,Accessories Model 11,Technology,Accessories
TEC-MAC-10855,Machines Model 40,Technology,Machines
FUR-BOO-10419,Bookcases Model 13,Furniture,Bookcases
FUR-BOO-10749,Bookcases Model 3,Furniture,Bookcases
TEC-COP-10021,Copiers Model 29,Technology,Copiers
OFF-BIN-10582,Binders Model 28,Office Supplies,Binders
TEC-COP-10821,Copiers Model 36,Technology,Copiers
TEC-PHO-10401,Phones Model 31,Technology,Phones
OFF-FAS-10267,Fasteners Model 37,Office Supplies,Fasteners
TEC-ACC-10800,Accessories Model 27,Technology,Accessories
OFF-BIN-10921,Binders Model 22,Office Supplies,Binders
OFF-STO-10773,Storage Model 25,Office Supplies,Storage
OFF-SUP-10524,Supplies Model 23,Office Supplies,Supplies
FUR-CHA-10001,Chairs Model 49,Furniture,Chairs
OFF-SUP-10424,Supplies Model 10,Office Supplies,Supplies
FUR-TAB-10238,Tables Model 7,Furniture,Tables
OFF-PAP-10833,Paper Model 32,Office Supplies,Paper
OFF-PAP-10806,Paper Model 17,Office Supplies,Paper
FUR-TAB-10082,Tables Model 20,Furniture,Tables
TEC-COP-10807,Copiers Model 3,Technology,Copiers
TEC-PHO-10250,Phones Model 34,Technology,Phones
OFF-FAS-10882,Fasteners Model 3,Office Supplies,Fasteners
OFF-PAP-10080,Paper Model 39,Office Supplies,Paper
TEC-COP-10481,Copiers Model 29,Technology,Copiers
OFF-STO-10687,Storage Model 42,Office Supplies,Storage
OFF-SUP-10282,Supplies Model 46,Office Supplies,Supplies
OFF-ART-10314,Art Model 29,Office Supplies,Art
FUR-TAB-10620,Tables Model 17,Furniture,Tables
OFF-STO-10423,Storage Model 20,Office Supplies,Storage
OFF-PAP-10273,Paper Model 27,Office Supplies,Paper
OFF-SUP-10828,Supplies Model 37,Office Supplies,Supplies
TEC-MAC-10550,Machines Model 14,Technology,Machines
FUR-BOO-10781,Bookcases Model 4,Furniture,Bookcases
TEC-PHO-10201,Phones Model 16,Technology,Phones
FUR-BOO-10451,Bookcases Model 35,Furniture,Bookcases
FUR-CHA-10759,Chairs Model 46,Furniture,Chairs
OFF-BIN-10349,Binders Model 10,Office Supplies,Binders
FUR-FUR-10017,Furnishings Model 4,Furniture,Furnishings
TEC-ACC-10364,Accessories Model 41,Technology,Accessories
OFF-ART-10763,Art Model 1,Office Supplies,Art
FUR-BOO-10161,Bookcases Model 10,Furniture,Bookcases
FUR-CHA-10090,Chairs Model 19,Furniture,Chairs
OFF-ART-10294,Art Model 36,Office Supplies,Art
FUR-TAB-10735,Tables Model 38,Furniture,Tables
FUR-FUR-10662,Furnishings Model 9,Furniture,Furnishings
FUR-CHA-10771,Chairs Model 37,Furniture,Chairs
TEC-PHO-10973,Phones Model 46,Technology,Phones
TEC-MAC-10602,Machines Model 23,Technology,Machines
TEC-ACC-10437,Accessories Model 35,Technology,Accessories
TEC-MAC-10751,Machines Model 18,Technology,Machines
TEC-MAC-10614,Machines Model 41,Technology,Machines
FUR-FUR-10438,Furnishings Model 29,Furniture,Furnishings
OFF-STO-10785,Storage Model 23,Office Supplies,Storage
TEC-COP-10062,Copiers Model 8,Technology,Copiers
OFF-BIN-10777,Binders Model 35,Office Supplies,Binders
TEC-PHO-10813,Phones Model 34,Technology,Phones
OFF-APP-10109,Appliances Model 39,Office Supplies,Appliances
TEC-ACC-10900,Accessories Model 23,Technology,Accessories
OFF-BIN-10426,Binders Model 17,Office Supplies,Binders
FUR-BOO-10084,Bookcases Model 43,Furniture,Bookcases
TEC-PHO-10210,Phones Model 44,Technology,Phones
FUR-FUR-10444,Furnishings Model 23,Furniture,Furnishings
OFF-ENV-10784,Envelopes Model 28,Office Supplies,Envelopes
TEC-COP-10969,Copiers Model 45,Technology,Copiers
FUR-BOO-10473,Bookcases Model 30,Furniture,Bookcases
FUR-BOO-10106,Bookcases Model 15,Furniture,Bookcases
OFF-APP-10243,Appliances Model 10,Office Supplies,Appliances
TEC-MAC-10412,Machines Model 3,Technology,Machines
FUR-BOO-10257,Bookcases Model 26,Furniture,Bookcases
FUR-TAB-10471,Tables Model 23,Furniture,Tables
OFF-ENV-10455,Envelopes Model 26,Office Supplies,Envelopes
FUR-TAB-10278,Tables Model 13,Furniture,Tables
FUR-BOO-10399,Bookcases Model 2,Furniture,Bookcases
TEC-ACC-10439,Accessories Model 38,Technology,Accessories
FUR-CHA-10808,Chairs Model 42,Furniture,Chairs
TEC-ACC-10936,Accessories Model 24,Technology,Accessories
TEC-ACC-10087,Accessories Model 14,Technology,Accessories
OFF-PAP-10525,Paper Model 20,Office Supplies,Paper
FUR-BOO-10331,Bookcases Model 18,Furniture,Bookcases
FUR-CHA-10479,Chairs Model 31,Furniture,Chairs
FUR-CHA-10002,Chairs Model 31,Furniture,Chairs
OFF-PAP-10672,Paper Model 20,Office Supplies,Paper
FUR-FUR-10111,Furnishings Model 38,Furniture,Furnishings
FUR-BOO-10192,Bookcases Model 26,Furniture,Bookcases
TEC-ACC-10746,Accessories Model 9,Technology,Accessories
OFF-ART-10526,Art Model 1,Office Supplies,Art
FUR-TAB-10418,Tables Model 24,Furniture,Tables
OFF-BIN-10026,Binders Model 11,Office Supplies,Binders
TEC-PHO-10579,Phones Model 38,Technology,Phones
FUR-TAB-10353,Tables Model 27,Furniture,Tables
TEC-COP-10779,Copiers Model 41,Technology,Copiers
TEC-MAC-10878,Machines Model 4,Technology,Machines
FUR-FUR-10231,Furnishings Model 12,Furniture,Furnishings
TEC-COP-10837,Copiers Model 38,Technology,Copiers
TEC-MAC-10428,Machines Model 22,Technology,Machines
OFF-ART-10776,Art Model 14,Office Supplies,Art
TEC-PHO-10944,Phones Model 42,Technology,Phones
TEC-COP-10041,Copiers Model 49,Technology,Copiers
TEC-ACC-10366,Accessories Model 8,Technology,Accessories
FUR-FUR-10053,Furnishings Model 10,Furniture,Furnishings
FUR-TAB-10408,Tables Model 40,Furniture,Tables
OFF-ART-10732,Art Model 4,Office Supplies,Art
FUR-FUR-10262,Furnishings Model 11,Furniture,Furnishings
OFF-ENV-10819,Envelopes Model 2,Office Supplies,Envelopes
OFF-SUP-10125,Supplies Model 16,Office Supplies,Supplies
FUR-FUR-10579,Furnishings Model 34,Furniture,Furnishings
OFF-ART-10485,Art Model 43,Office Supplies,Art
TEC-COP-10019,Copiers Model 21,Technology,Copiers
FUR-CHA-10084,Chairs Model 47,Furniture,Chairs
OFF-ENV-10889,Envelopes Model 18,Office Supplies,Envelopes
OFF-FAS-10174,Fasteners Model 4,Office Supplies,Fasteners
TEC-ACC-10137,Accessories Model 26,Technology,Accessories
OFF-PAP-10129,Paper Model 16,Office Supplies,Paper
FUR-CHA-10810,Chairs Model 20,Furniture,Chairs
FUR-BOO-10182,Bookcases Model 20,Furniture,Bookcases
TEC-COP-10854,Copiers Model 11,Technology,Copiers
TEC-PHO-10581,Phones Model 19,Technology,Phones
FUR-CHA-10128,Chairs Model 24,Furniture,Chairs
OFF-ART-10151,Art Model 30,Office Supplies,Art
FUR-CHA-10899,Chairs Model 1,Furniture,Chairs
TEC-PHO-10167,Phones Model 11,Technology,Phones
TEC-ACC-10441,Accessories Model 50,Technology,Accessories
FUR-BOO-10720,Bookcases Model 41,Furniture,Bookcases
FUR-FUR-10325,Furnishings Model 17,Furniture,Furnishings
TEC-PHO-10453,Phones Model 24,Technology,Phones
OFF-BIN-10810,Binders Model 45,Office Supplies,Binders
OFF-ART-10238,Art Model 18,Office Supplies,Art
OFF-BIN-10195,Binders Model 46,Office Supplies,Binders
OFF-ART-10838,Art Model 2,Office Supplies,Art
OFF-STO-10916,Storage Model 42,Office Supplies,Storage
TEC-MAC-10963,Machines Model 32,Technology,Machines
OFF-STO-10284,Storage Model 27,Office Supplies,Storage
FUR-CHA-10894,Chairs Model 50,Furniture,Chairs
FUR-FUR-10471,Furnishings Model 5,Furniture,Furnishings
OFF-BIN-10869,Binders Model 4,Office Supplies,Binders
TEC-ACC-10960,Accessories Model 16,Technology,Accessories
OFF-ENV-10843,Envelopes Model 1,Office Supplies,Envelopes
TEC-PHO-10982,Phones Model 35,Technology,Phones
FUR-CHA-10472,Chairs Model 6,Furniture,Chairs
OFF-FAS-10914,Fasteners Model 7,Office Supplies,Fasteners
FUR-FUR-10214,Furnishings Model 38,Furniture,Furnishings
FUR-CHA-10813,Chairs Model 16,Furniture,Chairs
FUR-TAB-10689,Tables Model 10,Furniture,Tables
FUR-CHA-10302,Chairs Model 38,Furniture,Chairs
FUR-CHA-10013,Chairs Model 13,Furniture,Chairs
FUR-FUR-10709,Furnishings Model 13,Furniture,Furnishings
OFF-STO-10130,Storage Model 16,Office Supplies,Storage
FUR-TAB-10845,Tables Model 17,Furniture,Tables
FUR-TAB-10789,Tables Model 18,Furniture,Tables
OFF-LAB-10159,Labels Model 1,Office Supplies,Labels
FUR-TAB-10375,Tables Model 3,Furniture,Tables
FUR-CHA-10006,Chairs Model 25,Furniture,Chairs
FUR-CHA-10909,Chairs Model 20,Furniture,Chairs
TEC-COP-10773,Copiers Model 5,Technology,Copiers
TEC-PHO-10651,Phones Model 8,Technology,Phones
OFF-LAB-10539,Labels Model 14,Office Supplies,Labels
FUR-CHA-10614,Chairs Model 18,Furniture,Chairs
FUR-FUR-10725,Furnishings Model 15,Furniture,Furnishings
OFF-APP-10239,Appliances Model 5,Office Supplies,Appliances
TEC-PHO-10302,Phones Model 27,Technology,Phones
FUR-TAB-10897,Tables Model 36,Furniture,Tables
OFF-SUP-10004,Supplies Model 49,Office Supplies,Supplies
FUR-FUR-10113,Furnishings Model 5,Furniture,Furnishings
OFF-STO-10342,Storage Model 38,Office Supplies,Storage
OFF-PAP-10491,Paper Model 50,Office Supplies,Paper
TEC-PHO-10393,Phones Model 41,Technology,Phones
TEC-COP-10959,Copiers Model 3,Technology,Copiers
OFF-LAB-10397,Labels Model 9,Office Supplies,Labels
OFF-LAB-10839,Labels Model 38,Office Supplies,Labels
TEC-COP-10486,Copiers Model 45,Technology,Copiers
TEC-PHO-10575,Phones Model 17,Technology,Phones
OFF-SUP-10852,Supplies Model 37,Office Supplies,Supplies
OFF-ENV-10841,Envelopes Model 19,Office Supplies,Envelopes
FUR-FUR-10622,Furnishings Model 16,Furniture,Furnishings
OFF-SUP-10800,Supplies Model 37,Office Supplies,Supplies
TEC-PHO-10909,Phones Model 39,Technology,Phones
FUR-FUR-10264,Furnishings Model 20,Furniture,Furnishings
TEC-MAC-10263,Machines Model 2,Technology,Machines
TEC-PHO-10715,Phones Model 11,Technology,Phones
OFF-SUP-10172,Supplies Model 8,Office Supplies,Supplies
OFF-ART-10352,Art Model 43,Office Supplies,Art
TEC-COP-10260,Copiers Model 47,Technology,Copiers
OFF-APP-10984,Appliances Model 23,Office Supplies,Appliances
OFF-PAP-10370,Paper Model 26,Office Supplies,Paper
TEC-ACC-10136,Accessories Model 1,Technology,Accessories
FUR-FUR-10780,Furnishings Model 14,Furniture,Furnishings
TEC-COP-10633,Copiers Model 20,Technology,Copiers
TEC-MAC-10246,Machines Model 21,Technology,Machines
FUR-TAB-10445,Tables Model 50,Furniture,Tables
FUR-CHA-10004,Chairs Model 2,Furniture,Chairs
TEC-MAC-10850,Machines Model 45,Technology,Machines
FUR-CHA-10101,Chairs Model 47,Furniture,Chairs
TEC-ACC-10332,Accessories Model 33,Technology,Accessories
TEC-ACC-10414,Accessories Model 12,Technology,Accessories
OFF-BIN-10474,Binders Model 29,Office Supplies,Binders
TEC-COP-10982,Copiers Model 45,Technology,Copiers
TEC-ACC-10398,Accessories Model 1,Technology,Accessories
TEC-MAC-10062,Machines Model 1,Technology,Machines
TEC-ACC-10766,Accessories Model 35,Technology,Accessories
OFF-STO-10581,Storage Model 7,Office Supplies,Storage
TEC-COP-10473,Copiers Model 39,Technology,Copiers
TEC-COP-10488,Copiers Model 34,Technology,Copiers
OFF-BIN-10323,Binders Model 43,Office Supplies,Binders
OFF-ENV-10243,Envelopes Model 21,Office Supplies,Envelopes
TEC-MAC-10498,Machines Model 5,Technology,Machines
OFF-FAS-10481,Fasteners Model 17,Office Supplies,Fasteners
FUR-TAB-10949,Tables Model 43,Furniture,Tables
TEC-PHO-10928,Phones Model 35,Technology,Phones
TEC-ACC-10331,Accessories Model 22,Technology,Accessories
TEC-MAC-10945,Machines Model 14,Technology,Machines
FUR-TAB-10409,Tables Model 37,Furniture,Tables
OFF-ART-10468,Art Model 50,Office Supplies,Art
TEC-PHO-10212,Phones Model 38,Technology,Phones
FUR-BOO-10702,Bookcases Model 16,Furniture,Bookcases
FUR-FUR-10464,Furnishings Model 50,Furniture,Furnishings
FUR-FUR-10864,Furnishings Model 37,Furniture,Furnishings
OFF-LAB-10563,Labels Model 30,Office Supplies,Labels
TEC-MAC-10490,Machines Model 30,Technology,Machines
OFF-LAB-10814,Labels Model 39,Office Supplies,Labels
FUR-TAB-10034,Tables Model 22,Furniture,Tables
OFF-FAS-10596,Fasteners Model 34,Office Supplies,Fasteners
FUR-CHA-10858,Chairs Model 26,Furniture,Chairs
FUR-CHA-10497,Chairs Model 7,Furniture,Chairs
OFF-ART-10749,Art Model 29,Office Supplies,Art
TEC-COP-10052,Copiers Model 44,Technology,Copiers
OFF-LAB-10578,Labels Model 31,Office Supplies,Labels
FUR-TAB-10655,Tables Model 15,Furniture,Tables
FUR-CHA-10922,Chairs Model 13,Furniture,Chairs
FUR-FUR-10785,Furnishings Model 1,Furniture,Furnishings
TEC-MAC-10528,Machines Model 33,Technology,Machines
FUR-BOO-10690,Bookcases Model 23,Furniture,Bookcases
OFF-APP-10754,Appliances Model 38,Office Supplies,Appliances
FUR-CHA-10610,Chairs Model 15,Furniture,Chairs
TEC-PHO-10559,Phones Model 11,Technology,Phones
TEC-COP-10395,Copiers Model 1,Technology,Copiers
OFF-ART-10511,Art Model 22,Office Supplies,Art
TEC-COP-10739,Copiers Model 38,Technology,Copiers
TEC-ACC-10257,Accessories Model 25,Technology,Accessories
FUR-BOO-10628,Bookcases Model 17,Furniture,Bookcases
TEC-PHO-10857,Phones Model 29,Technology,Phones
TEC-PHO-10355,Phones Model 40,Technology,Phones
TEC-MAC-10346,Machines Model 9,Technology,Machines
FUR-TAB-10179,Tables Model 35,Furniture,Tables
TEC-ACC-10093,Accessories Model 47,Technology,Accessories
TEC-MAC-10851,Machines Model 18,Technology,Machines
OFF-STO-10491,Storage Model 16,Office Supplies,Storage
OFF-FAS-10722,Fasteners Model 38,Office Supplies,Fasteners
OFF-BIN-10042,Binders Model 49,Office Supplies,Binders
TEC-ACC-10425,Accessories Model 31,Technology,Accessories
TEC-PHO-10304,Phones Model 18,Technology,Phones
TEC-MAC-10360,Machines Model 35,Technology,Machines
OFF-PAP-10431,Paper Model 18,Office Supplies,Paper
FUR-FUR-10039,Furnishings Model 35,Furniture,Furnishings
TEC-COP-10983,Copiers Model 32,Technology,Copiers
OFF-SUP-10146,Supplies Model 4,Office Supplies,Supplies
OFF-SUP-10306,Supplies Model 24,Office Supplies,Supplies
OFF-APP-10207,Appliances Model 2,Office Supplies,Appliances
TEC-ACC-10596,Accessories Model 13,Technology,Accessories
OFF-BIN-10362,Binders Model 31,Office Supplies,Binders
TEC-MAC-10566,Machines Model 39,Technology,Machines
FUR-CHA-10708,Chairs Model 12,Furniture,Chairs
OFF-FAS-10904,Fasteners Model 45,Office Supplies,Fasteners
TEC-ACC-10569,Accessories Model 35,Technology,Accessories
TEC-PHO-10071,Phones Model 43,Technology,Phones
FUR-TAB-10055,Tables Model 20,Furniture,Tables
TEC-PHO-10739,Phones Model 14,Technology,Phones
FUR-CHA-10059,Chairs Model 46,Furniture,Chairs
OFF-PAP-10026,Paper Model 13,Office Supplies,Paper
TEC-COP-10061,Copiers Model 28,Technology,Copiers
OFF-PAP-10784,Paper Model 16,Office Supplies,Paper
FUR-FUR-10202,Furnishings Model 16,Furniture,Furnishings
FUR-TAB-10760,Tables Model 18,Furniture,Tables
OFF-ENV-10555,Envelopes Model 36,Office Supplies,Envelopes
FUR-FUR-10449,Furnishings Model 24,Furniture,Furnishings
TEC-MAC-10039,Machines Model 26,Technology,Machines
FUR-CHA-10525,Chairs Model 7,Furniture,Chairs
OFF-STO-10801,Storage Model 22,Office Supplies,Storage
OFF-ENV-10091,Envelopes Model 18,Office Supplies,Envelopes
FUR-TAB-10007,Tables Model 6,Furniture,Tables
FUR-BOO-10822,Bookcases Model 45,Furniture,Bookcases
OFF-LAB-10829,Labels Model 32,Office Supplies,Labels
TEC-MAC-10759,Machines Model 49,Technology,Machines
TEC-COP-10663,Copiers Model 29,Technology,Copiers
FUR-BOO-10564,Bookcases Model 15,Furniture,Bookcases
FUR-FUR-10128,Furnishings Model 44,Furniture,Furnishings
TEC-MAC-10177,Machines Model 41,Technology,Machines
TEC-ACC-10880,Accessories Model 26,Technology,Accessories
TEC-COP-10847,Copiers Model 6,Technology,Copiers
OFF-SUP-10118,Supplies Model 27,Office Supplies,Supplies
FUR-CHA-10176,Chairs Model 47,Furniture,Chairs
OFF-PAP-10572,Paper Model 44,Office Supplies,Paper
TEC-COP-10768,Copiers Model 42,Technology,Copiers
TEC-PHO-10369,Phones Model 47,Technology,Phones
FUR-TAB-10699,Tables Model 48,Furniture,Tables
OFF-LAB-10769,Labels Model 38,Office Supplies,Labels
FUR-TAB-10503,Tables Model 47,Furniture,Tables
OFF-SUP-10452,Supplies Model 9,Office Supplies,Supplies
OFF-PAP-10003,Paper Model 3,Office Supplies,Paper
FUR-BOO-10865,Bookcases Model 48,Furniture,Bookcases
OFF-APP-10750,Appliances Model 25,Office Supplies,Appliances
FUR-BOO-10725,Bookcases Model 36,Furniture,Bookcases
FUR-FUR-10236,Furnishings Model 14,Furniture,Furnishings
OFF-ART-10190,Art Model 22,Office Supplies,Art
TEC-ACC-10670,Accessories Model 14,Technology,Accessories
OFF-LAB-10546,Labels Model 18,Office Supplies,Labels
OFF-FAS-10770,Fasteners Model 44,Office Supplies,Fasteners
TEC-PHO-10745,Phones Model 45,Technology,Phones
FUR-CHA-10644,Chairs Model 29,Furniture,Chairs
TEC-COP-10653,Copiers Model 43,Technology,Copiers
OFF-BIN-10569,Binders Model 37,Office Supplies,Binders
OFF-ENV-10756,Envelopes Model 6,Office Supplies,Envelopes
FUR-TAB-10737,Tables Model 46,Furniture,Tables
FUR-BOO-10680,Bookcases Model 31,Furniture,Bookcases
TEC-MAC-10099,Machines Model 27,Technology,Machines
OFF-ENV-10705,Envelopes Model 15,Office Supplies,Envelopes
OFF-SUP-10520,Supplies Model 21,Office Supplies,Supplies
TEC-ACC-10287,Accessories Model 26,Technology,Accessories
TEC-ACC-10702,Accessories Model 23,Technology,Accessories
OFF-LAB-10926,Labels Model 20,Office Supplies,Labels
OFF-LAB-10043,Labels Model 20,Office Supplies,Labels
FUR-BOO-10834,Bookcases Model 15,Furniture,Bookcases
OFF-PAP-10194,Paper Model 26,Office Supplies,Paper
TEC-MAC-10814,Machines Model 43,Technology,Machines
FUR-FUR-10984,Furnishings Model 9,Furniture,Furnishings
FUR-BOO-10394,Bookcases Model 10,Furniture,Bookcases
TEC-COP-10938,Copiers Model 4,Technology,Copiers
FUR-TAB-10226,Tables Model 8,Furniture,Tables
OFF-ENV-10990,Envelopes Model 19,Office Supplies,Envelopes
OFF-LAB-10964,Labels Model 45,Office Supplies,Labels
TEC-PHO-10823,Phones Model 50,Technology,Phones
TEC-ACC-10848,Accessories Model 33,Technology,Accessories
FUR-FUR-10498,Furnishings Model 17,Furniture,Furnishings
FUR-BOO-10868,Bookcases Model 13,Furniture,Bookcases
TEC-COP-10980,Copiers Model 25,Technology,Copiers
FUR-CHA-10897,Chairs Model 36,Furniture,Chairs
OFF-ART-10851,Art Model 3,Office Supplies,Art
FUR-BOO-10008,Bookcases Model 41,Furniture,Bookcases
OFF-BIN-10295,Binders Model 43,Office Supplies,Binders
FUR-TAB-10811,Tables Model 18,Furniture,Tables
TEC-PHO-10605,Phones Model 49,Technology,Phones
TEC-ACC-10514,Accessories Model 7,Technology,Accessories
TEC-PHO-10830,Phones Model 14,Technology,Phones
TEC-MAC-10200,Machines Model 48,Technology,Machines
OFF-ART-10566,Art Model 2,Office Supplies,Art
OFF-LAB-10445,Labels Model 25,Office Supplies,Labels
OFF-LAB-10320,Labels Model 14,Office Supplies,Labels
FUR-TAB-10492,Tables Model 19,Furniture,Tables
TEC-PHO-10145,Phones Model 38,Technology,Phones
TEC-COP-10699,Copiers Model 24,Technology,Copiers
FUR-TAB-10810,Tables Model 41,Furniture,Tables
TEC-COP-10940,Copiers Model 15,Technology,Copiers
TEC-ACC-10570,Accessories Model 3,Technology,Accessories
OFF-LAB-10740,Labels Model 32,Office Supplies,Labels
OFF-LAB-10985,Labels Model 46,Office Supplies,Labels
FUR-FUR-10583,Furnishings Model 11,Furniture,Furnishings
TEC-PHO-10744,Phones Model 22,Technology,Phones
TEC-MAC-10943,Machines Model 7,Technology,Machines
FUR-FUR-10374,Furnishings Model 37,Furniture,Furnishings
FUR-BOO-10183,Bookcases Model 28,Furniture,Bookcases
OFF-ART-10229,Art Model 40,Office Supplies,Art
FUR-BOO-10267,Bookcases Model 38,Furniture,Bookcases
TEC-PHO-10037,Phones Model 38,Technology,Phones
TEC-COP-10581,Copiers Model 37,Technology,Copiers
OFF-ART-10786,Art Model 32,Office Supplies,Art
OFF-LAB-10004,Labels Model 38,Office Supplies,Labels
OFF-SUP-10205,Supplies Model 23,Office Supplies,Supplies
TEC-COP-10391,Copiers Model 13,Technology,Copiers
OFF-APP-10259,Appliances Model 2,Office Supplies,Appliances
OFF-BIN-10898,Binders Model 2,Office Supplies,Binders
FUR-FUR-10947,Furnishings Model 26,Furniture,Furnishings
TEC-ACC-10486,Accessories Model 15,Technology,Accessories
OFF-BIN-10105,Binders Model 3,Office Supplies,Binders
TEC-ACC-10663,Accessories Model 28,Technology,Accessories
OFF-FAS-10608,Fasteners Model 10,Office Supplies,Fasteners
OFF-SUP-10220,Supplies Model 21,Office Supplies,Supplies
OFF-ENV-10032,Envelopes Model 12,Office Supplies,Envelopes
TEC-ACC-10982,Accessories Model 44,Technology,Accessories
FUR-TAB-10865,Tables Model 42,Furniture,Tables
OFF-STO-10451,Storage Model 34,Office Supplies,Storage
TEC-MAC-10706,Machines Model 44,Technology,Machines
FUR-CHA-10760,Chairs Model 38,Furniture,Chairs
FUR-CHA-10634,Chairs Model 40,Furniture,Chairs
FUR-CHA-10932,Chairs Model 16,Furniture,Chairs
OFF-FAS-10213,Fasteners Model 11,Office Supplies,Fasteners
FUR-CHA-10680,Chairs Model 35,Furniture,Chairs
OFF-PAP-10242,Paper Model 34,Office Supplies,Paper
FUR-BOO-10516,Bookcases Model 22,Furniture,Bookcases
FUR-BOO-10588,Bookcases Model 28,Furniture,Bookcases
TEC-MAC-10599,Machines Model 48,Technology,Machines
FUR-BOO-10609,Bookcases Model 24,Furniture,Bookcases
OFF-ENV-10457,Envelopes Model 50,Office Supplies,Envelopes
OFF-PAP-10754,Paper Model 38,Office Supplies,Paper
FUR-FUR-10472,Furnishings Model 17,Furniture,Furnishings
TEC-PHO-10351,Phones Model 2,Technology,Phones
FUR-FUR-10369,Furnishings Model 13,Furniture,Furnishings
FUR-BOO-10809,Bookcases Model 19,Furniture,Bookcases
OFF-ENV-10716,Envelopes Model 49,Office Supplies,Envelopes
OFF-FAS-10777,Fasteners Model 46,Office Supplies,Fasteners
FUR-BOO-10597,Bookcases Model 15,Furniture,Bookcases
FUR-FUR-10661,Furnishings Model 44,Furniture,Furnishings
FUR-CHA-10681,Chairs Model 43,Furniture,Chairs
FUR-FUR-10413,Furnishings Model 16,Furniture,Furnishings
TEC-MAC-10299,Machines Model 31,Technology,Machines
OFF-ART-10416,Art Model 16,Office Supplies,Art
OFF-ENV-10539,Envelopes Model 29,Office Supplies,Envelopes
TEC-PHO-10318,Phones Model 42,Technology,Phones
FUR-TAB-10683,Tables Model 34,Furniture,Tables
FUR-CHA-10924,Chairs Model 4,Furniture,Chairs
TEC-MAC-10667,Machines Model 43,Technology,Machines
OFF-PAP-10667,Paper Model 28,Office Supplies,Paper
OFF-APP-10903,Appliances Model 17,Office Supplies,Appliances
OFF-ART-10333,Art Model 6,Office Supplies,Art
TEC-PHO-10556,Phones Model 6,Technology,Phones
FUR-TAB-10129,Tables Model 39,Furniture,Tables
FUR-BOO-10359,Bookcases Model 40,Furniture,Bookcases
TEC-MAC-10294,Machines Model 22,Technology,Machines
FUR-FUR-10819,Furnishings Model 6,Furniture,Furnishings
FUR-FUR-10428,Furnishings Model 49,Furniture,Furnishings
FUR-FUR-10791,Furnishings Model 5,Furniture,Furnishings
OFF-APP-10192,Appliances Model 10,Office Supplies,Appliances
OFF-BIN-10002,Binders Model 37,Office Supplies,Binders
TEC-MAC-10010,Machines Model 48,Technology,Machines
OFF-PAP-10459,Paper Model 42,Office Supplies,Paper
TEC-MAC-10031,Machines Model 49,Technology,Machines
TEC-PHO-10910,Phones Model 25,Technology,Phones
OFF-PAP-10757,Paper Model 22,Office Supplies,Paper
TEC-ACC-10550,Accessories Model 42,Technology,Accessories
OFF-FAS-10806,Fasteners Model 48,Office Supplies,Fasteners
FUR-CHA-10864,Chairs Model 37,Furniture,Chairs
FUR-CHA-10476,Chairs Model 32,Furniture,Chairs
OFF-LAB-10313,Labels Model 28,Office Supplies,Labels
FUR-FUR-10994,Furnishings Model 14,Furniture,Furnishings
OFF-FAS-10434,Fasteners Model 30,Office Supplies,Fasteners
TEC-MAC-10521,Machines Model 29,Technology,Machines
OFF-PAP-10769,Paper Model 8,Office Supplies,Paper
FUR-BOO-10390,Bookcases Model 32,Furniture,Bookcases
FUR-CHA-10570,Chairs Model 14,Furniture,Chairs
TEC-MAC-10763,Machines Model 24,Technology,Machines
FUR-FUR-10927,Furnishings Model 1,Furniture,Furnishings
FUR-BOO-10469,Bookcases Model 20,Furniture,Bookcases
FUR-CHA-10506,Chairs Model 23,Furniture,Chairs
FUR-TAB-10427,Tables Model 12,Furniture,Tables
TEC-MAC-10409,Machines Model 37,Technology,Machines
OFF-BIN-10357,Binders Model 18,Office Supplies,Binders
TEC-ACC-10875,Accessories Model 13,Technology,Accessories
OFF-PAP-10426,Paper Model 11,Office Supplies,Paper
FUR-TAB-10501,Tables Model 6,Furniture,Tables
OFF-BIN-10427,Binders Model 4,Office Supplies,Binders
FUR-CHA-10757,Chairs Model 12,Furniture,Chairs
FUR-TAB-10680,Tables Model 6,Furniture,Tables
TEC-MAC-10606,Machines Model 12,Technology,Machines
FUR-CHA-10769,Chairs Model 6,Furniture,Chairs
FUR-BOO-10840,Bookcases Model 46,Furniture,Bookcases
FUR-CHA-10412,Chairs Model 24,Furniture,Chairs
TEC-MAC-10972,Machines Model 39,Technology,Machines
FUR-FUR-10913,Furnishings Model 7,Furniture,Furnishings
FUR-TAB-10556,Tables Model 17,Furniture,Tables
TEC-PHO-10142,Phones Model 21,Technology,Phones
FUR-BOO-10667,Bookcases Model 41,Furniture,Bookcases
TEC-COP-10182,Copiers Model 19,Technology,Copiers
FUR-BOO-10594,Bookcases Model 36,Furniture,Bookcases
OFF-ART-10795,Art Model 30,Office Supplies,Art
TEC-COP-10592,Copiers Model 16,Technology,Copiers
FUR-CHA-10354,Chairs Model 1,Furniture,Chairs
OFF-LAB-10721,Labels Model 27,Office Supplies,Labels
FUR-CHA-10166,Chairs Model 24,Furniture,Chairs
TEC-MAC-10675,Machines Model 45,Technology,Machines
OFF-STO-10965,Storage Model 22,Office Supplies,Storage
TEC-PHO-10889,Phones Model 3,Technology,Phones
TEC-COP-10912,Copiers Model 14,Technology,Copiers
FUR-CHA-10055,Chairs Model 28,Furniture,Chairs
TEC-MAC-10560,Machines Model 24,Technology,Machines
OFF-STO-10882,Storage Model 1,Office Supplies,Storage
FUR-TAB-10369,Tables Model 5,Furniture,Tables
FUR-CHA-10983,Chairs Model 48,Furniture,Chairs
OFF-APP-10500,Appliances Model 25,Office Supplies,Appliances
FUR-FUR-10808,Furnishings Model 14,Furniture,Furnishings
TEC-PHO-10326,Phones Model 22,Technology,Phones
TEC-COP-10253,Copiers Model 41,Technology,Copiers
TEC-PHO-10737,Phones Model 9,Technology,Phones
TEC-MAC-10466,Machines Model 30,Technology,Machines
FUR-FUR-10481,Furnishings Model 6,Furniture,Furnishings
FUR-FUR-10654,Furnishings Model 50,Furniture,Furnishings
FUR-BOO-10022,Bookcases Model 19,Furniture,Bookcases
TEC-PHO-10705,Phones Model 25,Technology,Phones
OFF-STO-10277,Storage Model 13,Office Supplies,Storage
TEC-ACC-10210,Accessories Model 8,Technology,Accessories
FUR-CHA-10766,Chairs Model 49,Furniture,Chairs
OFF-BIN-10276,Binders Model 48,Office Supplies,Binders
FUR-FUR-10061,Furnishings Model 35,Furniture,Furnishings
FUR-BOO-10971,Bookcases Model 43,Furniture,Bookcases
TEC-COP-10259,Copiers Model 19,Technology,Copiers
TEC-COP-10668,Copiers Model 25,Technology,Copiers
FUR-CHA-10044,Chairs Model 6,Furniture,Chairs
OFF-LAB-10303,Labels Model 13,Office Supplies,Labels
FUR-FUR-10970,Furnishings Model 18,Furniture,Furnishings
FUR-FUR-10344,Furnishings Model 20,Furniture,Furnishings
TEC-MAC-10449,Machines Model 47,Technology,Machines
OFF-LAB-10979,Labels Model 8,Office Supplies,Labels
FUR-BOO-10812,Bookcases Model 34,Furniture,Bookcases
TEC-ACC-10222,Accessories Model 49,Technology,Accessories
FUR-FUR-10388,Furnishings Model 1,Furniture,Furnishings
OFF-PAP-10487,Paper Model 16,Office Supplies,Paper
FUR-TAB-10052,Tables Model 50,Furniture,Tables
FUR-FUR-10028,Furnishings Model 36,Furniture,Furnishings
TEC-COP-10790,Copiers Model 3,Technology,Copiers
FUR-TAB-10171,Tables Model 13,Furniture,Tables
FUR-CHA-10969,Chairs Model 15,Furniture,Chairs
FUR-CHA-10601,Chairs Model 22,Furniture,Chairs
TEC-PHO-10131,Phones Model 29,Technology,Phones
FUR-FUR-10783,Furnishings Model 43,Furniture,Furnishings
OFF-LAB-10435,Labels Model 46,Office Supplies,Labels
OFF-PAP-10980,Paper Model 49,Office Supplies,Paper
FUR-CHA-10668,Chairs Model 38,Furniture,Chairs
OFF-SUP-10364,Supplies Model 44,Office Supplies,Supplies
FUR-FUR-10480,Furnishings Model 14,Furniture,Furnishings
OFF-PAP-10675,Paper Model 33,Office Supplies,Paper
TEC-MAC-10896,Machines Model 22,Technology,Machines
OFF-SUP-10128,Supplies Model 38,Office Supplies,Supplies
TEC-MAC-10025,Machines Model 32,Technology,Machines
OFF-FAS-10316,Fasteners Model 19,Office Supplies,Fasteners
FUR-BOO-10068,Bookcases Model 18,Furniture,Bookcases
FUR-FUR-10084,Furnishings Model 41,Furniture,Furnishings
FUR-TAB-10677,Tables Model 45,Furniture,Tables
OFF-FAS-10668,Fasteners Model 26,Office Supplies,Fasteners
OFF-PAP-10008,Paper Model 33,Office Supplies,Paper
TEC-MAC-10541,Machines Model 9,Technology,Machines
TEC-COP-10424,Copiers Model 39,Technology,Copiers
FUR-FUR-10251,Furnishings Model 11,Furniture,Furnishings
FUR-BOO-10684,Bookcases Model 2,Furniture,Bookcases
OFF-ENV-10106,Envelopes Model 22,Office Supplies,Envelopes
OFF-STO-10727,Storage Model 48,Office Supplies,Storage
TEC-COP-10793,Copiers Model 48,Technology,Copiers
OFF-ART-10140,Art Model 28,Office Supplies,Art
FUR-BOO-10649,Bookcases Model 18,Furniture,Bookcases
OFF-FAS-10222,Fasteners Model 41,Office Supplies,Fasteners
FUR-TAB-10977,Tables Model 18,Furniture,Tables
OFF-LAB-10025,Labels Model 9,Office Supplies,Labels
OFF-APP-10241,Appliances Model 44,Office Supplies,Appliances
OFF-BIN-10130,Binders Model 29,Office Supplies,Binders
FUR-TAB-10850,Tables Model 15,Furniture,Tables
TEC-PHO-10322,Phones Model 30,Technology,Phones
TEC-PHO-10612,Phones Model 6,Technology,Phones
FUR-CHA-10602,Chairs Model 6,Furniture,Chairs
OFF-ART-10326,Art Model 11,Office Supplies,Art
OFF-SUP-10223,Supplies Model 3,Office Supplies,Supplies
FUR-CHA-10378,Chairs Model 36,Furniture,Chairs
OFF-STO-10188,Storage Model 46,Office Supplies,Storage
OFF-FAS-10340,Fasteners Model 8,Office Supplies,Fasteners
OFF-ENV-10935,Envelopes Model 38,Office Supplies,Envelopes
OFF-ENV-10528,Envelopes Model 17,Office Supplies,Envelopes
TEC-ACC-10859,Accessories Model 47,Technology,Accessories
FUR-FUR-10633,Furnishings Model 31,Furniture,Furnishings
FUR-CHA-10620,Chairs Model 10,Furniture,Chairs
FUR-BOO-10202,Bookcases Model 39,Furniture,Bookcases
OFF-FAS-10927,Fasteners Model 47,Office Supplies,Fasteners
FUR-BOO-10335,Bookcases Model 29,Furniture,Bookcases
TEC-ACC-10181,Accessories Model 13,Technology,Accessories
TEC-ACC-10089,Accessories Model 35,Technology,Accessories
FUR-FUR-10910,Furnishings Model 2,Furniture,Furnishings
FUR-BOO-10712,Bookcases Model 42,Furniture,Bookcases
FUR-CHA-10988,Chairs Model 32,Furniture,Chairs
TEC-ACC-10184,Accessories Model 2,Technology,Accessories
FUR-TAB-10618,Tables Model 2,Furniture,Tables
FUR-CHA-10974,Chairs Model 30,Furniture,Chairs
OFF-ENV-10320,Envelopes Model 19,Office Supplies,Envelopes
FUR-CHA-10142,Chairs Model 44,Furniture,Chairs
OFF-APP-10456,Appliances Model 33,Office Supplies,Appliances
FUR-CHA-10895,Chairs Model 17,Furniture,Chairs
FUR-FUR-10289,Furnishings Model 44,Furniture,Furnishings
FUR-BOO-10513,Bookcases Model 21,Furniture,Bookcases
FUR-BOO-10572,Bookcases Model 42,Furniture,Bookcases
FUR-FUR-10133,Furnishings Model 1,Furniture,Furnishings
OFF-STO-10372,Storage Model 2,Office Supplies,Storage
OFF-SUP-10849,Supplies Model 4,Office Supplies,Supplies
OFF-LAB-10715,Labels Model 27,Office Supplies,Labels
OFF-FAS-10809,Fasteners Model 7,Office Supplies,Fasteners
OFF-FAS-10257,Fasteners Model 46,Office Supplies,Fasteners
OFF-BIN-10651,Binders Model 38,Office Supplies,Binders
TEC-ACC-10634,Accessories Model 39,Technology,Accessories
FUR-BOO-10815,Bookcases Model 44,Furniture,Bookcases
OFF-ART-10850,Art Model 16,Office Supplies,Art
OFF-LAB-10094,Labels Model 24,Office Supplies,Labels
OFF-BIN-10373,Binders Model 30,Office Supplies,Binders
FUR-BOO-10271,Bookcases Model 37,Furniture,Bookcases
OFF-APP-10920,Appliances Model 24,Office Supplies,Appliances
FUR-TAB-10177,Tables Model 17,Furniture,Tables
OFF-BIN-10828,Binders Model 8,Office Supplies,Binders
OFF-ENV-10266,Envelopes Model 21,Office Supplies,Envelopes
TEC-ACC-10962,Accessories Model 11,Technology,Accessories
OFF-BIN-10386,Binders Model 39,Office Supplies,Binders
TEC-COP-10228,Copiers Model 32,Technology,Copiers
FUR-TAB-10998,Tables Model 21,Furniture,Tables
TEC-COP-10675,Copiers Model 39,Technology,Copiers
TEC-ACC-10747,Accessories Model 44,Technology,Accessories
TEC-PHO-10785,Phones Model 36,Technology,Phones
TEC-COP-10865,Copiers Model 6,Technology,Copiers
OFF-ENV-10481,Envelopes Model 50,Office Supplies,Envelopes
OFF-ENV-10744,Envelopes Model 48,Office Supplies,Envelopes
FUR-BOO-10872,Bookcases Model 31,Furniture,Bookcases
TEC-ACC-10145,Accessories Model 4,Technology,Accessories
TEC-MAC-10341,Machines Model 11,Technology,Machines
TEC-MAC-10209,Machines Model 17,Technology,Machines
TEC-PHO-10062,Phones Model 33,Technology,Phones
OFF-APP-10089,Appliances Model 15,Office Supplies,Appliances
OFF-SUP-10801,Supplies Model 30,Office Supplies,Supplies
FUR-BOO-10210,Bookcases Model 16,Furniture,Bookcases
FUR-TAB-10475,Tables Model 2,Furniture,Tables
FUR-FUR-10313,Furnishings Model 33,Furniture,Furnishings
FUR-BOO-10464,Bookcases Model 30,Furniture,Bookcases
FUR-TAB-10639,Tables Model 38,Furniture,Tables
TEC-MAC-10146,Machines Model 49,Technology,Machines
TEC-MAC-10848,Machines Model 41,Technology,Machines
OFF-STO-10430,Storage Model 48,Office Supplies,Storage
FUR-FUR-10425,Furnishings Model 13,Furniture,Furnishings
FUR-TAB-10925,Tables Model 37,Furniture,Tables
FUR-FUR-10240,Furnishings Model 1,Furniture,Furnishings
FUR-TAB-10249,Tables Model 30,Furniture,Tables
TEC-PHO-10427,Phones Model 31,Technology,Phones
FUR-BOO-10222,Bookcases Model 48,Furniture,Bookcases
FUR-FUR-10766,Furnishings Model 21,Furniture,Furnishings
FUR-TAB-10517,Tables Model 43,Furniture,Tables
OFF-ART-10828,Art Model 14,Office Supplies,Art
TEC-COP-10344,Copiers Model 1,Technology,Copiers
FUR-TAB-10682,Tables Model 48,Furniture,Tables
FUR-TAB-10048,Tables Model 47,Furniture,Tables
FUR-CHA-10869,Chairs Model 40,Furniture,Chairs
OFF-SUP-10601,Supplies Model 30,Office Supplies,Supplies
OFF-PAP-10981,Paper Model 9,Office Supplies,Paper
TEC-COP-10194,Copiers Model 43,Technology,Copiers
TEC-MAC-10016,Machines Model 50,Technology,Machines
TEC-ACC-10687,Accessories Model 15,Technology,Accessories
OFF-LAB-10966,Labels Model 5,Office Supplies,Labels
FUR-CHA-10515,Chairs Model 15,Furniture,Chairs
OFF-ENV-10489,Envelopes Model 3,Office Supplies,Envelopes
OFF-APP-10277,Appliances Model 28,Office Supplies,Appliances
TEC-COP-10432,Copiers Model 27,Technology,Copiers
FUR-BOO-10851,Bookcases Model 21,Furniture,Bookcases
TEC-COP-10401,Copiers Model 29,Technology,Copiers
TEC-ACC-10107,Accessories Model 14,Technology,Accessories
FUR-BOO-10670,Bookcases Model 46,Furniture,Bookcases
TEC-MAC-10695,Machines Model 27,Technology,Machines
OFF-FAS-10577,Fasteners Model 40,Office Supplies,Fasteners
OFF-SUP-10648,Supplies Model 40,Office Supplies,Supplies
TEC-COP-10564,Copiers Model 21,Technology,Copiers
FUR-TAB-10243,Tables Model 44,Furniture,Tables
FUR-TAB-10387,Tables Model 21,Furniture,Tables
OFF-ENV-10724,Envelopes Model 8,Office Supplies,Envelopes
TEC-MAC-10470,Machines Model 28,Technology,Machines
FUR-BOO-10385,Bookcases Model 13,Furniture,Bookcases
TEC-COP-10584,Copiers Model 13,Technology,Copiers
OFF-ART-10325,Art Model 35,Office Supplies,Art
OFF-APP-10094,Appliances Model 13,Office Supplies,Appliances
FUR-BOO-10395,Bookcases Model 4,Furniture,Bookcases
TEC-ACC-10079,Accessories Model 26,Technology,Accessories
FUR-TAB-10967,Tables Model 14,Furniture,Tables
TEC-COP-10879,Copiers Model 44,Technology,Copiers
FUR-TAB-10857,Tables Model 21,Furniture,Tables
OFF-STO-10649,Storage Model 1,Office Supplies,Storage
TEC-MAC-10652,Machines Model 7,Technology,Machines
OFF-APP-10398,Appliances Model 41,Office Supplies,Appliances
OFF-SUP-10918,Supplies Model 14,Office Supplies,Supplies
TEC-ACC-10024,Accessories Model 11,Technology,Accessories
FUR-CHA-10794,Chairs Model 8,Furniture,Chairs
OFF-STO-10771,Storage Model 49,Office Supplies,Storage
TEC-ACC-10113,Accessories Model 29,Technology,Accessories
OFF-STO-10614,Storage Model 26,Office Supplies,Storage
FUR-TAB-10610,Tables Model 38,Furniture,Tables
TEC-MAC-10569,Machines Model 27,Technology,Machines
TEC-ACC-10676,Accessories Model 7,Technology,Accessories
OFF-LAB-10263,Labels Model 31,Office Supplies,Labels
TEC-ACC-10540,Accessories Model 44,Technology,Accessories
TEC-MAC-10138,Machines Model 15,Technology,Machines
OFF-FAS-10529,Fasteners Model 39,Office Supplies,Fasteners
FUR-TAB-10140,Tables Model 26,Furniture,Tables
TEC-PHO-10774,Phones Model 40,Technology,Phones
FUR-CHA-10192,Chairs Model 12,Furniture,Chairs
TEC-COP-10206,Copiers Model 44,Technology,Copiers
TEC-PHO-10919,Phones Model 44,Technology,Phones
TEC-COP-10121,Copiers Model 3,Technology,Copiers
OFF-SUP-10562,Supplies Model 5,Office Supplies,Supplies
TEC-ACC-10026,Accessories Model 41,Technology,Accessories
TEC-MAC-10219,Machines Model 30,Technology,Machines
OFF-BIN-10560,Binders Model 46,Office Supplies,Binders
OFF-LAB-10767,Labels Model 20,Office Supplies,Labels
FUR-FUR-10831,Furnishings Model 27,Furniture,Furnishings
OFF-ENV-10192,Envelopes Model 38,Office Supplies,Envelopes
TEC-ACC-10002,Accessories Model 50,Technology,Accessories
TEC-PHO-10205,Phones Model 7,Technology,Phones
OFF-FAS-10105,Fasteners Model 29,Office Supplies,Fasteners
OFF-BIN-10215,Binders Model 33,Office Supplies,Binders
TEC-PHO-10252,Phones Model 5,Technology,Phones
OFF-BIN-10912,Binders Model 33,Office Supplies,Binders
FUR-CHA-10263,Chairs Model 2,Furniture,Chairs
TEC-COP-10671,Copiers Model 1,Technology,Copiers
OFF-BIN-10935,Binders Model 5,Office Supplies,Binders
OFF-SUP-10387,Supplies Model 50,Office Supplies,Supplies
OFF-LAB-10950,Labels Model 44,Office Supplies,Labels
TEC-COP-10342,Copiers Model 43,Technology,Copiers
OFF-STO-10602,Storage Model 22,Office Supplies,Storage
FUR-CHA-10254,Chairs Model 10,Furniture,Chairs
FUR-TAB-10596,Tables Model 47,Furniture,Tables
OFF-STO-10828,Storage Model 9,Office Supplies,Storage
OFF-SUP-10337,Supplies Model 42,Office Supplies,Supplies
TEC-PHO-10347,Phones Model 25,Technology,Phones
TEC-ACC-10582,Accessories Model 20,Technology,Accessories
OFF-LAB-10579,Labels Model 34,Office Supplies,Labels
FUR-FUR-10000,Furnishings Model 16,Furniture,Furnishings
FUR-CHA-10216,Chairs Model 2,Furniture,Chairs
OFF-ENV-10147,Envelopes Model 47,Office Supplies,Envelopes
TEC-MAC-10096,Machines Model 12,Technology,Machines
OFF-STO-10704,Storage Model 21,Office Supplies,Storage
TEC-ACC-10578,Accessories Model 35,Technology,Accessories
TEC-PHO-10974,Phones Model 30,Technology,Phones
OFF-ART-10627,Art Model 48,Office Supplies,Art
TEC-MAC-10694,Machines Model 2,Technology,Machines
OFF-ART-10284,Art Model 7,Office Supplies,Art
OFF-BIN-10131,Binders Model 24,Office Supplies,Binders
OFF-PAP-10191,Paper Model 6,Office Supplies,Paper
FUR-BOO-10555,Bookcases Model 33,Furniture,Bookcases
FUR-FUR-10729,Furnishings Model 43,Furniture,Furnishings
TEC-COP-10734,Copiers Model 27,Technology,Copiers
TEC-PHO-10766,Phones Model 29,Technology,Phones
OFF-ENV-10829,Envelopes Model 9,Office Supplies,Envelopes
FUR-CHA-10327,Chairs Model 6,Furniture,Chairs
OFF-PAP-10679,Paper Model 33,Office Supplies,Paper
OFF-STO-10696,Storage Model 31,Office Supplies,Storage
OFF-PAP-10009,Paper Model 20,Office Supplies,Paper
TEC-COP-10492,Copiers Model 17,Technology,Copiers
TEC-ACC-10745,Accessories Model 48,Technology,Accessories
OFF-PAP-10831,Paper Model 30,Office Supplies,Paper
OFF-APP-10672,Appliances Model 26,Office Supplies,Appliances
TEC-COP-10451,Copiers Model 30,Technology,Copiers
OFF-LAB-10333,Labels Model 19,Office Supplies,Labels
TEC-ACC-10482,Accessories Model 17,Technology,Accessories
OFF-LAB-10538,Labels Model 18,Office Supplies,Labels
FUR-BOO-10709,Bookcases Model 24,Furniture,Bookcases
OFF-ART-10816,Art Model 16,Office Supplies,Art
OFF-ART-10965,Art Model 11,Office Supplies,Art
OFF-SUP-10105,Supplies Model 49,Office Supplies,Supplies
FUR-CHA-10765,Chairs Model 44,Furniture,Chairs
OFF-SUP-10445,Supplies Model 6,Office Supplies,Supplies
TEC-ACC-10239,Accessories Model 20,Technology,Accessories
OFF-PAP-10630,Paper Model 5,Office Supplies,Paper
OFF-LAB-10008,Labels Model 21,Office Supplies,Labels
TEC-PHO-10461,Phones Model 16,Technology,Phones
OFF-FAS-10398,Fasteners Model 28,Office Supplies,Fasteners
OFF-BIN-10818,Binders Model 41,Office Supplies,Binders
TEC-MAC-10256,Machines Model 31,Technology,Machines
OFF-PAP-10804,Paper Model 40,Office Supplies,Paper
OFF-APP-10585,Appliances Model 15,Office Supplies,Appliances
OFF-APP-10242,Appliances Model 13,Office Supplies,Appliances
OFF-BIN-10938,Binders Model 1,Office Supplies,Binders
TEC-COP-10466,Copiers Model 15,Technology,Copiers
TEC-PHO-10727,Phones Model 12,Technology,Phones
TEC-ACC-10755,Accessories Model 23,Technology,Accessories
OFF-PAP-10733,Paper Model 38,Office Supplies,Paper
TEC-COP-10200,Copiers Model 48,Technology,Copiers
OFF-ENV-10872,Envelopes Model 3,Office Supplies,Envelopes
OFF-FAS-10229,Fasteners Model 29,Office Supplies,Fasteners
TEC-ACC-10705,Accessories Model 13,Technology,Accessories
TEC-PHO-10165,Phones Model 13,Technology,Phones
TEC-COP-10297,Copiers Model 7,Technology,Copiers
FUR-BOO-10026,Bookcases Model 41,Furniture,Bookcases
TEC-MAC-10539,Machines Model 2,Technology,Machines
FUR-BOO-10415,Bookcases Model 25,Furniture,Bookcases
OFF-PAP-10023,Paper Model 26,Office Supplies,Paper
TEC-PHO-10807,Phones Model 42,Technology,Phones
OFF-BIN-10536,Binders Model 47,Office Supplies,Binders
FUR-TAB-10788,Tables Model 3,Furniture,Tables
TEC-PHO-10010,Phones Model 44,Technology,Phones
TEC-PHO-10103,Phones Model 25,Technology,Phones
OFF-ENV-10451,Envelopes Model 26,Office Supplies,Envelopes
TEC-COP-10646,Copiers Model 37,Technology,Copiers
TEC-COP-10960,Copiers Model 6,Technology,Copiers
OFF-APP-10290,Appliances Model 23,Office Supplies,Appliances
TEC-ACC-10609,Accessories Model 33,Technology,Accessories
OFF-FAS-10686,Fasteners Model 27,Office Supplies,Fasteners
OFF-ART-10961,Art Model 8,Office Supplies,Art
TEC-MAC-10376,Machines Model 26,Technology,Machines
FUR-TAB-10128,Tables Model 29,Furniture,Tables
OFF-FAS-10655,Fasteners Model 46,Office Supplies,Fasteners
OFF-APP-10887,Appliances Model 47,Office Supplies,Appliances
OFF-FAS-10781,Fasteners Model 12,Office Supplies,Fasteners
FUR-TAB-10193,Tables Model 13,Furniture,Tables
FUR-BOO-10889,Bookcases Model 8,Furniture,Bookcases
TEC-ACC-10557,Accessories Model 7,Technology,Accessories
OFF-PAP-10241,Paper Model 46,Office Supplies,Paper
OFF-ENV-10148,Envelopes Model 22,Office Supplies,Envelopes
FUR-TAB-10079,Tables Model 21,Furniture,Tables
OFF-PAP-10428,Paper Model 24,Office Supplies,Paper
FUR-TAB-10084,Tables Model 18,Furniture,Tables
TEC-ACC-10911,Accessories Model 22,Technology,Accessories
FUR-TAB-10563,Tables Model 44,Furniture,Tables
OFF-PAP-10486,Paper Model 41,Office Supplies,Paper
OFF-ENV-10749,Envelopes Model 13,Office Supplies,Envelopes
FUR-FUR-10689,Furnishings Model 27,Furniture,Furnishings
FUR-TAB-10119,Tables Model 25,Furniture,Tables
FUR-BOO-10324,Bookcases Model 30,Furniture,Bookcases
TEC-MAC-10789,Machines Model 29,Technology,Machines
FUR-BOO-10112,Bookcases Model 16,Furniture,Bookcases
TEC-PHO-10022,Phones Model 11,Technology,Phones
OFF-ART-10345,Art Model 13,Office Supplies,Art
FUR-TAB-10966,Tables Model 34,Furniture,Tables
TEC-PHO-10740,Phones Model 17,Technology,Phones
FUR-TAB-10076,Tables Model 48,Furniture,Tables
OFF-APP-10487,Appliances Model 48,Office Supplies,Appliances
FUR-TAB-10116,Tables Model 7,Furniture,Tables
OFF-LAB-10872,Labels Model 19,Office Supplies,Labels
FUR-CHA-10965,Chairs Model 28,Furniture,Chairs
FUR-BOO-10409,Bookcases Model 4,Furniture,Bookcases
FUR-BOO-10434,Bookcases Model 17,Furniture,Bookcases
OFF-BIN-10487,Binders Model 42,Office Supplies,Binders
FUR-TAB-10548,Tables Model 28,Furniture,Tables
TEC-MAC-10654,Machines Model 19,Technology,Machines
OFF-APP-10680,Appliances Model 28,Office Supplies,Appliances
TEC-MAC-10485,Machines Model 2,Technology,Machines
TEC-MAC-10406,Machines Model 14,Technology,Machines
OFF-SUP-10471,Supplies Model 38,Office Supplies,Supplies
OFF-ART-10354,Art Model 1,Office Supplies,Art
TEC-ACC-10810,Accessories Model 12,Technology,Accessories
OFF-PAP-10012,Paper Model 39,Office Supplies,Paper
OFF-ART-10350,Art Model 4,Office Supplies,Art
TEC-MAC-10506,Machines Model 39,Technology,Machines
TEC-ACC-10432,Accessories Model 44,Technology,Accessories
FUR-TAB-10486,Tables Model 22,Furniture,Tables
FUR-BOO-10842,Bookcases Model 47,Furniture,Bookcases
FUR-TAB-10212,Tables Model 38,Furniture,Tables
FUR-TAB-10434,Tables Model 48,Furniture,Tables
TEC-ACC-10076,Accessories Model 29,Technology,Accessories
TEC-MAC-10556,Machines Model 8,Technology,Machines
FUR-TAB-10903,Tables Model 1,Furniture,Tables
FUR-BOO-10683,Bookcases Model 36,Furniture,Bookcases
OFF-FAS-10062,Fasteners Model 42,Office Supplies,Fasteners
FUR-CHA-10008,Chairs Model 50,Furniture,Chairs
FUR-FUR-10147,Furnishings Model 7,Furniture,Furnishings
OFF-ART-10162,Art Model 48,Office Supplies,Art
OFF-SUP-10993,Supplies Model 21,Office Supplies,Supplies
OFF-LAB-10661,Labels Model 32,Office Supplies,Labels
OFF-BIN-10645,Binders Model 31,Office Supplies,Binders
FUR-CHA-10023,Chairs Model 19,Furniture,Chairs
TEC-COP-10369,Copiers Model 27,Technology,Copiers
FUR-BOO-10616,Bookcases Model 22,Furniture,Bookcases
TEC-PHO-10616,Phones Model 2,Technology,Phones
TEC-COP-10411,Copiers Model 31,Technology,Copiers
TEC-ACC-10964,Accessories Model 48,Technology,Accessories
TEC-MAC-10020,Machines Model 1,Technology,Machines
TEC-MAC-10573,Machines Model 2,Technology,Machines
OFF-STO-10710,Storage Model 26,Office Supplies,Storage
FUR-CHA-10115,Chairs Model 29,Furniture,Chairs
OFF-PAP-10815,Paper Model 47,Office Supplies,Paper
TEC-COP-10967,Copiers Model 4,Technology,Copiers
TEC-COP-10164,Copiers Model 31,Technology,Copiers
TEC-COP-10861,Copiers Model 11,Technology,Copiers
TEC-COP-10656,Copiers Model 50,Technology,Copiers
TEC-MAC-10891,Machines Model 50,Technology,Machines
OFF-SUP-10595,Supplies Model 22,Office Supplies,Supplies
FUR-FUR-10491,Furnishings Model 40,Furniture,Furnishings
TEC-ACC-10144,Accessories Model 14,Technology,Accessories
OFF-APP-10713,Appliances Model 25,Office Supplies,Appliances
TEC-PHO-10376,Phones Model 39,Technology,Phones
OFF-FAS-10365,Fasteners Model 44,Office Supplies,Fasteners
TEC-MAC-10054,Machines Model 48,Technology,Machines
OFF-BIN-10509,Binders Model 35,Office Supplies,Binders
OFF-STO-10497,Storage Model 15,Office Supplies,Storage
FUR-CHA-10255,Chairs Model 45,Furniture,Chairs
FUR-FUR-10378,Furnishings Model 14,Furniture,Furnishings
FUR-CHA-10741,Chairs Model 45,Furniture,Chairs
TEC-PHO-10218,Phones Model 30,Technology,Phones
FUR-TAB-10160,Tables Model 5,Furniture,Tables
TEC-COP-10848,Copiers Model 31,Technology,Copiers
FUR-CHA-10625,Chairs Model 41,Furniture,Chairs
OFF-LAB-10262,Labels Model 33,Office Supplies,Labels
OFF-FAS-10678,Fasteners Model 48,Office Supplies,Fasteners
TEC-COP-10812,Copiers Model 8,Technology,Copiers
OFF-SUP-10411,Supplies Model 32,Office Supplies,Supplies
TEC-COP-10505,Copiers Model 41,Technology,Copiers
FUR-BOO-10669,Bookcases Model 1,Furniture,Bookcases
FUR-FUR-10400,Furnishings Model 27,Furniture,Furnishings
TEC-PHO-10356,Phones Model 49,Technology,Phones
FUR-CHA-10943,Chairs Model 31,Furniture,Chairs
OFF-LAB-10265,Labels Model 14,Office Supplies,Labels
FUR-TAB-10916,Tables Model 34,Furniture,Tables
TEC-PHO-10092,Phones Model 12,Technology,Phones
TEC-ACC-10152,Accessories Model 23,Technology,Accessories
OFF-LAB-10949,Labels Model 22,Office Supplies,Labels
TEC-MAC-10554,Machines Model 26,Technology,Machines
OFF-ENV-10933,Envelopes Model 7,Office Supplies,Envelopes
FUR-BOO-10481,Bookcases Model 24,Furniture,Bookcases
TEC-PHO-10015,Phones Model 9,Technology,Phones
TEC-MAC-10513,Machines Model 21,Technology,Machines
FUR-FUR-10119,Furnishings Model 13,Furniture,Furnishings
OFF-ART-10898,Art Model 34,Office Supplies,Art
TEC-MAC-11000,Machines Model 18,Technology,Machines
TEC-MAC-10575,Machines Model 37,Technology,Machines
TEC-MAC-10384,Machines Model 4,Technology,Machines
OFF-FAS-10140,Fasteners Model 42,Office Supplies,Fasteners
OFF-SUP-10086,Supplies Model 43,Office Supplies,Supplies
OFF-ENV-10546,Envelopes Model 29,Office Supplies,Envelopes
TEC-COP-10106,Copiers Model 43,Technology,Copiers
TEC-COP-10951,Copiers Model 25,Technology,Copiers
OFF-SUP-10975,Supplies Model 28,Office Supplies,Supplies
FUR-FUR-10095,Furnishings Model 39,Furniture,Furnishings
OFF-PAP-10896,Paper Model 11,Office Supplies,Paper
OFF-LAB-10693,Labels Model 29,Office Supplies,Labels
TEC-ACC-10543,Accessories Model 14,Technology,Accessories
OFF-SUP-10197,Supplies Model 17,Office Supplies,Supplies
OFF-ENV-10432,Envelopes Model 46,Office Supplies,Envelopes
OFF-FAS-10862,Fasteners Model 45,Office Supplies,Fasteners
FUR-FUR-10294,Furnishings Model 6,Furniture,Furnishings
OFF-ENV-10860,Envelopes Model 31,Office Supplies,Envelopes
TEC-MAC-10460,Machines Model 15,Technology,Machines
TEC-PHO-10732,Phones Model 26,Technology,Phones
OFF-LAB-10862,Labels Model 28,Office Supplies,Labels
OFF-ART-10474,Art Model 11,Office Supplies,Art
FUR-FUR-10570,Furnishings Model 27,Furniture,Furnishings
TEC-ACC-10191,Accessories Model 37,Technology,Accessories
TEC-ACC-10882,Accessories Model 19,Technology,Accessories
OFF-LAB-10316,Labels Model 22,Office Supplies,Labels
OFF-BIN-10823,Binders Model 1,Office Supplies,Binders
OFF-ENV-10083,Envelopes Model 27,Office Supplies,Envelopes
FUR-TAB-10945,Tables Model 21,Furniture,Tables
OFF-SUP-10736,Supplies Model 18,Office Supplies,Supplies
TEC-COP-10022,Copiers Model 3,Technology,Copiers
TEC-COP-10131,Copiers Model 33,Technology,Copiers
FUR-FUR-10001,Furnishings Model 22,Furniture,Furnishings
TEC-MAC-10984,Machines Model 8,Technology,Machines
TEC-ACC-10072,Accessories Model 47,Technology,Accessories
FUR-BOO-10159,Bookcases Model 34,Furniture,Bookcases
FUR-CHA-10786,Chairs Model 32,Furniture,Chairs
TEC-ACC-10653,Accessories Model 26,Technology,Accessories
FUR-FUR-10980,Furnishings Model 50,Furniture,Furnishings
OFF-SUP-10166,Supplies Model 45,Office Supplies,Supplies
TEC-ACC-10519,Accessories Model 24,Technology,Accessories
OFF-PAP-10812,Paper Model 43,Office Supplies,Paper
FUR-CHA-10964,Chairs Model 21,Furniture,Chairs
FUR-CHA-10648,Chairs Model 37,Furniture,Chairs
TEC-ACC-10167,Accessories Model 43,Technology,Accessories
OFF-BIN-10669,Binders Model 39,Office Supplies,Binders
OFF-STO-10917,Storage Model 35,Office Supplies,Storage
FUR-BOO-10280,Bookcases Model 18,Furniture,Bookcases
TEC-MAC-10055,Machines Model 46,Technology,Machines
OFF-BIN-10379,Binders Model 27,Office Supplies,Binders
TEC-COP-10443,Copiers Model 34,Technology,Copiers
OFF-LAB-10651,Labels Model 2,Office Supplies,Labels
OFF-STO-10973,Storage Model 32,Office Supplies,Storage
TEC-PHO-10406,Phones Model 39,Technology,Phones
FUR-TAB-10453,Tables Model 39,Furniture,Tables
OFF-BIN-10847,Binders Model 5,Office Supplies,Binders
FUR-TAB-10796,Tables Model 14,Furniture,Tables
OFF-ENV-10893,Envelopes Model 50,Office Supplies,Envelopes
FUR-FUR-10067,Furnishings Model 21,Furniture,Furnishings
OFF-PAP-10656,Paper Model 16,Office Supplies,Paper
OFF-STO-10654,Storage Model 16,Office Supplies,Storage
FUR-FUR-10655,Furnishings Model 28,Furniture,Furnishings
TEC-PHO-10855,Phones Model 39,Technology,Phones
OFF-ART-10286,Art Model 44,Office Supplies,Art
FUR-BOO-10085,Bookcases Model 24,Furniture,Bookcases
TEC-PHO-10139,Phones Model 26,Technology,Phones
FUR-TAB-10591,Tables Model 20,Furniture,Tables
TEC-PHO-10377,Phones Model 16,Technology,Phones
FUR-TAB-10150,Tables Model 18,Furniture,Tables
FUR-BOO-10502,Bookcases Model 13,Furniture,Bookcases
FUR-BOO-10487,Bookcases Model 44,Furniture,Bookcases
OFF-SUP-10995,Supplies Model 27,Office Supplies,Supplies
OFF-ENV-10959,Envelopes Model 29,Office Supplies,Envelopes
OFF-ENV-10008,Envelopes Model 34,Office Supplies,Envelopes
FUR-BOO-10463,Bookcases Model 45,Furniture,Bookcases
TEC-MAC-10961,Machines Model 11,Technology,Machines
FUR-CHA-10214,Chairs Model 34,Furniture,Chairs
FUR-FUR-10348,Furnishings Model 5,Furniture,Furnishings
TEC-COP-10523,Copiers Model 2,Technology,Copiers
TEC-MAC-10507,Machines Model 27,Technology,Machines
FUR-TAB-10583,Tables Model 32,Furniture,Tables
OFF-FAS-10170,Fasteners Model 39,Office Supplies,Fasteners
FUR-TAB-10702,Tables Model 14,Furniture,Tables
FUR-TAB-10893,Tables Model 6,Furniture,Tables
OFF-BIN-10159,Binders Model 13,Office Supplies,Binders
TEC-PHO-10630,Phones Model 25,Technology,Phones
FUR-TAB-10712,Tables Model 46,Furniture,Tables
TEC-PHO-10431,Phones Model 9,Technology,Phones
OFF-STO-10829,Storage Model 47,Office Supplies,Storage
OFF-STO-10095,Storage Model 41,Office Supplies,Storage
FUR-BOO-10205,Bookcases Model 15,Furniture,Bookcases
FUR-BOO-10888,Bookcases Model 24,Furniture,Bookcases
FUR-FUR-10992,Furnishings Model 22,Furniture,Furnishings
TEC-MAC-10082,Machines Model 2,Technology,Machines
FUR-FUR-10702,Furnishings Model 38,Furniture,Furnishings
OFF-APP-10436,Appliances Model 47,Office Supplies,Appliances
TEC-PHO-10680,Phones Model 20,Technology,Phones
OFF-LAB-10173,Labels Model 22,Office Supplies,Labels
OFF-BIN-10503,Binders Model 24,Office Supplies,Binders
OFF-LAB-10628,Labels Model 14,Office Supplies,Labels
OFF-APP-10943,Appliances Model 23,Office Supplies,Appliances
TEC-MAC-10190,Machines Model 44,Technology,Machines
TEC-COP-10870,Copiers Model 22,Technology,Copiers
FUR-CHA-10652,Chairs Model 31,Furniture,Chairs
OFF-FAS-10616,Fasteners Model 23,Office Supplies,Fasteners
OFF-APP-10212,Appliances Model 36,Office Supplies,Appliances
TEC-MAC-10576,Machines Model 25,Technology,Machines
TEC-COP-10811,Copiers Model 1,Technology,Copiers
FUR-BOO-10993,Bookcases Model 5,Furniture,Bookcases
OFF-PAP-10287,Paper Model 21,Office Supplies,Paper
OFF-FAS-10412,Fasteners Model 15,Office Supplies,Fasteners
OFF-LAB-10485,Labels Model 33,Office Supplies,Labels
TEC-PHO-10288,Phones Model 19,Technology,Phones
TEC-ACC-10665,Accessories Model 15,Technology,Accessories
FUR-TAB-10574,Tables Model 45,Furniture,Tables
OFF-SUP-10372,Supplies Model 23,Office Supplies,Supplies
FUR-TAB-10667,Tables Model 16,Furniture,Tables
FUR-BOO-10163,Bookcases Model 27,Furniture,Bookcases
TEC-MAC-10454,Machines Model 40,Technology,Machines
TEC-ACC-10585,Accessories Model 23,Technology,Accessories
FUR-BOO-10101,Bookcases Model 44,Furniture,Bookcases
FUR-CHA-10131,Chairs Model 19,Furniture,Chairs
TEC-COP-10470,Copiers Model 27,Technology,Copiers
OFF-STO-10799,Storage Model 6,Office Supplies,Storage
TEC-MAC-10517,Machines Model 15,Technology,Machines
OFF-STO-10133,Storage Model 18,Office Supplies,Storage
OFF-ENV-10808,Envelopes Model 38,Office Supplies,Envelopes
TEC-PHO-10228,Phones Model 33,Technology,Phones
OFF-STO-10033,Storage Model 11,Office Supplies,Storage
TEC-COP-10308,Copiers Model 34,Technology,Copiers
TEC-MAC-10198,Machines Model 6,Technology,Machines
OFF-FAS-10522,Fasteners Model 6,Office Supplies,Fasteners
OFF-BIN-10274,Binders Model 50,Office Supplies,Binders
FUR-FUR-10386,Furnishings Model 47,Furniture,Furnishings
FUR-CHA-10539,Chairs Model 29,Furniture,Chairs
OFF-ENV-10900,Envelopes Model 2,Office Supplies,Envelopes
TEC-MAC-10941,Machines Model 3,Technology,Machines
OFF-ART-10457,Art Model 34,Office Supplies,Art
FUR-FUR-10620,Furnishings Model 24,Furniture,Furnishings
TEC-ACC-10798,Accessories Model 29,Technology,Accessories
TEC-PHO-10923,Phones Model 20,Technology,Phones
FUR-TAB-10861,Tables Model 33,Furniture,Tables
TEC-COP-10598,Copiers Model 3,Technology,Copiers
TEC-ACC-10092,Accessories Model 40,Technology,Accessories
FUR-CHA-10692,Chairs Model 2,Furniture,Chairs
TEC-MAC-10858,Machines Model 39,Technology,Machines
TEC-ACC-10796,Accessories Model 31,Technology,Accessories
FUR-FUR-10247,Furnishings Model 1,Furniture,Furnishings
FUR-TAB-10463,Tables Model 2,Furniture,Tables
OFF-BIN-10389,Binders Model 11,Office Supplies,Binders
FUR-CHA-10842,Chairs Model 2,Furniture,Chairs
OFF-BIN-10897,Binders Model 14,Office Supplies,Binders
FUR-CHA-10711,Chairs Model 10,Furniture,Chairs
OFF-FAS-10926,Fasteners Model 10,Office Supplies,Fasteners
FUR-CHA-10054,Chairs Model 47,Furniture,Chairs
OFF-APP-10846,Appliances Model 9,Office Supplies,Appliances
FUR-BOO-10755,Bookcases Model 27,Furniture,Bookcases
OFF-ART-10847,Art Model 22,Office Supplies,Art
FUR-BOO-10855,Bookcases Model 49,Furniture,Bookcases
FUR-BOO-10515,Bookcases Model 48,Furniture,Bookcases
OFF-LAB-10079,Labels Model 9,Office Supplies,Labels
FUR-FUR-10159,Furnishings Model 22,Furniture,Furnishings
FUR-CHA-10260,Chairs Model 44,Furniture,Chairs
FUR-CHA-10700,Chairs Model 13,Furniture,Chairs
TEC-PHO-10787,Phones Model 46,Technology,Phones
OFF-ENV-10854,Envelopes Model 15,Office Supplies,Envelopes
FUR-BOO-10833,Bookcases Model 24,Furniture,Bookcases
TEC-MAC-10655,Machines Model 30,Technology,Machines
FUR-TAB-10035,Tables Model 32,Furniture,Tables
OFF-ART-10941,Art Model 35,Office Supplies,Art
FUR-CHA-10633,Chairs Model 41,Furniture,Chairs
OFF-ENV-10081,Envelopes Model 41,Office Supplies,Envelopes
TEC-ACC-10215,Accessories Model 3,Technology,Accessories
TEC-COP-10287,Copiers Model 31,Technology,Copiers
OFF-LAB-10907,Labels Model 15,Office Supplies,Labels
TEC-ACC-10760,Accessories Model 31,Technology,Accessories
TEC-MAC-10026,Machines Model 30,Technology,Machines
FUR-FUR-10091,Furnishings Model 31,Furniture,Furnishings
FUR-FUR-10901,Furnishings Model 45,Furniture,Furnishings
FUR-TAB-10131,Tables Model 6,Furniture,Tables
OFF-ART-10280,Art Model 27,Office Supplies,Art
TEC-MAC-10298,Machines Model 12,Technology,Machines
OFF-ART-10034,Art Model 15,Office Supplies,Art
TEC-ACC-10815,Accessories Model 42,Technology,Accessories
FUR-BOO-10734,Bookcases Model 38,Furniture,Bookcases
OFF-STO-10946,Storage Model 49,Office Supplies,Storage
TEC-PHO-10359,Phones Model 6,Technology,Phones
TEC-ACC-10453,Accessories Model 40,Technology,Accessories
TEC-ACC-10247,Accessories Model 2,Technology,Accessories
TEC-COP-10597,Copiers Model 22,Technology,Copiers
OFF-SUP-10998,Supplies Model 48,Office Supplies,Supplies
OFF-APP-10068,Appliances Model 31,Office Supplies,Appliances
OFF-STO-10362,Storage Model 29,Office Supplies,Storage
OFF-ENV-10183,Envelopes Model 30,Office Supplies,Envelopes
OFF-LAB-10845,Labels Model 49,Office Supplies,Labels
TEC-PHO-10417,Phones Model 7,Technology,Phones
OFF-STO-10644,Storage Model 11,Office Supplies,Storage
OFF-FAS-10014,Fasteners Model 34,Office Supplies,Fasteners
TEC-MAC-10989,Machines Model 9,Technology,Machines
TEC-PHO-10685,Phones Model 8,Technology,Phones
TEC-PHO-10644,Phones Model 11,Technology,Phones
TEC-ACC-10209,Accessories Model 46,Technology,Accessories
TEC-COP-10002,Copiers Model 50,Technology,Copiers
TEC-ACC-10313,Accessories Model 38,Technology,Accessories
FUR-FUR-10624,Furnishings Model 10,Furniture,Furnishings
TEC-PHO-10601,Phones Model 27,Technology,Phones
FUR-BOO-10191,Bookcases Model 30,Furniture,Bookcases
TEC-PHO-10801,Phones Model 34,Technology,Phones
OFF-SUP-10752,Supplies Model 35,Office Supplies,Supplies
FUR-FUR-10457,Furnishings Model 21,Furniture,Furnishings
TEC-ACC-10347,Accessories Model 45,Technology,Accessories
TEC-PHO-10004,Phones Model 9,Technology,Phones
OFF-STO-10919,Storage Model 11,Office Supplies,Storage
OFF-SUP-10685,Supplies Model 35,Office Supplies,Supplies
TEC-PHO-10517,Phones Model 1,Technology,Phones
OFF-ART-10953,Art Model 33,Office Supplies,Art
OFF-FAS-10742,Fasteners Model 28,Office Supplies,Fasteners
OFF-APP-10351,Appliances Model 23,Office Supplies,Appliances
OFF-FAS-10294,Fasteners Model 30,Office Supplies,Fasteners
FUR-BOO-10617,Bookcases Model 22,Furniture,Bookcases
TEC-PHO-10881,Phones Model 7,Technology,Phones
TEC-COP-10618,Copiers Model 10,Technology,Copiers
OFF-STO-10732,Storage Model 33,Office Supplies,Storage
OFF-STO-10552,Storage Model 19,Office Supplies,Storage
FUR-BOO-10586,Bookcases Model 21,Furniture,Bookcases
OFF-STO-10356,Storage Model 38,Office Supplies,Storage
OFF-STO-10987,Storage Model 48,Office Supplies,Storage
FUR-BOO-10932,Bookcases Model 19,Furniture,Bookcases
TEC-ACC-10132,Accessories Model 34,Technology,Accessories
TEC-PHO-10002,Phones Model 12,Technology,Phones
TEC-COP-10038,Copiers Model 11,Technology,Copiers
OFF-ART-10684,Art Model 25,Office Supplies,Art
FUR-BOO-10770,Bookcases Model 24,Furniture,Bookcases
OFF-SUP-10904,Supplies Model 14,Office Supplies,Supplies
TEC-COP-10929,Copiers Model 34,Technology,Copiers
FUR-FUR-10015,Furnishings Model 22,Furniture,Furnishings
OFF-FAS-10167,Fasteners Model 13,Office Supplies,Fasteners
FUR-TAB-10267,Tables Model 48,Furniture,Tables
TEC-ACC-10539,Accessories Model 39,Technology,Accessories
OFF-FAS-10469,Fasteners Model 38,Office Supplies,Fasteners
OFF-BIN-10385,Binders Model 4,Office Supplies,Binders
FUR-BOO-10198,Bookcases Model 33,Furniture,Bookcases
FUR-CHA-10201,Chairs Model 33,Furniture,Chairs
FUR-BOO-10212,Bookcases Model 46,Furniture,Bookcases
TEC-COP-10348,Copiers Model 36,Technology,Copiers
OFF-ENV-10014,Envelopes Model 1,Office Supplies,Envelopes
OFF-LAB-10756,Labels Model 27,Office Supplies,Labels
FUR-BOO-10582,Bookcases Model 26,Furniture,Bookcases
OFF-PAP-10327,Paper Model 18,Office Supplies,Paper
OFF-BIN-10765,Binders Model 12,Office Supplies,Binders
TEC-COP-10750,Copiers Model 3,Technology,Copiers
FUR-TAB-10314,Tables Model 46,Furniture,Tables
TEC-PHO-10749,Phones Model 19,Technology,Phones
TEC-ACC-10060,Accessories Model 30,Technology,Accessories
FUR-BOO-10562,Bookcases Model 21,Furniture,Bookcases
FUR-BOO-10107,Bookcases Model 22,Furniture,Bookcases
FUR-CHA-10107,Chairs Model 42,Furniture,Chairs
OFF-ENV-10511,Envelopes Model 5,Office Supplies,Envelopes
FUR-TAB-10757,Tables Model 40,Furniture,Tables
TEC-PHO-10528,Phones Model 34,Technology,Phones
OFF-APP-10152,Appliances Model 26,Office Supplies,Appliances
OFF-APP-10975,Appliances Model 50,Office Supplies,Appliances
FUR-TAB-10466,Tables Model 30,Furniture,Tables
TEC-PHO-10195,Phones Model 48,Technology,Phones
FUR-BOO-10016,Bookcases Model 6,Furniture,Bookcases
FUR-CHA-10221,Chairs Model 49,Furniture,Chairs
OFF-LAB-10438,Labels Model 1,Office Supplies,Labels
TEC-MAC-10426,Machines Model 41,Technology,Machines
FUR-BOO-10408,Bookcases Model 6,Furniture,Bookcases
OFF-PAP-10928,Paper Model 13,Office Supplies,Paper
TEC-PHO-10590,Phones Model 30,Technology,Phones
OFF-PAP-10319,Paper Model 18,Office Supplies,Paper
TEC-PHO-10706,Phones Model 29,Technology,Phones
FUR-FUR-10364,Furnishings Model 47,Furniture,Furnishings
FUR-FUR-10453,Furnishings Model 26,Furniture,Furnishings
FUR-CHA-10550,Chairs Model 22,Furniture,Chairs
FUR-TAB-10840,Tables Model 34,Furniture,Tables
TEC-COP-10752,Copiers Model 24,Technology,Copiers
OFF-ENV-10018,Envelopes Model 45,Office Supplies,Envelopes
FUR-FUR-10301,Furnishings Model 39,Furniture,Furnishings
TEC-COP-10678,Copiers Model 13,Technology,Copiers
FUR-FUR-10527,Furnishings Model 46,Furniture,Furnishings
TEC-ACC-10771,Accessories Model 6,Technology,Accessories
TEC-ACC-10468,Accessories Model 20,Technology,Accessories
FUR-TAB-10342,Tables Model 1,Furniture,Tables
FUR-BOO-10185,Bookcases Model 17,Furniture,Bookcases
OFF-APP-10656,Appliances Model 18,Office Supplies,Appliances
TEC-ACC-10485,Accessories Model 13,Technology,Accessories
FUR-FUR-10919,Furnishings Model 47,Furniture,Furnishings
FUR-CHA-10640,Chairs Model 36,Furniture,Chairs
OFF-PAP-10462,Paper Model 18,Office Supplies,Paper
TEC-PHO-10490,Phones Model 24,Technology,Phones
OFF-ART-10369,Art Model 40,Office Supplies,Art
OFF-ENV-10886,Envelopes Model 26,Office Supplies,Envelopes
OFF-SUP-10063,Supplies Model 18,Office Supplies,Supplies
FUR-BOO-10230,Bookcases Model 2,Furniture,Bookcases
FUR-FUR-10715,Furnishings Model 28,Furniture,Furnishings
TEC-COP-10824,Copiers Model 30,Technology,Copiers
FUR-CHA-10758,Chairs Model 32,Furniture,Chairs
FUR-FUR-10407,Furnishings Model 28,Furniture,Furnishings
OFF-STO-10319,Storage Model 30,Office Supplies,Storage
TEC-ACC-10531,Accessories Model 43,Technology,Accessories
TEC-MAC-10803,Machines Model 40,Technology,Machines
FUR-BOO-10530,Bookcases Model 12,Furniture,Bookcases
FUR-CHA-10998,Chairs Model 43,Furniture,Chairs
OFF-BIN-10787,Binders Model 39,Office Supplies,Binders
FUR-BOO-10378,Bookcases Model 36,Furniture,Bookcases
FUR-TAB-10447,Tables Model 33,Furniture,Tables
OFF-BIN-10880,Binders Model 29,Office Supplies,Binders
FUR-TAB-10628,Tables Model 12,Furniture,Tables
OFF-PAP-10514,Paper Model 31,Office Supplies,Paper
FUR-CHA-10910,Chairs Model 1,Furniture,Chairs
TEC-PHO-10939,Phones Model 16,Technology,Phones
OFF-LAB-10591,Labels Model 6,Office Supplies,Labels
TEC-COP-10324,Copiers Model 45,Technology,Copiers
TEC-ACC-10844,Accessories Model 34,Technology,Accessories
FUR-CHA-10670,Chairs Model 18,Furniture,Chairs
OFF-ENV-10102,Envelopes Model 6,Office Supplies,Envelopes
TEC-ACC-10639,Accessories Model 44,Technology,Accessories
OFF-ART-10604,Art Model 1,Office Supplies,Art
FUR-TAB-10024,Tables Model 14,Furniture,Tables
OFF-PAP-10210,Paper Model 45,Office Supplies,Paper
FUR-BOO-10527,Bookcases Model 23,Furniture,Bookcases
OFF-ART-10062,Art Model 5,Office Supplies,Art
FUR-TAB-10161,Tables Model 17,Furniture,Tables
OFF-PAP-10179,Paper Model 33,Office Supplies,Paper
OFF-STO-10382,Storage Model 22,Office Supplies,Storage
OFF-STO-10495,Storage Model 13,Office Supplies,Storage
FUR-BOO-10658,Bookcases Model 30,Furniture,Bookcases
FUR-FUR-10109,Furnishings Model 19,Furniture,Furnishings
OFF-FAS-10115,Fasteners Model 14,Office Supplies,Fasteners
FUR-BOO-10987,Bookcases Model 24,Furniture,Bookcases
TEC-COP-10707,Copiers Model 28,Technology,Copiers
OFF-FAS-10630,Fasteners Model 19,Office Supplies,Fasteners
TEC-MAC-10441,Machines Model 26,Technology,Machines
TEC-COP-10919,Copiers Model 5,Technology,Copiers
FUR-CHA-10958,Chairs Model 34,Furniture,Chairs
OFF-LAB-10758,Labels Model 38,Office Supplies,Labels
FUR-FUR-10642,Furnishings Model 5,Furniture,Furnishings
FUR-FUR-10282,Furnishings Model 20,Furniture,Furnishings
FUR-FUR-10416,Furnishings Model 5,Furniture,Furnishings
TEC-ACC-10383,Accessories Model 45,Technology,Accessories
FUR-CHA-10588,Chairs Model 41,Furniture,Chairs
TEC-MAC-10480,Machines Model 19,Technology,Machines
TEC-MAC-10800,Machines Model 10,Technology,Machines
FUR-TAB-10731,Tables Model 4,Furniture,Tables
TEC-COP-10073,Copiers Model 7,Technology,Copiers
TEC-PHO-10970,Phones Model 27,Technology,Phones
FUR-TAB-10345,Tables Model 34,Furniture,Tables
FUR-FUR-10954,Furnishings Model 19,Furniture,Furnishings
FUR-FUR-10065,Furnishings Model 14,Furniture,Furnishings
FUR-BOO-10045,Bookcases Model 18,Furniture,Bookcases
OFF-SUP-10948,Supplies Model 46,Office Supplies,Supplies
FUR-FUR-10057,Furnishings Model 9,Furniture,Furnishings
FUR-CHA-10423,Chairs Model 50,Furniture,Chairs
FUR-TAB-10087,Tables Model 38,Furniture,Tables
TEC-PHO-10520,Phones Model 22,Technology,Phones
FUR-BOO-10165,Bookcases Model 11,Furniture,Bookcases
TEC-MAC-10048,Machines Model 33,Technology,Machines
FUR-TAB-10555,Tables Model 2,Furniture,Tables
OFF-ENV-10674,Envelopes Model 2,Office Supplies,Envelopes
OFF-PAP-10823,Paper Model 31,Office Supplies,Paper
OFF-PAP-10266,Paper Model 11,Office Supplies,Paper
OFF-FAS-10178,Fasteners Model 33,Office Supplies,Fasteners
TEC-ACC-10139,Accessories Model 25,Technology,Accessories
OFF-BIN-10051,Binders Model 50,Office Supplies,Binders
FUR-FUR-10432,Furnishings Model 1,Furniture,Furnishings
TEC-COP-10972,Copiers Model 48,Technology,Copiers
OFF-PAP-10217,Paper Model 9,Office Supplies,Paper
TEC-PHO-10793,Phones Model 27,Technology,Phones
FUR-FUR-10964,Furnishings Model 39,Furniture,Furnishings
OFF-FAS-10867,Fasteners Model 19,Office Supplies,Fasteners
FUR-FUR-10479,Furnishings Model 31,Furniture,Furnishings
OFF-APP-10684,Appliances Model 47,Office Supplies,Appliances
OFF-LAB-10325,Labels Model 42,Office Supplies,Labels
OFF-BIN-10643,Binders Model 6,Office Supplies,Binders
TEC-MAC-10033,Machines Model 26,Technology,Machines
TEC-ACC-10586,Accessories Model 44,Technology,Accessories
FUR-CHA-10205,Chairs Model 14,Furniture,Chairs
TEC-COP-10246,Copiers Model 15,Technology,Copiers
OFF-LAB-10620,Labels Model 49,Office Supplies,Labels
OFF-BIN-10457,Binders Model 10,Office Supplies,Binders
FUR-BOO-10321,Bookcases Model 48,Furniture,Bookcases
TEC-COP-10997,Copiers Model 22,Technology,Copiers
OFF-LAB-10128,Labels Model 25,Office Supplies,Labels
OFF-ENV-10401,Envelopes Model 13,Office Supplies,Envelopes
OFF-LAB-10497,Labels Model 33,Office Supplies,Labels
FUR-BOO-10524,Bookcases Model 26,Furniture,Bookcases
TEC-ACC-10099,Accessories Model 5,Technology,Accessories
OFF-STO-10514,Storage Model 50,Office Supplies,Storage
TEC-MAC-10473,Machines Model 25,Technology,Machines
FUR-BOO-10651,Bookcases Model 45,Furniture,Bookcases
OFF-LAB-10328,Labels Model 5,Office Supplies,Labels
TEC-PHO-10842,Phones Model 21,Technology,Phones
FUR-BOO-10320,Bookcases Model 25,Furniture,Bookcases
TEC-ACC-10686,Accessories Model 2,Technology,Accessories
OFF-BIN-10157,Binders Model 16,Office Supplies,Binders
TEC-ACC-10317,Accessories Model 18,Technology,Accessories
TEC-PHO-10166,Phones Model 20,Technology,Phones
FUR-TAB-10328,Tables Model 1,Furniture,Tables
TEC-PHO-10025,Phones Model 25,Technology,Phones
TEC-MAC-10027,Machines Model 5,Technology,Machines
TEC-COP-10352,Copiers Model 50,Technology,Copiers
OFF-SUP-10134,Supplies Model 33,Office Supplies,Supplies
FUR-CHA-10474,Chairs Model 4,Furniture,Chairs
TEC-PHO-10447,Phones Model 35,Technology,Phones
TEC-ACC-10575,Accessories Model 12,Technology,Accessories
TEC-MAC-10895,Machines Model 20,Technology,Machines
FUR-BOO-10957,Bookcases Model 19,Furniture,Bookcases
TEC-MAC-10120,Machines Model 36,Technology,Machines
FUR-BOO-10804,Bookcases Model 50,Furniture,Bookcases
OFF-FAS-10427,Fasteners Model 10,Office Supplies,Fasteners
OFF-ENV-10574,Envelopes Model 1,Office Supplies,Envelopes
FUR-BOO-10604,Bookcases Model 31,Furniture,Bookcases
TEC-MAC-10081,Machines Model 9,Technology,Machines
FUR-CHA-10063,Chairs Model 2,Furniture,Chairs
OFF-ART-10853,Art Model 30,Office Supplies,Art
OFF-LAB-10216,Labels Model 49,Office Supplies,Labels
OFF-STO-10474,Storage Model 48,Office Supplies,Storage
FUR-FUR-10509,Furnishings Model 28,Furniture,Furnishings
FUR-CHA-10597,Chairs Model 8,Furniture,Chairs
OFF-PAP-10606,Paper Model 45,Office Supplies,Paper
FUR-TAB-10122,Tables Model 47,Furniture,Tables
FUR-TAB-10012,Tables Model 43,Furniture,Tables
OFF-STO-10196,Storage Model 44,Office Supplies,Storage
FUR-FUR-10995,Furnishings Model 10,Furniture,Furnishings
TEC-MAC-10552,Machines Model 50,Technology,Machines
TEC-ACC-10340,Accessories Model 46,Technology,Accessories
TEC-PHO-10877,Phones Model 10,Technology,Phones
TEC-COP-10168,Copiers Model 3,Technology,Copiers
TEC-MAC-10684,Machines Model 47,Technology,Machines
TEC-MAC-10458,Machines Model 24,Technology,Machines
OFF-BIN-10496,Binders Model 20,Office Supplies,Binders
TEC-PHO-10916,Phones Model 2,Technology,Phones
OFF-BIN-10348,Binders Model 17,Office Supplies,Binders
TEC-ACC-10324,Accessories Model 49,Technology,Accessories
FUR-TAB-10304,Tables Model 5,Furniture,Tables
FUR-TAB-10992,Tables Model 27,Furniture,Tables
FUR-TAB-10540,Tables Model 8,Furniture,Tables
FUR-BOO-10347,Bookcases Model 13,Furniture,Bookcases
OFF-BIN-10189,Binders Model 19,Office Supplies,Binders
FUR-BOO-10197,Bookcases Model 15,Furniture,Bookcases
FUR-BOO-10121,Bookcases Model 9,Furniture,Bookcases
FUR-TAB-10482,Tables Model 49,Furniture,Tables
FUR-BOO-10956,Bookcases Model 50,Furniture,Bookcases
TEC-COP-10303,Copiers Model 2,Technology,Copiers
FUR-FUR-10019,Furnishings Model 14,Furniture,Furnishings
OFF-FAS-10821,Fasteners Model 24,Office Supplies,Fasteners
TEC-PHO-10995,Phones Model 9,Technology,Phones
OFF-ENV-10346,Envelopes Model 15,Office Supplies,Envelopes
OFF-APP-10171,Appliances Model 27,Office Supplies,Appliances
TEC-COP-10708,Copiers Model 3,Technology,Copiers
OFF-FAS-10040,Fasteners Model 45,Office Supplies,Fasteners
TEC-ACC-10389,Accessories Model 22,Technology,Accessories
FUR-BOO-10218,Bookcases Model 41,Furniture,Bookcases
TEC-COP-10748,Copiers Model 50,Technology,Copiers
OFF-BIN-10826,Binders Model 45,Office Supplies,Binders
OFF-SUP-10534,Supplies Model 44,Office Supplies,Supplies
TEC-MAC-10475,Machines Model 22,Technology,Machines
FUR-TAB-10820,Tables Model 50,Furniture,Tables
TEC-COP-10066,Copiers Model 19,Technology,Copiers
OFF-STO-10998,Storage Model 27,Office Supplies,Storage
FUR-CHA-10096,Chairs Model 1,Furniture,Chairs
OFF-SUP-10579,Supplies Model 13,Office Supplies,Supplies
OFF-STO-10081,Storage Model 6,Office Supplies,Storage
OFF-ART-10334,Art Model 3,Office Supplies,Art
FUR-BOO-10970,Bookcases Model 23,Furniture,Bookcases
TEC-MAC-10644,Machines Model 21,Technology,Machines
OFF-SUP-10014,Supplies Model 16,Office Supplies,Supplies
FUR-FUR-10510,Furnishings Model 13,Furniture,Furnishings
TEC-PHO-10032,Phones Model 41,Technology,Phones
FUR-FUR-10850,Furnishings Model 21,Furniture,Furnishings
TEC-MAC-10514,Machines Model 48,Technology,Machines
TEC-ACC-10774,Accessories Model 47,Technology,Accessories
TEC-MAC-10913,Machines Model 47,Technology,Machines
FUR-BOO-10835,Bookcases Model 24,Furniture,Bookcases
OFF-ENV-10238,Envelopes Model 41,Office Supplies,Envelopes
OFF-FAS-10766,Fasteners Model 50,Office Supplies,Fasteners
TEC-PHO-10896,Phones Model 47,Technology,Phones
FUR-CHA-10768,Chairs Model 1,Furniture,Chairs
TEC-COP-10884,Copiers Model 13,Technology,Copiers
FUR-FUR-10080,Furnishings Model 18,Furniture,Furnishings
FUR-BOO-10288,Bookcases Model 13,Furniture,Bookcases
TEC-ACC-10893,Accessories Model 4,Technology,Accessories
OFF-SUP-10341,Supplies Model 39,Office Supplies,Supplies
OFF-SUP-10021,Supplies Model 1,Office Supplies,Supplies
FUR-BOO-10738,Bookcases Model 23,Furniture,Bookcases
OFF-SUP-10033,Supplies Model 48,Office Supplies,Supplies
TEC-ACC-10862,Accessories Model 32,Technology,Accessories
TEC-ACC-10064,Accessories Model 29,Technology,Accessories
OFF-STO-10347,Storage Model 28,Office Supplies,Storage
TEC-MAC-10917,Machines Model 45,Technology,Machines
TEC-PHO-10203,Phones Model 44,Technology,Phones
FUR-CHA-10571,Chairs Model 19,Furniture,Chairs
FUR-FUR-10036,Furnishings Model 25,Furniture,Furnishings
OFF-STO-10210,Storage Model 7,Office Supplies,Storage
TEC-PHO-10608,Phones Model 43,Technology,Phones
FUR-FUR-10523,Furnishings Model 19,Furniture,Furnishings
TEC-MAC-10942,Machines Model 19,Technology,Machines
FUR-BOO-10879,Bookcases Model 16,Furniture,Bookcases
OFF-ENV-10065,Envelopes Model 12,Office Supplies,Envelopes
FUR-TAB-10488,Tables Model 6,Furniture,Tables
TEC-PHO-10099,Phones Model 34,Technology,Phones
FUR-FUR-10129,Furnishings Model 27,Furniture,Furnishings
FUR-BOO-10641,Bookcases Model 50,Furniture,Bookcases
OFF-STO-10547,Storage Model 6,Office Supplies,Storage
TEC-ACC-10865,Accessories Model 41,Technology,Accessories
TEC-COP-10222,Copiers Model 40,Technology,Copiers
TEC-ACC-10787,Accessories Model 5,Technology,Accessories
OFF-STO-10706,Storage Model 48,Office Supplies,Storage
FUR-FUR-10269,Furnishings Model 6,Furniture,Furnishings
TEC-PHO-10207,Phones Model 38,Technology,Phones
OFF-STO-10488,Storage Model 48,Office Supplies,Storage
TEC-PHO-10098,Phones Model 33,Technology,Phones
OFF-PAP-10634,Paper Model 47,Office Supplies,Paper
OFF-PAP-10603,Paper Model 46,Office Supplies,Paper
FUR-TAB-10149,Tables Model 2,Furniture,Tables
OFF-STO-10413,Storage Model 49,Office Supplies,Storage
FUR-BOO-10250,Bookcases Model 5,Furniture,Bookcases
TEC-MAC-10126,Machines Model 33,Technology,Machines
TEC-COP-10035,Copiers Model 7,Technology,Copiers
OFF-ART-10700,Art Model 37,Office Supplies,Art
OFF-FAS-10166,Fasteners Model 50,Office Supplies,Fasteners
FUR-FUR-10874,Furnishings Model 45,Furniture,Furnishings
TEC-PHO-10591,Phones Model 28,Technology,Phones
FUR-BOO-10512,Bookcases Model 41,Furniture,Bookcases
FUR-FUR-10615,Furnishings Model 42,Furniture,Furnishings
TEC-COP-10026,Copiers Model 42,Technology,Copiers
TEC-ACC-10219,Accessories Model 1,Technology,Accessories
TEC-ACC-10379,Accessories Model 2,Technology,Accessories
OFF-STO-10378,Storage Model 48,Office Supplies,Storage
TEC-COP-10448,Copiers Model 28,Technology,Copiers
FUR-TAB-10279,Tables Model 8,Furniture,Tables
TEC-COP-10741,Copiers Model 13,Technology,Copiers
TEC-COP-10989,Copiers Model 35,Technology,Copiers
FUR-FUR-10136,Furnishings Model 8,Furniture,Furnishings
OFF-PAP-10825,Paper Model 50,Office Supplies,Paper
TEC-COP-10271,Copiers Model 28,Technology,Copiers
TEC-ACC-10726,Accessories Model 16,Technology,Accessories
FUR-TAB-10772,Tables Model 26,Furniture,Tables
FUR-TAB-10487,Tables Model 49,Furniture,Tables
FUR-FUR-10537,Furnishings Model 50,Furniture,Furnishings
FUR-CHA-10892,Chairs Model 18,Furniture,Chairs
TEC-PHO-10390,Phones Model 19,Technology,Phones
TEC-COP-10747,Copiers Model 44,Technology,Copiers
FUR-BOO-10824,Bookcases Model 40,Furniture,Bookcases
OFF-FAS-10119,Fasteners Model 28,Office Supplies,Fasteners
OFF-SUP-10217,Supplies Model 12,Office Supplies,Supplies
FUR-CHA-10931,Chairs Model 29,Furniture,Chairs
OFF-BIN-10612,Binders Model 24,Office Supplies,Binders
TEC-PHO-10065,Phones Model 30,Technology,Phones
FUR-CHA-10138,Chairs Model 33,Furniture,Chairs
TEC-ACC-10885,Accessories Model 4,Technology,Accessories
TEC-ACC-10627,Accessories Model 36,Technology,Accessories
OFF-SUP-10006,Supplies Model 38,Office Supplies,Supplies
TEC-MAC-10427,Machines Model 26,Technology,Machines
TEC-MAC-10438,Machines Model 22,Technology,Machines
OFF-SUP-10721,Supplies Model 13,Office Supplies,Supplies
OFF-ART-10928,Art Model 18,Office Supplies,Art
OFF-STO-10780,Storage Model 44,Office Supplies,Storage
FUR-TAB-10378,Tables Model 11,Furniture,Tables
FUR-FUR-10822,Furnishings Model 24,Furniture,Furnishings
OFF-ENV-10929,Envelopes Model 36,Office Supplies,Envelopes
TEC-MAC-10464,Machines Model 35,Technology,Machines
FUR-CHA-10437,Chairs Model 27,Furniture,Chairs
FUR-BOO-10549,Bookcases Model 36,Furniture,Bookcases
OFF-APP-10633,Appliances Model 39,Office Supplies,Appliances
FUR-TAB-10522,Tables Model 20,Furniture,Tables
FUR-TAB-10167,Tables Model 32,Furniture,Tables
TEC-MAC-10781,Machines Model 25,Technology,Machines
FUR-FUR-10712,Furnishings Model 44,Furniture,Furnishings
OFF-ENV-10088,Envelopes Model 33,Office Supplies,Envelopes
FUR-BOO-10006,Bookcases Model 5,Furniture,Bookcases
OFF-STO-10705,Storage Model 23,Office Supplies,Storage
FUR-CHA-10233,Chairs Model 13,Furniture,Chairs
OFF-FAS-10498,Fasteners Model 8,Office Supplies,Fasteners
TEC-MAC-10334,Machines Model 35,Technology,Machines
TEC-PHO-10466,Phones Model 2,Technology,Phones
OFF-FAS-10690,Fasteners Model 40,Office Supplies,Fasteners
TEC-PHO-10827,Phones Model 30,Technology,Phones
FUR-TAB-10266,Tables Model 30,Furniture,Tables
FUR-BOO-10984,Bookcases Model 37,Furniture,Bookcases
OFF-BIN-10843,Binders Model 4,Office Supplies,Binders
TEC-PHO-10718,Phones Model 13,Technology,Phones
OFF-ENV-10171,Envelopes Model 13,Office Supplies,Envelopes
TEC-MAC-10159,Machines Model 21,Technology,Machines
TEC-MAC-10080,Machines Model 11,Technology,Machines
FUR-CHA-10294,Chairs Model 48,Furniture,Chairs
TEC-ACC-10370,Accessories Model 10,Technology,Accessories
OFF-APP-10696,Appliances Model 19,Office Supplies,Appliances
OFF-FAS-10912,Fasteners Model 7,Office Supplies,Fasteners
FUR-FUR-10422,Furnishings Model 48,Furniture,Furnishings
TEC-ACC-10556,Accessories Model 29,Technology,Accessories
OFF-SUP-10200,Supplies Model 12,Office Supplies,Supplies
OFF-PAP-10990,Paper Model 36,Office Supplies,Paper
FUR-CHA-10036,Chairs Model 10,Furniture,Chairs
OFF-STO-10035,Storage Model 9,Office Supplies,Storage
TEC-COP-10700,Copiers Model 19,Technology,Copiers
TEC-ACC-10338,Accessories Model 37,Technology,Accessories
OFF-LAB-10580,Labels Model 18,Office Supplies,Labels
OFF-ART-10564,Art Model 3,Office Supplies,Art
TEC-MAC-10571,Machines Model 23,Technology,Machines
FUR-CHA-10823,Chairs Model 27,Furniture,Chairs
OFF-PAP-10259,Paper Model 2,Office Supplies,Paper
TEC-PHO-10769,Phones Model 41,Technology,Phones
FUR-FUR-10958,Furnishings Model 17,Furniture,Furnishings
OFF-STO-10612,Storage Model 31,Office Supplies,Storage
FUR-CHA-10781,Chairs Model 17,Furniture,Chairs
FUR-TAB-10144,Tables Model 27,Furniture,Tables
OFF-ENV-10742,Envelopes Model 12,Office Supplies,Envelopes
TEC-COP-10180,Copiers Model 8,Technology,Copiers
FUR-BOO-10981,Bookcases Model 13,Furniture,Bookcases
TEC-MAC-10747,Machines Model 5,Technology,Machines
FUR-FUR-10674,Furnishings Model 20,Furniture,Furnishings
OFF-PAP-10629,Paper Model 50,Office Supplies,Paper
TEC-ACC-10877,Accessories Model 39,Technology,Accessories
OFF-STO-10597,Storage Model 21,Office Supplies,Storage
TEC-ACC-10797,Accessories Model 6,Technology,Accessories
FUR-FUR-10932,Furnishings Model 36,Furniture,Furnishings
FUR-CHA-10069,Chairs Model 7,Furniture,Chairs
TEC-PHO-10449,Phones Model 36,Technology,Phones
OFF-APP-10692,Appliances Model 44,Office Supplies,Appliances
TEC-MAC-10243,Machines Model 42,Technology,Machines
FUR-BOO-10584,Bookcases Model 36,Furniture,Bookcases
TEC-PHO-10828,Phones Model 12,Technology,Phones
OFF-LAB-10501,Labels Model 1,Office Supplies,Labels
TEC-MAC-10125,Machines Model 46,Technology,Machines
OFF-ART-10421,Art Model 19,Office Supplies,Art
OFF-FAS-10852,Fasteners Model 39,Office Supplies,Fasteners
FUR-TAB-10709,Tables Model 16,Furniture,Tables
OFF-FAS-10474,Fasteners Model 34,Office Supplies,Fasteners
TEC-MAC-10765,Machines Model 3,Technology,Machines
OFF-STO-10964,Storage Model 7,Office Supplies,Storage
OFF-FAS-10604,Fasteners Model 29,Office Supplies,Fasteners
OFF-FAS-10815,Fasteners Model 42,Office Supplies,Fasteners
FUR-FUR-10260,Furnishings Model 17,Furniture,Furnishings
FUR-BOO-10156,Bookcases Model 2,Furniture,Bookcases
TEC-PHO-10064,Phones Model 29,Technology,Phones
FUR-FUR-10862,Furnishings Model 23,Furniture,Furnishings
TEC-MAC-10397,Machines Model 23,Technology,Machines
OFF-APP-10039,Appliances Model 32,Office Supplies,Appliances
FUR-CHA-10370,Chairs Model 47,Furniture,Chairs
OFF-ART-10548,Art Model 4,Office Supplies,Art
TEC-COP-10553,Copiers Model 24,Technology,Copiers
FUR-TAB-10253,Tables Model 32,Furniture,Tables
OFF-SUP-10277,Supplies Model 26,Office Supplies,Supplies
TEC-MAC-10098,Machines Model 45,Technology,Machines
FUR-BOO-10440,Bookcases Model 11,Furniture,Bookcases
OFF-APP-10538,Appliances Model 30,Office Supplies,Appliances
TEC-ACC-10822,Accessories Model 16,Technology,Accessories
FUR-CHA-10058,Chairs Model 31,Furniture,Chairs
FUR-TAB-10145,Tables Model 34,Furniture,Tables
OFF-BIN-10553,Binders Model 37,Office Supplies,Binders
FUR-TAB-10189,Tables Model 1,Furniture,Tables
TEC-ACC-10503,Accessories Model 31,Technology,Accessories
TEC-PHO-10841,Phones Model 20,Technology,Phones
OFF-STO-10408,Storage Model 23,Office Supplies,Storage
FUR-TAB-10280,Tables Model 19,Furniture,Tables
TEC-COP-10873,Copiers Model 50,Technology,Copiers
FUR-FUR-10974,Furnishings Model 1,Furniture,Furnishings
OFF-LAB-10544,Labels Model 47,Office Supplies,Labels
OFF-ENV-10638,Envelopes Model 4,Office Supplies,Envelopes
TEC-COP-10580,Copiers Model 16,Technology,Copiers
TEC-COP-10269,Copiers Model 25,Technology,Copiers
OFF-ENV-10142,Envelopes Model 1,Office Supplies,Envelopes
FUR-CHA-10536,Chairs Model 18,Furniture,Chairs
OFF-SUP-10477,Supplies Model 4,Office Supplies,Supplies
TEC-ACC-10478,Accessories Model 34,Technology,Accessories
FUR-CHA-10181,Chairs Model 18,Furniture,Chairs
OFF-APP-10701,Appliances Model 37,Office Supplies,Appliances
FUR-CHA-10215,Chairs Model 25,Furniture,Chairs
TEC-MAC-10510,Machines Model 31,Technology,Machines
OFF-STO-10245,Storage Model 11,Office Supplies,Storage
OFF-PAP-10830,Paper Model 17,Office Supplies,Paper
FUR-FUR-10558,Furnishings Model 10,Furniture,Furnishings
FUR-BOO-10705,Bookcases Model 14,Furniture,Bookcases
FUR-FUR-10861,Furnishings Model 20,Furniture,Furnishings
OFF-BIN-10989,Binders Model 28,Office Supplies,Binders
TEC-COP-10042,Copiers Model 25,Technology,Copiers
TEC-MAC-10423,Machines Model 10,Technology,Machines
FUR-BOO-10298,Bookcases Model 28,Furniture,Bookcases
FUR-FUR-10803,Furnishings Model 4,Furniture,Furnishings
TEC-MAC-10390,Machines Model 35,Technology,Machines
OFF-FAS-10017,Fasteners Model 1,Office Supplies,Fasteners
FUR-CHA-10519,Chairs Model 12,Furniture,Chairs
OFF-ENV-10715,Envelopes Model 42,Office Supplies,Envelopes
FUR-CHA-10980,Chairs Model 20,Furniture,Chairs
TEC-PHO-10692,Phones Model 34,Technology,Phones
FUR-CHA-10960,Chairs Model 13,Furniture,Chairs
OFF-LAB-10732,Labels Model 44,Office Supplies,Labels
FUR-CHA-10707,Chairs Model 25,Furniture,Chairs
OFF-SUP-10426,Supplies Model 50,Office Supplies,Supplies
TEC-ACC-10377,Accessories Model 26,Technology,Accessories
TEC-ACC-10915,Accessories Model 39,Technology,Accessories
FUR-FUR-10961,Furnishings Model 36,Furniture,Furnishings
FUR-FUR-10987,Furnishings Model 32,Furniture,Furnishings
FUR-FUR-10811,Furnishings Model 4,Furniture,Furnishings
FUR-CHA-10854,Chairs Model 50,Furniture,Chairs
TEC-ACC-10660,Accessories Model 29,Technology,Accessories
TEC-COP-10211,Copiers Model 26,Technology,Copiers
OFF-PAP-10886,Paper Model 33,Office Supplies,Paper
FUR-TAB-10138,Tables Model 25,Furniture,Tables
OFF-FAS-10712,Fasteners Model 25,Office Supplies,Fasteners
OFF-PAP-10708,Paper Model 43,Office Supplies,Paper
TEC-PHO-10478,Phones Model 50,Technology,Phones
OFF-STO-10267,Storage Model 26,Office Supplies,Storage
FUR-BOO-10818,Bookcases Model 41,Furniture,Bookcases
TEC-PHO-10510,Phones Model 44,Technology,Phones
FUR-FUR-10230,Furnishings Model 50,Furniture,Furnishings
OFF-APP-10720,Appliances Model 29,Office Supplies,Appliances
FUR-FUR-10381,Furnishings Model 26,Furniture,Furnishings
OFF-STO-10320,Storage Model 3,Office Supplies,Storage
OFF-APP-10357,Appliances Model 42,Office Supplies,Appliances
OFF-FAS-10055,Fasteners Model 29,Office Supplies,Fasteners
OFF-APP-10020,Appliances Model 26,Office Supplies,Appliances
FUR-BOO-10148,Bookcases Model 30,Furniture,Bookcases
FUR-CHA-10728,Chairs Model 2,Furniture,Chairs
TEC-PHO-10837,Phones Model 26,Technology,Phones
FUR-TAB-10933,Tables Model 42,Furniture,Tables
FUR-CHA-10211,Chairs Model 6,Furniture,Chairs
OFF-BIN-10588,Binders Model 17,Office Supplies,Binders
FUR-TAB-10162,Tables Model 22,Furniture,Tables
OFF-STO-10476,Storage Model 19,Office Supplies,Storage
TEC-PHO-10395,Phones Model 45,Technology,Phones
OFF-ART-10121,Art Model 37,Office Supplies,Art
FUR-FUR-10454,Furnishings Model 8,Furniture,Furnishings
OFF-APP-10330,Appliances Model 49,Office Supplies,Appliances
OFF-SUP-10175,Supplies Model 3,Office Supplies,Supplies
TEC-ACC-10612,Accessories Model 36,Technology,Accessories
FUR-BOO-10860,Bookcases Model 11,Furniture,Bookcases
OFF-LAB-10050,Labels Model 25,Office Supplies,Labels
TEC-MAC-10086,Machines Model 50,Technology,Machines
FUR-TAB-10797,Tables Model 29,Furniture,Tables
FUR-BOO-10772,Bookcases Model 7,Furniture,Bookcases
FUR-BOO-10052,Bookcases Model 3,Furniture,Bookcases
OFF-STO-10640,Storage Model 31,Office Supplies,Storage
TEC-COP-10626,Copiers Model 17,Technology,Copiers
TEC-PHO-10561,Phones Model 8,Technology,Phones
FUR-FUR-10082,Furnishings Model 43,Furniture,Furnishings
TEC-PHO-10593,Phones Model 36,Technology,Phones
OFF-ENV-10818,Envelopes Model 25,Office Supplies,Envelopes
OFF-LAB-10061,Labels Model 25,Office Supplies,Labels
OFF-STO-10336,Storage Model 14,Office Supplies,Storage
FUR-BOO-10721,Bookcases Model 41,Furniture,Bookcases
TEC-ACC-10756,Accessories Model 28,Technology,Accessories
TEC-MAC-10836,Machines Model 50,Technology,Machines
TEC-ACC-10106,Accessories Model 50,Technology,Accessories
OFF-PAP-10446,Paper Model 15,Office Supplies,Paper
OFF-LAB-10877,Labels Model 39,Office Supplies,Labels
TEC-ACC-10857,Accessories Model 14,Technology,Accessories
TEC-MAC-10347,Machines Model 13,Technology,Machines
TEC-PHO-10259,Phones Model 24,Technology,Phones
TEC-COP-10477,Copiers Model 1,Technology,Copiers
FUR-TAB-10644,Tables Model 24,Furniture,Tables
OFF-FAS-10044,Fasteners Model 15,Office Supplies,Fasteners
OFF-ENV-10182,Envelopes Model 9,Office Supplies,Envelopes
FUR-FUR-10641,Furnishings Model 48,Furniture,Furnishings
FUR-CHA-10431,Chairs Model 31,Furniture,Chairs
OFF-APP-10031,Appliances Model 44,Office Supplies,Appliances
OFF-FAS-10091,Fasteners Model 2,Office Supplies,Fasteners
FUR-BOO-10348,Bookcases Model 14,Furniture,Bookcases
FUR-BOO-10484,Bookcases Model 26,Furniture,Bookcases
OFF-APP-10350,Appliances Model 44,Office Supplies,Appliances
FUR-BOO-10796,Bookcases Model 40,Furniture,Bookcases
TEC-MAC-10262,Machines Model 9,Technology,Machines
TEC-ACC-10731,Accessories Model 31,Technology,Accessories
OFF-BIN-10904,Binders Model 47,Office Supplies,Binders
OFF-LAB-10701,Labels Model 6,Office Supplies,Labels
OFF-FAS-10691,Fasteners Model 30,Office Supplies,Fasteners
TEC-ACC-10351,Accessories Model 14,Technology,Accessories
TEC-PHO-10671,Phones Model 10,Technology,Phones
FUR-CHA-10024,Chairs Model 37,Furniture,Chairs
TEC-ACC-10891,Accessories Model 34,Technology,Accessories
TEC-MAC-10053,Machines Model 8,Technology,Machines
FUR-BOO-10486,Bookcases Model 41,Furniture,Bookcases
OFF-FAS-10975,Fasteners Model 49,Office Supplies,Fasteners
TEC-COP-10900,Copiers Model 23,Technology,Copiers
OFF-LAB-10473,Labels Model 11,Office Supplies,Labels
FUR-BOO-10963,Bookcases Model 50,Furniture,Bookcases
TEC-ACC-10888,Accessories Model 49,Technology,Accessories
TEC-MAC-10960,Machines Model 23,Technology,Machines
TEC-PHO-10006,Phones Model 44,Technology,Phones
TEC-COP-10957,Copiers Model 42,Technology,Copiers
FUR-FUR-10011,Furnishings Model 50,Furniture,Furnishings
OFF-STO-10072,Storage Model 32,Office Supplies,Storage
FUR-FUR-10089,Furnishings Model 1,Furniture,Furnishings
FUR-CHA-10086,Chairs Model 6,Furniture,Chairs
TEC-ACC-10602,Accessories Model 18,Technology,Accessories
FUR-TAB-10767,Tables Model 32,Furniture,Tables
FUR-TAB-10182,Tables Model 44,Furniture,Tables
OFF-PAP-10943,Paper Model 1,Office Supplies,Paper
TEC-MAC-10717,Machines Model 39,Technology,Machines
TEC-PHO-10632,Phones Model 19,Technology,Phones
FUR-BOO-10915,Bookcases Model 41,Furniture,Bookcases
FUR-FUR-10608,Furnishings Model 31,Furniture,Furnishings
TEC-PHO-10152,Phones Model 12,Technology,Phones
FUR-CHA-10170,Chairs Model 32,Furniture,Chairs
FUR-TAB-10775,Tables Model 35,Furniture,Tables
TEC-MAC-10083,Machines Model 3,Technology,Machines
TEC-PHO-10082,Phones Model 50,Technology,Phones
OFF-ART-10802,Art Model 29,Office Supplies,Art
OFF-BIN-10764,Binders Model 43,Office Supplies,Binders
OFF-PAP-10231,Paper Model 15,Office Supplies,Paper
OFF-BIN-10695,Binders Model 30,Office Supplies,Binders
OFF-STO-10553,Storage Model 3,Office Supplies,Storage
TEC-PHO-10044,Phones Model 27,Technology,Phones
OFF-APP-10531,Appliances Model 48,Office Supplies,Appliances
TEC-COP-10636,Copiers Model 38,Technology,Copiers
FUR-TAB-10929,Tables Model 3,Furniture,Tables
FUR-CHA-10867,Chairs Model 17,Furniture,Chairs
OFF-APP-10909,Appliances Model 30,Office Supplies,Appliances
OFF-ENV-10294,Envelopes Model 5,Office Supplies,Envelopes
TEC-COP-10112,Copiers Model 42,Technology,Copiers
FUR-TAB-10325,Tables Model 4,Furniture,Tables
TEC-PHO-10743,Phones Model 19,Technology,Phones
OFF-FAS-10439,Fasteners Model 39,Office Supplies,Fasteners
TEC-ACC-10614,Accessories Model 5,Technology,Accessories
FUR-TAB-10498,Tables Model 44,Furniture,Tables
FUR-TAB-10576,Tables Model 5,Furniture,Tables
FUR-FUR-10543,Furnishings Model 8,Furniture,Furnishings
OFF-STO-10636,Storage Model 48,Office Supplies,Storage
OFF-ENV-10710,Envelopes Model 17,Office Supplies,Envelopes
FUR-CHA-10048,Chairs Model 9,Furniture,Chairs
FUR-BOO-10951,Bookcases Model 21,Furniture,Bookcases
TEC-PHO-10633,Phones Model 25,Technology,Phones
OFF-PAP-10414,Paper Model 49,Office Supplies,Paper
OFF-APP-10280,Appliances Model 35,Office Supplies,Appliances
FUR-TAB-10019,Tables Model 43,Furniture,Tables
OFF-SUP-10138,Supplies Model 38,Office Supplies,Supplies
FUR-BOO-10401,Bookcases Model 3,Furniture,Bookcases
OFF-LAB-10554,Labels Model 44,Office Supplies,Labels
OFF-ENV-10540,Envelopes Model 35,Office Supplies,Envelopes
TEC-COP-10527,Copiers Model 41,Technology,Copiers
TEC-MAC-10565,Machines Model 47,Technology,Machines
TEC-ACC-10997,Accessories Model 5,Technology,Accessories
OFF-ART-10954,Art Model 46,Office Supplies,Art
OFF-LAB-10527,Labels Model 34,Office Supplies,Labels
FUR-TAB-10513,Tables Model 41,Furniture,Tables
FUR-CHA-10021,Chairs Model 10,Furniture,Chairs
TEC-PHO-10815,Phones Model 17,Technology,Phones
OFF-STO-10776,Storage Model 6,Office Supplies,Storage
OFF-ART-10449,Art Model 30,Office Supplies,Art
OFF-APP-10097,Appliances Model 9,Office Supplies,Appliances
FUR-TAB-10859,Tables Model 49,Furniture,Tables
TEC-ACC-10940,Accessories Model 13,Technology,Accessories
TEC-PHO-10242,Phones Model 1,Technology,Phones
FUR-FUR-10266,Furnishings Model 21,Furniture,Furnishings
FUR-CHA-10868,Chairs Model 19,Furniture,Chairs
FUR-CHA-10919,Chairs Model 4,Furniture,Chairs
TEC-MAC-10826,Machines Model 18,Technology,Machines
OFF-ART-10473,Art Model 16,Office Supplies,Art
FUR-BOO-10059,Bookcases Model 28,Furniture,Bookcases
FUR-BOO-10949,Bookcases Model 50,Furniture,Bookcases
FUR-TAB-10598,Tables Model 32,Furniture,Tables
FUR-CHA-10837,Chairs Model 38,Furniture,Chairs
TEC-ACC-10382,Accessories Model 21,Technology,Accessories
TEC-ACC-10140,Accessories Model 12,Technology,Accessories
FUR-CHA-10185,Chairs Model 48,Furniture,Chairs
FUR-TAB-10728,Tables Model 14,Furniture,Tables
OFF-ART-10222,Art Model 4,Office Supplies,Art
TEC-COP-10353,Copiers Model 44,Technology,Copiers
TEC-COP-10652,Copiers Model 9,Technology,Copiers
TEC-ACC-10970,Accessories Model 50,Technology,Accessories
OFF-ENV-10568,Envelopes Model 34,Office Supplies,Envelopes
TEC-PHO-10657,Phones Model 8,Technology,Phones
TEC-PHO-10123,Phones Model 12,Technology,Phones
FUR-CHA-10661,Chairs Model 42,Furniture,Chairs
OFF-FAS-10547,Fasteners Model 14,Office Supplies,Fasteners
OFF-LAB-10003,Labels Model 37,Office Supplies,Labels
FUR-FUR-10055,Furnishings Model 12,Furniture,Furnishings
FUR-TAB-10181,Tables Model 29,Furniture,Tables
TEC-ACC-10066,Accessories Model 47,Technology,Accessories
OFF-ENV-10532,Envelopes Model 40,Office Supplies,Envelopes
OFF-FAS-10555,Fasteners Model 45,Office Supplies,Fasteners
OFF-STO-10509,Storage Model 13,Office Supplies,Storage
OFF-ENV-10833,Envelopes Model 20,Office Supplies,Envelopes
TEC-MAC-10226,Machines Model 20,Technology,Machines
TEC-COP-10771,Copiers Model 22,Technology,Copiers
OFF-BIN-10403,Binders Model 49,Office Supplies,Binders
TEC-COP-10274,Copiers Model 2,Technology,Copiers
OFF-APP-10399,Appliances Model 6,Office Supplies,Appliances
OFF-ART-10665,Art Model 30,Office Supplies,Art
FUR-BOO-10922,Bookcases Model 12,Furniture,Bookcases
OFF-BIN-10755,Binders Model 38,Office Supplies,Binders
OFF-PAP-10407,Paper Model 40,Office Supplies,Paper
TEC-PHO-10035,Phones Model 23,Technology,Phones
TEC-ACC-10091,Accessories Model 8,Technology,Accessories
FUR-FUR-10314,Furnishings Model 40,Furniture,Furnishings
OFF-ENV-10114,Envelopes Model 41,Office Supplies,Envelopes
OFF-PAP-10081,Paper Model 30,Office Supplies,Paper
FUR-FUR-10345,Furnishings Model 20,Furniture,Furnishings
OFF-FAS-10215,Fasteners Model 4,Office Supplies,Fasteners
OFF-ART-10510,Art Model 47,Office Supplies,Art
FUR-CHA-10183,Chairs Model 39,Furniture,Chairs
FUR-TAB-10050,Tables Model 47,Furniture,Tables
OFF-APP-10559,Appliances Model 10,Office Supplies,Appliances
OFF-SUP-10765,Supplies Model 50,Office Supplies,Supplies
TEC-MAC-10065,Machines Model 48,Technology,Machines
OFF-ART-10273,Art Model 8,Office Supplies,Art
FUR-TAB-10826,Tables Model 32,Furniture,Tables
TEC-MAC-10617,Machines Model 5,Technology,Machines
OFF-PAP-10921,Paper Model 6,Office Supplies,Paper
FUR-TAB-10288,Tables Model 5,Furniture,Tables
FUR-CHA-10739,Chairs Model 2,Furniture,Chairs
TEC-ACC-10917,Accessories Model 8,Technology,Accessories
OFF-ART-10382,Art Model 3,Office Supplies,Art
TEC-MAC-10911,Machines Model 34,Technology,Machines
OFF-SUP-10329,Supplies Model 36,Office Supplies,Supplies
TEC-PHO-10555,Phones Model 9,Technology,Phones
FUR-BOO-10519,Bookcases Model 26,Furniture,Bookcases
OFF-ENV-10682,Envelopes Model 43,Office Supplies,Envelopes
TEC-MAC-10713,Machines Model 34,Technology,Machines
OFF-ENV-10557,Envelopes Model 46,Office Supplies,Envelopes
OFF-PAP-10899,Paper Model 39,Office Supplies,Paper
FUR-BOO-10018,Bookcases Model 1,Furniture,Bookcases
OFF-PAP-10824,Paper Model 16,Office Supplies,Paper
OFF-SUP-10380,Supplies Model 42,Office Supplies,Supplies
OFF-SUP-10651,Supplies Model 20,Office Supplies,Supplies
TEC-ACC-10496,Accessories Model 42,Technology,Accessories
TEC-COP-10832,Copiers Model 23,Technology,Copiers
TEC-ACC-10528,Accessories Model 31,Technology,Accessories
OFF-APP-10558,Appliances Model 7,Office Supplies,Appliances
TEC-PHO-10073,Phones Model 27,Technology,Phones
FUR-BOO-10913,Bookcases Model 23,Furniture,Bookcases
TEC-PHO-10445,Phones Model 34,Technology,Phones
OFF-BIN-10244,Binders Model 9,Office Supplies,Binders
OFF-APP-10123,Appliances Model 2,Office Supplies,Appliances
TEC-PHO-10485,Phones Model 15,Technology,Phones
OFF-APP-10153,Appliances Model 5,Office Supplies,Appliances
TEC-MAC-10773,Machines Model 49,Technology,Machines
TEC-COP-10765,Copiers Model 29,Technology,Copiers
OFF-ART-10108,Art Model 38,Office Supplies,Art
FUR-TAB-10100,Tables Model 19,Furniture,Tables
OFF-BIN-10245,Binders Model 5,Office Supplies,Binders
FUR-FUR-10272,Furnishings Model 40,Furniture,Furnishings
TEC-COP-10153,Copiers Model 46,Technology,Copiers
OFF-ART-10422,Art Model 25,Office Supplies,Art
OFF-BIN-10024,Binders Model 50,Office Supplies,Binders
OFF-ENV-10408,Envelopes Model 10,Office Supplies,Envelopes
OFF-BIN-10654,Binders Model 50,Office Supplies,Binders
FUR-FUR-10217,Furnishings Model 20,Furniture,Furnishings
OFF-FAS-10599,Fasteners Model 15,Office Supplies,Fasteners
OFF-PAP-10369,Paper Model 24,Office Supplies,Paper
TEC-ACC-10126,Accessories Model 34,Technology,Accessories
FUR-BOO-10187,Bookcases Model 26,Furniture,Bookcases
OFF-PAP-10637,Paper Model 37,Office Supplies,Paper
TEC-PHO-10171,Phones Model 29,Technology,Phones
OFF-BIN-10183,Binders Model 11,Office Supplies,Binders
OFF-STO-10832,Storage Model 42,Office Supplies,Storage
FUR-BOO-10795,Bookcases Model 25,Furniture,Bookcases
OFF-FAS-10692,Fasteners Model 32,Office Supplies,Fasteners
TEC-MAC-10061,Machines Model 17,Technology,Machines
OFF-LAB-10551,Labels Model 2,Office Supplies,Labels
OFF-ART-10926,Art Model 6,Office Supplies,Art
OFF-BIN-10034,Binders Model 45,Office Supplies,Binders
TEC-COP-10918,Copiers Model 6,Technology,Copiers
FUR-BOO-10111,Bookcases Model 22,Furniture,Bookcases
TEC-COP-10126,Copiers Model 29,Technology,Copiers
FUR-BOO-10211,Bookcases Model 30,Furniture,Bookcases
OFF-BIN-10341,Binders Model 35,Office Supplies,Binders
OFF-PAP-10834,Paper Model 27,Office Supplies,Paper
OFF-FAS-10713,Fasteners Model 39,Office Supplies,Fasteners
OFF-BIN-10772,Binders Model 7,Office Supplies,Binders
OFF-PAP-10615,Paper Model 33,Office Supplies,Paper
TEC-PHO-10405,Phones Model 3,Technology,Phones
OFF-PAP-10816,Paper Model 30,Office Supplies,Paper
OFF-LAB-10806,Labels Model 15,Office Supplies,Labels
FUR-BOO-10281,Bookcases Model 12,Furniture,Bookcases
FUR-CHA-10693,Chairs Model 20,Furniture,Chairs
OFF-STO-10237,Storage Model 1,Office Supplies,Storage
OFF-LAB-10204,Labels Model 26,Office Supplies,Labels
FUR-BOO-10438,Bookcases Model 30,Furniture,Bookcases
OFF-ENV-10416,Envelopes Model 33,Office Supplies,Envelopes
OFF-BIN-10903,Binders Model 4,Office Supplies,Binders
TEC-ACC-10286,Accessories Model 11,Technology,Accessories
TEC-MAC-10664,Machines Model 6,Technology,Machines
OFF-ENV-10204,Envelopes Model 18,Office Supplies,Envelopes
FUR-CHA-10446,Chairs Model 4,Furniture,Chairs
OFF-APP-10056,Appliances Model 17,Office Supplies,Appliances
OFF-APP-10073,Appliances Model 14,Office Supplies,Appliances
FUR-BOO-10436,Bookcases Model 7,Furniture,Bookcases
FUR-BOO-10181,Bookcases Model 30,Furniture,Bookcases
OFF-FAS-10533,Fasteners Model 5,Office Supplies,Fasteners
TEC-COP-10213,Copiers Model 31,Technology,Copiers
TEC-MAC-10318,Machines Model 24,Technology,Machines
TEC-ACC-10164,Accessories Model 35,Technology,Accessories
TEC-ACC-10565,Accessories Model 8,Technology,Accessories
OFF-APP-10604,Appliances Model 13,Office Supplies,Appliances
OFF-PAP-10749,Paper Model 5,Office Supplies,Paper
FUR-BOO-10869,Bookcases Model 28,Furniture,Bookcases
OFF-LAB-10299,Labels Model 35,Office Supplies,Labels
TEC-PHO-10404,Phones Model 24,Technology,Phones
FUR-CHA-10862,Chairs Model 15,Furniture,Chairs
OFF-PAP-10877,Paper Model 11,Office Supplies,Paper
OFF-FAS-10696,Fasteners Model 45,Office Supplies,Fasteners
OFF-ENV-10594,Envelopes Model 28,Office Supplies,Envelopes
FUR-FUR-10120,Furnishings Model 3,Furniture,Furnishings
TEC-PHO-10219,Phones Model 12,Technology,Phones
FUR-FUR-10772,Furnishings Model 9,Furniture,Furnishings
OFF-LAB-10395,Labels Model 2,Office Supplies,Labels
OFF-STO-10480,Storage Model 45,Office Supplies,Storage
TEC-COP-10662,Copiers Model 29,Technology,Copiers
OFF-STO-10751,Storage Model 36,Office Supplies,Storage
OFF-ART-10818,Art Model 32,Office Supplies,Art
TEC-COP-10903,Copiers Model 26,Technology,Copiers
OFF-SUP-10719,Supplies Model 11,Office Supplies,Supplies
TEC-MAC-10712,Machines Model 29,Technology,Machines
OFF-LAB-10868,Labels Model 25,Office Supplies,Labels
FUR-FUR-10040,Furnishings Model 49,Furniture,Furnishings
OFF-STO-10404,Storage Model 43,Office Supplies,Storage
OFF-ART-10163,Art Model 31,Office Supplies,Art
FUR-CHA-10946,Chairs Model 22,Furniture,Chairs
TEC-PHO-10185,Phones Model 17,Technology,Phones
TEC-ACC-10710,Accessories Model 9,Technology,Accessories
FUR-CHA-10301,Chairs Model 15,Furniture,Chairs
FUR-CHA-10565,Chairs Model 27,Furniture,Chairs
OFF-PAP-10862,Paper Model 42,Office Supplies,Paper
FUR-FUR-10038,Furnishings Model 11,Furniture,Furnishings
OFF-ART-10652,Art Model 8,Office Supplies,Art
TEC-ACC-10493,Accessories Model 15,Technology,Accessories
TEC-COP-10161,Copiers Model 46,Technology,Copiers
OFF-PAP-10872,Paper Model 20,Office Supplies,Paper
FUR-TAB-10968,Tables Model 11,Furniture,Tables
TEC-ACC-10648,Accessories Model 7,Technology,Accessories
OFF-STO-10690,Storage Model 26,Office Supplies,Storage
TEC-PHO-10762,Phones Model 29,Technology,Phones
OFF-SUP-10997,Supplies Model 39,Office Supplies,Supplies
TEC-COP-10294,Copiers Model 40,Technology,Copiers
FUR-CHA-10389,Chairs Model 45,Furniture,Chairs
OFF-STO-10063,Storage Model 25,Office Supplies,Storage
TEC-MAC-10743,Machines Model 18,Technology,Machines
OFF-FAS-10315,Fasteners Model 15,Office Supplies,Fasteners
TEC-COP-10426,Copiers Model 19,Technology,Copiers
OFF-ENV-10758,Envelopes Model 24,Office Supplies,Envelopes
TEC-MAC-10005,Machines Model 41,Technology,Machines
TEC-PHO-10942,Phones Model 11,Technology,Phones
FUR-CHA-10417,Chairs Model 47,Furniture,Chairs
FUR-CHA-10800,Chairs Model 24,Furniture,Chairs
OFF-STO-10228,Storage Model 22,Office Supplies,Storage
FUR-CHA-10075,Chairs Model 2,Furniture,Chairs
FUR-FUR-10249,Furnishings Model 14,Furniture,Furnishings
FUR-BOO-10817,Bookcases Model 18,Furniture,Bookcases
OFF-SUP-10746,Supplies Model 1,Office Supplies,Supplies
OFF-PAP-10930,Paper Model 9,Office Supplies,Paper
TEC-PHO-10548,Phones Model 32,Technology,Phones
OFF-BIN-10129,Binders Model 10,Office Supplies,Binders
TEC-MAC-10389,Machines Model 7,Technology,Machines
TEC-ACC-10343,Accessories Model 28,Technology,Accessories
FUR-BOO-10251,Bookcases Model 19,Furniture,Bookcases
FUR-CHA-10440,Chairs Model 11,Furniture,Chairs
TEC-MAC-10191,Machines Model 2,Technology,Machines
TEC-ACC-10983,Accessories Model 29,Technology,Accessories
FUR-TAB-10260,Tables Model 37,Furniture,Tables
OFF-SUP-10122,Supplies Model 21,Office Supplies,Supplies
OFF-STO-10571,Storage Model 49,Office Supplies,Storage
OFF-LAB-10592,Labels Model 13,Office Supplies,Labels
FUR-FUR-10586,Furnishings Model 22,Furniture,Furnishings
TEC-MAC-10420,Machines Model 47,Technology,Machines
TEC-PHO-10468,Phones Model 24,Technology,Phones
OFF-APP-10389,Appliances Model 35,Office Supplies,Appliances
FUR-BOO-10398,Bookcases Model 2,Furniture,Bookcases
OFF-ENV-10384,Envelopes Model 4,Office Supplies,Envelopes
OFF-ENV-10197,Envelopes Model 6,Office Supplies,Envelopes
TEC-ACC-10195,Accessories Model 47,Technology,Accessories
TEC-PHO-10964,Phones Model 28,Technology,Phones
TEC-MAC-10143,Machines Model 19,Technology,Machines
TEC-PHO-10489,Phones Model 43,Technology,Phones
FUR-BOO-10682,Bookcases Model 24,Furniture,Bookcases
TEC-MAC-10388,Machines Model 43,Technology,Machines
TEC-COP-10845,Copiers Model 46,Technology,Copiers
OFF-FAS-10644,Fasteners Model 50,Office Supplies,Fasteners
TEC-PHO-10264,Phones Model 34,Technology,Phones
TEC-MAC-10371,Machines Model 50,Technology,Machines
FUR-FUR-10632,Furnishings Model 4,Furniture,Furnishings
FUR-CHA-10382,Chairs Model 43,Furniture,Chairs
TEC-MAC-10808,Machines Model 32,Technology,Machines
OFF-ART-10442,Art Model 31,Office Supplies,Art
FUR-FUR-10900,Furnishings Model 39,Furniture,Furnishings
OFF-STO-10047,Storage Model 15,Office Supplies,Storage
TEC-COP-10727,Copiers Model 11,Technology,Copiers
FUR-BOO-10057,Bookcases Model 6,Furniture,Bookcases
OFF-SUP-10343,Supplies Model 41,Office Supplies,Supplies
TEC-PHO-10960,Phones Model 31,Technology,Phones
FUR-CHA-10799,Chairs Model 30,Furniture,Chairs
TEC-COP-10103,Copiers Model 7,Technology,Copiers
FUR-FUR-10206,Furnishings Model 36,Furniture,Furnishings
OFF-ART-10408,Art Model 33,Office Supplies,Art
TEC-MAC-10572,Machines Model 50,Technology,Machines
OFF-STO-10143,Storage Model 13,Office Supplies,Storage
FUR-TAB-10832,Tables Model 41,Furniture,Tables
FUR-TAB-10204,Tables Model 12,Furniture,Tables
TEC-COP-10219,Copiers Model 2,Technology,Copiers
FUR-FUR-10735,Furnishings Model 26,Furniture,Furnishings
TEC-ACC-10737,Accessories Model 40,Technology,Accessories
FUR-CHA-10218,Chairs Model 38,Furniture,Chairs
TEC-PHO-10993,Phones Model 17,Technology,Phones
FUR-BOO-10936,Bookcases Model 4,Furniture,Bookcases
OFF-FAS-10853,Fasteners Model 36,Office Supplies,Fasteners
FUR-CHA-10094,Chairs Model 25,Furniture,Chairs
OFF-ART-10453,Art Model 19,Office Supplies,Art
FUR-BOO-10058,Bookcases Model 13,Furniture,Bookcases
TEC-ACC-10131,Accessories Model 9,Technology,Accessories
OFF-PAP-10120,Paper Model 18,Office Supplies,Paper
FUR-BOO-10387,Bookcases Model 43,Furniture,Bookcases
OFF-STO-10432,Storage Model 24,Office Supplies,Storage
FUR-BOO-10590,Bookcases Model 49,Furniture,Bookcases
FUR-CHA-10673,Chairs Model 14,Furniture,Chairs
OFF-APP-10599,Appliances Model 21,Office Supplies,Appliances
FUR-TAB-10481,Tables Model 38,Furniture,Tables
OFF-BIN-10949,Binders Model 30,Office Supplies,Binders
FUR-CHA-10388,Chairs Model 45,Furniture,Chairs
OFF-ART-10078,Art Model 19,Office Supplies,Art
OFF-STO-10435,Storage Model 4,Office Supplies,Storage
FUR-FUR-10891,Furnishings Model 29,Furniture,Furnishings
OFF-STO-10518,Storage Model 28,Office Supplies,Storage
TEC-MAC-10766,Machines Model 12,Technology,Machines
TEC-COP-10201,Copiers Model 46,Technology,Copiers
OFF-BIN-10760,Binders Model 40,Office Supplies,Binders
OFF-LAB-10245,Labels Model 22,Office Supplies,Labels
TEC-ACC-10635,Accessories Model 8,Technology,Accessories
OFF-APP-10113,Appliances Model 47,Office Supplies,Appliances
FUR-FUR-10816,Furnishings Model 17,Furniture,Furnishings
OFF-LAB-10704,Labels Model 17,Office Supplies,Labels
TEC-ACC-10118,Accessories Model 11,Technology,Accessories
FUR-FUR-10127,Furnishings Model 33,Furniture,Furnishings
FUR-FUR-10804,Furnishings Model 33,Furniture,Furnishings
TEC-COP-10609,Copiers Model 5,Technology,Copiers
FUR-BOO-10989,Bookcases Model 23,Furniture,Bookcases
OFF-FAS-10276,Fasteners Model 36,Office Supplies,Fasteners
FUR-TAB-10339,Tables Model 35,Furniture,Tables
OFF-ART-10251,Art Model 19,Office Supplies,Art
FUR-CHA-10603,Chairs Model 38,Furniture,Chairs
OFF-PAP-10655,Paper Model 12,Office Supplies,Paper
TEC-MAC-10810,Machines Model 9,Technology,Machines
OFF-SUP-10113,Supplies Model 5,Office Supplies,Supplies
OFF-ENV-10803,Envelopes Model 5,Office Supplies,Envelopes
TEC-ACC-10054,Accessories Model 22,Technology,Accessories
TEC-MAC-10884,Machines Model 19,Technology,Machines
OFF-STO-10141,Storage Model 27,Office Supplies,Storage
TEC-ACC-10806,Accessories Model 33,Technology,Accessories
TEC-MAC-10899,Machines Model 6,Technology,Machines
TEC-MAC-10838,Machines Model 42,Technology,Machines
TEC-MAC-10828,Machines Model 49,Technology,Machines
FUR-TAB-10115,Tables Model 8,Furniture,Tables
OFF-STO-10080,Storage Model 49,Office Supplies,Storage
OFF-BIN-10605,Binders Model 44,Office Supplies,Binders
TEC-PHO-10878,Phones Model 38,Technology,Phones
FUR-TAB-10891,Tables Model 31,Furniture,Tables
FUR-TAB-10875,Tables Model 50,Furniture,Tables
TEC-PHO-10708,Phones Model 29,Technology,Phones
OFF-FAS-10219,Fasteners Model 49,Office Supplies,Fasteners
OFF-ART-10688,Art Model 25,Office Supplies,Art
FUR-FUR-10751,Furnishings Model 3,Furniture,Furnishings
OFF-APP-10319,Appliances Model 27,Office Supplies,Appliances
FUR-BOO-10786,Bookcases Model 49,Furniture,Bookcases
OFF-STO-10766,Storage Model 3,Office Supplies,Storage
OFF-FAS-10642,Fasteners Model 32,Office Supplies,Fasteners
FUR-BOO-10143,Bookcases Model 2,Furniture,Bookcases
FUR-FUR-10717,Furnishings Model 38,Furniture,Furnishings
TEC-COP-10657,Copiers Model 26,Technology,Copiers
TEC-PHO-10003,Phones Model 18,Technology,Phones
OFF-FAS-10093,Fasteners Model 34,Office Supplies,Fasteners
FUR-TAB-10616,Tables Model 45,Furniture,Tables
OFF-PAP-10378,Paper Model 9,Office Supplies,Paper
TEC-MAC-10093,Machines Model 16,Technology,Machines
OFF-BIN-10356,Binders Model 28,Office Supplies,Binders
TEC-PHO-10678,Phones Model 47,Technology,Phones
OFF-LAB-10092,Labels Model 20,Office Supplies,Labels
OFF-FAS-10279,Fasteners Model 4,Office Supplies,Fasteners
FUR-BOO-10266,Bookcases Model 23,Furniture,Bookcases
FUR-TAB-10023,Tables Model 39,Furniture,Tables
TEC-MAC-10291,Machines Model 21,Technology,Machines
TEC-COP-10220,Copiers Model 13,Technology,Copiers
OFF-LAB-10785,Labels Model 31,Office Supplies,Labels
TEC-PHO-10480,Phones Model 31,Technology,Phones
TEC-MAC-10481,Machines Model 11,Technology,Machines
OFF-BIN-10841,Binders Model 33,Office Supplies,Binders
TEC-ACC-10652,Accessories Model 35,Technology,Accessories
FUR-BOO-10962,Bookcases Model 44,Furniture,Bookcases
TEC-PHO-10256,Phones Model 45,Technology,Phones
OFF-SUP-10911,Supplies Model 33,Office Supplies,Supplies
OFF-PAP-10604,Paper Model 45,Office Supplies,Paper
TEC-MAC-10505,Machines Model 35,Technology,Machines
TEC-ACC-10832,Accessories Model 2,Technology,Accessories
OFF-SUP-10083,Supplies Model 40,Office Supplies,Supplies
OFF-ART-10148,Art Model 42,Office Supplies,Art
TEC-MAC-10268,Machines Model 31,Technology,Machines
OFF-ART-10197,Art Model 44,Office Supplies,Art
OFF-ENV-10087,Envelopes Model 21,Office Supplies,Envelopes
FUR-FUR-10334,Furnishings Model 24,Furniture,Furnishings
OFF-STO-10026,Storage Model 9,Office Supplies,Storage
FUR-TAB-10191,Tables Model 32,Furniture,Tables
FUR-BOO-10229,Bookcases Model 44,Furniture,Bookcases
FUR-CHA-10651,Chairs Model 21,Furniture,Chairs
FUR-BOO-10110,Bookcases Model 23,Furniture,Bookcases
OFF-BIN-10834,Binders Model 2,Office Supplies,Binders
OFF-APP-10785,Appliances Model 24,Office Supplies,Appliances
FUR-TAB-10633,Tables Model 46,Furniture,Tables
OFF-ART-10569,Art Model 28,Office Supplies,Art
TEC-COP-10046,Copiers Model 18,Technology,Copiers
FUR-TAB-10169,Tables Model 22,Furniture,Tables
TEC-MAC-10562,Machines Model 5,Technology,Machines
TEC-ACC-10629,Accessories Model 34,Technology,Accessories
FUR-TAB-10794,Tables Model 39,Furniture,Tables
OFF-LAB-10963,Labels Model 39,Office Supplies,Labels
TEC-MAC-10843,Machines Model 42,Technology,Machines
OFF-LAB-10013,Labels Model 47,Office Supplies,Labels
OFF-ART-10399,Art Model 15,Office Supplies,Art
OFF-ENV-10739,Envelopes Model 44,Office Supplies,Envelopes
TEC-COP-10769,Copiers Model 21,Technology,Copiers
OFF-FAS-10584,Fasteners Model 27,Office Supplies,Fasteners
OFF-FAS-10615,Fasteners Model 12,Office Supplies,Fasteners
TEC-MAC-10754,Machines Model 14,Technology,Machines
FUR-TAB-10289,Tables Model 48,Furniture,Tables
OFF-LAB-10642,Labels Model 44,Office Supplies,Labels
OFF-STO-10872,Storage Model 25,Office Supplies,Storage
FUR-TAB-10229,Tables Model 27,Furniture,Tables
OFF-ENV-10949,Envelopes Model 43,Office Supplies,Envelopes
FUR-FUR-10426,Furnishings Model 17,Furniture,Furnishings
FUR-TAB-10608,Tables Model 6,Furniture,Tables
OFF-FAS-10525,Fasteners Model 5,Office Supplies,Fasteners
TEC-ACC-10782,Accessories Model 27,Technology,Accessories
OFF-LAB-10706,Labels Model 12,Office Supplies,Labels
OFF-SUP-10218,Supplies Model 36,Office Supplies,Supplies
TEC-PHO-10206,Phones Model 1,Technology,Phones
OFF-BIN-10322,Binders Model 42,Office Supplies,Binders
TEC-ACC-10350,Accessories Model 48,Technology,Accessories
OFF-BIN-10655,Binders Model 34,Office Supplies,Binders
FUR-BOO-10200,Bookcases Model 29,Furniture,Bookcases
TEC-COP-10403,Copiers Model 37,Technology,Copiers
TEC-MAC-10157,Machines Model 40,Technology,Machines
TEC-ACC-10034,Accessories Model 10,Technology,Accessories
FUR-FUR-10942,Furnishings Model 5,Furniture,Furnishings
OFF-STO-10864,Storage Model 16,Office Supplies,Storage
TEC-ACC-10040,Accessories Model 35,Technology,Accessories
FUR-FUR-10747,Furnishings Model 34,Furniture,Furnishings
FUR-CHA-10387,Chairs Model 31,Furniture,Chairs
OFF-FAS-10297,Fasteners Model 28,Office Supplies,Fasteners
OFF-BIN-10259,Binders Model 11,Office Supplies,Binders
TEC-ACC-10794,Accessories Model 19,Technology,Accessories
OFF-ENV-10185,Envelopes Model 31,Office Supplies,Envelopes
FUR-TAB-10222,Tables Model 27,Furniture,Tables
OFF-ENV-10826,Envelopes Model 39,Office Supplies,Envelopes
TEC-PHO-10929,Phones Model 49,Technology,Phones
FUR-CHA-10705,Chairs Model 46,Furniture,Chairs
FUR-BOO-10523,Bookcases Model 10,Furniture,Bookcases
FUR-FUR-10456,Furnishings Model 46,Furniture,Furnishings
FUR-TAB-10105,Tables Model 28,Furniture,Tables
FUR-BOO-10854,Bookcases Model 8,Furniture,Bookcases
OFF-BIN-10901,Binders Model 50,Office Supplies,Binders
FUR-CHA-10857,Chairs Model 9,Furniture,Chairs
OFF-LAB-10793,Labels Model 36,Office Supplies,Labels
OFF-ART-10443,Art Model 29,Office Supplies,Art
OFF-BIN-10835,Binders Model 6,Office Supplies,Binders
FUR-TAB-10293,Tables Model 36,Furniture,Tables
TEC-PHO-10836,Phones Model 17,Technology,Phones
TEC-MAC-10028,Machines Model 3,Technology,Machines
FUR-CHA-10157,Chairs Model 17,Furniture,Chairs
OFF-BIN-10902,Binders Model 42,Office Supplies,Binders
TEC-COP-10795,Copiers Model 23,Technology,Copiers
FUR-TAB-10874,Tables Model 45,Furniture,Tables
TEC-COP-10541,Copiers Model 41,Technology,Copiers
OFF-ART-10878,Art Model 26,Office Supplies,Art
FUR-CHA-10917,Chairs Model 28,Furniture,Chairs
OFF-APP-10004,Appliances Model 6,Office Supplies,Appliances
FUR-FUR-10137,Furnishings Model 4,Furniture,Furnishings
FUR-TAB-10514,Tables Model 8,Furniture,Tables
TEC-MAC-10218,Machines Model 37,Technology,Machines
FUR-FUR-10187,Furnishings Model 19,Furniture,Furnishings
FUR-TAB-10284,Tables Model 44,Furniture,Tables
FUR-CHA-10937,Chairs Model 1,Furniture,Chairs
OFF-ENV-10958,Envelopes Model 5,Office Supplies,Envelopes
OFF-BIN-10762,Binders Model 4,Office Supplies,Binders
TEC-ACC-10803,Accessories Model 7,Technology,Accessories
OFF-APP-10040,Appliances Model 4,Office Supplies,Appliances
TEC-MAC-10431,Machines Model 20,Technology,Machines
FUR-TAB-10870,Tables Model 36,Furniture,Tables
TEC-COP-10649,Copiers Model 50,Technology,Copiers
TEC-ACC-10102,Accessories Model 48,Technology,Accessories
FUR-CHA-10499,Chairs Model 12,Furniture,Chairs
TEC-ACC-10611,Accessories Model 26,Technology,Accessories
FUR-CHA-10173,Chairs Model 48,Furniture,Chairs
OFF-ENV-10425,Envelopes Model 34,Office Supplies,Envelopes
FUR-TAB-10552,Tables Model 41,Furniture,Tables
FUR-TAB-10640,Tables Model 13,Furniture,Tables
FUR-BOO-10404,Bookcases Model 30,Furniture,Bookcases
OFF-SUP-10362,Supplies Model 12,Office Supplies,Supplies
FUR-TAB-10952,Tables Model 18,Furniture,Tables
FUR-BOO-10863,Bookcases Model 29,Furniture,Bookcases
OFF-PAP-10021,Paper Model 31,Office Supplies,Paper
FUR-BOO-10911,Bookcases Model 8,Furniture,Bookcases
OFF-LAB-10264,Labels Model 20,Office Supplies,Labels
OFF-BIN-10599,Binders Model 45,Office Supplies,Binders
OFF-PAP-10248,Paper Model 44,Office Supplies,Paper
FUR-CHA-10026,Chairs Model 38,Furniture,Chairs
TEC-COP-10841,Copiers Model 8,Technology,Copiers
OFF-STO-10922,Storage Model 15,Office Supplies,Storage
OFF-LAB-10840,Labels Model 31,Office Supplies,Labels
FUR-BOO-10035,Bookcases Model 10,Furniture,Bookcases
TEC-PHO-10320,Phones Model 44,Technology,Phones
OFF-STO-10960,Storage Model 33,Office Supplies,Storage
OFF-APP-10524,Appliances Model 13,Office Supplies,Appliances
FUR-TAB-10495,Tables Model 27,Furniture,Tables
OFF-SUP-10079,Supplies Model 9,Office Supplies,Supplies
OFF-APP-10463,Appliances Model 7,Office Supplies,Appliances
OFF-ENV-10778,Envelopes Model 34,Office Supplies,Envelopes
TEC-ACC-10835,Accessories Model 35,Technology,Accessories
OFF-PAP-10935,Paper Model 21,Office Supplies,Paper
OFF-STO-10433,Storage Model 28,Office Supplies,Storage
OFF-FAS-10198,Fasteners Model 28,Office Supplies,Fasteners
OFF-ENV-10076,Envelopes Model 21,Office Supplies,Envelopes
FUR-FUR-10833,Furnishings Model 42,Furniture,Furnishings
TEC-ACC-10487,Accessories Model 31,Technology,Accessories
OFF-FAS-10278,Fasteners Model 20,Office Supplies,Fasteners
FUR-BOO-10591,Bookcases Model 7,Furniture,Bookcases
TEC-COP-10068,Copiers Model 34,Technology,Copiers
TEC-PHO-10140,Phones Model 26,Technology,Phones
FUR-CHA-10154,Chairs Model 31,Furniture,Chairs
TEC-MAC-10280,Machines Model 10,Technology,Machines
OFF-PAP-10764,Paper Model 16,Office Supplies,Paper
FUR-FUR-10540,Furnishings Model 14,Furniture,Furnishings
OFF-APP-10749,Appliances Model 43,Office Supplies,Appliances
FUR-BOO-10152,Bookcases Model 2,Furniture,Bookcases
TEC-ACC-10850,Accessories Model 6,Technology,Accessories
OFF-ENV-10150,Envelopes Model 28,Office Supplies,Envelopes
TEC-ACC-10504,Accessories Model 35,Technology,Accessories
OFF-STO-10354,Storage Model 25,Office Supplies,Storage
TEC-COP-10930,Copiers Model 15,Technology,Copiers
FUR-BOO-10032,Bookcases Model 6,Furniture,Bookcases
OFF-BIN-10431,Binders Model 15,Office Supplies,Binders
FUR-FUR-10320,Furnishings Model 28,Furniture,Furnishings
TEC-PHO-10538,Phones Model 13,Technology,Phones
OFF-LAB-10893,Labels Model 44,Office Supplies,Labels
TEC-ACC-10935,Accessories Model 39,Technology,Accessories
FUR-CHA-10619,Chairs Model 10,Furniture,Chairs
FUR-FUR-10203,Furnishings Model 12,Furniture,Furnishings
FUR-CHA-10827,Chairs Model 33,Furniture,Chairs
OFF-ART-10929,Art Model 20,Office Supplies,Art
OFF-SUP-10968,Supplies Model 48,Office Supplies,Supplies
TEC-COP-10543,Copiers Model 16,Technology,Copiers
OFF-BIN-10177,Binders Model 44,Office Supplies,Binders
FUR-CHA-10012,Chairs Model 47,Furniture,Chairs
OFF-STO-10714,Storage Model 37,Office Supplies,Storage
TEC-MAC-10484,Machines Model 30,Technology,Machines
TEC-MAC-10830,Machines Model 29,Technology,Machines
TEC-ACC-10240,Accessories Model 32,Technology,Accessories
FUR-BOO-10345,Bookcases Model 31,Furniture,Bookcases
FUR-FUR-10274,Furnishings Model 13,Furniture,Furnishings
TEC-ACC-10992,Accessories Model 42,Technology,Accessories
OFF-BIN-10275,Binders Model 25,Office Supplies,Binders
OFF-STO-10940,Storage Model 22,Office Supplies,Storage
OFF-BIN-10425,Binders Model 7,Office Supplies,Binders
OFF-ART-10584,Art Model 7,Office Supplies,Art
OFF-SUP-10186,Supplies Model 8,Office Supplies,Supplies
FUR-FUR-10068,Furnishings Model 28,Furniture,Furnishings
FUR-CHA-10907,Chairs Model 8,Furniture,Chairs
FUR-FUR-10838,Furnishings Model 3,Furniture,Furnishings
TEC-ACC-10999,Accessories Model 23,Technology,Accessories
TEC-MAC-10434,Machines Model 2,Technology,Machines
OFF-SUP-10167,Supplies Model 9,Office Supplies,Supplies
FUR-TAB-10263,Tables Model 40,Furniture,Tables
TEC-ACC-10775,Accessories Model 46,Technology,Accessories
OFF-FAS-10903,Fasteners Model 50,Office Supplies,Fasteners
OFF-SUP-10553,Supplies Model 3,Office Supplies,Supplies
OFF-BIN-10441,Binders Model 27,Office Supplies,Binders
OFF-LAB-10421,Labels Model 5,Office Supplies,Labels
OFF-ART-10096,Art Model 5,Office Supplies,Art
TEC-COP-10620,Copiers Model 10,Technology,Copiers
FUR-BOO-10474,Bookcases Model 3,Furniture,Bookcases
TEC-PHO-10329,Phones Model 23,Technology,Phones
TEC-COP-10831,Copiers Model 21,Technology,Copiers
FUR-FUR-10965,Furnishings Model 13,Furniture,Furnishings
OFF-BIN-10639,Binders Model 38,Office Supplies,Binders
TEC-ACC-10465,Accessories Model 30,Technology,Accessories
TEC-PHO-10231,Phones Model 34,Technology,Phones
OFF-BIN-10963,Binders Model 47,Office Supplies,Binders
OFF-PAP-10985,Paper Model 24,Office Supplies,Paper
OFF-STO-10207,Storage Model 39,Office Supplies,Storage
OFF-APP-10821,Appliances Model 11,Office Supplies,Appliances
OFF-APP-10139,Appliances Model 11,Office Supplies,Appliances
TEC-MAC-10678,Machines Model 9,Technology,Machines
TEC-PHO-10143,Phones Model 19,Technology,Phones
TEC-MAC-10813,Machines Model 20,Technology,Machines
TEC-COP-10150,Copiers Model 8,Technology,Copiers
FUR-TAB-10725,Tables Model 19,Furniture,Tables
OFF-LAB-10639,Labels Model 40,Office Supplies,Labels
TEC-COP-10462,Copiers Model 45,Technology,Copiers
FUR-CHA-10191,Chairs Model 3,Furniture,Chairs
OFF-LAB-10576,Labels Model 40,Office Supplies,Labels
FUR-CHA-10805,Chairs Model 39,Furniture,Chairs
OFF-SUP-10594,Supplies Model 32,Office Supplies,Supplies
FUR-CHA-10621,Chairs Model 26,Furniture,Chairs
FUR-FUR-10752,Furnishings Model 6,Furniture,Furnishings
FUR-FUR-10568,Furnishings Model 7,Furniture,Furnishings
TEC-ACC-10323,Accessories Model 5,Technology,Accessories
FUR-TAB-10195,Tables Model 39,Furniture,Tables
TEC-ACC-10789,Accessories Model 29,Technology,Accessories
OFF-BIN-10289,Binders Model 3,Office Supplies,Binders
OFF-STO-10028,Storage Model 42,Office Supplies,Storage
OFF-STO-10567,Storage Model 5,Office Supplies,Storage
FUR-FUR-10486,Furnishings Model 21,Furniture,Furnishings
FUR-BOO-10290,Bookcases Model 4,Furniture,Bookcases
OFF-SUP-10653,Supplies Model 5,Office Supplies,Supplies
FUR-BOO-10689,Bookcases Model 9,Furniture,Bookcases
OFF-BIN-10297,Binders Model 48,Office Supplies,Binders
OFF-STO-10930,Storage Model 46,Office Supplies,Storage
OFF-PAP-10550,Paper Model 40,Office Supplies,Paper
TEC-COP-10868,Copiers Model 38,Technology,Copiers
FUR-FUR-10694,Furnishings Model 17,Furniture,Furnishings
OFF-APP-10519,Appliances Model 27,Office Supplies,Appliances
FUR-TAB-10744,Tables Model 12,Furniture,Tables
TEC-PHO-10168,Phones Model 28,Technology,Phones
OFF-FAS-10814,Fasteners Model 20,Office Supplies,Fasteners
FUR-CHA-10737,Chairs Model 10,Furniture,Chairs
OFF-PAP-10519,Paper Model 33,Office Supplies,Paper
FUR-CHA-10283,Chairs Model 7,Furniture,Chairs
FUR-FUR-10968,Furnishings Model 15,Furniture,Furnishings
OFF-FAS-10337,Fasteners Model 12,Office Supplies,Fasteners
OFF-ENV-10727,Envelopes Model 35,Office Supplies,Envelopes
FUR-CHA-10093,Chairs Model 13,Furniture,Chairs
OFF-STO-10037,Storage Model 4,Office Supplies,Storage
TEC-COP-10508,Copiers Model 27,Technology,Copiers
OFF-FAS-10122,Fasteners Model 39,Office Supplies,Fasteners
FUR-TAB-10947,Tables Model 31,Furniture,Tables
OFF-FAS-10918,Fasteners Model 37,Office Supplies,Fasteners
TEC-COP-10289,Copiers Model 37,Technology,Copiers
FUR-FUR-10857,Furnishings Model 38,Furniture,Furnishings
OFF-BIN-10738,Binders Model 14,Office Supplies,Binders
OFF-BIN-10720,Binders Model 13,Office Supplies,Binders
OFF-PAP-10838,Paper Model 28,Office Supplies,Paper
FUR-FUR-10976,Furnishings Model 13,Furniture,Furnishings
OFF-APP-10998,Appliances Model 41,Office Supplies,Appliances
FUR-FUR-10134,Furnishings Model 41,Furniture,Furnishings
TEC-MAC-10755,Machines Model 38,Technology,Machines
TEC-ACC-10985,Accessories Model 49,Technology,Accessories
OFF-ART-10669,Art Model 18,Office Supplies,Art
FUR-FUR-10330,Furnishings Model 22,Furniture,Furnishings
FUR-TAB-10077,Tables Model 1,Furniture,Tables
OFF-APP-10322,Appliances Model 14,Office Supplies,Appliances
TEC-ACC-10581,Accessories Model 44,Technology,Accessories
OFF-FAS-10923,Fasteners Model 14,Office Supplies,Fasteners
FUR-BOO-10215,Bookcases Model 9,Furniture,Bookcases
FUR-FUR-10046,Furnishings Model 31,Furniture,Furnishings
OFF-SUP-10517,Supplies Model 31,Office Supplies,Supplies
TEC-ACC-10700,Accessories Model 26,Technology,Accessories
TEC-ACC-10813,Accessories Model 32,Technology,Accessories
OFF-APP-10600,Appliances Model 49,Office Supplies,Appliances
TEC-ACC-10990,Accessories Model 47,Technology,Accessories
FUR-CHA-10298,Chairs Model 33,Furniture,Chairs
FUR-CHA-10458,Chairs Model 13,Furniture,Chairs
FUR-FUR-10561,Furnishings Model 45,Furniture,Furnishings
FUR-TAB-10225,Tables Model 39,Furniture,Tables
TEC-MAC-10650,Machines Model 1,Technology,Machines
FUR-BOO-10425,Bookcases Model 16,Furniture,Bookcases
OFF-LAB-10135,Labels Model 15,Office Supplies,Labels
OFF-ENV-10976,Envelopes Model 11,Office Supplies,Envelopes
OFF-FAS-10885,Fasteners Model 21,Office Supplies,Fasteners
FUR-TAB-10329,Tables Model 22,Furniture,Tables
TEC-ACC-10833,Accessories Model 27,Technology,Accessories
OFF-BIN-10728,Binders Model 25,Office Supplies,Binders
OFF-PAP-10196,Paper Model 46,Office Supplies,Paper
OFF-SUP-10881,Supplies Model 1,Office Supplies,Supplies
TEC-COP-10908,Copiers Model 5,Technology,Copiers
TEC-ACC-10273,Accessories Model 27,Technology,Accessories
TEC-COP-10375,Copiers Model 24,Technology,Copiers
OFF-APP-10258,Appliances Model 16,Office Supplies,Appliances
FUR-CHA-10291,Chairs Model 31,Furniture,Chairs
TEC-PHO-10642,Phones Model 29,Technology,Phones
TEC-ACC-10337,Accessories Model 46,Technology,Accessories
TEC-MAC-10907,Machines Model 4,Technology,Machines
TEC-MAC-10032,Machines Model 7,Technology,Machines
TEC-COP-10226,Copiers Model 41,Technology,Copiers
FUR-CHA-10508,Chairs Model 9,Furniture,Chairs
OFF-APP-10605,Appliances Model 10,Office Supplies,Appliances
OFF-ART-10113,Art Model 11,Office Supplies,Art
FUR-CHA-10203,Chairs Model 41,Furniture,Chairs
TEC-ACC-10292,Accessories Model 11,Technology,Accessories
FUR-BOO-10206,Bookcases Model 32,Furniture,Bookcases
TEC-PHO-10963,Phones Model 50,Technology,Phones
FUR-TAB-10209,Tables Model 43,Furniture,Tables
OFF-STO-10400,Storage Model 19,Office Supplies,Storage
OFF-LAB-10635,Labels Model 19,Office Supplies,Labels
TEC-MAC-10249,Machines Model 1,Technology,Machines
OFF-PAP-10497,Paper Model 34,Office Supplies,Paper
OFF-STO-10443,Storage Model 2,Office Supplies,Storage
OFF-LAB-10759,Labels Model 33,Office Supplies,Labels
TEC-MAC-10300,Machines Model 32,Technology,Machines
OFF-ART-10603,Art Model 43,Office Supplies,Art
FUR-FUR-10451,Furnishings Model 36,Furniture,Furnishings
FUR-TAB-10114,Tables Model 30,Furniture,Tables
FUR-FUR-10305,Furnishings Model 42,Furniture,Furnishings
OFF-STO-10175,Storage Model 11,Office Supplies,Storage
TEC-COP-10922,Copiers Model 1,Technology,Copiers
OFF-ART-10574,Art Model 40,Office Supplies,Art
FUR-TAB-10283,Tables Model 43,Furniture,Tables
OFF-APP-10940,Appliances Model 34,Office Supplies,Appliances
FUR-BOO-10256,Bookcases Model 36,Furniture,Bookcases
FUR-TAB-10489,Tables Model 23,Furniture,Tables
OFF-PAP-10743,Paper Model 1,Office Supplies,Paper
TEC-COP-10453,Copiers Model 26,Technology,Copiers
TEC-PHO-10872,Phones Model 36,Technology,Phones
OFF-ENV-10919,Envelopes Model 31,Office Supplies,Envelopes
TEC-MAC-10240,Machines Model 44,Technology,Machines
OFF-STO-10703,Storage Model 42,Office Supplies,Storage
OFF-ENV-10119,Envelopes Model 29,Office Supplies,Envelopes
OFF-ART-10931,Art Model 31,Office Supplies,Art
TEC-MAC-10719,Machines Model 30,Technology,Machines
OFF-ART-10599,Art Model 4,Office Supplies,Art
TEC-ACC-10114,Accessories Model 2,Technology,Accessories
OFF-APP-10511,Appliances Model 21,Office Supplies,Appliances
TEC-COP-10475,Copiers Model 7,Technology,Copiers
OFF-SUP-10907,Supplies Model 27,Office Supplies,Supplies
TEC-MAC-10707,Machines Model 14,Technology,Machines
OFF-BIN-10689,Binders Model 16,Office Supplies,Binders
OFF-SUP-10058,Supplies Model 17,Office Supplies,Supplies
OFF-ENV-10443,Envelopes Model 31,Office Supplies,Envelopes
OFF-BIN-10206,Binders Model 44,Office Supplies,Binders
FUR-CHA-10425,Chairs Model 8,Furniture,Chairs
FUR-BOO-10365,Bookcases Model 10,Furniture,Bookcases
FUR-FUR-10492,Furnishings Model 49,Furniture,Furnishings
OFF-PAP-10977,Paper Model 40,Office Supplies,Paper
TEC-COP-10044,Copiers Model 7,Technology,Copiers
OFF-BIN-10197,Binders Model 36,Office Supplies,Binders
TEC-MAC-10740,Machines Model 24,Technology,Machines
OFF-ART-10194,Art Model 21,Office Supplies,Art
OFF-SUP-10392,Supplies Model 35,Office Supplies,Supplies
TEC-COP-10677,Copiers Model 48,Technology,Copiers
OFF-APP-10712,Appliances Model 35,Office Supplies,Appliances
FUR-BOO-10036,Bookcases Model 26,Furniture,Bookcases
FUR-BOO-10623,Bookcases Model 21,Furniture,Bookcases
OFF-LAB-10703,Labels Model 17,Office Supplies,Labels
TEC-PHO-10173,Phones Model 12,Technology,Phones
OFF-SUP-10912,Supplies Model 25,Office Supplies,Supplies
FUR-CHA-10843,Chairs Model 15,Furniture,Chairs
TEC-COP-10706,Copiers Model 16,Technology,Copiers
OFF-STO-10359,Storage Model 6,Office Supplies,Storage
TEC-MAC-10145,Machines Model 9,Technology,Machines
TEC-ACC-10618,Accessories Model 1,Technology,Accessories
TEC-PHO-10843,Phones Model 40,Technology,Phones
FUR-CHA-10783,Chairs Model 4,Furniture,Chairs
OFF-PAP-10066,Paper Model 10,Office Supplies,Paper
FUR-FUR-10508,Furnishings Model 10,Furniture,Furnishings
OFF-ENV-10550,Envelopes Model 2,Office Supplies,Envelopes
TEC-ACC-10250,Accessories Model 46,Technology,Accessories
OFF-ART-10361,Art Model 12,Office Supplies,Art
TEC-PHO-10845,Phones Model 47,Technology,Phones
OFF-STO-10104,Storage Model 27,Office Supplies,Storage
OFF-ENV-10240,Envelopes Model 38,Office Supplies,Envelopes
OFF-APP-10772,Appliances Model 20,Office Supplies,Appliances
OFF-ENV-10687,Envelopes Model 35,Office Supplies,Envelopes
TEC-COP-10897,Copiers Model 33,Technology,Copiers
TEC-COP-10902,Copiers Model 43,Technology,Copiers
TEC-MAC-10444,Machines Model 42,Technology,Machines
FUR-FUR-10996,Furnishings Model 20,Furniture,Furnishings
OFF-STO-10798,Storage Model 1,Office Supplies,Storage
OFF-APP-10075,Appliances Model 15,Office Supplies,Appliances
FUR-CHA-10130,Chairs Model 28,Furniture,Chairs
FUR-FUR-10899,Furnishings Model 4,Furniture,Furnishings
OFF-SUP-10112,Supplies Model 28,Office Supplies,Supplies
OFF-APP-10636,Appliances Model 7,Office Supplies,Appliances
TEC-MAC-10416,Machines Model 34,Technology,Machines
FUR-FUR-10192,Furnishings Model 28,Furniture,Furnishings
FUR-BOO-10105,Bookcases Model 10,Furniture,Bookcases
OFF-APP-10195,Appliances Model 45,Office Supplies,Appliances
TEC-PHO-10479,Phones Model 17,Technology,Phones
TEC-ACC-10052,Accessories Model 4,Technology,Accessories
OFF-BIN-10551,Binders Model 34,Office Supplies,Binders
TEC-PHO-10773,Phones Model 30,Technology,Phones
OFF-ART-10279,Art Model 2,Office Supplies,Art
TEC-COP-10382,Copiers Model 40,Technology,Copiers
TEC-MAC-10844,Machines Model 35,Technology,Machines
FUR-TAB-10526,Tables Model 36,Furniture,Tables
OFF-ENV-10888,Envelopes Model 46,Office Supplies,Envelopes
OFF-PAP-10761,Paper Model 2,Office Supplies,Paper
FUR-BOO-10693,Bookcases Model 29,Furniture,Bookcases
FUR-CHA-10120,Chairs Model 35,Furniture,Chairs
OFF-SUP-10583,Supplies Model 27,Office Supplies,Supplies
FUR-TAB-10790,Tables Model 40,Furniture,Tables
TEC-PHO-10428,Phones Model 13,Technology,Phones
TEC-MAC-10764,Machines Model 27,Technology,Machines
OFF-STO-10456,Storage Model 42,Office Supplies,Storage
OFF-LAB-10352,Labels Model 37,Office Supplies,Labels
OFF-LAB-10390,Labels Model 12,Office Supplies,Labels
FUR-CHA-10723,Chairs Model 41,Furniture,Chairs
FUR-FUR-10998,Furnishings Model 16,Furniture,Furnishings
OFF-ENV-10741,Envelopes Model 20,Office Supplies,Envelopes
OFF-FAS-10473,Fasteners Model 44,Office Supplies,Fasteners
OFF-STO-10154,Storage Model 38,Office Supplies,Storage
TEC-ACC-10217,Accessories Model 49,Technology,Accessories
OFF-PAP-10069,Paper Model 40,Office Supplies,Paper
OFF-ENV-10237,Envelopes Model 35,Office Supplies,Envelopes
FUR-FUR-10855,Furnishings Model 32,Furniture,Furnishings
FUR-BOO-10242,Bookcases Model 25,Furniture,Bookcases
OFF-ENV-10475,Envelopes Model 43,Office Supplies,Envelopes
FUR-CHA-10122,Chairs Model 45,Furniture,Chairs
FUR-TAB-10208,Tables Model 44,Furniture,Tables
OFF-FAS-10322,Fasteners Model 22,Office Supplies,Fasteners
TEC-MAC-10998,Machines Model 2,Technology,Machines
OFF-PAP-10926,Paper Model 47,Office Supplies,Paper
OFF-BIN-10678,Binders Model 34,Office Supplies,Binders
OFF-ART-10031,Art Model 18,Office Supplies,Art
OFF-ART-10921,Art Model 12,Office Supplies,Art
FUR-CHA-10929,Chairs Model 4,Furniture,Chairs
FUR-TAB-10970,Tables Model 42,Furniture,Tables
OFF-APP-10826,Appliances Model 47,Office Supplies,Appliances
TEC-COP-10359,Copiers Model 44,Technology,Copiers
OFF-SUP-10401,Supplies Model 14,Office Supplies,Supplies
OFF-ENV-10569,Envelopes Model 49,Office Supplies,Envelopes
FUR-TAB-10133,Tables Model 12,Furniture,Tables
TEC-COP-10776,Copiers Model 29,Technology,Copiers
FUR-CHA-10364,Chairs Model 10,Furniture,Chairs
FUR-BOO-10104,Bookcases Model 16,Furniture,Bookcases
TEC-COP-10909,Copiers Model 49,Technology,Copiers
FUR-CHA-10267,Chairs Model 35,Furniture,Chairs
OFF-LAB-10168,Labels Model 15,Office Supplies,Labels
TEC-COP-10672,Copiers Model 29,Technology,Copiers
OFF-APP-10751,Appliances Model 44,Office Supplies,Appliances
FUR-FUR-10743,Furnishings Model 29,Furniture,Furnishings
FUR-CHA-10576,Chairs Model 40,Furniture,Chairs
TEC-PHO-10184,Phones Model 18,Technology,Phones
TEC-ACC-10728,Accessories Model 11,Technology,Accessories
OFF-FAS-10947,Fasteners Model 8,Office Supplies,Fasteners
FUR-FUR-10267,Furnishings Model 29,Furniture,Furnishings
OFF-FAS-10185,Fasteners Model 48,Office Supplies,Fasteners
FUR-BOO-10353,Bookcases Model 4,Furniture,Bookcases
OFF-FAS-10289,Fasteners Model 5,Office Supplies,Fasteners
OFF-PAP-10013,Paper Model 40,Office Supplies,Paper
FUR-CHA-10455,Chairs Model 50,Furniture,Chairs
OFF-STO-10777,Storage Model 21,Office Supplies,Storage
OFF-FAS-10541,Fasteners Model 31,Office Supplies,Fasteners
FUR-CHA-10703,Chairs Model 32,Furniture,Chairs
OFF-STO-10164,Storage Model 40,Office Supplies,Storage
OFF-FAS-10435,Fasteners Model 46,Office Supplies,Fasteners
TEC-PHO-10500,Phones Model 18,Technology,Phones
FUR-BOO-10736,Bookcases Model 16,Furniture,Bookcases
TEC-MAC-10289,Machines Model 49,Technology,Machines
FUR-CHA-10687,Chairs Model 17,Furniture,Chairs
TEC-PHO-10886,Phones Model 50,Technology,Phones
OFF-PAP-10134,Paper Model 1,Office Supplies,Paper
TEC-PHO-10263,Phones Model 14,Technology,Phones
TEC-PHO-10379,Phones Model 43,Technology,Phones
FUR-BOO-10223,Bookcases Model 29,Furniture,Bookcases
OFF-LAB-10610,Labels Model 23,Office Supplies,Labels
OFF-APP-10570,Appliances Model 26,Office Supplies,Appliances
TEC-PHO-10293,Phones Model 6,Technology,Phones
OFF-SUP-10901,Supplies Model 21,Office Supplies,Supplies
OFF-BIN-10779,Binders Model 24,Office Supplies,Binders
TEC-PHO-11000,Phones Model 11,Technology,Phones
FUR-FUR-10153,Furnishings Model 37,Furniture,Furnishings
OFF-FAS-10880,Fasteners Model 2,Office Supplies,Fasteners
FUR-CHA-10881,Chairs Model 26,Furniture,Chairs
FUR-TAB-10822,Tables Model 35,Furniture,Tables
TEC-PHO-10429,Phones Model 28,Technology,Phones
FUR-BOO-10606,Bookcases Model 33,Furniture,Bookcases
FUR-TAB-10275,Tables Model 23,Furniture,Tables
TEC-MAC-10459,Machines Model 11,Technology,Machines
OFF-LAB-10219,Labels Model 33,Office Supplies,Labels
TEC-COP-10298,Copiers Model 22,Technology,Copiers
OFF-APP-10623,Appliances Model 10,Office Supplies,Appliances
OFF-LAB-10627,Labels Model 50,Office Supplies,Labels
TEC-PHO-10880,Phones Model 21,Technology,Phones
FUR-CHA-10467,Chairs Model 34,Furniture,Chairs
TEC-PHO-10950,Phones Model 46,Technology,Phones
TEC-PHO-10108,Phones Model 20,Technology,Phones
OFF-ART-10735,Art Model 37,Office Supplies,Art
FUR-BOO-10151,Bookcases Model 47,Furniture,Bookcases
FUR-FUR-10544,Furnishings Model 9,Furniture,Furnishings
OFF-BIN-10161,Binders Model 26,Office Supplies,Binders
FUR-BOO-10959,Bookcases Model 11,Furniture,Bookcases
OFF-STO-10501,Storage Model 46,Office Supplies,Storage
OFF-PAP-10202,Paper Model 7,Office Supplies,Paper
FUR-BOO-10874,Bookcases Model 8,Furniture,Bookcases
FUR-CHA-10563,Chairs Model 21,Furniture,Chairs
FUR-TAB-10849,Tables Model 42,Furniture,Tables
TEC-COP-10578,Copiers Model 31,Technology,Copiers
FUR-CHA-10595,Chairs Model 26,Furniture,Chairs
TEC-COP-10805,Copiers Model 41,Technology,Copiers
OFF-APP-10323,Appliances Model 7,Office Supplies,Appliances
FUR-FUR-10858,Furnishings Model 18,Furniture,Furnishings
FUR-FUR-10219,Furnishings Model 20,Furniture,Furnishings
OFF-ART-10988,Art Model 47,Office Supplies,Art
TEC-COP-10383,Copiers Model 30,Technology,Copiers
TEC-MAC-10402,Machines Model 48,Technology,Machines
TEC-PHO-10661,Phones Model 21,Technology,Phones
FUR-CHA-10204,Chairs Model 16,Furniture,Chairs
OFF-PAP-10758,Paper Model 29,Office Supplies,Paper
OFF-ART-10024,Art Model 44,Office Supplies,Art
OFF-FAS-10765,Fasteners Model 22,Office Supplies,Fasteners
FUR-BOO-10537,Bookcases Model 11,Furniture,Bookcases
TEC-MAC-10805,Machines Model 28,Technology,Machines
FUR-TAB-10908,Tables Model 25,Furniture,Tables
TEC-PHO-10752,Phones Model 22,Technology,Phones
FUR-BOO-10603,Bookcases Model 3,Furniture,Bookcases
TEC-ACC-10448,Accessories Model 16,Technology,Accessories
OFF-APP-10276,Appliances Model 17,Office Supplies,Appliances
TEC-ACC-10005,Accessories Model 9,Technology,Accessories
OFF-FAS-10805,Fasteners Model 8,Office Supplies,Fasteners
OFF-LAB-10464,Labels Model 12,Office Supplies,Labels
OFF-BIN-10561,Binders Model 7,Office Supplies,Binders
OFF-STO-10826,Storage Model 6,Office Supplies,Storage
FUR-CHA-10838,Chairs Model 8,Furniture,Chairs
OFF-PAP-10294,Paper Model 19,Office Supplies,Paper
FUR-FUR-10124,Furnishings Model 4,Furniture,Furnishings
OFF-SUP-10075,Supplies Model 14,Office Supplies,Supplies
OFF-STO-10959,Storage Model 5,Office Supplies,Storage
OFF-APP-10447,Appliances Model 40,Office Supplies,Appliances
FUR-BOO-10384,Bookcases Model 10,Furniture,Bookcases
OFF-APP-10841,Appliances Model 2,Office Supplies,Appliances
FUR-TAB-10248,Tables Model 18,Furniture,Tables
TEC-COP-10430,Copiers Model 21,Technology,Copiers
FUR-CHA-10432,Chairs Model 24,Furniture,Chairs
FUR-FUR-10445,Furnishings Model 19,Furniture,Furnishings
OFF-STO-10971,Storage Model 1,Office Supplies,Storage
TEC-PHO-10858,Phones Model 20,Technology,Phones
OFF-FAS-10962,Fasteners Model 18,Office Supplies,Fasteners
TEC-ACC-10200,Accessories Model 46,Technology,Accessories
OFF-APP-10229,Appliances Model 47,Office Supplies,Appliances
OFF-APP-10577,Appliances Model 32,Office Supplies,Appliances
TEC-COP-10742,Copiers Model 6,Technology,Copiers
OFF-ART-10079,Art Model 48,Office Supplies,Art
OFF-APP-10523,Appliances Model 3,Office Supplies,Appliances
TEC-PHO-10731,Phones Model 5,Technology,Phones
OFF-SUP-10182,Supplies Model 10,Office Supplies,Supplies
TEC-PHO-10788,Phones Model 22,Technology,Phones
OFF-STO-10846,Storage Model 11,Office Supplies,Storage
OFF-APP-10982,Appliances Model 49,Office Supplies,Appliances
FUR-CHA-10561,Chairs Model 23,Furniture,Chairs
OFF-LAB-10185,Labels Model 1,Office Supplies,Labels
TEC-COP-10229,Copiers Model 9,Technology,Copiers
FUR-FUR-10941,Furnishings Model 12,Furniture,Furnishings
FUR-TAB-10714,Tables Model 4,Furniture,Tables
OFF-BIN-10775,Binders Model 24,Office Supplies,Binders
FUR-BOO-10571,Bookcases Model 15,Furniture,Bookcases
OFF-APP-10704,Appliances Model 18,Office Supplies,Appliances
FUR-BOO-10918,Bookcases Model 33,Furniture,Bookcases
TEC-MAC-10132,Machines Model 25,Technology,Machines
TEC-MAC-10770,Machines Model 3,Technology,Machines
TEC-ACC-10649,Accessories Model 2,Technology,Accessories
TEC-COP-10522,Copiers Model 32,Technology,Copiers
OFF-APP-10576,Appliances Model 7,Office Supplies,Appliances
OFF-ENV-10413,Envelopes Model 45,Office Supplies,Envelopes
TEC-MAC-10201,Machines Model 47,Technology,Machines
OFF-LAB-10679,Labels Model 12,Office Supplies,Labels
OFF-SUP-10527,Supplies Model 39,Office Supplies,Supplies
FUR-FUR-10431,Furnishings Model 4,Furniture,Furnishings
FUR-TAB-10819,Tables Model 23,Furniture,Tables
TEC-PHO-10930,Phones Model 22,Technology,Phones
OFF-STO-10505,Storage Model 27,Office Supplies,Storage
TEC-ACC-10022,Accessories Model 2,Technology,Accessories
FUR-FUR-10135,Furnishings Model 38,Furniture,Furnishings
OFF-FAS-10871,Fasteners Model 25,Office Supplies,Fasteners
OFF-PAP-10549,Paper Model 31,Office Supplies,Paper
TEC-ACC-10146,Accessories Model 2,Technology,Accessories
TEC-COP-10971,Copiers Model 14,Technology,Copiers
OFF-SUP-10252,Supplies Model 46,Office Supplies,Supplies
TEC-MAC-10144,Machines Model 35,Technology,Machines
FUR-TAB-10895,Tables Model 46,Furniture,Tables
OFF-BIN-10700,Binders Model 49,Office Supplies,Binders
FUR-TAB-10866,Tables Model 34,Furniture,Tables
FUR-TAB-10419,Tables Model 30,Furniture,Tables
TEC-MAC-10908,Machines Model 20,Technology,Machines
TEC-COP-10936,Copiers Model 44,Technology,Copiers
FUR-CHA-10368,Chairs Model 24,Furniture,Chairs
FUR-BOO-10010,Bookcases Model 7,Furniture,Bookcases
FUR-TAB-10581,Tables Model 18,Furniture,Tables
TEC-ACC-10180,Accessories Model 39,Technology,Accessories
OFF-LAB-10643,Labels Model 14,Office Supplies,Labels
TEC-COP-10328,Copiers Model 14,Technology,Copiers
TEC-ACC-10406,Accessories Model 30,Technology,Accessories
FUR-TAB-10571,Tables Model 35,Furniture,Tables
FUR-TAB-10306,Tables Model 33,Furniture,Tables
FUR-FUR-10799,Furnishings Model 6,Furniture,Furnishings
OFF-LAB-10195,Labels Model 29,Office Supplies,Labels
FUR-TAB-10554,Tables Model 24,Furniture,Tables
TEC-MAC-10267,Machines Model 32,Technology,Machines
TEC-COP-10242,Copiers Model 21,Technology,Copiers
FUR-CHA-10236,Chairs Model 20,Furniture,Chairs
FUR-FUR-10076,Furnishings Model 26,Furniture,Furnishings
FUR-TAB-10784,Tables Model 4,Furniture,Tables
FUR-CHA-10113,Chairs Model 41,Furniture,Chairs
OFF-APP-10681,Appliances Model 34,Office Supplies,Appliances
FUR-FUR-10818,Furnishings Model 14,Furniture,Furnishings
OFF-ART-10265,Art Model 23,Office Supplies,Art
TEC-MAC-10741,Machines Model 2,Technology,Machines
TEC-MAC-10381,Machines Model 7,Technology,Machines
FUR-CHA-10818,Chairs Model 7,Furniture,Chairs
TEC-ACC-10564,Accessories Model 35,Technology,Accessories
FUR-BOO-10308,Bookcases Model 44,Furniture,Bookcases
OFF-ART-10948,Art Model 31,Office Supplies,Art
OFF-ENV-10048,Envelopes Model 29,Office Supplies,Envelopes
OFF-APP-10250,Appliances Model 49,Office Supplies,Appliances
OFF-APP-10476,Appliances Model 50,Office Supplies,Appliances
OFF-SUP-10982,Supplies Model 35,Office Supplies,Supplies
OFF-FAS-10211,Fasteners Model 41,Office Supplies,Fasteners
TEC-ACC-10226,Accessories Model 33,Technology,Accessories
TEC-PHO-10340,Phones Model 42,Technology,Phones
FUR-CHA-10915,Chairs Model 15,Furniture,Chairs
OFF-SUP-10381,Supplies Model 50,Office Supplies,Supplies
OFF-PAP-10449,Paper Model 10,Office Supplies,Paper
OFF-LAB-10837,Labels Model 47,Office Supplies,Labels
OFF-ART-10621,Art Model 38,Office Supplies,Art
FUR-FUR-10852,Furnishings Model 50,Furniture,Furnishings
OFF-ENV-10948,Envelopes Model 31,Office Supplies,Envelopes
OFF-ENV-10988,Envelopes Model 32,Office Supplies,Envelopes
TEC-MAC-10885,Machines Model 43,Technology,Machines
FUR-CHA-10951,Chairs Model 46,Furniture,Chairs
TEC-PHO-10000,Phones Model 23,Technology,Phones
FUR-CHA-10976,Chairs Model 8,Furniture,Chairs
TEC-COP-10823,Copiers Model 10,Technology,Copiers
TEC-MAC-10351,Machines Model 37,Technology,Machines
FUR-TAB-10318,Tables Model 6,Furniture,Tables
FUR-BOO-10599,Bookcases Model 6,Furniture,Bookcases
FUR-FUR-10460,Furnishings Model 1,Furniture,Furnishings
TEC-MAC-10748,Machines Model 38,Technology,Machines
TEC-MAC-10193,Machines Model 1,Technology,Machines
TEC-ACC-10309,Accessories Model 38,Technology,Accessories
OFF-ENV-10924,Envelopes Model 32,Office Supplies,Envelopes
OFF-BIN-10476,Binders Model 37,Office Supplies,Binders
TEC-PHO-10760,Phones Model 44,Technology,Phones
TEC-PHO-10375,Phones Model 4,Technology,Phones
TEC-COP-10669,Copiers Model 3,Technology,Copiers
TEC-MAC-10737,Machines Model 42,Technology,Machines
OFF-SUP-10029,Supplies Model 27,Office Supplies,Supplies
FUR-BOO-10761,Bookcases Model 17,Furniture,Bookcases
TEC-ACC-10727,Accessories Model 45,Technology,Accessories
OFF-ENV-10436,Envelopes Model 5,Office Supplies,Envelopes
OFF-ENV-10069,Envelopes Model 14,Office Supplies,Envelopes
OFF-STO-10993,Storage Model 44,Office Supplies,Storage
TEC-MAC-10951,Machines Model 45,Technology,Machines
OFF-APP-10737,Appliances Model 16,Office Supplies,Appliances
FUR-TAB-10733,Tables Model 21,Furniture,Tables
OFF-LAB-10681,Labels Model 1,Office Supplies,Labels
TEC-MAC-10220,Machines Model 17,Technology,Machines
FUR-BOO-10793,Bookcases Model 36,Furniture,Bookcases
TEC-COP-10249,Copiers Model 24,Technology,Copiers
TEC-MAC-10518,Machines Model 35,Technology,Machines
OFF-BIN-10853,Binders Model 34,Office Supplies,Binders
FUR-TAB-10629,Tables Model 7,Furniture,Tables
OFF-ENV-10995,Envelopes Model 12,Office Supplies,Envelopes
OFF-ENV-10589,Envelopes Model 23,Office Supplies,Envelopes
OFF-STO-10935,Storage Model 11,Office Supplies,Storage
OFF-LAB-11000,Labels Model 9,Office Supplies,Labels
FUR-FUR-10613,Furnishings Model 8,Furniture,Furnishings
TEC-COP-10152,Copiers Model 17,Technology,Copiers
TEC-PHO-10328,Phones Model 20,Technology,Phones
OFF-SUP-10623,Supplies Model 45,Office Supplies,Supplies
OFF-ART-10876,Art Model 34,Office Supplies,Art
TEC-COP-10480,Copiers Model 14,Technology,Copiers
OFF-PAP-10551,Paper Model 50,Office Supplies,Paper
OFF-STO-10083,Storage Model 21,Office Supplies,Storage
TEC-COP-10687,Copiers Model 40,Technology,Copiers
FUR-TAB-10719,Tables Model 12,Furniture,Tables
OFF-BIN-10737,Binders Model 38,Office Supplies,Binders
TEC-PHO-10862,Phones Model 46,Technology,Phones
OFF-PAP-10101,Paper Model 36,Office Supplies,Paper
FUR-TAB-10228,Tables Model 47,Furniture,Tables
OFF-APP-10065,Appliances Model 50,Office Supplies,Appliances
OFF-ART-10371,Art Model 5,Office Supplies,Art
OFF-APP-10448,Appliances Model 40,Office Supplies,Appliances
TEC-MAC-10328,Machines Model 45,Technology,Machines
FUR-FUR-10849,Furnishings Model 49,Furniture,Furnishings
TEC-COP-10223,Copiers Model 16,Technology,Copiers
TEC-COP-10405,Copiers Model 8,Technology,Copiers
TEC-COP-10273,Copiers Model 42,Technology,Copiers
TEC-COP-10844,Copiers Model 29,Technology,Copiers
FUR-CHA-10469,Chairs Model 1,Furniture,Chairs
OFF-ART-10044,Art Model 2,Office Supplies,Art
OFF-APP-10474,Appliances Model 26,Office Supplies,Appliances
FUR-TAB-10421,Tables Model 22,Furniture,Tables
TEC-ACC-10994,Accessories Model 50,Technology,Accessories
OFF-ENV-10187,Envelopes Model 24,Office Supplies,Envelopes
OFF-ART-10530,Art Model 42,Office Supplies,Art
TEC-PHO-10297,Phones Model 46,Technology,Phones
OFF-LAB-10601,Labels Model 1,Office Supplies,Labels
FUR-CHA-10523,Chairs Model 7,Furniture,Chairs
OFF-STO-10886,Storage Model 9,Office Supplies,Storage
TEC-MAC-10996,Machines Model 12,Technology,Machines
OFF-ART-10014,Art Model 7,Office Supplies,Art
TEC-MAC-10735,Machines Model 23,Technology,Machines
FUR-BOO-10567,Bookcases Model 12,Furniture,Bookcases
OFF-LAB-10428,Labels Model 3,Office Supplies,Labels
TEC-COP-10202,Copiers Model 46,Technology,Copiers
TEC-MAC-10902,Machines Model 36,Technology,Machines
TEC-MAC-10925,Machines Model 38,Technology,Machines
OFF-BIN-10003,Binders Model 8,Office Supplies,Binders
TEC-MAC-10311,Machines Model 41,Technology,Machines
TEC-COP-10883,Copiers Model 13,Technology,Copiers
FUR-CHA-10155,Chairs Model 36,Furniture,Chairs
FUR-CHA-10068,Chairs Model 6,Furniture,Chairs
OFF-FAS-10494,Fasteners Model 49,Office Supplies,Fasteners
FUR-TAB-10793,Tables Model 38,Furniture,Tables
TEC-PHO-10719,Phones Model 13,Technology,Phones
OFF-LAB-10053,Labels Model 39,Office Supplies,Labels
TEC-MAC-10286,Machines Model 36,Technology,Machines
TEC-COP-10991,Copiers Model 18,Technology,Copiers
OFF-BIN-10617,Binders Model 23,Office Supplies,Binders
OFF-STO-10942,Storage Model 27,Office Supplies,Storage
TEC-PHO-10146,Phones Model 31,Technology,Phones
OFF-LAB-10609,Labels Model 18,Office Supplies,Labels
TEC-PHO-10026,Phones Model 24,Technology,Phones
FUR-CHA-10223,Chairs Model 43,Furniture,Chairs
OFF-SUP-10732,Supplies Model 50,Office Supplies,Supplies
TEC-MAC-10253,Machines Model 42,Technology,Machines
FUR-CHA-10887,Chairs Model 17,Furniture,Chairs
TEC-PHO-10515,Phones Model 43,Technology,Phones
OFF-SUP-10590,Supplies Model 29,Office Supplies,Supplies
TEC-COP-10537,Copiers Model 6,Technology,Copiers
FUR-TAB-10316,Tables Model 9,Furniture,Tables
FUR-BOO-10046,Bookcases Model 9,Furniture,Bookcases
OFF-PAP-10218,Paper Model 46,Office Supplies,Paper
FUR-CHA-10340,Chairs Model 26,Furniture,Chairs
TEC-ACC-10394,Accessories Model 28,Technology,Accessories
OFF-LAB-10613,Labels Model 45,Office Supplies,Labels
TEC-COP-10385,Copiers Model 45,Technology,Copiers
FUR-BOO-10955,Bookcases Model 46,Furniture,Bookcases
OFF-PAP-10475,Paper Model 24,Office Supplies,Paper
TEC-MAC-10329,Machines Model 17,Technology,Machines
OFF-FAS-10999,Fasteners Model 27,Office Supplies,Fasteners
TEC-COP-10729,Copiers Model 2,Technology,Copiers
TEC-MAC-10023,Machines Model 35,Technology,Machines
FUR-FUR-10815,Furnishings Model 30,Furniture,Furnishings
FUR-FUR-10574,Furnishings Model 23,Furniture,Furnishings
OFF-STO-10642,Storage Model 26,Office Supplies,Storage
TEC-MAC-10172,Machines Model 10,Technology,Machines
OFF-FAS-10761,Fasteners Model 43,Office Supplies,Fasteners
OFF-STO-10876,Storage Model 44,Office Supplies,Storage
TEC-MAC-10596,Machines Model 21,Technology,Machines
OFF-LAB-10010,Labels Model 40,Office Supplies,Labels
TEC-ACC-10566,Accessories Model 15,Technology,Accessories
OFF-APP-10049,Appliances Model 10,Office Supplies,Appliances
FUR-CHA-10901,Chairs Model 33,Furniture,Chairs
OFF-LAB-10108,Labels Model 43,Office Supplies,Labels
FUR-CHA-10606,Chairs Model 27,Furniture,Chairs
OFF-FAS-10260,Fasteners Model 13,Office Supplies,Fasteners
OFF-FAS-10585,Fasteners Model 3,Office Supplies,Fasteners
OFF-LAB-10941,Labels Model 2,Office Supplies,Labels
FUR-BOO-10446,Bookcases Model 8,Furniture,Bookcases
OFF-STO-10189,Storage Model 21,Office Supplies,Storage
TEC-PHO-10547,Phones Model 49,Technology,Phones
FUR-CHA-10678,Chairs Model 21,Furniture,Chairs
OFF-PAP-10610,Paper Model 6,Office Supplies,Paper
FUR-BOO-10583,Bookcases Model 29,Furniture,Bookcases
OFF-SUP-10781,Supplies Model 16,Office Supplies,Supplies
OFF-FAS-10074,Fasteners Model 24,Office Supplies,Fasteners
OFF-PAP-10768,Paper Model 17,Office Supplies,Paper
OFF-FAS-10201,Fasteners Model 37,Office Supplies,Fasteners
TEC-ACC-10641,Accessories Model 30,Technology,Accessories
TEC-PHO-10580,Phones Model 25,Technology,Phones
FUR-FUR-10657,Furnishings Model 36,Furniture,Furnishings
FUR-BOO-10862,Bookcases Model 33,Furniture,Bookcases
FUR-TAB-10838,Tables Model 46,Furniture,Tables
FUR-BOO-10897,Bookcases Model 3,Furniture,Bookcases
TEC-MAC-10429,Machines Model 7,Technology,Machines
OFF-APP-10070,Appliances Model 10,Office Supplies,Appliances
OFF-FAS-10250,Fasteners Model 3,Office Supplies,Fasteners
OFF-BIN-10380,Binders Model 19,Office Supplies,Binders
TEC-COP-10484,Copiers Model 10,Technology,Copiers
TEC-MAC-10551,Machines Model 13,Technology,Machines
FUR-TAB-10004,Tables Model 45,Furniture,Tables
OFF-BIN-10327,Binders Model 13,Office Supplies,Binders
FUR-TAB-10282,Tables Model 28,Furniture,Tables
TEC-ACC-10786,Accessories Model 6,Technology,Accessories
OFF-ART-10758,Art Model 13,Office Supplies,Art
OFF-FAS-10240,Fasteners Model 10,Office Supplies,Fasteners
OFF-FAS-10010,Fasteners Model 47,Office Supplies,Fasteners
OFF-SUP-10671,Supplies Model 47,Office Supplies,Supplies
OFF-ART-10456,Art Model 11,Office Supplies,Art
OFF-BIN-10282,Binders Model 50,Office Supplies,Binders
FUR-TAB-10344,Tables Model 44,Furniture,Tables
FUR-CHA-10577,Chairs Model 14,Furniture,Chairs
FUR-TAB-10411,Tables Model 45,Furniture,Tables
OFF-LAB-10114,Labels Model 49,Office Supplies,Labels
FUR-FUR-10169,Furnishings Model 28,Furniture,Furnishings
OFF-APP-10314,Appliances Model 18,Office Supplies,Appliances
TEC-PHO-10619,Phones Model 37,Technology,Phones
FUR-BOO-10885,Bookcases Model 46,Furniture,Bookcases
FUR-FUR-10516,Furnishings Model 19,Furniture,Furnishings
OFF-ENV-10757,Envelopes Model 32,Office Supplies,Envelopes
FUR-BOO-10639,Bookcases Model 39,Furniture,Bookcases
TEC-COP-10017,Copiers Model 43,Technology,Copiers
OFF-PAP-10545,Paper Model 34,Office Supplies,Paper
FUR-BOO-10769,Bookcases Model 18,Furniture,Bookcases
OFF-ART-10573,Art Model 47,Office Supplies,Art
OFF-SUP-10763,Supplies Model 2,Office Supplies,Supplies
OFF-APP-10003,Appliances Model 8,Office Supplies,Appliances
TEC-ACC-10501,Accessories Model 3,Technology,Accessories
FUR-FUR-10545,Furnishings Model 45,Furniture,Furnishings
FUR-CHA-10684,Chairs Model 8,Furniture,Chairs
TEC-ACC-10395,Accessories Model 45,Technology,Accessories
TEC-PHO-10188,Phones Model 28,Technology,Phones
OFF-SUP-10177,Supplies Model 20,Office Supplies,Supplies
FUR-BOO-10478,Bookcases Model 12,Furniture,Bookcases
TEC-ACC-10968,Accessories Model 19,Technology,Accessories
FUR-TAB-10660,Tables Model 17,Furniture,Tables
TEC-ACC-10640,Accessories Model 34,Technology,Accessories
OFF-ART-10112,Art Model 15,Office Supplies,Art
TEC-PHO-10820,Phones Model 46,Technology,Phones
OFF-ART-10202,Art Model 8,Office Supplies,Art
OFF-FAS-10461,Fasteners Model 15,Office Supplies,Fasteners
FUR-TAB-10960,Tables Model 7,Furniture,Tables
OFF-STO-10050,Storage Model 47,Office Supplies,Storage
TEC-MAC-10542,Machines Model 3,Technology,Machines
OFF-ENV-10905,Envelopes Model 7,Office Supplies,Envelopes
FUR-CHA-10685,Chairs Model 14,Furniture,Chairs
OFF-ENV-10275,Envelopes Model 50,Office Supplies,Envelopes
FUR-FUR-10459,Furnishings Model 8,Furniture,Furnishings
OFF-LAB-10669,Labels Model 40,Office Supplies,Labels
FUR-TAB-10013,Tables Model 46,Furniture,Tables
OFF-ENV-10602,Envelopes Model 15,Office Supplies,Envelopes
OFF-FAS-11000,Fasteners Model 4,Office Supplies,Fasteners
OFF-BIN-10753,Binders Model 35,Office Supplies,Binders
FUR-FUR-10490,Furnishings Model 36,Furniture,Furnishings
OFF-STO-10283,Storage Model 7,Office Supplies,Storage
OFF-PAP-10539,Paper Model 33,Office Supplies,Paper
OFF-ART-10944,Art Model 35,Office Supplies,Art
TEC-ACC-10374,Accessories Model 5,Technology,Accessories
OFF-PAP-10700,Paper Model 25,Office Supplies,Paper
OFF-FAS-10333,Fasteners Model 18,Office Supplies,Fasteners
OFF-APP-10406,Appliances Model 27,Office Supplies,Appliances
OFF-LAB-10164,Labels Model 1,Office Supplies,Labels
OFF-APP-10325,Appliances Model 19,Office Supplies,Appliances
TEC-PHO-10410,Phones Model 32,Technology,Phones
FUR-TAB-10188,Tables Model 31,Furniture,Tables
OFF-LAB-10356,Labels Model 43,Office Supplies,Labels
FUR-FUR-10102,Furnishings Model 30,Furniture,Furnishings
TEC-PHO-10721,Phones Model 8,Technology,Phones
FUR-BOO-10460,Bookcases Model 7,Furniture,Bookcases
FUR-FUR-10665,Furnishings Model 34,Furniture,Furnishings
OFF-STO-10748,Storage Model 7,Office Supplies,Storage
OFF-LAB-10394,Labels Model 44,Office Supplies,Labels
OFF-STO-10653,Storage Model 49,Office Supplies,Storage
OFF-LAB-10493,Labels Model 45,Office Supplies,Labels
FUR-CHA-10985,Chairs Model 3,Furniture,Chairs
FUR-FUR-10161,Furnishings Model 7,Furniture,Furnishings
OFF-LAB-10482,Labels Model 8,Office Supplies,Labels
FUR-CHA-10981,Chairs Model 2,Furniture,Chairs
OFF-ENV-10957,Envelopes Model 16,Office Supplies,Envelopes
TEC-COP-10686,Copiers Model 18,Technology,Copiers
OFF-STO-10523,Storage Model 14,Office Supplies,Storage
OFF-APP-10760,Appliances Model 6,Office Supplies,Appliances
FUR-BOO-10695,Bookcases Model 9,Furniture,Bookcases
OFF-FAS-10591,Fasteners Model 36,Office Supplies,Fasteners
OFF-STO-10043,Storage Model 26,Office Supplies,Storage
OFF-STO-10038,Storage Model 14,Office Supplies,Storage
FUR-BOO-10529,Bookcases Model 34,Furniture,Bookcases
OFF-PAP-10151,Paper Model 9,Office Supplies,Paper
TEC-COP-10517,Copiers Model 30,Technology,Copiers
OFF-LAB-10142,Labels Model 46,Office Supplies,Labels
OFF-PAP-10548,Paper Model 39,Office Supplies,Paper
OFF-ENV-10423,Envelopes Model 45,Office Supplies,Envelopes
FUR-TAB-10413,Tables Model 25,Furniture,Tables
OFF-PAP-10031,Paper Model 12,Office Supplies,Paper
FUR-FUR-10566,Furnishings Model 9,Furniture,Furnishings
FUR-TAB-10221,Tables Model 14,Furniture,Tables
FUR-FUR-10049,Furnishings Model 3,Furniture,Furnishings
FUR-CHA-10262,Chairs Model 35,Furniture,Chairs
FUR-TAB-10754,Tables Model 26,Furniture,Tables
OFF-APP-10252,Appliances Model 47,Office Supplies,Appliances
OFF-ENV-10720,Envelopes Model 41,Office Supplies,Envelopes
FUR-FUR-10629,Furnishings Model 3,Furniture,Furnishings
OFF-LAB-10115,Labels Model 32,Office Supplies,Labels
FUR-CHA-10796,Chairs Model 35,Furniture,Chairs
TEC-ACC-10363,Accessories Model 46,Technology,Accessories
TEC-ACC-10812,Accessories Model 16,Technology,Accessories
FUR-FUR-10843,Furnishings Model 13,Furniture,Furnishings
OFF-FAS-10094,Fasteners Model 42,Office Supplies,Fasteners
FUR-CHA-10984,Chairs Model 25,Furniture,Chairs
OFF-STO-10110,Storage Model 17,Office Supplies,Storage
OFF-BIN-10915,Binders Model 24,Office Supplies,Binders
FUR-CHA-10628,Chairs Model 50,Furniture,Chairs
OFF-ENV-10388,Envelopes Model 21,Office Supplies,Envelopes
OFF-SUP-10070,Supplies Model 31,Office Supplies,Supplies
OFF-ART-10123,Art Model 12,Office Supplies,Art
OFF-LAB-10046,Labels Model 23,Office Supplies,Labels
OFF-ART-10814,Art Model 13,Office Supplies,Art
OFF-ART-10970,Art Model 5,Office Supplies,Art
OFF-LAB-10880,Labels Model 50,Office Supplies,Labels
OFF-SUP-10957,Supplies Model 34,Office Supplies,Supplies
OFF-SUP-10974,Supplies Model 13,Office Supplies,Supplies
TEC-ACC-10567,Accessories Model 21,Technology,Accessories
TEC-PHO-10720,Phones Model 23,Technology,Phones
OFF-APP-10590,Appliances Model 40,Office Supplies,Appliances
TEC-COP-10406,Copiers Model 44,Technology,Copiers
TEC-MAC-10981,Machines Model 37,Technology,Machines
FUR-BOO-10813,Bookcases Model 32,Furniture,Bookcases
TEC-MAC-10847,Machines Model 37,Technology,Machines
FUR-CHA-10718,Chairs Model 7,Furniture,Chairs
FUR-BOO-10056,Bookcases Model 18,Furniture,Bookcases
FUR-BOO-10495,Bookcases Model 27,Furniture,Bookcases
FUR-CHA-10043,Chairs Model 28,Furniture,Chairs
TEC-COP-10464,Copiers Model 22,Technology,Copiers
FUR-FUR-10279,Furnishings Model 24,Furniture,Furnishings
FUR-CHA-10653,Chairs Model 27,Furniture,Chairs
OFF-FAS-10225,Fasteners Model 47,Office Supplies,Fasteners
OFF-APP-10525,Appliances Model 49,Office Supplies,Appliances
TEC-MAC-10570,Machines Model 2,Technology,Machines
FUR-CHA-10632,Chairs Model 3,Furniture,Chairs
OFF-PAP-10363,Paper Model 6,Office Supplies,Paper
FUR-BOO-10891,Bookcases Model 7,Furniture,Bookcases
FUR-TAB-10025,Tables Model 32,Furniture,Tables
TEC-MAC-10235,Machines Model 40,Technology,Machines
FUR-FUR-10626,Furnishings Model 43,Furniture,Furnishings
OFF-APP-10774,Appliances Model 1,Office Supplies,Appliances
OFF-ART-10322,Art Model 15,Office Supplies,Art
FUR-BOO-10931,Bookcases Model 17,Furniture,Bookcases
OFF-SUP-10300,Supplies Model 41,Office Supplies,Supplies
FUR-TAB-10385,Tables Model 34,Furniture,Tables
TEC-MAC-10975,Machines Model 10,Technology,Machines
FUR-CHA-10287,Chairs Model 8,Furniture,Chairs
TEC-PHO-10177,Phones Model 7,Technology,Phones
FUR-BOO-10716,Bookcases Model 21,Furniture,Bookcases
FUR-CHA-10123,Chairs Model 21,Furniture,Chairs
FUR-TAB-10469,Tables Model 1,Furniture,Tables
OFF-ART-10145,Art Model 15,Office Supplies,Art
TEC-COP-10459,Copiers Model 26,Technology,Copiers
OFF-LAB-10259,Labels Model 17,Office Supplies,Labels
FUR-TAB-10044,Tables Model 29,Furniture,Tables
OFF-ART-10141,Art Model 42,Office Supplies,Art
TEC-COP-10248,Copiers Model 50,Technology,Copiers
FUR-FUR-10903,Furnishings Model 7,Furniture,Furnishings
OFF-BIN-10468,Binders Model 29,Office Supplies,Binders
FUR-TAB-10506,Tables Model 5,Furniture,Tables
OFF-ART-10657,Art Model 47,Office Supplies,Art
FUR-FUR-10246,Furnishings Model 47,Furniture,Furnishings
OFF-FAS-10402,Fasteners Model 14,Office Supplies,Fasteners
FUR-TAB-10395,Tables Model 15,Furniture,Tables
OFF-SUP-10272,Supplies Model 47,Office Supplies,Supplies
FUR-FUR-10567,Furnishings Model 10,Furniture,Furnishings
FUR-FUR-10792,Furnishings Model 10,Furniture,Furnishings
TEC-ACC-10988,Accessories Model 36,Technology,Accessories
OFF-BIN-10126,Binders Model 4,Office Supplies,Binders
TEC-COP-10642,Copiers Model 11,Technology,Copiers
OFF-ENV-10025,Envelopes Model 17,Office Supplies,Envelopes
OFF-FAS-10018,Fasteners Model 11,Office Supplies,Fasteners
TEC-COP-10803,Copiers Model 19,Technology,Copiers
OFF-BIN-10595,Binders Model 25,Office Supplies,Binders
OFF-FAS-10587,Fasteners Model 9,Office Supplies,Fasteners
OFF-PAP-10789,Paper Model 49,Office Supplies,Paper
FUR-TAB-10899,Tables Model 24,Furniture,Tables
FUR-TAB-10468,Tables Model 48,Furniture,Tables
FUR-FUR-10318,Furnishings Model 23,Furniture,Furnishings
TEC-PHO-10111,Phones Model 23,Technology,Phones
OFF-PAP-10460,Paper Model 11,Office Supplies,Paper
FUR-TAB-10061,Tables Model 14,Furniture,Tables
OFF-STO-10695,Storage Model 11,Office Supplies,Storage
TEC-COP-10404,Copiers Model 32,Technology,Copiers
OFF-BIN-10247,Binders Model 30,Office Supplies,Binders
FUR-CHA-10545,Chairs Model 22,Furniture,Chairs
FUR-BOO-10526,Bookcases Model 30,Furniture,Bookcases
FUR-FUR-10829,Furnishings Model 46,Furniture,Furnishings
FUR-CHA-10853,Chairs Model 17,Furniture,Chairs
OFF-ART-10500,Art Model 28,Office Supplies,Art
OFF-BIN-10709,Binders Model 32,Office Supplies,Binders
TEC-COP-10718,Copiers Model 35,Technology,Copiers
FUR-FUR-10027,Furnishings Model 33,Furniture,Furnishings
TEC-ACC-10110,Accessories Model 22,Technology,Accessories
FUR-CHA-10686,Chairs Model 22,Furniture,Chairs
OFF-SUP-10913,Supplies Model 31,Office Supplies,Supplies
TEC-ACC-10939,Accessories Model 49,Technology,Accessories
FUR-CHA-10575,Chairs Model 27,Furniture,Chairs
OFF-FAS-10680,Fasteners Model 26,Office Supplies,Fasteners
OFF-PAP-10956,Paper Model 7,Office Supplies,Paper
OFF-ART-10272,Art Model 9,Office Supplies,Art
OFF-ENV-10748,Envelopes Model 43,Office Supplies,Envelopes
FUR-FUR-10705,Furnishings Model 34,Furniture,Furnishings
FUR-TAB-10776,Tables Model 18,Furniture,Tables
TEC-ACC-10821,Accessories Model 15,Technology,Accessories
FUR-TAB-10240,Tables Model 11,Furniture,Tables
TEC-COP-10277,Copiers Model 8,Technology,Copiers
OFF-PAP-10906,Paper Model 2,Office Supplies,Paper
OFF-ENV-10584,Envelopes Model 23,Office Supplies,Envelopes
TEC-PHO-10695,Phones Model 36,Technology,Phones
TEC-COP-10256,Copiers Model 12,Technology,Copiers
OFF-APP-10800,Appliances Model 36,Office Supplies,Appliances
OFF-LAB-10317,Labels Model 31,Office Supplies,Labels
TEC-ACC-10744,Accessories Model 49,Technology,Accessories
TEC-PHO-10677,Phones Model 4,Technology,Phones
FUR-FUR-10346,Furnishings Model 13,Furniture,Furnishings
OFF-PAP-10257,Paper Model 22,Office Supplies,Paper
OFF-ART-10734,Art Model 23,Office Supplies,Art
OFF-ENV-10356,Envelopes Model 50,Office Supplies,Envelopes
OFF-STO-10341,Storage Model 27,Office Supplies,Storage
OFF-SUP-10935,Supplies Model 40,Office Supplies,Supplies
OFF-BIN-10502,Binders Model 28,Office Supplies,Binders
TEC-COP-10114,Copiers Model 27,Technology,Copiers
TEC-ACC-10223,Accessories Model 31,Technology,Accessories
OFF-SUP-10464,Supplies Model 2,Office Supplies,Supplies
FUR-BOO-10900,Bookcases Model 6,Furniture,Bookcases
OFF-ART-10270,Art Model 25,Office Supplies,Art
TEC-COP-10258,Copiers Model 32,Technology,Copiers
TEC-PHO-10707,Phones Model 41,Technology,Phones
TEC-COP-10786,Copiers Model 23,Technology,Copiers
FUR-BOO-10945,Bookcases Model 32,Furniture,Bookcases
FUR-TAB-10265,Tables Model 39,Furniture,Tables
OFF-APP-10121,Appliances Model 4,Office Supplies,Appliances
OFF-ART-10984,Art Model 8,Office Supplies,Art
OFF-PAP-10891,Paper Model 46,Office Supplies,Paper
FUR-BOO-10626,Bookcases Model 34,Furniture,Bookcases
FUR-CHA-10738,Chairs Model 34,Furniture,Chairs
TEC-COP-10347,Copiers Model 7,Technology,Copiers
TEC-MAC-10133,Machines Model 24,Technology,Machines
TEC-PHO-10361,Phones Model 4,Technology,Phones
OFF-APP-10011,Appliances Model 24,Office Supplies,Appliances
TEC-PHO-10979,Phones Model 21,Technology,Phones
OFF-LAB-10342,Labels Model 31,Office Supplies,Labels
FUR-TAB-10203,Tables Model 11,Furniture,Tables
OFF-PAP-10976,Paper Model 8,Office Supplies,Paper
OFF-BIN-10412,Binders Model 2,Office Supplies,Binders
TEC-COP-10191,Copiers Model 21,Technology,Copiers
FUR-BOO-10660,Bookcases Model 45,Furniture,Bookcases
TEC-MAC-10453,Machines Model 5,Technology,Machines
TEC-MAC-10158,Machines Model 16,Technology,Machines
OFF-APP-10417,Appliances Model 38,Office Supplies,Appliances
TEC-ACC-10757,Accessories Model 31,Technology,Accessories
OFF-ENV-10045,Envelopes Model 43,Office Supplies,Envelopes
TEC-ACC-10469,Accessories Model 13,Technology,Accessories
TEC-MAC-10825,Machines Model 21,Technology,Machines
TEC-PHO-10723,Phones Model 9,Technology,Phones
FUR-FUR-10477,Furnishings Model 33,Furniture,Furnishings
OFF-ART-10076,Art Model 17,Office Supplies,Art
FUR-TAB-10738,Tables Model 20,Furniture,Tables
OFF-STO-10135,Storage Model 10,Office Supplies,Storage
FUR-FUR-10079,Furnishings Model 36,Furniture,Furnishings
OFF-FAS-10330,Fasteners Model 50,Office Supplies,Fasteners
FUR-CHA-10555,Chairs Model 31,Furniture,Chairs
OFF-FAS-10129,Fasteners Model 18,Office Supplies,Fasteners
TEC-ACC-10447,Accessories Model 15,Technology,Accessories
TEC-MAC-10561,Machines Model 31,Technology,Machines
OFF-ENV-10647,Envelopes Model 42,Office Supplies,Envelopes
FUR-CHA-10348,Chairs Model 32,Furniture,Chairs
FUR-FUR-10765,Furnishings Model 32,Furniture,Furnishings
OFF-ART-10183,Art Model 45,Office Supplies,Art
OFF-FAS-10151,Fasteners Model 13,Office Supplies,Fasteners
FUR-CHA-10954,Chairs Model 20,Furniture,Chairs
FUR-CHA-10313,Chairs Model 18,Furniture,Chairs
TEC-ACC-10715,Accessories Model 6,Technology,Accessories
TEC-PHO-10839,Phones Model 29,Technology,Phones
FUR-FUR-10365,Furnishings Model 13,Furniture,Furnishings
OFF-ENV-10701,Envelopes Model 18,Office Supplies,Envelopes
FUR-TAB-10063,Tables Model 34,Furniture,Tables
FUR-BOO-10967,Bookcases Model 36,Furniture,Bookcases
OFF-FAS-10411,Fasteners Model 8,Office Supplies,Fasteners
OFF-LAB-10809,Labels Model 36,Office Supplies,Labels
FUR-BOO-10232,Bookcases Model 34,Furniture,Bookcases
OFF-FAS-10320,Fasteners Model 18,Office Supplies,Fasteners
OFF-ENV-10934,Envelopes Model 41,Office Supplies,Envelopes
FUR-CHA-10333,Chairs Model 1,Furniture,Chairs
FUR-CHA-10792,Chairs Model 32,Furniture,Chairs
OFF-PAP-10723,Paper Model 49,Office Supplies,Paper
OFF-LAB-10940,Labels Model 38,Office Supplies,Labels
OFF-FAS-10125,Fasteners Model 18,Office Supplies,Fasteners
OFF-ENV-10059,Envelopes Model 43,Office Supplies,Envelopes
OFF-ENV-10980,Envelopes Model 28,Office Supplies,Envelopes
OFF-PAP-10710,Paper Model 12,Office Supplies,Paper
OFF-BIN-10745,Binders Model 12,Office Supplies,Binders
FUR-FUR-10707,Furnishings Model 10,Furniture,Furnishings
OFF-LAB-10255,Labels Model 35,Office Supplies,Labels
FUR-CHA-10962,Chairs Model 9,Furniture,Chairs
OFF-LAB-10911,Labels Model 17,Office Supplies,Labels
FUR-BOO-10895,Bookcases Model 43,Furniture,Bookcases
OFF-LAB-10210,Labels Model 18,Office Supplies,Labels
OFF-LAB-10798,Labels Model 15,Office Supplies,Labels
TEC-COP-10516,Copiers Model 4,Technology,Copiers
OFF-PAP-10522,Paper Model 24,Office Supplies,Paper
OFF-ART-10330,Art Model 18,Office Supplies,Art
FUR-BOO-10775,Bookcases Model 32,Furniture,Bookcases
TEC-COP-10362,Copiers Model 14,Technology,Copiers
OFF-SUP-10538,Supplies Model 3,Office Supplies,Supplies
FUR-FUR-10093,Furnishings Model 3,Furniture,Furnishings
FUR-CHA-10675,Chairs Model 18,Furniture,Chairs
FUR-TAB-10326,Tables Model 6,Furniture,Tables
OFF-ART-10129,Art Model 8,Office Supplies,Art
FUR-FUR-10013,Furnishings Model 42,Furniture,Furnishings
OFF-LAB-10415,Labels Model 19,Office Supplies,Labels
OFF-STO-10351,Storage Model 50,Office Supplies,Storage
FUR-TAB-10520,Tables Model 19,Furniture,Tables
OFF-STO-10858,Storage Model 28,Office Supplies,Storage
FUR-BOO-10928,Bookcases Model 50,Furniture,Bookcases
FUR-FUR-10463,Furnishings Model 28,Furniture,Furnishings
FUR-FUR-10299,Furnishings Model 25,Furniture,Furnishings
TEC-PHO-10306,Phones Model 27,Technology,Phones
TEC-MAC-10337,Machines Model 3,Technology,Machines
FUR-FUR-10767,Furnishings Model 29,Furniture,Furnishings
OFF-SUP-10206,Supplies Model 7,Office Supplies,Supplies
OFF-FAS-10217,Fasteners Model 10,Office Supplies,Fasteners
TEC-MAC-10368,Machines Model 11,Technology,Machines
FUR-CHA-10318,Chairs Model 50,Furniture,Chairs
OFF-PAP-10860,Paper Model 5,Office Supplies,Paper
FUR-TAB-10661,Tables Model 6,Furniture,Tables
OFF-PAP-10850,Paper Model 21,Office Supplies,Paper
FUR-FUR-10086,Furnishings Model 37,Furniture,Furnishings
TEC-COP-10703,Copiers Model 22,Technology,Copiers
TEC-MAC-10273,Machines Model 17,Technology,Machines
OFF-SUP-10526,Supplies Model 37,Office Supplies,Supplies
TEC-MAC-10762,Machines Model 41,Technology,Machines
TEC-COP-10018,Copiers Model 34,Technology,Copiers
FUR-FUR-10588,Furnishings Model 14,Furniture,Furnishings
TEC-MAC-10651,Machines Model 30,Technology,Machines
FUR-FUR-10004,Furnishings Model 35,Furniture,Furnishings
TEC-PHO-10514,Phones Model 32,Technology,Phones
TEC-COP-10070,Copiers Model 28,Technology,Copiers
FUR-BOO-10228,Bookcases Model 50,Furniture,Bookcases
FUR-BOO-10861,Bookcases Model 34,Furniture,Bookcases
TEC-COP-10561,Copiers Model 25,Technology,Copiers
OFF-PAP-10582,Paper Model 26,Office Supplies,Paper
TEC-ACC-10987,Accessories Model 36,Technology,Accessories
OFF-STO-10290,Storage Model 26,Office Supplies,Storage
TEC-MAC-10893,Machines Model 23,Technology,Machines
OFF-LAB-10775,Labels Model 34,Office Supplies,Labels
TEC-PHO-10227,Phones Model 10,Technology,Phones
TEC-ACC-10856,Accessories Model 24,Technology,Accessories
TEC-COP-10737,Copiers Model 47,Technology,Copiers
FUR-CHA-10182,Chairs Model 3,Furniture,Chairs
OFF-FAS-10472,Fasteners Model 46,Office Supplies,Fasteners
OFF-ART-10358,Art Model 49,Office Supplies,Art
OFF-LAB-10526,Labels Model 33,Office Supplies,Labels
FUR-BOO-10611,Bookcases Model 3,Furniture,Bookcases
OFF-SUP-10279,Supplies Model 1,Office Supplies,Supplies
OFF-PAP-10065,Paper Model 24,Office Supplies,Paper
FUR-CHA-10971,Chairs Model 48,Furniture,Chairs
TEC-PHO-10295,Phones Model 4,Technology,Phones
OFF-APP-10572,Appliances Model 8,Office Supplies,Appliances
TEC-MAC-10179,Machines Model 3,Technology,Machines
TEC-ACC-10459,Accessories Model 45,Technology,Accessories
OFF-STO-10762,Storage Model 8,Office Supplies,Storage
OFF-SUP-10479,Supplies Model 25,Office Supplies,Supplies
FUR-TAB-10301,Tables Model 16,Furniture,Tables
OFF-SUP-10889,Supplies Model 12,Office Supplies,Supplies
FUR-BOO-10051,Bookcases Model 5,Furniture,Bookcases
OFF-STO-10546,Storage Model 22,Office Supplies,Storage
TEC-PHO-10176,Phones Model 22,Technology,Phones
TEC-COP-10875,Copiers Model 8,Technology,Copiers
OFF-ART-10003,Art Model 9,Office Supplies,Art
FUR-BOO-10593,Bookcases Model 38,Furniture,Bookcases
TEC-COP-10605,Copiers Model 29,Technology,Copiers
FUR-CHA-10824,Chairs Model 5,Furniture,Chairs
FUR-BOO-10492,Bookcases Model 6,Furniture,Bookcases
TEC-MAC-10030,Machines Model 45,Technology,Machines
OFF-BIN-10422,Binders Model 49,Office Supplies,Binders
TEC-MAC-10635,Machines Model 1,Technology,Machines
OFF-FAS-10582,Fasteners Model 33,Office Supplies,Fasteners
FUR-TAB-10175,Tables Model 43,Furniture,Tables
FUR-CHA-10413,Chairs Model 18,Furniture,Chairs
OFF-FAS-10910,Fasteners Model 23,Office Supplies,Fasteners
FUR-FUR-10306,Furnishings Model 43,Furniture,Furnishings
OFF-STO-10582,Storage Model 4,Office Supplies,Storage
FUR-CHA-10573,Chairs Model 20,Furniture,Chairs
FUR-BOO-10520,Bookcases Model 12,Furniture,Bookcases
FUR-TAB-10416,Tables Model 36,Furniture,Tables
OFF-SUP-10251,Supplies Model 48,Office Supplies,Supplies
FUR-CHA-10581,Chairs Model 38,Furniture,Chairs
OFF-ART-10319,Art Model 21,Office Supplies,Art
FUR-FUR-10923,Furnishings Model 46,Furniture,Furnishings
FUR-TAB-10565,Tables Model 41,Furniture,Tables
OFF-BIN-10369,Binders Model 34,Office Supplies,Binders
OFF-ENV-10459,Envelopes Model 35,Office Supplies,Envelopes
TEC-COP-10632,Copiers Model 1,Technology,Copiers
OFF-ENV-10337,Envelopes Model 39,Office Supplies,Envelopes
FUR-TAB-10286,Tables Model 6,Furniture,Tables
FUR-CHA-10566,Chairs Model 28,Furniture,Chairs
FUR-TAB-10183,Tables Model 3,Furniture,Tables
TEC-PHO-10102,Phones Model 1,Technology,Phones
FUR-CHA-10530,Chairs Model 37,Furniture,Chairs
FUR-CHA-10856,Chairs Model 22,Furniture,Chairs
FUR-BOO-10380,Bookcases Model 4,Furniture,Bookcases
TEC-MAC-10394,Machines Model 45,Technology,Machines
TEC-ACC-10033,Accessories Model 44,Technology,Accessories
FUR-FUR-10062,Furnishings Model 13,Furniture,Furnishings
OFF-SUP-10249,Supplies Model 18,Office Supplies,Supplies
TEC-COP-10233,Copiers Model 38,Technology,Copiers
TEC-MAC-10932,Machines Model 30,Technology,Machines
OFF-BIN-10140,Binders Model 18,Office Supplies,Binders
OFF-APP-10549,Appliances Model 26,Office Supplies,Appliances
TEC-COP-10086,Copiers Model 12,Technology,Copiers
OFF-ENV-10035,Envelopes Model 8,Office Supplies,Envelopes
TEC-ACC-10160,Accessories Model 32,Technology,Accessories
OFF-BIN-10378,Binders Model 7,Office Supplies,Binders
FUR-CHA-10366,Chairs Model 32,Furniture,Chairs
OFF-ENV-10585,Envelopes Model 22,Office Supplies,Envelopes
TEC-COP-10455,Copiers Model 11,Technology,Copiers
TEC-ACC-10150,Accessories Model 29,Technology,Accessories
OFF-ART-10721,Art Model 43,Office Supplies,Art
OFF-ART-10370,Art Model 40,Office Supplies,Art
FUR-BOO-10751,Bookcases Model 47,Furniture,Bookcases
OFF-APP-10932,Appliances Model 26,Office Supplies,Appliances
TEC-PHO-10162,Phones Model 11,Technology,Phones
FUR-BOO-10421,Bookcases Model 37,Furniture,Bookcases
FUR-FUR-10835,Furnishings Model 18,Furniture,Furnishings
TEC-COP-10782,Copiers Model 33,Technology,Copiers
OFF-FAS-10762,Fasteners Model 19,Office Supplies,Fasteners
OFF-ENV-10635,Envelopes Model 27,Office Supplies,Envelopes
FUR-BOO-10124,Bookcases Model 20,Furniture,Bookcases
TEC-PHO-10863,Phones Model 3,Technology,Phones
OFF-ENV-10154,Envelopes Model 28,Office Supplies,Envelopes
TEC-PHO-10430,Phones Model 18,Technology,Phones
FUR-FUR-10673,Furnishings Model 11,Furniture,Furnishings
OFF-SUP-10404,Supplies Model 30,Office Supplies,Supplies
OFF-STO-10482,Storage Model 13,Office Supplies,Storage
TEC-PHO-10968,Phones Model 9,Technology,Phones
TEC-MAC-10255,Machines Model 48,Technology,Machines
TEC-ACC-10654,Accessories Model 4,Technology,Accessories
TEC-COP-10195,Copiers Model 48,Technology,Copiers
FUR-FUR-10648,Furnishings Model 7,Furniture,Furnishings
OFF-PAP-10045,Paper Model 9,Office Supplies,Paper
FUR-TAB-10848,Tables Model 4,Furniture,Tables
FUR-CHA-10207,Chairs Model 21,Furniture,Chairs
TEC-MAC-10489,Machines Model 47,Technology,Machines
TEC-MAC-10980,Machines Model 28,Technology,Machines
TEC-COP-10731,Copiers Model 25,Technology,Copiers
TEC-COP-10862,Copiers Model 21,Technology,Copiers
OFF-FAS-10574,Fasteners Model 36,Office Supplies,Fasteners
TEC-COP-10889,Copiers Model 22,Technology,Copiers
OFF-ENV-10331,Envelopes Model 19,Office Supplies,Envelopes
OFF-APP-10146,Appliances Model 43,Office Supplies,Appliances
FUR-CHA-10852,Chairs Model 46,Furniture,Chairs
OFF-LAB-10707,Labels Model 36,Office Supplies,Labels
FUR-FUR-10415,Furnishings Model 40,Furniture,Furnishings
OFF-APP-10321,Appliances Model 50,Office Supplies,Appliances
OFF-PAP-10580,Paper Model 1,Office Supplies,Paper
OFF-APP-10833,Appliances Model 47,Office Supplies,Appliances
OFF-SUP-10596,Supplies Model 6,Office Supplies,Supplies
TEC-COP-10619,Copiers Model 8,Technology,Copiers
TEC-COP-10839,Copiers Model 30,Technology,Copiers
OFF-FAS-10711,Fasteners Model 4,Office Supplies,Fasteners
TEC-PHO-10506,Phones Model 9,Technology,Phones
FUR-BOO-10328,Bookcases Model 40,Furniture,Bookcases
FUR-CHA-10791,Chairs Model 24,Furniture,Chairs
OFF-SUP-10910,Supplies Model 38,Office Supplies,Supplies
FUR-CHA-10037,Chairs Model 29,Furniture,Chairs
OFF-APP-10494,Appliances Model 7,Office Supplies,Appliances
TEC-PHO-10225,Phones Model 35,Technology,Phones
TEC-COP-10901,Copiers Model 7,Technology,Copiers
FUR-CHA-10133,Chairs Model 12,Furniture,Chairs
FUR-FUR-10539,Furnishings Model 50,Furniture,Furnishings
OFF-LAB-10199,Labels Model 26,Office Supplies,Labels
OFF-ENV-10387,Envelopes Model 13,Office Supplies,Envelopes
OFF-PAP-10984,Paper Model 7,Office Supplies,Paper
OFF-FAS-10007,Fasteners Model 4,Office Supplies,Fasteners
FUR-CHA-10270,Chairs Model 29,Furniture,Chairs
OFF-BIN-10229,Binders Model 31,Office Supplies,Binders
OFF-LAB-10452,Labels Model 35,Office Supplies,Labels
TEC-MAC-10323,Machines Model 33,Technology,Machines
FUR-BOO-10030,Bookcases Model 10,Furniture,Bookcases
OFF-SUP-10382,Supplies Model 17,Office Supplies,Supplies
TEC-COP-10452,Copiers Model 27,Technology,Copiers
OFF-LAB-10532,Labels Model 9,Office Supplies,Labels
TEC-PHO-10158,Phones Model 38,Technology,Phones
OFF-ART-10869,Art Model 45,Office Supplies,Art
FUR-TAB-10358,Tables Model 46,Furniture,Tables
OFF-ENV-10111,Envelopes Model 40,Office Supplies,Envelopes
TEC-ACC-10930,Accessories Model 39,Technology,Accessories
FUR-TAB-10741,Tables Model 44,Furniture,Tables
OFF-ART-10398,Art Model 12,Office Supplies,Art
OFF-ART-10135,Art Model 18,Office Supplies,Art
OFF-SUP-10705,Supplies Model 43,Office Supplies,Supplies
OFF-STO-10914,Storage Model 28,Office Supplies,Storage
OFF-FAS-10374,Fasteners Model 48,Office Supplies,Fasteners
TEC-PHO-10012,Phones Model 28,Technology,Phones
OFF-FAS-10536,Fasteners Model 29,Office Supplies,Fasteners
FUR-TAB-10688,Tables Model 15,Furniture,Tables
TEC-MAC-10647,Machines Model 27,Technology,Machines
FUR-FUR-10681,Furnishings Model 6,Furniture,Furnishings
OFF-FAS-10246,Fasteners Model 42,Office Supplies,Fasteners
OFF-APP-10194,Appliances Model 21,Office Supplies,Appliances
OFF-BIN-10923,Binders Model 36,Office Supplies,Binders
FUR-BOO-10871,Bookcases Model 36,Furniture,Bookcases
TEC-ACC-10695,Accessories Model 14,Technology,Accessories
TEC-MAC-10072,Machines Model 40,Technology,Machines
TEC-MAC-10340,Machines Model 49,Technology,Machines
TEC-MAC-10775,Machines Model 46,Technology,Machines
FUR-CHA-10225,Chairs Model 45,Furniture,Chairs
FUR-BOO-10935,Bookcases Model 2,Furniture,Bookcases
FUR-TAB-10758,Tables Model 31,Furniture,Tables
OFF-APP-10415,Appliances Model 28,Office Supplies,Appliances
FUR-CHA-10016,Chairs Model 11,Furniture,Chairs
TEC-PHO-10324,Phones Model 9,Technology,Phones
OFF-SUP-10577,Supplies Model 24,Office Supplies,Supplies
OFF-STO-10836,Storage Model 34,Office Supplies,Storage
FUR-BOO-10015,Bookcases Model 8,Furniture,Bookcases
OFF-ENV-10663,Envelopes Model 47,Office Supplies,Envelopes
FUR-FUR-10682,Furnishings Model 22,Furniture,Furnishings
OFF-BIN-10539,Binders Model 22,Office Supplies,Binders
FUR-CHA-10654,Chairs Model 2,Furniture,Chairs
OFF-FAS-10581,Fasteners Model 41,Office Supplies,Fasteners
OFF-ENV-10906,Envelopes Model 9,Office Supplies,Envelopes
FUR-FUR-10212,Furnishings Model 4,Furniture,Furnishings
TEC-PHO-10962,Phones Model 3,Technology,Phones
FUR-FUR-10524,Furnishings Model 49,Furniture,Furnishings
TEC-COP-10371,Copiers Model 21,Technology,Copiers
FUR-FUR-10485,Furnishings Model 43,Furniture,Furnishings
TEC-PHO-10975,Phones Model 8,Technology,Phones
OFF-ENV-10286,Envelopes Model 22,Office Supplies,Envelopes
FUR-CHA-10956,Chairs Model 2,Furniture,Chairs
FUR-BOO-10618,Bookcases Model 25,Furniture,Bookcases
OFF-PAP-10468,Paper Model 22,Office Supplies,Paper
TEC-MAC-10842,Machines Model 10,Technology,Machines
TEC-MAC-10002,Machines Model 28,Technology,Machines
FUR-TAB-10648,Tables Model 23,Furniture,Tables
FUR-TAB-10429,Tables Model 19,Furniture,Tables
TEC-MAC-10071,Machines Model 18,Technology,Machines
OFF-ART-10347,Art Model 44,Office Supplies,Art
OFF-BIN-10326,Binders Model 30,Office Supplies,Binders
FUR-CHA-10343,Chairs Model 10,Furniture,Chairs
FUR-TAB-10051,Tables Model 10,Furniture,Tables
TEC-ACC-10378,Accessories Model 41,Technology,Accessories
TEC-MAC-10477,Machines Model 26,Technology,Machines
TEC-MAC-10029,Machines Model 28,Technology,Machines
OFF-SUP-10899,Supplies Model 43,Office Supplies,Supplies
OFF-LAB-10450,Labels Model 25,Office Supplies,Labels
FUR-CHA-10884,Chairs Model 33,Furniture,Chairs
OFF-BIN-10878,Binders Model 8,Office Supplies,Binders
FUR-BOO-10841,Bookcases Model 47,Furniture,Bookcases
FUR-CHA-10153,Chairs Model 4,Furniture,Chairs
TEC-PHO-10094,Phones Model 28,Technology,Phones
OFF-APP-10779,Appliances Model 43,Office Supplies,Appliances
TEC-PHO-10474,Phones Model 32,Technology,Phones
FUR-BOO-10396,Bookcases Model 29,Furniture,Bookcases
TEC-MAC-10937,Machines Model 30,Technology,Machines
OFF-LAB-10077,Labels Model 10,Office Supplies,Labels
FUR-BOO-10596,Bookcases Model 26,Furniture,Bookcases
OFF-ART-10171,Art Model 14,Office Supplies,Art
TEC-ACC-10452,Accessories Model 29,Technology,Accessories
OFF-APP-10288,Appliances Model 20,Office Supplies,Appliances
TEC-PHO-10798,Phones Model 12,Technology,Phones
TEC-COP-10587,Copiers Model 27,Technology,Copiers
FUR-BOO-10909,Bookcases Model 1,Furniture,Bookcases
TEC-ACC-10953,Accessories Model 24,Technology,Accessories
FUR-FUR-10708,Furnishings Model 9,Furniture,Furnishings
TEC-MAC-10239,Machines Model 21,Technology,Machines
OFF-STO-10803,Storage Model 17,Office Supplies,Storage
OFF-PAP-10578,Paper Model 47,Office Supplies,Paper
TEC-ACC-10320,Accessories Model 49,Technology,Accessories
FUR-TAB-10956,Tables Model 34,Furniture,Tables
FUR-FUR-10950,Furnishings Model 50,Furniture,Furnishings
FUR-BOO-10180,Bookcases Model 22,Furniture,Bookcases
OFF-SUP-10402,Supplies Model 28,Office Supplies,Supplies
OFF-LAB-10011,Labels Model 12,Office Supplies,Labels
OFF-SUP-10855,Supplies Model 2,Office Supplies,Supplies
TEC-COP-10372,Copiers Model 11,Technology,Copiers
TEC-PHO-10991,Phones Model 38,Technology,Phones
TEC-MAC-10653,Machines Model 30,Technology,Machines
TEC-MAC-10823,Machines Model 22,Technology,Machines
OFF-ENV-10670,Envelopes Model 15,Office Supplies,Envelopes
FUR-CHA-10873,Chairs Model 49,Furniture,Chairs
FUR-TAB-10080,Tables Model 17,Furniture,Tables
TEC-COP-10916,Copiers Model 9,Technology,Copiers
OFF-STO-10031,Storage Model 23,Office Supplies,Storage
TEC-PHO-10011,Phones Model 26,Technology,Phones
OFF-ENV-10170,Envelopes Model 43,Office Supplies,Envelopes
FUR-BOO-10798,Bookcases Model 21,Furniture,Bookcases
OFF-PAP-10245,Paper Model 21,Office Supplies,Paper
OFF-FAS-10433,Fasteners Model 49,Office Supplies,Fasteners
TEC-PHO-10688,Phones Model 26,Technology,Phones
TEC-PHO-10292,Phones Model 4,Technology,Phones
TEC-PHO-10808,Phones Model 21,Technology,Phones
TEC-PHO-10317,Phones Model 29,Technology,Phones
OFF-FAS-10298,Fasteners Model 3,Office Supplies,Fasteners
TEC-ACC-10974,Accessories Model 18,Technology,Accessories
OFF-LAB-10765,Labels Model 12,Office Supplies,Labels
OFF-STO-10779,Storage Model 26,Office Supplies,Storage
FUR-TAB-10710,Tables Model 11,Furniture,Tables
OFF-ART-10792,Art Model 38,Office Supplies,Art
OFF-PAP-10173,Paper Model 19,Office Supplies,Paper
OFF-ART-10445,Art Model 47,Office Supplies,Art
OFF-ENV-10652,Envelopes Model 34,Office Supplies,Envelopes
FUR-TAB-10412,Tables Model 3,Furniture,Tables
OFF-STO-10719,Storage Model 50,Office Supplies,Storage
TEC-ACC-10509,Accessories Model 35,Technology,Accessories
FUR-TAB-10678,Tables Model 49,Furniture,Tables
TEC-PHO-10338,Phones Model 16,Technology,Phones
OFF-APP-10626,Appliances Model 16,Office Supplies,Appliances
OFF-PAP-10911,Paper Model 31,Office Supplies,Paper
TEC-PHO-10565,Phones Model 29,Technology,Phones
FUR-BOO-10003,Bookcases Model 32,Furniture,Bookcases
TEC-MAC-10422,Machines Model 42,Technology,Machines
OFF-SUP-10273,Supplies Model 16,Office Supplies,Supplies
OFF-STO-10414,Storage Model 13,Office Supplies,Storage
OFF-FAS-10898,Fasteners Model 6,Office Supplies,Fasteners
OFF-PAP-10280,Paper Model 44,Office Supplies,Paper
OFF-SUP-10960,Supplies Model 39,Office Supplies,Supplies
FUR-FUR-10573,Furnishings Model 19,Furniture,Furnishings
OFF-ENV-10190,Envelopes Model 48,Office Supplies,Envelopes
FUR-CHA-10342,Chairs Model 30,Furniture,Chairs
TEC-MAC-10687,Machines Model 33,Technology,Machines
OFF-BIN-10377,Binders Model 6,Office Supplies,Binders
TEC-MAC-10933,Machines Model 16,Technology,Machines
OFF-SUP-10265,Supplies Model 4,Office Supplies,Supplies
TEC-COP-10946,Copiers Model 3,Technology,Copiers
OFF-STO-10758,Storage Model 17,Office Supplies,Storage
OFF-ART-10865,Art Model 29,Office Supplies,Art
OFF-ENV-10050,Envelopes Model 10,Office Supplies,Envelopes
FUR-BOO-10098,Bookcases Model 17,Furniture,Bookcases
FUR-CHA-10599,Chairs Model 42,Furniture,Chairs
FUR-CHA-10103,Chairs Model 37,Furniture,Chairs
OFF-ENV-10094,Envelopes Model 22,Office Supplies,Envelopes
OFF-SUP-10756,Supplies Model 20,Office Supplies,Supplies
FUR-TAB-10500,Tables Model 26,Furniture,Tables
OFF-ART-10271,Art Model 29,Office Supplies,Art
TEC-MAC-10857,Machines Model 36,Technology,Machines
TEC-ACC-10742,Accessories Model 48,Technology,Accessories
OFF-LAB-10280,Labels Model 41,Office Supplies,Labels
OFF-FAS-10127,Fasteners Model 39,Office Supplies,Fasteners
OFF-PAP-10232,Paper Model 6,Office Supplies,Paper
OFF-ART-10362,Art Model 39,Office Supplies,Art
TEC-COP-10559,Copiers Model 39,Technology,Copiers
OFF-ENV-10827,Envelopes Model 39,Office Supplies,Envelopes
OFF-ENV-10116,Envelopes Model 16,Office Supplies,Envelopes
FUR-FUR-10489,Furnishings Model 25,Furniture,Furnishings
OFF-ENV-10760,Envelopes Model 47,Office Supplies,Envelopes
OFF-BIN-10112,Binders Model 4,Office Supplies,Binders
OFF-BIN-10293,Binders Model 12,Office Supplies,Binders
FUR-CHA-10549,Chairs Model 16,Furniture,Chairs
FUR-CHA-10748,Chairs Model 16,Furniture,Chairs
OFF-ART-10261,Art Model 44,Office Supplies,Art
TEC-ACC-10368,Accessories Model 3,Technology,Accessories
TEC-COP-10973,Copiers Model 42,Technology,Copiers
OFF-STO-10068,Storage Model 18,Office Supplies,Storage
OFF-FAS-10029,Fasteners Model 49,Office Supplies,Fasteners
TEC-MAC-10207,Machines Model 17,Technology,Machines
OFF-ART-10936,Art Model 46,Office Supplies,Art
OFF-BIN-10160,Binders Model 26,Office Supplies,Binders
TEC-COP-10479,Copiers Model 20,Technology,Copiers
FUR-CHA-10234,Chairs Model 42,Furniture,Chairs
OFF-STO-10591,Storage Model 49,Office Supplies,Storage
FUR-BOO-10497,Bookcases Model 16,Furniture,Bookcases
FUR-TAB-10359,Tables Model 46,Furniture,Tables
FUR-FUR-10149,Furnishings Model 2,Furniture,Furnishings
OFF-FAS-10909,Fasteners Model 2,Office Supplies,Fasteners
OFF-LAB-10231,Labels Model 1,Office Supplies,Labels
OFF-LAB-10420,Labels Model 44,Office Supplies,Labels
FUR-TAB-10654,Tables Model 27,Furniture,Tables
OFF-LAB-10802,Labels Model 16,Office Supplies,Labels
OFF-ENV-10173,Envelopes Model 7,Office Supplies,Envelopes
TEC-MAC-10567,Machines Model 14,Technology,Machines
TEC-PHO-10826,Phones Model 18,Technology,Phones
FUR-TAB-10101,Tables Model 7,Furniture,Tables
FUR-TAB-10398,Tables Model 8,Furniture,Tables
FUR-BOO-10946,Bookcases Model 31,Furniture,Bookcases
TEC-ACC-10505,Accessories Model 8,Technology,Accessories
FUR-FUR-10687,Furnishings Model 5,Furniture,Furnishings
FUR-BOO-10831,Bookcases Model 18,Furniture,Bookcases
FUR-TAB-10461,Tables Model 41,Furniture,Tables
OFF-BIN-10578,Binders Model 48,Office Supplies,Binders
FUR-FUR-10321,Furnishings Model 11,Furniture,Furnishings
FUR-FUR-10193,Furnishings Model 10,Furniture,Furnishings
FUR-CHA-10553,Chairs Model 20,Furniture,Chairs
FUR-FUR-10787,Furnishings Model 20,Furniture,Furnishings
FUR-FUR-10245,Furnishings Model 17,Furniture,Furnishings
OFF-APP-10973,Appliances Model 3,Office Supplies,Appliances
FUR-FUR-10069,Furnishings Model 47,Furniture,Furnishings
TEC-ACC-10651,Accessories Model 44,Technology,Accessories
FUR-BOO-10566,Bookcases Model 11,Furniture,Bookcases
TEC-ACC-10837,Accessories Model 13,Technology,Accessories
OFF-ART-10348,Art Model 3,Office Supplies,Art
OFF-FAS-10490,Fasteners Model 13,Office Supplies,Fasteners
TEC-ACC-10978,Accessories Model 21,Technology,Accessories
TEC-ACC-10391,Accessories Model 13,Technology,Accessories
FUR-BOO-10509,Bookcases Model 21,Furniture,Bookcases
OFF-PAP-10927,Paper Model 28,Office Supplies,Paper
OFF-STO-10048,Storage Model 46,Office Supplies,Storage
TEC-MAC-10930,Machines Model 44,Technology,Machines
TEC-MAC-10802,Machines Model 36,Technology,Machines
OFF-BIN-10965,Binders Model 29,Office Supplies,Binders
FUR-FUR-10496,Furnishings Model 15,Furniture,Furnishings
OFF-ENV-10517,Envelopes Model 16,Office Supplies,Envelopes
FUR-BOO-10719,Bookcases Model 13,Furniture,Bookcases
OFF-PAP-10299,Paper Model 32,Office Supplies,Paper
OFF-FAS-10284,Fasteners Model 13,Office Supplies,Fasteners
OFF-FAS-10393,Fasteners Model 37,Office Supplies,Fasteners
FUR-CHA-10876,Chairs Model 44,Furniture,Chairs
TEC-MAC-10492,Machines Model 2,Technology,Machines
OFF-BIN-10985,Binders Model 42,Office Supplies,Binders
TEC-COP-10536,Copiers Model 2,Technology,Copiers
OFF-ENV-10713,Envelopes Model 46,Office Supplies,Envelopes
TEC-MAC-10919,Machines Model 43,Technology,Machines
TEC-PHO-10337,Phones Model 13,Technology,Phones
TEC-ACC-10808,Accessories Model 22,Technology,Accessories
TEC-COP-10518,Copiers Model 38,Technology,Copiers
FUR-CHA-10188,Chairs Model 31,Furniture,Chairs
FUR-FUR-10640,Furnishings Model 38,Furniture,Furnishings
OFF-STO-10717,Storage Model 45,Office Supplies,Storage
TEC-MAC-10252,Machines Model 18,Technology,Machines
FUR-CHA-10712,Chairs Model 29,Furniture,Chairs
TEC-PHO-10493,Phones Model 10,Technology,Phones
OFF-APP-10339,Appliances Model 13,Office Supplies,Appliances
OFF-ART-10581,Art Model 25,Office Supplies,Art
TEC-MAC-10949,Machines Model 48,Technology,Machines
OFF-BIN-10708,Binders Model 17,Office Supplies,Binders
FUR-BOO-10950,Bookcases Model 25,Furniture,Bookcases
OFF-ART-10340,Art Model 28,Office Supplies,Art
OFF-BIN-10304,Binders Model 47,Office Supplies,Binders
TEC-ACC-10443,Accessories Model 1,Technology,Accessories
FUR-FUR-10776,Furnishings Model 50,Furniture,Furnishings
FUR-TAB-10724,Tables Model 8,Furniture,Tables
TEC-MAC-10714,Machines Model 49,Technology,Machines
FUR-FUR-10148,Furnishings Model 7,Furniture,Furnishings
FUR-TAB-10698,Tables Model 28,Furniture,Tables
TEC-MAC-10467,Machines Model 7,Technology,Machines
FUR-FUR-10196,Furnishings Model 18,Furniture,Furnishings
OFF-LAB-10831,Labels Model 23,Office Supplies,Labels
OFF-ART-10545,Art Model 31,Office Supplies,Art
FUR-BOO-10356,Bookcases Model 19,Furniture,Bookcases
FUR-TAB-10205,Tables Model 3,Furniture,Tables
FUR-CHA-10886,Chairs Model 12,Furniture,Chairs
TEC-ACC-10445,Accessories Model 45,Technology,Accessories
OFF-FAS-10516,Fasteners Model 16,Office Supplies,Fasteners
OFF-FAS-10177,Fasteners Model 21,Office Supplies,Fasteners
TEC-COP-10143,Copiers Model 9,Technology,Copiers
FUR-BOO-10511,Bookcases Model 18,Furniture,Bookcases
OFF-APP-10160,Appliances Model 20,Office Supplies,Appliances
FUR-FUR-10200,Furnishings Model 7,Furniture,Furnishings
TEC-MAC-10841,Machines Model 44,Technology,Machines
OFF-ENV-10764,Envelopes Model 6,Office Supplies,Envelopes
OFF-APP-10104,Appliances Model 7,Office Supplies,Appliances
OFF-PAP-10102,Paper Model 2,Office Supplies,Paper
TEC-ACC-10965,Accessories Model 5,Technology,Accessories
OFF-ENV-10494,Envelopes Model 6,Office Supplies,Envelopes
TEC-ACC-10951,Accessories Model 24,Technology,Accessories
OFF-PAP-10477,Paper Model 48,Office Supplies,Paper
OFF-PAP-10073,Paper Model 48,Office Supplies,Paper
TEC-ACC-10418,Accessories Model 14,Technology,Accessories
OFF-FAS-10930,Fasteners Model 1,Office Supplies,Fasteners
FUR-BOO-10445,Bookcases Model 42,Furniture,Bookcases
OFF-LAB-10230,Labels Model 25,Office Supplies,Labels
FUR-FUR-10575,Furnishings Model 39,Furniture,Furnishings
OFF-APP-10561,Appliances Model 23,Office Supplies,Appliances
FUR-CHA-10052,Chairs Model 24,Furniture,Chairs
FUR-TAB-10156,Tables Model 15,Furniture,Tables
OFF-APP-10294,Appliances Model 8,Office Supplies,Appliances
OFF-BIN-10962,Binders Model 33,Office Supplies,Binders
FUR-BOO-10634,Bookcases Model 12,Furniture,Bookcases
OFF-FAS-10244,Fasteners Model 5,Office Supplies,Fasteners
FUR-TAB-10948,Tables Model 38,Furniture,Tables
TEC-COP-10127,Copiers Model 50,Technology,Copiers
TEC-COP-10577,Copiers Model 36,Technology,Copiers
TEC-PHO-10018,Phones Model 44,Technology,Phones
TEC-MAC-10597,Machines Model 44,Technology,Machines
TEC-MAC-10260,Machines Model 9,Technology,Machines
FUR-CHA-10753,Chairs Model 44,Furniture,Chairs
TEC-COP-10789,Copiers Model 37,Technology,Copiers
OFF-LAB-10992,Labels Model 2,Office Supplies,Labels
OFF-BIN-10829,Binders Model 38,Office Supplies,Binders
TEC-COP-10110,Copiers Model 50,Technology,Copiers
TEC-COP-10604,Copiers Model 22,Technology,Copiers
OFF-APP-10366,Appliances Model 13,Office Supplies,Appliances
TEC-PHO-10647,Phones Model 11,Technology,Phones
FUR-CHA-10742,Chairs Model 33,Furniture,Chairs
FUR-TAB-10031,Tables Model 10,Furniture,Tables
OFF-SUP-10694,Supplies Model 39,Office Supplies,Supplies
FUR-CHA-10134,Chairs Model 30,Furniture,Chairs
OFF-SUP-10856,Supplies Model 8,Office Supplies,Supplies
OFF-PAP-10964,Paper Model 2,Office Supplies,Paper
OFF-SUP-10846,Supplies Model 49,Office Supplies,Supplies
FUR-FUR-10750,Furnishings Model 4,Furniture,Furnishings
OFF-APP-10557,Appliances Model 40,Office Supplies,Appliances
TEC-PHO-10364,Phones Model 44,Technology,Phones
FUR-TAB-10511,Tables Model 5,Furniture,Tables
TEC-COP-10292,Copiers Model 8,Technology,Copiers
FUR-BOO-10225,Bookcases Model 31,Furniture,Bookcases
FUR-CHA-10341,Chairs Model 37,Furniture,Chairs
TEC-COP-10802,Copiers Model 18,Technology,Copiers
TEC-PHO-10089,Phones Model 36,Technology,Phones
TEC-ACC-10671,Accessories Model 45,Technology,Accessories
OFF-STO-10402,Storage Model 48,Office Supplies,Storage
OFF-ART-10213,Art Model 31,Office Supplies,Art
TEC-ACC-10388,Accessories Model 17,Technology,Accessories
FUR-TAB-10531,Tables Model 5,Furniture,Tables
OFF-SUP-10689,Supplies Model 40,Office Supplies,Supplies
TEC-PHO-10031,Phones Model 2,Technology,Phones
OFF-ENV-10515,Envelopes Model 36,Office Supplies,Envelopes
TEC-ACC-10863,Accessories Model 31,Technology,Accessories
OFF-ENV-10007,Envelopes Model 31,Office Supplies,Envelopes
OFF-FAS-10959,Fasteners Model 24,Office Supplies,Fasteners
FUR-BOO-10610,Bookcases Model 39,Furniture,Bookcases
FUR-BOO-10411,Bookcases Model 3,Furniture,Bookcases
TEC-ACC-10667,Accessories Model 17,Technology,Accessories
TEC-COP-10888,Copiers Model 12,Technology,Copiers
TEC-ACC-10874,Accessories Model 34,Technology,Accessories
OFF-STO-10250,Storage Model 27,Office Supplies,Storage
TEC-MAC-10167,Machines Model 22,Technology,Machines
OFF-BIN-10744,Binders Model 26,Office Supplies,Binders
OFF-FAS-10075,Fasteners Model 43,Office Supplies,Fasteners
OFF-APP-10107,Appliances Model 12,Office Supplies,Appliances
FUR-CHA-10785,Chairs Model 2,Furniture,Chairs
OFF-APP-10359,Appliances Model 8,Office Supplies,Appliances
TEC-PHO-10063,Phones Model 26,Technology,Phones
OFF-ART-10673,Art Model 2,Office Supplies,Art
TEC-COP-10697,Copiers Model 29,Technology,Copiers
FUR-TAB-10978,Tables Model 47,Furniture,Tables
FUR-BOO-10581,Bookcases Model 30,Furniture,Bookcases
OFF-PAP-10005,Paper Model 49,Office Supplies,Paper
FUR-FUR-10349,Furnishings Model 30,Furniture,Furnishings
TEC-ACC-10293,Accessories Model 36,Technology,Accessories
TEC-ACC-10028,Accessories Model 48,Technology,Accessories
OFF-STO-10884,Storage Model 44,Office Supplies,Storage
FUR-FUR-10688,Furnishings Model 48,Furniture,Furnishings
FUR-BOO-10048,Bookcases Model 41,Furniture,Bookcases
OFF-BIN-10430,Binders Model 12,Office Supplies,Binders
FUR-TAB-10355,Tables Model 30,Furniture,Tables
TEC-ACC-10289,Accessories Model 39,Technology,Accessories
OFF-SUP-10713,Supplies Model 46,Office Supplies,Supplies
OFF-LAB-10834,Labels Model 18,Office Supplies,Labels
TEC-PHO-10646,Phones Model 11,Technology,Phones
TEC-MAC-10117,Machines Model 27,Technology,Machines
TEC-ACC-10906,Accessories Model 17,Technology,Accessories
FUR-TAB-10006,Tables Model 28,Furniture,Tables
OFF-PAP-10037,Paper Model 23,Office Supplies,Paper
OFF-LAB-10577,Labels Model 1,Office Supplies,Labels
TEC-MAC-10739,Machines Model 29,Technology,Machines
OFF-PAP-10227,Paper Model 23,Office Supplies,Paper
FUR-BOO-10252,Bookcases Model 43,Furniture,Bookcases
TEC-MAC-10594,Machines Model 3,Technology,Machines
TEC-PHO-10912,Phones Model 12,Technology,Phones
OFF-ART-10615,Art Model 18,Office Supplies,Art
TEC-MAC-10946,Machines Model 41,Technology,Machines
TEC-PHO-10048,Phones Model 45,Technology,Phones
OFF-STO-10385,Storage Model 39,Office Supplies,Storage
OFF-PAP-10512,Paper Model 25,Office Supplies,Paper
OFF-BIN-10544,Binders Model 29,Office Supplies,Binders
OFF-SUP-10119,Supplies Model 28,Office Supplies,Supplies
TEC-PHO-10492,Phones Model 4,Technology,Phones
OFF-PAP-10596,Paper Model 45,Office Supplies,Paper
TEC-MAC-10601,Machines Model 28,Technology,Machines
OFF-APP-10743,Appliances Model 26,Office Supplies,Appliances
TEC-PHO-10614,Phones Model 4,Technology,Phones
TEC-MAC-10242,Machines Model 27,Technology,Machines
FUR-FUR-10222,Furnishings Model 1,Furniture,Furnishings
FUR-CHA-10849,Chairs Model 28,Furniture,Chairs
TEC-PHO-10704,Phones Model 49,Technology,Phones
OFF-APP-10955,Appliances Model 20,Office Supplies,Appliances
OFF-STO-10082,Storage Model 32,Office Supplies,Storage
FUR-TAB-10363,Tables Model 30,Furniture,Tables
OFF-STO-10200,Storage Model 7,Office Supplies,Storage
FUR-TAB-11000,Tables Model 12,Furniture,Tables
TEC-MAC-10113,Machines Model 25,Technology,Machines
FUR-CHA-10494,Chairs Model 5,Furniture,Chairs
TEC-ACC-10776,Accessories Model 47,Technology,Accessories
TEC-ACC-10025,Accessories Model 20,Technology,Accessories
FUR-CHA-10521,Chairs Model 31,Furniture,Chairs
TEC-PHO-10700,Phones Model 5,Technology,Phones
FUR-BOO-10249,Bookcases Model 17,Furniture,Bookcases
FUR-BOO-10598,Bookcases Model 13,Furniture,Bookcases
TEC-COP-10590,Copiers Model 40,Technology,Copiers
OFF-ART-10704,Art Model 32,Office Supplies,Art
OFF-FAS-10389,Fasteners Model 25,Office Supplies,Fasteners
OFF-ART-10262,Art Model 19,Office Supplies,Art
FUR-BOO-10568,Bookcases Model 2,Furniture,Bookcases
OFF-LAB-10689,Labels Model 9,Office Supplies,Labels
FUR-BOO-10479,Bookcases Model 40,Furniture,Bookcases
OFF-ENV-10816,Envelopes Model 5,Office Supplies,Envelopes
OFF-FAS-10384,Fasteners Model 22,Office Supplies,Fasteners
OFF-FAS-10305,Fasteners Model 10,Office Supplies,Fasteners
FUR-TAB-10350,Tables Model 45,Furniture,Tables
TEC-MAC-10137,Machines Model 33,Technology,Machines
TEC-PHO-10990,Phones Model 40,Technology,Phones
TEC-PHO-10198,Phones Model 38,Technology,Phones
OFF-ART-10454,Art Model 6,Office Supplies,Art
OFF-PAP-10099,Paper Model 30,Office Supplies,Paper
FUR-BOO-10079,Bookcases Model 4,Furniture,Bookcases
OFF-ENV-10984,Envelopes Model 17,Office Supplies,Envelopes
OFF-APP-10344,Appliances Model 46,Office Supplies,Appliances
FUR-FUR-10739,Furnishings Model 13,Furniture,Furnishings
FUR-CHA-10151,Chairs Model 15,Furniture,Chairs
FUR-TAB-10330,Tables Model 31,Furniture,Tables
OFF-APP-10625,Appliances Model 42,Office Supplies,Appliances
TEC-ACC-10534,Accessories Model 37,Technology,Accessories
FUR-FUR-10447,Furnishings Model 37,Furniture,Furnishings
OFF-BIN-10120,Binders Model 26,Office Supplies,Binders
OFF-LAB-10670,Labels Model 20,Office Supplies,Labels
TEC-PHO-10937,Phones Model 29,Technology,Phones
FUR-BOO-10894,Bookcases Model 14,Furniture,Bookcases
FUR-BOO-10332,Bookcases Model 42,Furniture,Bookcases
OFF-ENV-10650,Envelopes Model 31,Office Supplies,Envelopes
OFF-SUP-10050,Supplies Model 22,Office Supplies,Supplies
OFF-BIN-10466,Binders Model 33,Office Supplies,Binders
OFF-APP-10987,Appliances Model 49,Office Supplies,Appliances
TEC-MAC-10822,Machines Model 50,Technology,Machines
TEC-MAC-10756,Machines Model 11,Technology,Machines
FUR-BOO-10625,Bookcases Model 2,Furniture,Bookcases
FUR-CHA-10331,Chairs Model 25,Furniture,Chairs
FUR-CHA-10091,Chairs Model 24,Furniture,Chairs
TEC-PHO-10059,Phones Model 15,Technology,Phones
TEC-PHO-10866,Phones Model 34,Technology,Phones
TEC-COP-10175,Copiers Model 33,Technology,Copiers
TEC-PHO-10588,Phones Model 45,Technology,Phones
OFF-SUP-10872,Supplies Model 46,Office Supplies,Supplies
OFF-STO-10436,Storage Model 15,Office Supplies,Storage
OFF-FAS-10856,Fasteners Model 1,Office Supplies,Fasteners
OFF-SUP-10338,Supplies Model 19,Office Supplies,Supplies
TEC-PHO-10796,Phones Model 8,Technology,Phones
FUR-CHA-10194,Chairs Model 19,Furniture,Chairs
FUR-TAB-10910,Tables Model 47,Furniture,Tables
OFF-APP-10916,Appliances Model 15,Office Supplies,Appliances
FUR-BOO-10488,Bookcases Model 34,Furniture,Bookcases
FUR-CHA-10475,Chairs Model 13,Furniture,Chairs
TEC-MAC-10771,Machines Model 4,Technology,Machines
FUR-TAB-10382,Tables Model 24,Furniture,Tables
FUR-BOO-10485,Bookcases Model 46,Furniture,Bookcases
OFF-BIN-10072,Binders Model 15,Office Supplies,Binders
FUR-FUR-10726,Furnishings Model 4,Furniture,Furnishings
FUR-CHA-10836,Chairs Model 42,Furniture,Chairs
TEC-MAC-10586,Machines Model 25,Technology,Machines
FUR-BOO-10886,Bookcases Model 12,Furniture,Bookcases
OFF-BIN-10711,Binders Model 49,Office Supplies,Binders
FUR-TAB-10768,Tables Model 20,Furniture,Tables
FUR-BOO-10916,Bookcases Model 17,Furniture,Bookcases
OFF-ART-10404,Art Model 28,Office Supplies,Art
OFF-STO-10209,Storage Model 41,Office Supplies,Storage
OFF-SUP-10371,Supplies Model 42,Office Supplies,Supplies
TEC-COP-10183,Copiers Model 14,Technology,Copiers
FUR-FUR-10058,Furnishings Model 48,Furniture,Furnishings
FUR-FUR-10173,Furnishings Model 2,Furniture,Furnishings
OFF-LAB-10449,Labels Model 39,Office Supplies,Labels
OFF-PAP-10781,Paper Model 48,Office Supplies,Paper
TEC-COP-10212,Copiers Model 20,Technology,Copiers
FUR-BOO-10089,Bookcases Model 48,Furniture,Bookcases
TEC-COP-10815,Copiers Model 39,Technology,Copiers
OFF-ART-10254,Art Model 4,Office Supplies,Art
OFF-SUP-10637,Supplies Model 32,Office Supplies,Supplies
OFF-ART-10191,Art Model 50,Office Supplies,Art
FUR-TAB-10159,Tables Model 6,Furniture,Tables
OFF-APP-10349,Appliances Model 7,Office Supplies,Appliances
FUR-BOO-10704,Bookcases Model 39,Furniture,Bookcases
FUR-BOO-10103,Bookcases Model 21,Furniture,Bookcases
TEC-PHO-10765,Phones Model 23,Technology,Phones
OFF-SUP-10747,Supplies Model 41,Office Supplies,Supplies
FUR-CHA-10888,Chairs Model 39,Furniture,Chairs
FUR-BOO-10213,Bookcases Model 37,Furniture,Bookcases
OFF-BIN-10078,Binders Model 22,Office Supplies,Binders
TEC-MAC-10210,Machines Model 28,Technology,Machines
FUR-CHA-10883,Chairs Model 8,Furniture,Chairs
OFF-STO-10086,Storage Model 42,Office Supplies,Storage
OFF-ENV-10149,Envelopes Model 16,Office Supplies,Envelopes
TEC-PHO-10332,Phones Model 22,Technology,Phones
TEC-ACC-10109,Accessories Model 6,Technology,Accessories
OFF-LAB-10869,Labels Model 35,Office Supplies,Labels
OFF-BIN-10932,Binders Model 17,Office Supplies,Binders
OFF-BIN-10434,Binders Model 36,Office Supplies,Binders
TEC-COP-10500,Copiers Model 40,Technology,Copiers
OFF-ENV-10617,Envelopes Model 45,Office Supplies,Envelopes
TEC-MAC-10819,Machines Model 34,Technology,Machines
OFF-ENV-10370,Envelopes Model 37,Office Supplies,Envelopes
TEC-ACC-10739,Accessories Model 16,Technology,Accessories
FUR-TAB-10130,Tables Model 2,Furniture,Tables
TEC-PHO-10446,Phones Model 48,Technology,Phones
FUR-FUR-10117,Furnishings Model 12,Furniture,Furnishings
OFF-LAB-10398,Labels Model 48,Office Supplies,Labels
FUR-FUR-10884,Furnishings Model 15,Furniture,Furnishings
OFF-PAP-10864,Paper Model 34,Office Supplies,Paper
TEC-PHO-10799,Phones Model 50,Technology,Phones
FUR-FUR-10753,Furnishings Model 12,Furniture,Furnishings
FUR-BOO-10247,Bookcases Model 33,Furniture,Bookcases
OFF-FAS-10526,Fasteners Model 5,Office Supplies,Fasteners
TEC-ACC-10476,Accessories Model 34,Technology,Accessories
FUR-BOO-10710,Bookcases Model 9,Furniture,Bookcases
FUR-BOO-10553,Bookcases Model 30,Furniture,Bookcases
OFF-LAB-10402,Labels Model 9,Office Supplies,Labels
TEC-MAC-10413,Machines Model 47,Technology,Machines
FUR-CHA-10669,Chairs Model 21,Furniture,Chairs
FUR-CHA-10230,Chairs Model 21,Furniture,Chairs
OFF-STO-10481,Storage Model 47,Office Supplies,Storage
OFF-BIN-10909,Binders Model 2,Office Supplies,Binders
OFF-APP-10802,Appliances Model 31,Office Supplies,Appliances
FUR-BOO-10759,Bookcases Model 22,Furniture,Bookcases
TEC-MAC-10014,Machines Model 8,Technology,Machines
FUR-FUR-10562,Furnishings Model 44,Furniture,Furnishings
TEC-ACC-10768,Accessories Model 43,Technology,Accessories
OFF-LAB-10075,Labels Model 27,Office Supplies,Labels
TEC-PHO-10996,Phones Model 44,Technology,Phones
TEC-COP-10602,Copiers Model 14,Technology,Copiers
TEC-MAC-10349,Machines Model 43,Technology,Machines
TEC-ACC-10740,Accessories Model 11,Technology,Accessories
FUR-BOO-10779,Bookcases Model 12,Furniture,Bookcases
FUR-TAB-10867,Tables Model 8,Furniture,Tables
FUR-BOO-10773,Bookcases Model 20,Furniture,Bookcases
OFF-STO-10544,Storage Model 39,Office Supplies,Storage
TEC-COP-10797,Copiers Model 33,Technology,Copiers
TEC-ACC-10858,Accessories Model 3,Technology,Accessories
OFF-ENV-10290,Envelopes Model 48,Office Supplies,Envelopes
TEC-ACC-10981,Accessories Model 29,Technology,Accessories
FUR-BOO-10114,Bookcases Model 26,Furniture,Bookcases
OFF-SUP-10603,Supplies Model 46,Office Supplies,Supplies
FUR-CHA-10261,Chairs Model 32,Furniture,Chairs
OFF-SUP-10352,Supplies Model 3,Office Supplies,Supplies
TEC-ACC-10840,Accessories Model 18,Technology,Accessories
FUR-BOO-10830,Bookcases Model 13,Furniture,Bookcases
OFF-STO-10786,Storage Model 7,Office Supplies,Storage
TEC-ACC-10081,Accessories Model 35,Technology,Accessories
FUR-TAB-10437,Tables Model 37,Furniture,Tables
FUR-TAB-10099,Tables Model 38,Furniture,Tables
FUR-FUR-10157,Furnishings Model 16,Furniture,Furnishings
OFF-PAP-10086,Paper Model 50,Office Supplies,Paper
OFF-LAB-10200,Labels Model 11,Office Supplies,Labels
TEC-ACC-10779,Accessories Model 40,Technology,Accessories
FUR-FUR-10250,Furnishings Model 35,Furniture,Furnishings
OFF-APP-10253,Appliances Model 3,Office Supplies,Appliances
FUR-BOO-10674,Bookcases Model 13,Furniture,Bookcases
OFF-SUP-10044,Supplies Model 33,Office Supplies,Supplies
OFF-FAS-10020,Fasteners Model 29,Office Supplies,Fasteners
TEC-ACC-10405,Accessories Model 46,Technology,Accessories
FUR-CHA-10089,Chairs Model 17,Furniture,Chairs
FUR-BOO-10001,Bookcases Model 42,Furniture,Bookcases
OFF-APP-10430,Appliances Model 46,Office Supplies,Appliances
OFF-PAP-10827,Paper Model 10,Office Supplies,Paper
TEC-MAC-10931,Machines Model 38,Technology,Machines
OFF-SUP-10560,Supplies Model 42,Office Supplies,Supplies
OFF-STO-10564,Storage Model 47,Office Supplies,Storage
TEC-PHO-10384,Phones Model 44,Technology,Phones
OFF-ART-10353,Art Model 6,Office Supplies,Art
OFF-ENV-10765,Envelopes Model 30,Office Supplies,Envelopes
OFF-LAB-10122,Labels Model 8,Office Supplies,Labels
FUR-TAB-10696,Tables Model 43,Furniture,Tables
OFF-SUP-10914,Supplies Model 21,Office Supplies,Supplies
TEC-PHO-10589,Phones Model 18,Technology,Phones
OFF-LAB-10035,Labels Model 18,Office Supplies,Labels
FUR-CHA-10419,Chairs Model 35,Furniture,Chairs
TEC-PHO-10470,Phones Model 17,Technology,Phones
OFF-FAS-10471,Fasteners Model 5,Office Supplies,Fasteners
FUR-FUR-10877,Furnishings Model 14,Furniture,Furnishings
FUR-BOO-10346,Bookcases Model 20,Furniture,Bookcases
TEC-PHO-10056,Phones Model 5,Technology,Phones
TEC-MAC-10407,Machines Model 5,Technology,Machines
TEC-PHO-10014,Phones Model 44,Technology,Phones
FUR-BOO-10076,Bookcases Model 41,Furniture,Bookcases
TEC-ACC-10919,Accessories Model 2,Technology,Accessories
TEC-ACC-10444,Accessories Model 7,Technology,Accessories
OFF-ENV-10695,Envelopes Model 45,Office Supplies,Envelopes
FUR-FUR-10971,Furnishings Model 31,Furniture,Furnishings
FUR-TAB-10663,Tables Model 7,Furniture,Tables
FUR-CHA-10591,Chairs Model 11,Furniture,Chairs
TEC-MAC-10074,Machines Model 25,Technology,Machines
OFF-SUP-10454,Supplies Model 36,Office Supplies,Supplies
TEC-ACC-10177,Accessories Model 2,Technology,Accessories
TEC-ACC-10601,Accessories Model 5,Technology,Accessories
FUR-CHA-10206,Chairs Model 50,Furniture,Chairs
OFF-STO-10542,Storage Model 11,Office Supplies,Storage
OFF-ENV-10920,Envelopes Model 8,Office Supplies,Envelopes
FUR-TAB-10547,Tables Model 25,Furniture,Tables
FUR-FUR-10512,Furnishings Model 24,Furniture,Furnishings
TEC-COP-10393,Copiers Model 24,Technology,Copiers
FUR-CHA-10559,Chairs Model 46,Furniture,Chairs
OFF-STO-10628,Storage Model 44,Office Supplies,Storage
FUR-BOO-10313,Bookcases Model 23,Furniture,Bookcases
TEC-ACC-10244,Accessories Model 16,Technology,Accessories
TEC-ACC-10697,Accessories Model 14,Technology,Accessories
FUR-FUR-10937,Furnishings Model 7,Furniture,Furnishings
FUR-FUR-10627,Furnishings Model 2,Furniture,Furnishings
TEC-COP-10634,Copiers Model 6,Technology,Copiers
FUR-FUR-10518,Furnishings Model 35,Furniture,Furnishings
TEC-ACC-10129,Accessories Model 3,Technology,Accessories
FUR-CHA-10844,Chairs Model 29,Furniture,Chairs
OFF-LAB-10931,Labels Model 16,Office Supplies,Labels
OFF-FAS-10366,Fasteners Model 27,Office Supplies,Fasteners
OFF-LAB-10234,Labels Model 27,Office Supplies,Labels
FUR-TAB-10070,Tables Model 48,Furniture,Tables
OFF-ENV-10675,Envelopes Model 15,Office Supplies,Envelopes
OFF-STO-10300,Storage Model 13,Office Supplies,Storage
TEC-ACC-10707,Accessories Model 36,Technology,Accessories
FUR-BOO-10289,Bookcases Model 41,Furniture,Bookcases
FUR-FUR-10008,Furnishings Model 11,Furniture,Furnishings
OFF-ENV-10815,Envelopes Model 40,Office Supplies,Envelopes
OFF-BIN-10456,Binders Model 20,Office Supplies,Binders
FUR-CHA-10997,Chairs Model 13,Furniture,Chairs
FUR-CHA-10237,Chairs Model 43,Furniture,Chairs
OFF-PAP-10188,Paper Model 28,Office Supplies,Paper
OFF-BIN-10347,Binders Model 32,Office Supplies,Binders
FUR-FUR-10358,Furnishings Model 6,Furniture,Furnishings
FUR-FUR-10844,Furnishings Model 41,Furniture,Furnishings
TEC-MAC-10670,Machines Model 19,Technology,Machines
TEC-MAC-10659,Machines Model 13,Technology,Machines
OFF-FAS-10287,Fasteners Model 48,Office Supplies,Fasteners
TEC-ACC-10074,Accessories Model 50,Technology,Accessories
TEC-ACC-10242,Accessories Model 35,Technology,Accessories
FUR-TAB-10371,Tables Model 12,Furniture,Tables
FUR-CHA-10623,Chairs Model 6,Furniture,Chairs
FUR-TAB-10551,Tables Model 11,Furniture,Tables
FUR-TAB-10235,Tables Model 5,Furniture,Tables
OFF-APP-10845,Appliances Model 42,Office Supplies,Appliances
FUR-CHA-10787,Chairs Model 11,Furniture,Chairs
OFF-BIN-10449,Binders Model 14,Office Supplies,Binders
FUR-TAB-10994,Tables Model 14,Furniture,Tables
FUR-FUR-10564,Furnishings Model 39,Furniture,Furnishings
OFF-LAB-10772,Labels Model 31,Office Supplies,Labels
OFF-APP-10839,Appliances Model 4,Office Supplies,Appliances
FUR-CHA-10284,Chairs Model 4,Furniture,Chairs
FUR-FUR-10957,Furnishings Model 18,Furniture,Furnishings
TEC-PHO-10936,Phones Model 1,Technology,Phones
OFF-STO-10311,Storage Model 45,Office Supplies,Storage
FUR-TAB-10476,Tables Model 3,Furniture,Tables
OFF-LAB-10412,Labels Model 11,Office Supplies,Labels
FUR-FUR-10393,Furnishings Model 41,Furniture,Furnishings
OFF-SUP-10813,Supplies Model 18,Office Supplies,Supplies
FUR-CHA-10809,Chairs Model 25,Furniture,Chairs
TEC-COP-10788,Copiers Model 15,Technology,Copiers
OFF-ENV-10265,Envelopes Model 13,Office Supplies,Envelopes
OFF-FAS-10846,Fasteners Model 10,Office Supplies,Fasteners
OFF-ART-10433,Art Model 22,Office Supplies,Art
OFF-ART-10403,Art Model 29,Office Supplies,Art
FUR-BOO-10149,Bookcases Model 14,Furniture,Bookcases
OFF-ART-10166,Art Model 24,Office Supplies,Art
OFF-ART-10122,Art Model 38,Office Supplies,Art
TEC-PHO-10897,Phones Model 43,Technology,Phones
TEC-ACC-10456,Accessories Model 10,Technology,Accessories
TEC-COP-10350,Copiers Model 22,Technology,Copiers
TEC-MAC-10990,Machines Model 1,Technology,Machines
OFF-PAP-10869,Paper Model 48,Office Supplies,Paper
OFF-STO-10936,Storage Model 19,Office Supplies,Storage
TEC-MAC-10089,Machines Model 3,Technology,Machines
OFF-LAB-10816,Labels Model 42,Office Supplies,Labels
OFF-PAP-10171,Paper Model 44,Office Supplies,Paper
TEC-PHO-10309,Phones Model 25,Technology,Phones
FUR-FUR-10024,Furnishings Model 31,Furniture,Furnishings
FUR-BOO-10726,Bookcases Model 22,Furniture,Bookcases
FUR-TAB-10588,Tables Model 23,Furniture,Tables
OFF-SUP-10072,Supplies Model 12,Office Supplies,Supplies
FUR-CHA-10710,Chairs Model 34,Furniture,Chairs
TEC-ACC-10533,Accessories Model 2,Technology,Accessories
TEC-MAC-10749,Machines Model 31,Technology,Machines
FUR-CHA-10309,Chairs Model 13,Furniture,Chairs
TEC-MAC-10352,Machines Model 8,Technology,Machines
TEC-MAC-10750,Machines Model 36,Technology,Machines
FUR-CHA-10945,Chairs Model 13,Furniture,Chairs
OFF-SUP-10938,Supplies Model 11,Office Supplies,Supplies
TEC-PHO-10080,Phones Model 6,Technology,Phones
OFF-BIN-10929,Binders Model 24,Office Supplies,Binders
OFF-PAP-10961,Paper Model 21,Office Supplies,Paper
TEC-COP-10569,Copiers Model 12,Technology,Copiers
FUR-FUR-10594,Furnishings Model 49,Furniture,Furnishings
TEC-ACC-10103,Accessories Model 38,Technology,Accessories
OFF-LAB-10711,Labels Model 11,Office Supplies,Labels
OFF-SUP-10853,Supplies Model 11,Office Supplies,Supplies
FUR-CHA-10629,Chairs Model 25,Furniture,Chairs
OFF-SUP-10578,Supplies Model 45,Office Supplies,Supplies
FUR-BOO-10803,Bookcases Model 50,Furniture,Bookcases
OFF-PAP-10235,Paper Model 37,Office Supplies,Paper
OFF-FAS-10341,Fasteners Model 6,Office Supplies,Fasteners
OFF-BIN-10547,Binders Model 23,Office Supplies,Binders
TEC-MAC-10729,Machines Model 7,Technology,Machines
OFF-PAP-10381,Paper Model 12,Office Supplies,Paper
TEC-MAC-10213,Machines Model 14,Technology,Machines
OFF-FAS-10583,Fasteners Model 21,Office Supplies,Fasteners
TEC-MAC-10993,Machines Model 34,Technology,Machines
FUR-FUR-10635,Furnishings Model 16,Furniture,Furnishings
TEC-ACC-10385,Accessories Model 31,Technology,Accessories
TEC-PHO-10497,Phones Model 22,Technology,Phones
TEC-COP-10722,Copiers Model 28,Technology,Copiers
OFF-APP-10632,Appliances Model 26,Office Supplies,Appliances
TEC-ACC-10492,Accessories Model 46,Technology,Accessories
OFF-STO-10877,Storage Model 38,Office Supplies,Storage
OFF-LAB-10559,Labels Model 4,Office Supplies,Labels
FUR-FUR-10110,Furnishings Model 34,Furniture,Furnishings
OFF-PAP-10469,Paper Model 41,Office Supplies,Paper
FUR-TAB-10394,Tables Model 8,Furniture,Tables
OFF-SUP-10457,Supplies Model 19,Office Supplies,Supplies
OFF-LAB-10884,Labels Model 19,Office Supplies,Labels
OFF-ART-10756,Art Model 4,Office Supplies,Art
OFF-ART-10866,Art Model 23,Office Supplies,Art
OFF-BIN-10895,Binders Model 1,Office Supplies,Binders
FUR-FUR-10887,Furnishings Model 30,Furniture,Furnishings
OFF-BIN-10673,Binders Model 13,Office Supplies,Binders
FUR-CHA-10049,Chairs Model 21,Furniture,Chairs
TEC-COP-10813,Copiers Model 47,Technology,Copiers
FUR-TAB-10085,Tables Model 26,Furniture,Tables
TEC-MAC-10999,Machines Model 9,Technology,Machines
OFF-PAP-10019,Paper Model 36,Office Supplies,Paper
OFF-FAS-10212,Fasteners Model 22,Office Supplies,Fasteners
OFF-ENV-10940,Envelopes Model 23,Office Supplies,Envelopes
TEC-MAC-10618,Machines Model 13,Technology,Machines
OFF-ART-10890,Art Model 25,Office Supplies,Art
OFF-ART-10914,Art Model 46,Office Supplies,Art
FUR-CHA-10311,Chairs Model 18,Furniture,Chairs
OFF-LAB-10224,Labels Model 9,Office Supplies,Labels
OFF-PAP-10793,Paper Model 13,Office Supplies,Paper
FUR-BOO-10302,Bookcases Model 29,Furniture,Bookcases
OFF-ART-10090,Art Model 41,Office Supplies,Art
TEC-PHO-10742,Phones Model 10,Technology,Phones
FUR-TAB-10440,Tables Model 37,Furniture,Tables
FUR-FUR-10977,Furnishings Model 4,Furniture,Furnishings
OFF-LAB-10378,Labels Model 23,Office Supplies,Labels
TEC-PHO-10475,Phones Model 9,Technology,Phones
OFF-LAB-10016,Labels Model 48,Office Supplies,Labels
OFF-ART-10441,Art Model 40,Office Supplies,Art
FUR-CHA-10488,Chairs Model 43,Furniture,Chairs
OFF-FAS-10851,Fasteners Model 3,Office Supplies,Fasteners
OFF-PAP-10808,Paper Model 14,Office Supplies,Paper
FUR-BOO-10014,Bookcases Model 40,Furniture,Bookcases
OFF-ENV-10846,Envelopes Model 50,Office Supplies,Envelopes
TEC-ACC-10277,Accessories Model 46,Technology,Accessories
FUR-BOO-10024,Bookcases Model 4,Furniture,Bookcases
OFF-ENV-10925,Envelopes Model 37,Office Supplies,Envelopes
OFF-ART-10594,Art Model 32,Office Supplies,Art
FUR-FUR-10952,Furnishings Model 21,Furniture,Furnishings
TEC-PHO-10179,Phones Model 39,Technology,Phones
OFF-ART-10036,Art Model 46,Office Supplies,Art
FUR-CHA-10898,Chairs Model 38,Furniture,Chairs
TEC-PHO-10305,Phones Model 1,Technology,Phones
OFF-ENV-10329,Envelopes Model 41,Office Supplies,Envelopes
TEC-COP-10574,Copiers Model 45,Technology,Copiers
OFF-APP-10522,Appliances Model 31,Office Supplies,Appliances
FUR-FUR-10607,Furnishings Model 29,Furniture,Furnishings
FUR-TAB-10685,Tables Model 34,Furniture,Tables
TEC-PHO-10768,Phones Model 40,Technology,Phones
TEC-ACC-10694,Accessories Model 32,Technology,Accessories
TEC-ACC-10407,Accessories Model 32,Technology,Accessories
TEC-MAC-10905,Machines Model 19,Technology,Machines
TEC-PHO-10484,Phones Model 43,Technology,Phones
FUR-TAB-10120,Tables Model 21,Furniture,Tables
OFF-SUP-10123,Supplies Model 45,Office Supplies,Supplies
OFF-STO-10350,Storage Model 28,Office Supplies,Storage
FUR-CHA-10465,Chairs Model 42,Furniture,Chairs
TEC-PHO-10639,Phones Model 5,Technology,Phones
OFF-APP-10598,Appliances Model 9,Office Supplies,Appliances
TEC-PHO-10268,Phones Model 25,Technology,Phones
OFF-SUP-10012,Supplies Model 35,Office Supplies,Supplies
OFF-ART-10056,Art Model 28,Office Supplies,Art
OFF-APP-10899,Appliances Model 24,Office Supplies,Appliances
TEC-COP-10904,Copiers Model 49,Technology,Copiers
TEC-MAC-10197,Machines Model 5,Technology,Machines
FUR-CHA-10426,Chairs Model 38,Furniture,Chairs
OFF-FAS-10571,Fasteners Model 36,Office Supplies,Fasteners
FUR-FUR-10367,Furnishings Model 17,Furniture,Furnishings
OFF-ART-10987,Art Model 44,Office Supplies,Art
OFF-PAP-10034,Paper Model 2,Office Supplies,Paper
OFF-ART-10909,Art Model 24,Office Supplies,Art
FUR-FUR-10875,Furnishings Model 44,Furniture,Furnishings
FUR-CHA-10163,Chairs Model 8,Furniture,Chairs
TEC-MAC-10901,Machines Model 15,Technology,Machines
OFF-ENV-10067,Envelopes Model 37,Office Supplies,Envelopes
FUR-FUR-10487,Furnishings Model 49,Furniture,Furnishings
OFF-FAS-10396,Fasteners Model 8,Office Supplies,Fasteners
FUR-TAB-10701,Tables Model 45,Furniture,Tables
OFF-ART-10452,Art Model 46,Office Supplies,Art
FUR-CHA-10746,Chairs Model 40,Furniture,Chairs
OFF-STO-10410,Storage Model 31,Office Supplies,Storage
OFF-PAP-10612,Paper Model 44,Office Supplies,Paper
OFF-BIN-10104,Binders Model 22,Office Supplies,Binders
TEC-MAC-10824,Machines Model 12,Technology,Machines
TEC-COP-10090,Copiers Model 46,Technology,Copiers
OFF-LAB-10583,Labels Model 48,Office Supplies,Labels
FUR-CHA-10942,Chairs Model 3,Furniture,Chairs
OFF-ENV-10295,Envelopes Model 23,Office Supplies,Envelopes
OFF-LAB-10978,Labels Model 23,Office Supplies,Labels
OFF-STO-10979,Storage Model 35,Office Supplies,Storage
TEC-ACC-10346,Accessories Model 42,Technology,Accessories
OFF-SUP-10405,Supplies Model 39,Office Supplies,Supplies
FUR-TAB-10777,Tables Model 41,Furniture,Tables
OFF-FAS-10419,Fasteners Model 39,Office Supplies,Fasteners
OFF-ART-10696,Art Model 19,Office Supplies,Art
FUR-TAB-10919,Tables Model 10,Furniture,Tables
FUR-CHA-10994,Chairs Model 16,Furniture,Chairs
TEC-MAC-10821,Machines Model 50,Technology,Machines
TEC-PHO-10150,Phones Model 21,Technology,Phones
TEC-COP-10101,Copiers Model 22,Technology,Copiers
OFF-SUP-10809,Supplies Model 36,Office Supplies,Supplies
TEC-PHO-10945,Phones Model 41,Technology,Phones
OFF-SUP-10649,Supplies Model 35,Office Supplies,Supplies
FUR-TAB-10844,Tables Model 11,Furniture,Tables
OFF-ENV-10615,Envelopes Model 35,Office Supplies,Envelopes
TEC-PHO-10544,Phones Model 20,Technology,Phones
TEC-ACC-10680,Accessories Model 24,Technology,Accessories
TEC-COP-10835,Copiers Model 37,Technology,Copiers
TEC-ACC-10701,Accessories Model 10,Technology,Accessories
TEC-ACC-10280,Accessories Model 12,Technology,Accessories
FUR-BOO-10258,Bookcases Model 46,Furniture,Bookcases
FUR-FUR-10077,Furnishings Model 17,Furniture,Furnishings
OFF-SUP-10915,Supplies Model 23,Office Supplies,Supplies
FUR-CHA-10695,Chairs Model 3,Furniture,Chairs
OFF-BIN-10597,Binders Model 28,Office Supplies,Binders
FUR-FUR-10359,Furnishings Model 37,Furniture,Furnishings
OFF-PAP-10687,Paper Model 40,Office Supplies,Paper
TEC-MAC-10451,Machines Model 41,Technology,Machines
OFF-APP-10309,Appliances Model 48,Office Supplies,Appliances
OFF-APP-10513,Appliances Model 47,Office Supplies,Appliances
FUR-BOO-10007,Bookcases Model 18,Furniture,Bookcases
OFF-SUP-10499,Supplies Model 27,Office Supplies,Supplies
OFF-LAB-10794,Labels Model 25,Office Supplies,Labels
FUR-CHA-10222,Chairs Model 49,Furniture,Chairs
TEC-COP-10272,Copiers Model 1,Technology,Copiers
FUR-CHA-10529,Chairs Model 26,Furniture,Chairs
TEC-MAC-10626,Machines Model 44,Technology,Machines
FUR-FUR-10478,Furnishings Model 27,Furniture,Furnishings
FUR-BOO-10638,Bookcases Model 11,Furniture,Bookcases
TEC-PHO-10655,Phones Model 7,Technology,Phones
TEC-COP-10917,Copiers Model 19,Technology,Copiers
OFF-LAB-10310,Labels Model 39,Office Supplies,Labels
TEC-COP-10799,Copiers Model 46,Technology,Copiers
TEC-ACC-10433,Accessories Model 9,Technology,Accessories
OFF-SUP-10233,Supplies Model 44,Office Supplies,Supplies
OFF-STO-10010,Storage Model 28,Office Supplies,Storage
FUR-CHA-10490,Chairs Model 22,Furniture,Chairs
OFF-LAB-10278,Labels Model 38,Office Supplies,Labels
OFF-ART-10077,Art Model 31,Office Supplies,Art
FUR-TAB-10157,Tables Model 19,Furniture,Tables
FUR-CHA-10664,Chairs Model 17,Furniture,Chairs
OFF-SUP-10297,Supplies Model 35,Office Supplies,Supplies
FUR-BOO-10528,Bookcases Model 50,Furniture,Bookcases
FUR-FUR-10032,Furnishings Model 48,Furniture,Furnishings
FUR-FUR-10184,Furnishings Model 34,Furniture,Furnishings
OFF-ENV-10518,Envelopes Model 11,Office Supplies,Envelopes
OFF-STO-10711,Storage Model 19,Office Supplies,Storage
TEC-PHO-10780,Phones Model 14,Technology,Phones
OFF-APP-10471,Appliances Model 37,Office Supplies,Appliances
OFF-SUP-10173,Supplies Model 1,Office Supplies,Supplies
FUR-TAB-10527,Tables Model 36,Furniture,Tables
TEC-PHO-10825,Phones Model 50,Technology,Phones
OFF-FAS-10013,Fasteners Model 45,Office Supplies,Fasteners
OFF-ART-11000,Art Model 50,Office Supplies,Art
FUR-BOO-10319,Bookcases Model 26,Furniture,Bookcases
FUR-BOO-10122,Bookcases Model 49,Furniture,Bookcases
FUR-BOO-10671,Bookcases Model 6,Furniture,Bookcases
OFF-APP-10000,Appliances Model 47,Office Supplies,Appliances
OFF-BIN-10342,Binders Model 9,Office Supplies,Binders
TEC-MAC-10658,Machines Model 46,Technology,Machines
FUR-FUR-10235,Furnishings Model 3,Furniture,Furnishings
OFF-STO-10339,Storage Model 43,Office Supplies,Storage
FUR-FUR-10600,Furnishings Model 37,Furniture,Furnishings
FUR-CHA-10470,Chairs Model 42,Furniture,Chairs
TEC-PHO-10460,Phones Model 37,Technology,Phones
FUR-FUR-10132,Furnishings Model 30,Furniture,Furnishings
OFF-APP-10757,Appliances Model 17,Office Supplies,Appliances
TEC-PHO-10624,Phones Model 12,Technology,Phones
OFF-ENV-10881,Envelopes Model 35,Office Supplies,Envelopes
OFF-PAP-10972,Paper Model 26,Office Supplies,Paper
FUR-FUR-10403,Furnishings Model 5,Furniture,Furnishings
TEC-MAC-10275,Machines Model 10,Technology,Machines
OFF-LAB-10090,Labels Model 6,Office Supplies,Labels
OFF-SUP-10733,Supplies Model 41,Office Supplies,Supplies
OFF-ENV-10226,Envelopes Model 10,Office Supplies,Envelopes
OFF-BIN-10814,Binders Model 30,Office Supplies,Binders
OFF-FAS-10354,Fasteners Model 45,Office Supplies,Fasteners
TEC-ACC-10520,Accessories Model 4,Technology,Accessories
OFF-PAP-10848,Paper Model 44,Office Supplies,Paper
FUR-BOO-10737,Bookcases Model 24,Furniture,Bookcases
OFF-ART-10143,Art Model 11,Office Supplies,Art
TEC-ACC-10310,Accessories Model 44,Technology,Accessories
TEC-ACC-10591,Accessories Model 31,Technology,Accessories
OFF-APP-10274,Appliances Model 2,Office Supplies,Appliances
TEC-COP-10071,Copiers Model 2,Technology,Copiers
OFF-STO-10915,Storage Model 5,Office Supplies,Storage
OFF-SUP-10207,Supplies Model 36,Office Supplies,Supplies
OFF-ART-10752,Art Model 49,Office Supplies,Art
OFF-PAP-10107,Paper Model 28,Office Supplies,Paper
TEC-COP-10341,Copiers Model 34,Technology,Copiers
OFF-SUP-10954,Supplies Model 49,Office Supplies,Supplies
OFF-BIN-10971,Binders Model 1,Office Supplies,Binders
FUR-FUR-10446,Furnishings Model 43,Furniture,Furnishings
FUR-FUR-10189,Furnishings Model 30,Furniture,Furnishings
TEC-MAC-10044,Machines Model 41,Technology,Machines
TEC-MAC-10076,Machines Model 19,Technology,Machines
FUR-CHA-10339,Chairs Model 9,Furniture,Chairs
OFF-PAP-10620,Paper Model 29,Office Supplies,Paper
OFF-SUP-10009,Supplies Model 31,Office Supplies,Supplies
OFF-ENV-10974,Envelopes Model 15,Office Supplies,Envelopes
TEC-COP-10444,Copiers Model 8,Technology,Copiers
TEC-PHO-10262,Phones Model 21,Technology,Phones
OFF-SUP-10420,Supplies Model 25,Office Supplies,Supplies
OFF-PAP-10352,Paper Model 33,Office Supplies,Paper
OFF-ART-10339,Art Model 13,Office Supplies,Art
FUR-TAB-10883,Tables Model 40,Furniture,Tables
TEC-PHO-10394,Phones Model 37,Technology,Phones
TEC-COP-10772,Copiers Model 48,Technology,Copiers
TEC-ACC-10529,Accessories Model 35,Technology,Accessories
TEC-COP-10293,Copiers Model 26,Technology,Copiers
TEC-MAC-10668,Machines Model 47,Technology,Machines
OFF-FAS-10424,Fasteners Model 47,Office Supplies,Fasteners
FUR-BOO-10899,Bookcases Model 38,Furniture,Bookcases
FUR-CHA-10905,Chairs Model 49,Furniture,Chairs
TEC-ACC-10296,Accessories Model 45,Technology,Accessories
OFF-PAP-10500,Paper Model 49,Office Supplies,Paper
TEC-COP-10496,Copiers Model 35,Technology,Copiers
TEC-PHO-10342,Phones Model 4,Technology,Phones
TEC-MAC-10284,Machines Model 17,Technology,Machines
OFF-ENV-10199,Envelopes Model 29,Office Supplies,Envelopes
OFF-BIN-10335,Binders Model 49,Office Supplies,Binders
OFF-ENV-10593,Envelopes Model 8,Office Supplies,Envelopes
OFF-ENV-10836,Envelopes Model 44,Office Supplies,Envelopes
FUR-FUR-10035,Furnishings Model 45,Furniture,Furnishings
OFF-LAB-10634,Labels Model 39,Office Supplies,Labels
OFF-PAP-10286,Paper Model 8,Office Supplies,Paper
OFF-APP-10928,Appliances Model 6,Office Supplies,Appliances
OFF-BIN-10001,Binders Model 15,Office Supplies,Binders
TEC-PHO-10456,Phones Model 27,Technology,Phones
OFF-PAP-10221,Paper Model 27,Office Supplies,Paper
TEC-COP-10098,Copiers Model 22,Technology,Copiers
OFF-SUP-10806,Supplies Model 33,Office Supplies,Supplies
OFF-SUP-10325,Supplies Model 19,Office Supplies,Supplies
FUR-CHA-10276,Chairs Model 8,Furniture,Chairs
OFF-LAB-10138,Labels Model 14,Office Supplies,Labels
OFF-STO-10939,Storage Model 44,Office Supplies,Storage
TEC-MAC-10287,Machines Model 47,Technology,Machines
OFF-APP-10177,Appliances Model 4,Office Supplies,Appliances
FUR-TAB-10390,Tables Model 4,Furniture,Tables
TEC-ACC-10507,Accessories Model 10,Technology,Accessories
TEC-COP-10999,Copiers Model 14,Technology,Copiers
FUR-CHA-10076,Chairs Model 43,Furniture,Chairs
TEC-COP-10321,Copiers Model 47,Technology,Copiers
TEC-PHO-10628,Phones Model 44,Technology,Phones
OFF-FAS-10625,Fasteners Model 10,Office Supplies,Fasteners
TEC-PHO-10722,Phones Model 27,Technology,Phones
OFF-APP-10579,Appliances Model 3,Office Supplies,Appliances
TEC-PHO-10669,Phones Model 16,Technology,Phones
OFF-BIN-10016,Binders Model 24,Office Supplies,Binders
TEC-ACC-10589,Accessories Model 15,Technology,Accessories
OFF-LAB-10675,Labels Model 13,Office Supplies,Labels
FUR-BOO-10496,Bookcases Model 4,Furniture,Bookcases
TEC-PHO-10829,Phones Model 45,Technology,Phones
TEC-PHO-10067,Phones Model 42,Technology,Phones
FUR-TAB-10436,Tables Model 6,Furniture,Tables
OFF-PAP-10372,Paper Model 36,Office Supplies,Paper
FUR-FUR-10190,Furnishings Model 8,Furniture,Furnishings
OFF-PAP-10408,Paper Model 19,Office Supplies,Paper
FUR-TAB-10524,Tables Model 47,Furniture,Tables
FUR-BOO-10938,Bookcases Model 38,Furniture,Bookcases
OFF-STO-10819,Storage Model 43,Office Supplies,Storage
OFF-BIN-10947,Binders Model 23,Office Supplies,Binders
OFF-ENV-10736,Envelopes Model 15,Office Supplies,Envelopes
OFF-FAS-10224,Fasteners Model 18,Office Supplies,Fasteners
OFF-FAS-10958,Fasteners Model 50,Office Supplies,Fasteners
TEC-PHO-10418,Phones Model 8,Technology,Phones
TEC-PHO-10911,Phones Model 11,Technology,Phones
FUR-CHA-10208,Chairs Model 15,Furniture,Chairs
FUR-TAB-10814,Tables Model 6,Furniture,Tables
FUR-CHA-10172,Chairs Model 25,Furniture,Chairs
OFF-BIN-10202,Binders Model 34,Office Supplies,Binders
OFF-LAB-10095,Labels Model 3,Office Supplies,Labels
OFF-FAS-10560,Fasteners Model 2,Office Supplies,Fasteners
OFF-PAP-10463,Paper Model 26,Office Supplies,Paper
FUR-CHA-10482,Chairs Model 44,Furniture,Chairs
FUR-TAB-10898,Tables Model 41,Furniture,Tables
TEC-COP-10939,Copiers Model 6,Technology,Copiers
FUR-CHA-10394,Chairs Model 42,Furniture,Chairs
TEC-PHO-10946,Phones Model 24,Technology,Phones
OFF-STO-10065,Storage Model 23,Office Supplies,Storage
OFF-ENV-10139,Envelopes Model 25,Office Supplies,Envelopes
OFF-STO-10675,Storage Model 45,Office Supplies,Storage
TEC-COP-10025,Copiers Model 42,Technology,Copiers
OFF-ENV-10656,Envelopes Model 11,Office Supplies,Envelopes
OFF-BIN-10868,Binders Model 44,Office Supplies,Binders
TEC-ACC-10696,Accessories Model 42,Technology,Accessories
TEC-ACC-10957,Accessories Model 31,Technology,Accessories
FUR-BOO-10471,Bookcases Model 21,Furniture,Bookcases
FUR-BOO-10175,Bookcases Model 27,Furniture,Bookcases
TEC-ACC-10719,Accessories Model 31,Technology,Accessories
FUR-FUR-10534,Furnishings Model 8,Furniture,Furnishings
FUR-CHA-10533,Chairs Model 31,Furniture,Chairs
OFF-BIN-10620,Binders Model 33,Office Supplies,Binders
FUR-CHA-10473,Chairs Model 43,Furniture,Chairs
TEC-PHO-10243,Phones Model 26,Technology,Phones
FUR-TAB-10676,Tables Model 50,Furniture,Tables
FUR-TAB-10872,Tables Model 1,Furniture,Tables
OFF-PAP-10560,Paper Model 36,Office Supplies,Paper
OFF-FAS-10099,Fasteners Model 16,Office Supplies,Fasteners
TEC-PHO-10477,Phones Model 27,Technology,Phones
OFF-ENV-10897,Envelopes Model 12,Office Supplies,Envelopes
TEC-COP-10616,Copiers Model 18,Technology,Copiers
OFF-ENV-10169,Envelopes Model 46,Office Supplies,Envelopes
OFF-LAB-10332,Labels Model 12,Office Supplies,Labels
FUR-CHA-10085,Chairs Model 49,Furniture,Chairs
FUR-CHA-10645,Chairs Model 44,Furniture,Chairs
OFF-STO-10869,Storage Model 23,Office Supplies,Storage
FUR-FUR-10943,Furnishings Model 46,Furniture,Furnishings
TEC-COP-10380,Copiers Model 9,Technology,Copiers
FUR-BOO-10021,Bookcases Model 50,Furniture,Bookcases
FUR-BOO-10296,Bookcases Model 22,Furniture,Bookcases
TEC-COP-10435,Copiers Model 40,Technology,Copiers
OFF-ART-10392,Art Model 23,Office Supplies,Art
OFF-APP-10101,Appliances Model 14,Office Supplies,Appliances
OFF-SUP-10972,Supplies Model 36,Office Supplies,Supplies
OFF-ART-10240,Art Model 1,Office Supplies,Art
FUR-BOO-10299,Bookcases Model 33,Furniture,Bookcases
FUR-CHA-10178,Chairs Model 46,Furniture,Chairs
TEC-PHO-10440,Phones Model 22,Technology,Phones
FUR-FUR-10450,Furnishings Model 20,Furniture,Furnishings
TEC-MAC-10831,Machines Model 31,Technology,Machines
TEC-COP-10366,Copiers Model 4,Technology,Copiers
TEC-ACC-10921,Accessories Model 20,Technology,Accessories
OFF-APP-10611,Appliances Model 11,Office Supplies,Appliances
TEC-COP-10187,Copiers Model 34,Technology,Copiers
OFF-STO-10346,Storage Model 20,Office Supplies,Storage
FUR-TAB-10158,Tables Model 36,Furniture,Tables
TEC-COP-10283,Copiers Model 42,Technology,Copiers
OFF-ART-10690,Art Model 15,Office Supplies,Art
OFF-STO-10426,Storage Model 43,Office Supplies,Storage
FUR-BOO-10724,Bookcases Model 30,Furniture,Bookcases
OFF-ENV-10467,Envelopes Model 37,Office Supplies,Envelopes
OFF-SUP-10139,Supplies Model 29,Office Supplies,Supplies
OFF-BIN-10864,Binders Model 42,Office Supplies,Binders
OFF-BIN-10000,Binders Model 20,Office Supplies,Binders
OFF-APP-10223,Appliances Model 12,Office Supplies,Appliances
OFF-ART-10524,Art Model 50,Office Supplies,Art
TEC-COP-10214,Copiers Model 41,Technology,Copiers
FUR-FUR-10418,Furnishings Model 19,Furniture,Furnishings
FUR-TAB-10905,Tables Model 27,Furniture,Tables
OFF-APP-10482,Appliances Model 46,Office Supplies,Appliances
TEC-PHO-10832,Phones Model 29,Technology,Phones
FUR-FUR-10434,Furnishings Model 40,Furniture,Furnishings
FUR-BOO-10367,Bookcases Model 16,Furniture,Bookcases
OFF-STO-10897,Storage Model 14,Office Supplies,Storage
TEC-PHO-10980,Phones Model 25,Technology,Phones
OFF-SUP-10226,Supplies Model 25,Office Supplies,Supplies
FUR-CHA-10404,Chairs Model 33,Furniture,Chairs
FUR-CHA-10251,Chairs Model 43,Furniture,Chairs
TEC-ACC-10051,Accessories Model 48,Technology,Accessories
TEC-ACC-10271,Accessories Model 21,Technology,Accessories
FUR-BOO-10547,Bookcases Model 34,Furniture,Bookcases
TEC-PHO-10346,Phones Model 37,Technology,Phones
OFF-ART-10540,Art Model 28,Office Supplies,Art
FUR-CHA-10141,Chairs Model 27,Furniture,Chairs
TEC-ACC-10412,Accessories Model 38,Technology,Accessories
OFF-FAS-10632,Fasteners Model 16,Office Supplies,Fasteners
FUR-CHA-10730,Chairs Model 14,Furniture,Chairs
OFF-SUP-10622,Supplies Model 30,Office Supplies,Supplies
OFF-PAP-10265,Paper Model 38,Office Supplies,Paper
OFF-BIN-10785,Binders Model 5,Office Supplies,Binders
OFF-STO-10688,Storage Model 11,Office Supplies,Storage
FUR-BOO-10739,Bookcases Model 32,Furniture,Bookcases
OFF-SUP-10247,Supplies Model 14,Office Supplies,Supplies
FUR-BOO-10237,Bookcases Model 22,Furniture,Bookcases
FUR-CHA-10159,Chairs Model 31,Furniture,Chairs
TEC-PHO-10922,Phones Model 31,Technology,Phones
OFF-PAP-10180,Paper Model 11,Office Supplies,Paper
FUR-FUR-10501,Furnishings Model 3,Furniture,Furnishings
OFF-APP-10137,Appliances Model 20,Office Supplies,Appliances
OFF-ART-10125,Art Model 35,Office Supplies,Art
OFF-FAS-10795,Fasteners Model 31,Office Supplies,Fasteners
FUR-TAB-10477,Tables Model 34,Furniture,Tables
OFF-BIN-10568,Binders Model 19,Office Supplies,Binders
OFF-ENV-10350,Envelopes Model 48,Office Supplies,Envelopes
FUR-BOO-10113,Bookcases Model 16,Furniture,Bookcases
OFF-ART-10971,Art Model 36,Office Supplies,Art
TEC-COP-10948,Copiers Model 1,Technology,Copiers
OFF-APP-10355,Appliances Model 7,Office Supplies,Appliances
FUR-FUR-10005,Furnishings Model 14,Furniture,Furnishings
TEC-PHO-10220,Phones Model 42,Technology,Phones
FUR-TAB-10038,Tables Model 40,Furniture,Tables
OFF-PAP-10543,Paper Model 1,Office Supplies,Paper
OFF-BIN-10916,Binders Model 33,Office Supplies,Binders
OFF-BIN-10974,Binders Model 17,Office Supplies,Binders
FUR-CHA-10358,Chairs Model 17,Furniture,Chairs
FUR-CHA-10704,Chairs Model 2,Furniture,Chairs
OFF-BIN-10393,Binders Model 25,Office Supplies,Binders
OFF-ART-10519,Art Model 29,Office Supplies,Art
TEC-MAC-10058,Machines Model 26,Technology,Machines
FUR-FUR-10465,Furnishings Model 10,Furniture,Furnishings
OFF-STO-10327,Storage Model 28,Office Supplies,Storage
OFF-APP-10655,Appliances Model 24,Office Supplies,Appliances
TEC-PHO-10934,Phones Model 41,Technology,Phones
OFF-BIN-10982,Binders Model 18,Office Supplies,Binders
FUR-TAB-10921,Tables Model 37,Furniture,Tables
TEC-ACC-10688,Accessories Model 43,Technology,Accessories
TEC-PHO-10273,Phones Model 15,Technology,Phones
FUR-CHA-10485,Chairs Model 47,Furniture,Chairs
TEC-COP-10540,Copiers Model 29,Technology,Copiers
OFF-ENV-10943,Envelopes Model 43,Office Supplies,Envelopes
OFF-SUP-10203,Supplies Model 41,Office Supplies,Supplies
FUR-BOO-10884,Bookcases Model 46,Furniture,Bookcases
FUR-TAB-10622,Tables Model 8,Furniture,Tables
OFF-FAS-10304,Fasteners Model 22,Office Supplies,Fasteners
FUR-CHA-10752,Chairs Model 34,Furniture,Chairs
FUR-FUR-10387,Furnishings Model 23,Furniture,Furnishings
OFF-ENV-10939,Envelopes Model 12,Office Supplies,Envelopes
FUR-FUR-10424,Furnishings Model 39,Furniture,Furnishings
FUR-TAB-10081,Tables Model 43,Furniture,Tables
FUR-TAB-10458,Tables Model 31,Furniture,Tables
FUR-FUR-10734,Furnishings Model 2,Furniture,Furnishings
OFF-PAP-10987,Paper Model 38,Office Supplies,Paper
TEC-ACC-10290,Accessories Model 17,Technology,Accessories
TEC-MAC-10665,Machines Model 37,Technology,Machines
FUR-CHA-10114,Chairs Model 5,Furniture,Chairs
OFF-ART-10906,Art Model 42,Office Supplies,Art
TEC-COP-10693,Copiers Model 11,Technology,Copiers
TEC-COP-10422,Copiers Model 10,Technology,Copiers
FUR-CHA-10982,Chairs Model 33,Furniture,Chairs
FUR-TAB-10641,Tables Model 45,Furniture,Tables
FUR-TAB-10074,Tables Model 27,Furniture,Tables
OFF-LAB-10553,Labels Model 35,Office Supplies,Labels
OFF-FAS-10442,Fasteners Model 21,Office Supplies,Fasteners
OFF-FAS-10626,Fasteners Model 18,Office Supplies,Fasteners
OFF-PAP-10283,Paper Model 31,Office Supplies,Paper
OFF-SUP-10593,Supplies Model 27,Office Supplies,Supplies
FUR-TAB-10239,Tables Model 13,Furniture,Tables
OFF-PAP-10105,Paper Model 22,Office Supplies,Paper
FUR-TAB-10027,Tables Model 4,Furniture,Tables
OFF-FAS-10483,Fasteners Model 27,Office Supplies,Fasteners
OFF-SUP-10467,Supplies Model 30,Office Supplies,Supplies
OFF-ART-10741,Art Model 34,Office Supplies,Art
OFF-ENV-10862,Envelopes Model 32,Office Supplies,Envelopes
OFF-BIN-10337,Binders Model 10,Office Supplies,Binders
OFF-STO-10023,Storage Model 25,Office Supplies,Storage
FUR-CHA-10874,Chairs Model 18,Furniture,Chairs
OFF-LAB-10208,Labels Model 46,Office Supplies,Labels
OFF-BIN-10258,Binders Model 10,Office Supplies,Binders
OFF-FAS-10464,Fasteners Model 11,Office Supplies,Fasteners
FUR-FUR-10670,Furnishings Model 14,Furniture,Furnishings
TEC-COP-10504,Copiers Model 31,Technology,Copiers
OFF-STO-10543,Storage Model 15,Office Supplies,Storage
OFF-STO-10450,Storage Model 31,Office Supplies,Storage
OFF-BIN-10918,Binders Model 26,Office Supplies,Binders
OFF-ENV-10801,Envelopes Model 4,Office Supplies,Envelopes
OFF-STO-10556,Storage Model 25,Office Supplies,Storage
FUR-BOO-10714,Bookcases Model 1,Furniture,Bookcases
TEC-COP-10160,Copiers Model 17,Technology,Copiers
OFF-FAS-10351,Fasteners Model 38,Office Supplies,Fasteners
TEC-PHO-10984,Phones Model 6,Technology,Phones
TEC-MAC-10952,Machines Model 23,Technology,Machines
FUR-FUR-10511,Furnishings Model 33,Furniture,Furnishings
TEC-MAC-10069,Machines Model 32,Technology,Machines
TEC-MAC-10486,Machines Model 10,Technology,Machines
TEC-ACC-10124,Accessories Model 13,Technology,Accessories
FUR-TAB-10405,Tables Model 34,Furniture,Tables
OFF-APP-10293,Appliances Model 17,Office Supplies,Appliances
FUR-FUR-10663,Furnishings Model 44,Furniture,Furnishings
FUR-BOO-10561,Bookcases Model 35,Furniture,Bookcases
OFF-SUP-10665,Supplies Model 6,Office Supplies,Supplies
OFF-FAS-10314,Fasteners Model 42,Office Supplies,Fasteners
OFF-LAB-10447,Labels Model 18,Office Supplies,Labels
TEC-MAC-10047,Machines Model 27,Technology,Machines
TEC-MAC-10374,Machines Model 20,Technology,Machines
OFF-ENV-10452,Envelopes Model 39,Office Supplies,Envelopes
OFF-ART-10992,Art Model 18,Office Supplies,Art
OFF-SUP-10701,Supplies Model 32,Office Supplies,Supplies
TEC-PHO-10420,Phones Model 29,Technology,Phones
TEC-MAC-10051,Machines Model 40,Technology,Machines
OFF-ENV-10435,Envelopes Model 10,Office Supplies,Envelopes
TEC-PHO-10505,Phones Model 42,Technology,Phones
TEC-ACC-10637,Accessories Model 14,Technology,Accessories
OFF-FAS-10206,Fasteners Model 18,Office Supplies,Fasteners
OFF-LAB-10370,Labels Model 43,Office Supplies,Labels
OFF-ENV-10186,Envelopes Model 23,Office Supplies,Envelopes
OFF-SUP-10638,Supplies Model 46,Office Supplies,Supplies
OFF-PAP-10940,Paper Model 40,Office Supplies,Paper
FUR-TAB-10624,Tables Model 48,Furniture,Tables
TEC-COP-10934,Copiers Model 32,Technology,Copiers
OFF-ART-10719,Art Model 10,Office Supplies,Art
OFF-APP-10184,Appliances Model 26,Office Supplies,Appliances
TEC-ACC-10795,Accessories Model 50,Technology,Accessories
FUR-TAB-10686,Tables Model 3,Furniture,Tables
OFF-STO-10520,Storage Model 27,Office Supplies,Storage
OFF-PAP-10529,Paper Model 31,Office Supplies,Paper
OFF-ART-10823,Art Model 37,Office Supplies,Art
OFF-ART-10875,Art Model 1,Office Supplies,Art
TEC-COP-10075,Copiers Model 45,Technology,Copiers
OFF-BIN-10164,Binders Model 32,Office Supplies,Binders
OFF-PAP-10552,Paper Model 10,Office Supplies,Paper
TEC-PHO-10180,Phones Model 22,Technology,Phones
OFF-ENV-10570,Envelopes Model 8,Office Supplies,Envelopes
FUR-TAB-10748,Tables Model 10,Furniture,Tables
TEC-PHO-10997,Phones Model 12,Technology,Phones
TEC-MAC-10672,Machines Model 35,Technology,Machines
OFF-ENV-10523,Envelopes Model 40,Office Supplies,Envelopes
TEC-MAC-10196,Machines Model 19,Technology,Machines
FUR-BOO-10337,Bookcases Model 23,Furniture,Bookcases
OFF-STO-10264,Storage Model 9,Office Supplies,Storage
TEC-COP-10414,Copiers Model 27,Technology,Copiers
OFF-STO-10027,Storage Model 19,Office Supplies,Storage
TEC-MAC-10251,Machines Model 45,Technology,Machines
OFF-ENV-10429,Envelopes Model 36,Office Supplies,Envelopes
OFF-ART-10046,Art Model 17,Office Supplies,Art
TEC-COP-10483,Copiers Model 2,Technology,Copiers
OFF-FAS-10210,Fasteners Model 4,Office Supplies,Fasteners
OFF-STO-10923,Storage Model 27,Office Supplies,Storage
TEC-COP-10095,Copiers Model 21,Technology,Copiers
OFF-PAP-10800,Paper Model 22,Office Supplies,Paper
OFF-PAP-10782,Paper Model 46,Office Supplies,Paper
OFF-LAB-10965,Labels Model 18,Office Supplies,Labels
OFF-STO-10272,Storage Model 3,Office Supplies,Storage
TEC-COP-10077,Copiers Model 13,Technology,Copiers
FUR-TAB-10198,Tables Model 42,Furniture,Tables
TEC-ACC-10754,Accessories Model 24,Technology,Accessories
OFF-LAB-10149,Labels Model 5,Office Supplies,Labels
OFF-APP-10966,Appliances Model 36,Office Supplies,Appliances
TEC-COP-10302,Copiers Model 24,Technology,Copiers
OFF-STO-10434,Storage Model 42,Office Supplies,Storage
FUR-FUR-10497,Furnishings Model 9,Furniture,Furnishings
TEC-COP-10608,Copiers Model 27,Technology,Copiers
OFF-STO-10294,Storage Model 20,Office Supplies,Storage
FUR-FUR-10087,Furnishings Model 47,Furniture,Furnishings
OFF-ENV-10712,Envelopes Model 28,Office Supplies,Envelopes
FUR-TAB-10982,Tables Model 41,Furniture,Tables
FUR-TAB-10831,Tables Model 22,Furniture,Tables
OFF-FAS-10595,Fasteners Model 8,Office Supplies,Fasteners
TEC-ACC-10300,Accessories Model 31,Technology,Accessories
FUR-TAB-10643,Tables Model 12,Furniture,Tables
TEC-MAC-10447,Machines Model 31,Technology,Machines
OFF-ART-10973,Art Model 9,Office Supplies,Art
TEC-MAC-10834,Machines Model 41,Technology,Machines
FUR-FUR-10351,Furnishings Model 41,Furniture,Furnishings
FUR-FUR-10474,Furnishings Model 9,Furniture,Furnishings
TEC-COP-10691,Copiers Model 30,Technology,Copiers
OFF-STO-10360,Storage Model 27,Office Supplies,Storage
TEC-MAC-10203,Machines Model 38,Technology,Machines
OFF-PAP-10969,Paper Model 2,Office Supplies,Paper
OFF-PAP-10072,Paper Model 18,Office Supplies,Paper
TEC-ACC-10261,Accessories Model 24,Technology,Accessories
FUR-BOO-10414,Bookcases Model 43,Furniture,Bookcases
OFF-BIN-10006,Binders Model 47,Office Supplies,Binders
TEC-MAC-10015,Machines Model 31,Technology,Machines
FUR-TAB-10892,Tables Model 45,Furniture,Tables
OFF-ART-10897,Art Model 7,Office Supplies,Art
TEC-COP-10176,Copiers Model 40,Technology,Copiers
TEC-COP-10334,Copiers Model 46,Technology,Copiers
OFF-FAS-10441,Fasteners Model 29,Office Supplies,Fasteners
OFF-ENV-10947,Envelopes Model 36,Office Supplies,Envelopes
OFF-FAS-10496,Fasteners Model 15,Office Supplies,Fasteners
TEC-MAC-10271,Machines Model 5,Technology,Machines
TEC-COP-10313,Copiers Model 10,Technology,Copiers
TEC-COP-10906,Copiers Model 21,Technology,Copiers
OFF-BIN-10250,Binders Model 2,Office Supplies,Binders
TEC-ACC-10518,Accessories Model 49,Technology,Accessories
FUR-FUR-10955,Furnishings Model 4,Furniture,Furnishings
OFF-STO-10747,Storage Model 31,Office Supplies,Storage
FUR-FUR-10227,Furnishings Model 43,Furniture,Furnishings
OFF-APP-10756,Appliances Model 35,Office Supplies,Appliances
OFF-ART-10009,Art Model 25,Office Supplies,Art
OFF-ENV-10462,Envelopes Model 20,Office Supplies,Envelopes
FUR-FUR-10150,Furnishings Model 25,Furniture,Furnishings
TEC-COP-10053,Copiers Model 28,Technology,Copiers
TEC-COP-10977,Copiers Model 47,Technology,Copiers
FUR-TAB-10560,Tables Model 41,Furniture,Tables
FUR-CHA-10772,Chairs Model 41,Furniture,Chairs
FUR-CHA-10268,Chairs Model 21,Furniture,Chairs
FUR-CHA-10906,Chairs Model 9,Furniture,Chairs
FUR-TAB-10187,Tables Model 5,Furniture,Tables
FUR-BOO-10745,Bookcases Model 48,Furniture,Bookcases
OFF-SUP-10280,Supplies Model 27,Office Supplies,Supplies
OFF-BIN-10493,Binders Model 28,Office Supplies,Binders
FUR-BOO-10823,Bookcases Model 7,Furniture,Bookcases
OFF-PAP-10456,Paper Model 21,Office Supplies,Paper
FUR-FUR-10666,Furnishings Model 41,Furniture,Furnishings
OFF-ENV-10516,Envelopes Model 46,Office Supplies,Envelopes
OFF-FAS-10096,Fasteners Model 13,Office Supplies,Fasteners
FUR-FUR-10890,Furnishings Model 39,Furniture,Furnishings
TEC-ACC-10538,Accessories Model 22,Technology,Accessories
TEC-PHO-10604,Phones Model 3,Technology,Phones
OFF-BIN-10514,Binders Model 30,Office Supplies,Binders
OFF-BIN-10756,Binders Model 36,Office Supplies,Binders
FUR-CHA-10979,Chairs Model 23,Furniture,Chairs
OFF-BIN-10803,Binders Model 7,Office Supplies,Binders
OFF-BIN-10504,Binders Model 27,Office Supplies,Binders
OFF-SUP-10650,Supplies Model 41,Office Supplies,Supplies
TEC-ACC-10123,Accessories Model 49,Technology,Accessories
TEC-COP-10498,Copiers Model 20,Technology,Copiers
TEC-ACC-10390,Accessories Model 2,Technology,Accessories
TEC-ACC-10276,Accessories Model 31,Technology,Accessories
OFF-APP-10535,Appliances Model 46,Office Supplies,Appliances
TEC-ACC-10464,Accessories Model 14,Technology,Accessories
TEC-ACC-10724,Accessories Model 40,Technology,Accessories
FUR-FUR-10504,Furnishings Model 32,Furniture,Furnishings
OFF-ENV-10608,Envelopes Model 28,Office Supplies,Envelopes
OFF-FAS-10684,Fasteners Model 24,Office Supplies,Fasteners
OFF-ART-10409,Art Model 3,Office Supplies,Art
TEC-ACC-10430,Accessories Model 36,Technology,Accessories
TEC-MAC-10357,Machines Model 39,Technology,Machines
TEC-PHO-10154,Phones Model 49,Technology,Phones
FUR-FUR-10116,Furnishings Model 20,Furniture,Furnishings
OFF-APP-10934,Appliances Model 8,Office Supplies,Appliances
OFF-SUP-10120,Supplies Model 16,Office Supplies,Supplies
OFF-BIN-10230,Binders Model 36,Office Supplies,Binders
OFF-APP-10106,Appliances Model 44,Office Supplies,Appliances
OFF-ENV-10537,Envelopes Model 27,Office Supplies,Envelopes
OFF-LAB-10382,Labels Model 11,Office Supplies,Labels
FUR-CHA-10329,Chairs Model 44,Furniture,Chairs
FUR-TAB-10473,Tables Model 45,Furniture,Tables
FUR-TAB-10770,Tables Model 49,Furniture,Tables
OFF-APP-10368,Appliances Model 9,Office Supplies,Appliances
FUR-BOO-10040,Bookcases Model 9,Furniture,Bookcases
FUR-TAB-10530,Tables Model 16,Furniture,Tables
TEC-MAC-10066,Machines Model 6,Technology,Machines
FUR-TAB-10153,Tables Model 49,Furniture,Tables
TEC-COP-10284,Copiers Model 46,Technology,Copiers
OFF-ENV-10857,Envelopes Model 23,Office Supplies,Envelopes
OFF-SUP-10241,Supplies Model 5,Office Supplies,Supplies
FUR-TAB-10877,Tables Model 7,Furniture,Tables
TEC-ACC-10248,Accessories Model 16,Technology,Accessories
OFF-PAP-10728,Paper Model 19,Office Supplies,Paper
TEC-MAC-10241,Machines Model 44,Technology,Machines
OFF-LAB-10954,Labels Model 1,Office Supplies,Labels
FUR-BOO-10730,Bookcases Model 18,Furniture,Bookcases
OFF-SUP-10408,Supplies Model 7,Office Supplies,Supplies
FUR-TAB-10986,Tables Model 15,Furniture,Tables
OFF-STO-10493,Storage Model 9,Office Supplies,Storage
FUR-FUR-10589,Furnishings Model 4,Furniture,Furnishings
TEC-PHO-10358,Phones Model 7,Technology,Phones
TEC-COP-10167,Copiers Model 40,Technology,Copiers
TEC-PHO-10864,Phones Model 13,Technology,Phones
FUR-CHA-10148,Chairs Model 20,Furniture,Chairs
OFF-FAS-10896,Fasteners Model 20,Office Supplies,Fasteners
TEC-ACC-10165,Accessories Model 22,Technology,Accessories
TEC-PHO-10809,Phones Model 1,Technology,Phones
TEC-PHO-10717,Phones Model 27,Technology,Phones
OFF-FAS-10967,Fasteners Model 12,Office Supplies,Fasteners
OFF-SUP-10321,Supplies Model 17,Office Supplies,Supplies
FUR-CHA-10381,Chairs Model 14,Furniture,Chairs
TEC-ACC-10027,Accessories Model 24,Technology,Accessories
TEC-ACC-10736,Accessories Model 24,Technology,Accessories
FUR-TAB-10979,Tables Model 22,Furniture,Tables
TEC-PHO-10958,Phones Model 22,Technology,Phones
TEC-MAC-10783,Machines Model 3,Technology,Machines
FUR-BOO-10234,Bookcases Model 33,Furniture,Bookcases
OFF-ENV-10928,Envelopes Model 24,Office Supplies,Envelopes
TEC-MAC-10758,Machines Model 19,Technology,Machines
FUR-FUR-10966,Furnishings Model 41,Furniture,Furnishings
TEC-ACC-10048,Accessories Model 32,Technology,Accessories
FUR-BOO-10326,Bookcases Model 43,Furniture,Bookcases
TEC-ACC-10870,Accessories Model 44,Technology,Accessories
OFF-ART-10841,Art Model 40,Office Supplies,Art
TEC-MAC-10468,Machines Model 9,Technology,Machines
FUR-FUR-10825,Furnishings Model 34,Furniture,Furnishings
OFF-PAP-10097,Paper Model 24,Office Supplies,Paper
OFF-APP-10793,Appliances Model 3,Office Supplies,Appliances
TEC-ACC-10717,Accessories Model 22,Technology,Accessories
FUR-TAB-10391,Tables Model 46,Furniture,Tables
OFF-FAS-10556,Fasteners Model 33,Office Supplies,Fasteners
FUR-TAB-10287,Tables Model 5,Furniture,Tables
OFF-BIN-10193,Binders Model 29,Office Supplies,Binders
FUR-BOO-10363,Bookcases Model 34,Furniture,Bookcases
OFF-SUP-10581,Supplies Model 16,Office Supplies,Supplies
OFF-BIN-10877,Binders Model 31,Office Supplies,Binders
FUR-CHA-10665,Chairs Model 11,Furniture,Chairs
TEC-PHO-10634,Phones Model 38,Technology,Phones
OFF-SUP-10052,Supplies Model 44,Office Supplies,Supplies
OFF-STO-10053,Storage Model 5,Office Supplies,Storage
OFF-LAB-10786,Labels Model 32,Office Supplies,Labels
FUR-TAB-10707,Tables Model 17,Furniture,Tables
TEC-ACC-10954,Accessories Model 17,Technology,Accessories
FUR-BOO-10630,Bookcases Model 37,Furniture,Bookcases
FUR-CHA-10132,Chairs Model 23,Furniture,Chairs
FUR-FUR-10692,Furnishings Model 33,Furniture,Furnishings
OFF-SUP-10630,Supplies Model 42,Office Supplies,Supplies
FUR-BOO-10808,Bookcases Model 3,Furniture,Bookcases
TEC-COP-10667,Copiers Model 7,Technology,Copiers
TEC-COP-10257,Copiers Model 29,Technology,Copiers
OFF-FAS-10350,Fasteners Model 46,Office Supplies,Fasteners
FUR-TAB-10736,Tables Model 33,Furniture,Tables
FUR-FUR-10143,Furnishings Model 29,Furniture,Furnishings
OFF-BIN-10491,Binders Model 23,Office Supplies,Binders
TEC-ACC-10224,Accessories Model 39,Technology,Accessories
OFF-APP-10473,Appliances Model 35,Office Supplies,Appliances
TEC-ACC-10316,Accessories Model 50,Technology,Accessories
TEC-PHO-10650,Phones Model 41,Technology,Phones
TEC-MAC-10503,Machines Model 28,Technology,Machines
FUR-TAB-10164,Tables Model 39,Furniture,Tables
TEC-PHO-10635,Phones Model 25,Technology,Phones
OFF-LAB-10096,Labels Model 8,Office Supplies,Labels
TEC-ACC-10410,Accessories Model 16,Technology,Accessories
FUR-TAB-10016,Tables Model 1,Furniture,Tables
TEC-COP-10188,Copiers Model 23,Technology,Copiers
OFF-PAP-10703,Paper Model 25,Office Supplies,Paper
FUR-BOO-10504,Bookcases Model 38,Furniture,Bookcases
OFF-APP-10512,Appliances Model 23,Office Supplies,Appliances
OFF-LAB-10304,Labels Model 38,Office Supplies,Labels
FUR-FUR-10991,Furnishings Model 48,Furniture,Furnishings
OFF-ENV-10979,Envelopes Model 35,Office Supplies,Envelopes
OFF-FAS-10979,Fasteners Model 32,Office Supplies,Fasteners
OFF-APP-10709,Appliances Model 22,Office Supplies,Appliances
OFF-ENV-10219,Envelopes Model 42,Office Supplies,Envelopes
FUR-TAB-10997,Tables Model 35,Furniture,Tables
FUR-TAB-10911,Tables Model 13,Furniture,Tables
OFF-ART-10940,Art Model 45,Office Supplies,Art
FUR-FUR-10902,Furnishings Model 9,Furniture,Furnishings
FUR-CHA-10098,Chairs Model 37,Furniture,Chairs
OFF-ART-10038,Art Model 24,Office Supplies,Art
TEC-ACC-10387,Accessories Model 40,Technology,Accessories
FUR-BOO-10982,Bookcases Model 21,Furniture,Bookcases
TEC-MAC-10689,Machines Model 33,Technology,Machines
FUR-CHA-10399,Chairs Model 40,Furniture,Chairs
TEC-ACC-10274,Accessories Model 6,Technology,Accessories
FUR-BOO-10969,Bookcases Model 45,Furniture,Bookcases
TEC-PHO-10491,Phones Model 19,Technology,Phones
OFF-LAB-10462,Labels Model 26,Office Supplies,Labels
TEC-COP-10998,Copiers Model 49,Technology,Copiers
OFF-SUP-10366,Supplies Model 1,Office Supplies,Supplies
TEC-PHO-10557,Phones Model 23,Technology,Phones
OFF-PAP-10275,Paper Model 15,Office Supplies,Paper
FUR-FUR-10805,Furnishings Model 48,Furniture,Furnishings
FUR-CHA-10660,Chairs Model 35,Furniture,Chairs
OFF-LAB-10898,Labels Model 34,Office Supplies,Labels
FUR-CHA-10802,Chairs Model 29,Furniture,Chairs
OFF-APP-10437,Appliances Model 9,Office Supplies,Appliances
OFF-LAB-10813,Labels Model 10,Office Supplies,Labels
FUR-BOO-10875,Bookcases Model 44,Furniture,Bookcases
FUR-CHA-10126,Chairs Model 47,Furniture,Chairs
OFF-PAP-10030,Paper Model 12,Office Supplies,Paper
OFF-BIN-10767,Binders Model 25,Office Supplies,Binders
FUR-CHA-11000,Chairs Model 22,Furniture,Chairs
OFF-SUP-10398,Supplies Model 47,Office Supplies,Supplies
TEC-COP-10950,Copiers Model 27,Technology,Copiers
FUR-CHA-10534,Chairs Model 14,Furniture,Chairs
FUR-FUR-10201,Furnishings Model 17,Furniture,Furnishings
OFF-PAP-10719,Paper Model 3,Office Supplies,Paper
TEC-MAC-10497,Machines Model 23,Technology,Machines
TEC-MAC-10488,Machines Model 16,Technology,Machines
TEC-PHO-10552,Phones Model 50,Technology,Phones
FUR-CHA-10240,Chairs Model 24,Furniture,Chairs
FUR-BOO-10937,Bookcases Model 30,Furniture,Bookcases
FUR-FUR-10198,Furnishings Model 16,Furniture,Furnishings
OFF-LAB-10994,Labels Model 14,Office Supplies,Labels
OFF-BIN-10119,Binders Model 25,Office Supplies,Binders
TEC-COP-10097,Copiers Model 31,Technology,Copiers
FUR-BOO-10870,Bookcases Model 35,Furniture,Bookcases
OFF-FAS-10839,Fasteners Model 39,Office Supplies,Fasteners
OFF-APP-10862,Appliances Model 43,Office Supplies,Appliances
TEC-ACC-10976,Accessories Model 48,Technology,Accessories
TEC-PHO-10385,Phones Model 3,Technology,Phones
TEC-ACC-10573,Accessories Model 33,Technology,Accessories
OFF-ENV-10307,Envelopes Model 14,Office Supplies,Envelopes
TEC-MAC-10637,Machines Model 37,Technology,Machines
OFF-LAB-10267,Labels Model 49,Office Supplies,Labels
TEC-PHO-10040,Phones Model 42,Technology,Phones
OFF-SUP-10089,Supplies Model 30,Office Supplies,Supplies
FUR-TAB-10223,Tables Model 47,Furniture,Tables
OFF-FAS-10286,Fasteners Model 12,Office Supplies,Fasteners
TEC-MAC-10555,Machines Model 35,Technology,Machines
OFF-ENV-10291,Envelopes Model 8,Office Supplies,Envelopes
FUR-FUR-10326,Furnishings Model 43,Furniture,Furnishings
TEC-MAC-10161,Machines Model 5,Technology,Machines
FUR-CHA-10097,Chairs Model 28,Furniture,Chairs
TEC-PHO-10838,Phones Model 21,Technology,Phones
OFF-SUP-10515,Supplies Model 42,Office Supplies,Supplies
FUR-BOO-10647,Bookcases Model 39,Furniture,Bookcases
FUR-TAB-10247,Tables Model 28,Furniture,Tables
OFF-LAB-10091,Labels Model 50,Office Supplies,Labels
TEC-PHO-10190,Phones Model 26,Technology,Phones
OFF-PAP-10669,Paper Model 30,Office Supplies,Paper
TEC-COP-10290,Copiers Model 13,Technology,Copiers
FUR-FUR-10685,Furnishings Model 40,Furniture,Furnishings
OFF-SUP-10802,Supplies Model 5,Office Supplies,Supplies
TEC-COP-10834,Copiers Model 38,Technology,Copiers
TEC-COP-10429,Copiers Model 28,Technology,Copiers
TEC-COP-10267,Copiers Model 23,Technology,Copiers
OFF-STO-10079,Storage Model 26,Office Supplies,Storage
OFF-BIN-10082,Binders Model 38,Office Supplies,Binders
TEC-PHO-10536,Phones Model 38,Technology,Phones
OFF-ART-10375,Art Model 26,Office Supplies,Art
TEC-ACC-10896,Accessories Model 3,Technology,Accessories
FUR-TAB-10808,Tables Model 48,Furniture,Tables
FUR-FUR-10287,Furnishings Model 44,Furniture,Furnishings
TEC-MAC-10024,Machines Model 42,Technology,Machines
FUR-TAB-10134,Tables Model 36,Furniture,Tables
OFF-STO-10057,Storage Model 2,Office Supplies,Storage
FUR-CHA-10409,Chairs Model 28,Furniture,Chairs
OFF-LAB-10137,Labels Model 44,Office Supplies,Labels
FUR-FUR-10467,Furnishings Model 28,Furniture,Furnishings
OFF-FAS-10448,Fasteners Model 33,Office Supplies,Fasteners
FUR-FUR-10547,Furnishings Model 8,Furniture,Furnishings
TEC-MAC-10303,Machines Model 34,Technology,Machines
TEC-ACC-10626,Accessories Model 8,Technology,Accessories
OFF-STO-10906,Storage Model 28,Office Supplies,Storage
OFF-ENV-10365,Envelopes Model 42,Office Supplies,Envelopes
FUR-CHA-10330,Chairs Model 42,Furniture,Chairs
TEC-PHO-10024,Phones Model 24,Technology,Phones
OFF-ENV-10414,Envelopes Model 26,Office Supplies,Envelopes
TEC-COP-10309,Copiers Model 36,Technology,Copiers
OFF-BIN-10535,Binders Model 44,Office Supplies,Binders
FUR-TAB-10909,Tables Model 14,Furniture,Tables
FUR-FUR-10736,Furnishings Model 7,Furniture,Furnishings
FUR-BOO-10140,Bookcases Model 8,Furniture,Bookcases
OFF-PAP-10482,Paper Model 18,Office Supplies,Paper
TEC-COP-10482,Copiers Model 14,Technology,Copiers
FUR-CHA-10918,Chairs Model 8,Furniture,Chairs
TEC-MAC-10628,Machines Model 43,Technology,Machines
TEC-ACC-10037,Accessories Model 6,Technology,Accessories
OFF-SUP-10013,Supplies Model 28,Office Supplies,Supplies
TEC-COP-10033,Copiers Model 27,Technology,Copiers
TEC-PHO-10572,Phones Model 16,Technology,Phones
TEC-PHO-10623,Phones Model 16,Technology,Phones
TEC-COP-10827,Copiers Model 26,Technology,Copiers
OFF-APP-10008,Appliances Model 13,Office Supplies,Appliances
OFF-APP-10087,Appliances Model 13,Office Supplies,Appliances
TEC-ACC-10624,Accessories Model 46,Technology,Accessories
TEC-MAC-10000,Machines Model 44,Technology,Machines
OFF-LAB-10026,Labels Model 19,Office Supplies,Labels
OFF-ART-10803,Art Model 22,Office Supplies,Art
FUR-FUR-10863,Furnishings Model 25,Furniture,Furnishings
FUR-TAB-10963,Tables Model 50,Furniture,Tables
TEC-PHO-10459,Phones Model 2,Technology,Phones
TEC-PHO-10093,Phones Model 1,Technology,Phones
FUR-FUR-10817,Furnishings Model 48,Furniture,Furnishings
OFF-LAB-10549,Labels Model 6,Office Supplies,Labels
OFF-ENV-10766,Envelopes Model 50,Office Supplies,Envelopes
TEC-COP-10709,Copiers Model 48,Technology,Copiers
OFF-BIN-10325,Binders Model 9,Office Supplies,Binders
FUR-TAB-10234,Tables Model 20,Furniture,Tables
OFF-BIN-10467,Binders Model 28,Office Supplies,Binders
OFF-APP-10905,Appliances Model 3,Office Supplies,Appliances
OFF-ART-10860,Art Model 36,Office Supplies,Art
OFF-ENV-10108,Envelopes Model 21,Office Supplies,Envelopes
TEC-MAC-10804,Machines Model 1,Technology,Machines
FUR-TAB-10558,Tables Model 41,Furniture,Tables
OFF-PAP-10627,Paper Model 19,Office Supplies,Paper
OFF-ART-10374,Art Model 18,Office Supplies,Art
OFF-APP-10409,Appliances Model 25,Office Supplies,Appliances
FUR-CHA-10315,Chairs Model 3,Furniture,Chairs
OFF-APP-10708,Appliances Model 49,Office Supplies,Appliances
FUR-TAB-10544,Tables Model 23,Furniture,Tables
OFF-FAS-10049,Fasteners Model 17,Office Supplies,Fasteners
FUR-BOO-10592,Bookcases Model 10,Furniture,Bookcases
FUR-TAB-10815,Tables Model 26,Furniture,Tables
FUR-CHA-10578,Chairs Model 11,Furniture,Chairs
OFF-LAB-10244,Labels Model 48,Office Supplies,Labels
TEC-ACC-10322,Accessories Model 38,Technology,Accessories
FUR-TAB-10214,Tables Model 35,Furniture,Tables
FUR-TAB-10086,Tables Model 2,Furniture,Tables
FUR-TAB-10885,Tables Model 2,Furniture,Tables
OFF-SUP-10714,Supplies Model 35,Office Supplies,Supplies
FUR-TAB-10577,Tables Model 25,Furniture,Tables
OFF-LAB-10617,Labels Model 10,Office Supplies,Labels
OFF-FAS-10916,Fasteners Model 45,Office Supplies,Fasteners
OFF-FAS-10332,Fasteners Model 14,Office Supplies,Fasteners
OFF-APP-10126,Appliances Model 20,Office Supplies,Appliances
TEC-ACC-10698,Accessories Model 10,Technology,Accessories
FUR-BOO-10389,Bookcases Model 24,Furniture,Bookcases
FUR-FUR-10363,Furnishings Model 26,Furniture,Furnishings
OFF-SUP-10168,Supplies Model 37,Office Supplies,Supplies
TEC-ACC-10229,Accessories Model 21,Technology,Accessories
FUR-FUR-10576,Furnishings Model 35,Furniture,Furnishings
OFF-SUP-10157,Supplies Model 48,Office Supplies,Supplies
TEC-MAC-10787,Machines Model 9,Technology,Machines
TEC-ACC-10172,Accessories Model 12,Technology,Accessories
FUR-TAB-10880,Tables Model 50,Furniture,Tables
OFF-BIN-10872,Binders Model 26,Office Supplies,Binders
FUR-BOO-10619,Bookcases Model 6,Furniture,Bookcases
FUR-FUR-10304,Furnishings Model 16,Furniture,Furnishings
FUR-CHA-10332,Chairs Model 42,Furniture,Chairs
OFF-BIN-10324,Binders Model 9,Office Supplies,Binders
FUR-FUR-10644,Furnishings Model 50,Furniture,Furnishings
OFF-PAP-10004,Paper Model 33,Office Supplies,Paper
OFF-STO-10950,Storage Model 37,Office Supplies,Storage
OFF-STO-10528,Storage Model 2,Office Supplies,Storage
OFF-PAP-10913,Paper Model 21,Office Supplies,Paper
FUR-TAB-10864,Tables Model 38,Furniture,Tables
OFF-FAS-10159,Fasteners Model 40,Office Supplies,Fasteners
FUR-TAB-10332,Tables Model 29,Furniture,Tables
FUR-FUR-10059,Furnishings Model 20,Furniture,Furnishings
FUR-FUR-10277,Furnishings Model 11,Furniture,Furnishings
OFF-SUP-10863,Supplies Model 48,Office Supplies,Supplies
FUR-CHA-10779,Chairs Model 30,Furniture,Chairs
OFF-SUP-10905,Supplies Model 26,Office Supplies,Supplies
FUR-CHA-10795,Chairs Model 40,Furniture,Chairs
TEC-COP-10774,Copiers Model 38,Technology,Copiers
OFF-ART-10534,Art Model 1,Office Supplies,Art
OFF-STO-10530,Storage Model 15,Office Supplies,Storage
FUR-CHA-10583,Chairs Model 12,Furniture,Chairs
OFF-BIN-10083,Binders Model 46,Office Supplies,Binders
TEC-PHO-10998,Phones Model 6,Technology,Phones
TEC-ACC-10872,Accessories Model 26,Technology,Accessories
OFF-LAB-10469,Labels Model 19,Office Supplies,Labels
OFF-ENV-10548,Envelopes Model 6,Office Supplies,Envelopes
TEC-MAC-10116,Machines Model 2,Technology,Machines
FUR-TAB-10054,Tables Model 16,Furniture,Tables
OFF-LAB-10943,Labels Model 7,Office Supplies,Labels
OFF-ART-10287,Art Model 41,Office Supplies,Art
OFF-SUP-10320,Supplies Model 35,Office Supplies,Supplies
TEC-MAC-10817,Machines Model 6,Technology,Machines
FUR-CHA-10219,Chairs Model 42,Furniture,Chairs
FUR-TAB-10362,Tables Model 25,Furniture,Tables
OFF-APP-10530,Appliances Model 17,Office Supplies,Appliances
OFF-ENV-10055,Envelopes Model 41,Office Supplies,Envelopes
OFF-STO-10193,Storage Model 31,Office Supplies,Storage
OFF-ENV-10527,Envelopes Model 11,Office Supplies,Envelopes
OFF-SUP-10692,Supplies Model 6,Office Supplies,Supplies
FUR-BOO-10750,Bookcases Model 3,Furniture,Bookcases
TEC-MAC-10600,Machines Model 24,Technology,Machines
TEC-PHO-10124,Phones Model 9,Technology,Phones
OFF-ENV-10960,Envelopes Model 6,Office Supplies,Envelopes
OFF-APP-10921,Appliances Model 11,Office Supplies,Appliances
FUR-FUR-10280,Furnishings Model 44,Furniture,Furnishings
FUR-CHA-10689,Chairs Model 49,Furniture,Chairs
OFF-STO-10099,Storage Model 8,Office Supplies,Storage
OFF-SUP-10214,Supplies Model 5,Office Supplies,Supplies
OFF-BIN-10500,Binders Model 10,Office Supplies,Binders
TEC-MAC-10853,Machines Model 17,Technology,Machines
OFF-SUP-10330,Supplies Model 16,Office Supplies,Supplies
FUR-CHA-10589,Chairs Model 32,Furniture,Chairs
FUR-BOO-10538,Bookcases Model 13,Furniture,Bookcases
FUR-CHA-10725,Chairs Model 4,Furniture,Chairs
OFF-FAS-10728,Fasteners Model 14,Office Supplies,Fasteners
OFF-BIN-10804,Binders Model 41,Office Supplies,Binders
OFF-ART-10508,Art Model 41,Office Supplies,Art
TEC-COP-10325,Copiers Model 37,Technology,Copiers
TEC-COP-10020,Copiers Model 32,Technology,Copiers
TEC-MAC-10476,Machines Model 9,Technology,Machines
TEC-ACC-10001,Accessories Model 4,Technology,Accessories
OFF-FAS-10656,Fasteners Model 26,Office Supplies,Fasteners
TEC-ACC-10375,Accessories Model 21,Technology,Accessories
OFF-APP-10937,Appliances Model 28,Office Supplies,Appliances
TEC-ACC-10424,Accessories Model 14,Technology,Accessories
OFF-BIN-10543,Binders Model 37,Office Supplies,Binders
OFF-FAS-10810,Fasteners Model 6,Office Supplies,Fasteners
OFF-PAP-10688,Paper Model 12,Office Supplies,Paper
OFF-FAS-10900,Fasteners Model 25,Office Supplies,Fasteners
OFF-BIN-10185,Binders Model 24,Office Supplies,Binders
FUR-CHA-10346,Chairs Model 35,Furniture,Chairs
OFF-ART-10617,Art Model 7,Office Supplies,Art
FUR-BOO-10123,Bookcases Model 14,Furniture,Bookcases
FUR-BOO-10279,Bookcases Model 48,Furniture,Bookcases
OFF-PAP-10309,Paper Model 9,Office Supplies,Paper
FUR-BOO-10147,Bookcases Model 9,Furniture,Bookcases
FUR-BOO-10078,Bookcases Model 43,Furniture,Bookcases
OFF-STO-10619,Storage Model 26,Office Supplies,Storage
TEC-MAC-10109,Machines Model 1,Technology,Machines
TEC-MAC-10223,Machines Model 40,Technology,Machines
TEC-ACC-10171,Accessories Model 14,Technology,Accessories
OFF-APP-10394,Appliances Model 16,Office Supplies,Appliances
FUR-TAB-10449,Tables Model 28,Furniture,Tables
OFF-BIN-10944,Binders Model 41,Office Supplies,Binders
FUR-CHA-10797,Chairs Model 21,Furniture,Chairs
OFF-PAP-10116,Paper Model 16,Office Supplies,Paper
FUR-BOO-10349,Bookcases Model 20,Furniture,Bookcases
OFF-SUP-10977,Supplies Model 29,Office Supplies,Supplies
FUR-BOO-10613,Bookcases Model 6,Furniture,Bookcases
TEC-ACC-10852,Accessories Model 8,Technology,Accessories
FUR-TAB-10414,Tables Model 32,Furniture,Tables
OFF-ART-10022,Art Model 23,Office Supplies,Art
FUR-TAB-10053,Tables Model 41,Furniture,Tables
FUR-BOO-10522,Bookcases Model 35,Furniture,Bookcases
OFF-ENV-10456,Envelopes Model 46,Office Supplies,Envelopes
OFF-PAP-10829,Paper Model 48,Office Supplies,Paper
FUR-TAB-10747,Tables Model 24,Furniture,Tables
TEC-COP-10361,Copiers Model 40,Technology,Copiers
OFF-PAP-10172,Paper Model 2,Office Supplies,Paper
OFF-ENV-10646,Envelopes Model 30,Office Supplies,Envelopes
OFF-ENV-10392,Envelopes Model 26,Office Supplies,Envelopes
OFF-FAS-10981,Fasteners Model 10,Office Supplies,Fasteners
OFF-LAB-10221,Labels Model 24,Office Supplies,Labels
OFF-PAP-10481,Paper Model 8,Office Supplies,Paper
FUR-TAB-10578,Tables Model 25,Furniture,Tables
FUR-CHA-10025,Chairs Model 41,Furniture,Chairs
TEC-MAC-10439,Machines Model 38,Technology,Machines
OFF-ENV-10089,Envelopes Model 24,Office Supplies,Envelopes
FUR-TAB-10559,Tables Model 42,Furniture,Tables
OFF-SUP-10869,Supplies Model 41,Office Supplies,Supplies
TEC-COP-10339,Copiers Model 32,Technology,Copiers
OFF-FAS-10636,Fasteners Model 37,Office Supplies,Fasteners
OFF-STO-10802,Storage Model 11,Office Supplies,Storage
FUR-BOO-10456,Bookcases Model 11,Furniture,Bookcases
OFF-SUP-10094,Supplies Model 40,Office Supplies,Supplies
OFF-PAP-10018,Paper Model 19,Office Supplies,Paper
FUR-BOO-10275,Bookcases Model 23,Furniture,Bookcases
OFF-SUP-10210,Supplies Model 44,Office Supplies,Supplies
TEC-MAC-10544,Machines Model 34,Technology,Machines
FUR-TAB-10439,Tables Model 50,Furniture,Tables
FUR-FUR-10925,Furnishings Model 19,Furniture,Furnishings
OFF-LAB-10866,Labels Model 36,Office Supplies,Labels
OFF-PAP-10060,Paper Model 10,Office Supplies,Paper
FUR-FUR-10163,Furnishings Model 31,Furniture,Furnishings
TEC-MAC-10212,Machines Model 7,Technology,Machines
TEC-COP-10582,Copiers Model 47,Technology,Copiers
TEC-PHO-10759,Phones Model 50,Technology,Phones
FUR-BOO-10245,Bookcases Model 12,Furniture,Bookcases
OFF-PAP-10389,Paper Model 25,Office Supplies,Paper
OFF-ENV-10967,Envelopes Model 2,Office Supplies,Envelopes
TEC-MAC-10164,Machines Model 13,Technology,Machines
FUR-BOO-10067,Bookcases Model 25,Furniture,Bookcases
OFF-STO-10774,Storage Model 36,Office Supplies,Storage
OFF-SUP-10474,Supplies Model 9,Office Supplies,Supplies
OFF-BIN-10665,Binders Model 6,Office Supplies,Binders
FUR-FUR-10560,Furnishings Model 3,Furniture,Furnishings
OFF-ART-10471,Art Model 18,Office Supplies,Art
OFF-ART-10187,Art Model 50,Office Supplies,Art
FUR-FUR-10836,Furnishings Model 14,Furniture,Furnishings
FUR-FUR-10581,Furnishings Model 24,Furniture,Furnishings
OFF-LAB-10568,Labels Model 14,Office Supplies,Labels
OFF-SUP-10570,Supplies Model 12,Office Supplies,Supplies
TEC-COP-10407,Copiers Model 13,Technology,Copiers
TEC-COP-10627,Copiers Model 28,Technology,Copiers
OFF-STO-10484,Storage Model 10,Office Supplies,Storage
FUR-CHA-10078,Chairs Model 44,Furniture,Chairs
OFF-PAP-10504,Paper Model 21,Office Supplies,Paper
TEC-PHO-10570,Phones Model 14,Technology,Phones
TEC-ACC-10451,Accessories Model 7,Technology,Accessories
FUR-TAB-10059,Tables Model 16,Furniture,Tables
OFF-ENV-10562,Envelopes Model 16,Office Supplies,Envelopes
OFF-APP-10268,Appliances Model 33,Office Supplies,Appliances
TEC-PHO-10512,Phones Model 44,Technology,Phones
OFF-BIN-10352,Binders Model 34,Office Supplies,Binders
OFF-PAP-10473,Paper Model 8,Office Supplies,Paper
OFF-FAS-10693,Fasteners Model 11,Office Supplies,Fasteners
TEC-ACC-10958,Accessories Model 24,Technology,Accessories
TEC-COP-10118,Copiers Model 49,Technology,Copiers
OFF-ENV-10242,Envelopes Model 27,Office Supplies,Envelopes
FUR-CHA-10390,Chairs Model 7,Furniture,Chairs
TEC-COP-10567,Copiers Model 18,Technology,Copiers
TEC-ACC-10864,Accessories Model 2,Technology,Accessories
TEC-ACC-10411,Accessories Model 48,Technology,Accessories
OFF-LAB-10459,Labels Model 27,Office Supplies,Labels
TEC-COP-10575,Copiers Model 31,Technology,Copiers
FUR-CHA-10434,Chairs Model 27,Furniture,Chairs
FUR-TAB-10612,Tables Model 11,Furniture,Tables
TEC-COP-10301,Copiers Model 8,Technology,Copiers
TEC-ACC-10061,Accessories Model 37,Technology,Accessories
OFF-BIN-10776,Binders Model 37,Office Supplies,Binders
OFF-STO-10750,Storage Model 19,Office Supplies,Storage
FUR-TAB-10373,Tables Model 3,Furniture,Tables
OFF-APP-10514,Appliances Model 3,Office Supplies,Appliances
OFF-APP-10147,Appliances Model 8,Office Supplies,Appliances
OFF-PAP-10701,Paper Model 46,Office Supplies,Paper
TEC-ACC-10527,Accessories Model 1,Technology,Accessories
FUR-TAB-10742,Tables Model 34,Furniture,Tables
OFF-LAB-10052,Labels Model 14,Office Supplies,Labels
TEC-PHO-10353,Phones Model 41,Technology,Phones
OFF-BIN-10879,Binders Model 47,Office Supplies,Binders
FUR-CHA-10639,Chairs Model 4,Furniture,Chairs
TEC-COP-10713,Copiers Model 41,Technology,Copiers
OFF-FAS-10380,Fasteners Model 22,Office Supplies,Fasteners
OFF-APP-10736,Appliances Model 2,Office Supplies,Appliances
OFF-ENV-10970,Envelopes Model 18,Office Supplies,Envelopes
TEC-COP-10016,Copiers Model 4,Technology,Copiers
TEC-COP-10085,Copiers Model 31,Technology,Copiers
OFF-STO-10268,Storage Model 14,Office Supplies,Storage
FUR-FUR-10848,Furnishings Model 42,Furniture,Furnishings
TEC-MAC-10175,Machines Model 23,Technology,Machines
TEC-COP-10397,Copiers Model 37,Technology,Copiers
FUR-CHA-10627,Chairs Model 26,Furniture,Chairs
OFF-SUP-10130,Supplies Model 29,Office Supplies,Supplies
OFF-FAS-10035,Fasteners Model 4,Office Supplies,Fasteners
FUR-CHA-10005,Chairs Model 35,Furniture,Chairs
OFF-FAS-10030,Fasteners Model 48,Office Supplies,Fasteners
OFF-ART-10131,Art Model 29,Office Supplies,Art
OFF-ENV-10391,Envelopes Model 20,Office Supplies,Envelopes
TEC-MAC-10677,Machines Model 26,Technology,Machines
OFF-FAS-10475,Fasteners Model 17,Office Supplies,Fasteners
FUR-FUR-10377,Furnishings Model 1,Furniture,Furnishings
FUR-BOO-10790,Bookcases Model 4,Furniture,Bookcases
FUR-CHA-10729,Chairs Model 31,Furniture,Chairs
TEC-PHO-10113,Phones Model 9,Technology,Phones
OFF-BIN-10672,Binders Model 48,Office Supplies,Binders
OFF-FAS-10763,Fasteners Model 14,Office Supplies,Fasteners
OFF-FAS-10203,Fasteners Model 7,Office Supplies,Fasteners
OFF-ENV-10207,Envelopes Model 42,Office Supplies,Envelopes
OFF-BIN-10383,Binders Model 14,Office Supplies,Binders
TEC-MAC-10864,Machines Model 11,Technology,Machines
FUR-CHA-10018,Chairs Model 10,Furniture,Chairs
OFF-ENV-10830,Envelopes Model 17,Office Supplies,Envelopes
FUR-FUR-10922,Furnishings Model 42,Furniture,Furnishings
TEC-PHO-10217,Phones Model 14,Technology,Phones
TEC-ACC-10561,Accessories Model 39,Technology,Accessories
OFF-SUP-10916,Supplies Model 42,Office Supplies,Supplies
TEC-COP-10721,Copiers Model 12,Technology,Copiers
TEC-ACC-10328,Accessories Model 21,Technology,Accessories
TEC-MAC-10296,Machines Model 39,Technology,Machines
OFF-ART-10774,Art Model 50,Office Supplies,Art
OFF-ART-10207,Art Model 40,Office Supplies,Art
OFF-STO-10534,Storage Model 2,Office Supplies,Storage
OFF-STO-10791,Storage Model 46,Office Supplies,Storage
OFF-ENV-10563,Envelopes Model 28,Office Supplies,Envelopes
FUR-CHA-10507,Chairs Model 4,Furniture,Chairs
OFF-APP-10601,Appliances Model 3,Office Supplies,Appliances
FUR-TAB-10185,Tables Model 16,Furniture,Tables
OFF-PAP-10195,Paper Model 2,Office Supplies,Paper
FUR-CHA-10505,Chairs Model 22,Furniture,Chairs
FUR-FUR-10420,Furnishings Model 11,Furniture,Furnishings
OFF-SUP-10057,Supplies Model 15,Office Supplies,Supplies
FUR-TAB-10388,Tables Model 1,Furniture,Tables
OFF-PAP-10315,Paper Model 50,Office Supplies,Paper
FUR-TAB-10586,Tables Model 8,Furniture,Tables
TEC-COP-10630,Copiers Model 41,Technology,Copiers
FUR-FUR-10823,Furnishings Model 26,Furniture,Furnishings
TEC-COP-10935,Copiers Model 50,Technology,Copiers
TEC-COP-10356,Copiers Model 46,Technology,Copiers
TEC-MAC-10342,Machines Model 44,Technology,Machines
OFF-APP-10428,Appliances Model 8,Office Supplies,Appliances
OFF-SUP-11000,Supplies Model 29,Office Supplies,Supplies
TEC-ACC-10916,Accessories Model 29,Technology,Accessories
TEC-ACC-10619,Accessories Model 11,Technology,Accessories
TEC-COP-10300,Copiers Model 41,Technology,Copiers
OFF-APP-10922,Appliances Model 10,Office Supplies,Appliances
OFF-FAS-10919,Fasteners Model 18,Office Supplies,Fasteners
TEC-ACC-10291,Accessories Model 35,Technology,Accessories
TEC-MAC-10139,Machines Model 14,Technology,Machines
FUR-FUR-10699,Furnishings Model 46,Furniture,Furnishings
TEC-PHO-10729,Phones Model 4,Technology,Phones
OFF-LAB-10807,Labels Model 23,Office Supplies,Labels
TEC-PHO-10266,Phones Model 6,Technology,Phones
FUR-TAB-10823,Tables Model 30,Furniture,Tables
OFF-FAS-10455,Fasteners Model 44,Office Supplies,Fasteners
FUR-BOO-10805,Bookcases Model 29,Furniture,Bookcases
TEC-MAC-10124,Machines Model 6,Technology,Machines
OFF-LAB-10145,Labels Model 36,Office Supplies,Labels
FUR-FUR-10617,Furnishings Model 12,Furniture,Furnishings
TEC-PHO-10357,Phones Model 25,Technology,Phones
OFF-LAB-10895,Labels Model 31,Office Supplies,Labels
FUR-CHA-10152,Chairs Model 13,Furniture,Chairs
OFF-BIN-10052,Binders Model 23,Office Supplies,Binders
TEC-PHO-10042,Phones Model 7,Technology,Phones
OFF-APP-10372,Appliances Model 6,Office Supplies,Appliances
OFF-ENV-10403,Envelopes Model 47,Office Supplies,Envelopes
TEC-ACC-10892,Accessories Model 34,Technology,Accessories
OFF-SUP-10259,Supplies Model 50,Office Supplies,Supplies
FUR-BOO-10534,Bookcases Model 4,Furniture,Bookcases
FUR-TAB-10718,Tables Model 49,Furniture,Tables
TEC-COP-10144,Copiers Model 10,Technology,Copiers
FUR-CHA-10900,Chairs Model 10,Furniture,Chairs
OFF-FAS-10292,Fasteners Model 22,Office Supplies,Fasteners
OFF-LAB-10413,Labels Model 40,Office Supplies,Labels
TEC-COP-10423,Copiers Model 45,Technology,Copiers
TEC-ACC-10933,Accessories Model 44,Technology,Accessories
FUR-BOO-10233,Bookcases Model 27,Furniture,Bookcases
TEC-COP-10039,Copiers Model 26,Technology,Copiers
OFF-SUP-10126,Supplies Model 31,Office Supplies,Supplies
OFF-BIN-10656,Binders Model 9,Office Supplies,Binders
TEC-PHO-10354,Phones Model 23,Technology,Phones
OFF-LAB-10028,Labels Model 50,Office Supplies,Labels
OFF-BIN-10741,Binders Model 9,Office Supplies,Binders
OFF-STO-10724,Storage Model 43,Office Supplies,Storage
OFF-ART-10768,Art Model 14,Office Supplies,Art
FUR-BOO-10548,Bookcases Model 8,Furniture,Bookcases
FUR-TAB-10855,Tables Model 29,Furniture,Tables
OFF-STO-10214,Storage Model 10,Office Supplies,Storage
OFF-ART-10380,Art Model 15,Office Supplies,Art
TEC-MAC-10588,Machines Model 24,Technology,Machines
OFF-FAS-10236,Fasteners Model 9,Office Supplies,Fasteners
OFF-APP-10377,Appliances Model 32,Office Supplies,Appliances
FUR-TAB-10580,Tables Model 26,Furniture,Tables
OFF-ENV-10474,Envelopes Model 9,Office Supplies,Envelopes
TEC-ACC-10358,Accessories Model 34,Technology,Accessories
FUR-CHA-10406,Chairs Model 46,Furniture,Chairs
OFF-BIN-10055,Binders Model 44,Office Supplies,Binders
FUR-BOO-10199,Bookcases Model 40,Furniture,Bookcases
FUR-FUR-10894,Furnishings Model 7,Furniture,Furnishings
FUR-CHA-10590,Chairs Model 2,Furniture,Chairs
OFF-SUP-10775,Supplies Model 39,Office Supplies,Supplies
FUR-TAB-10455,Tables Model 50,Furniture,Tables
OFF-ENV-10009,Envelopes Model 6,Office Supplies,Envelopes
FUR-TAB-10072,Tables Model 23,Furniture,Tables
TEC-MAC-10991,Machines Model 3,Technology,Machines
OFF-FAS-10467,Fasteners Model 14,Office Supplies,Fasteners
OFF-FAS-10266,Fasteners Model 5,Office Supplies,Fasteners
TEC-MAC-10308,Machines Model 34,Technology,Machines
TEC-COP-10610,Copiers Model 40,Technology,Copiers
FUR-TAB-10553,Tables Model 17,Furniture,Tables
FUR-CHA-10812,Chairs Model 47,Furniture,Chairs
OFF-PAP-10249,Paper Model 6,Office Supplies,Paper
OFF-APP-10465,Appliances Model 13,Office Supplies,Appliances
TEC-MAC-10685,Machines Model 42,Technology,Machines
OFF-LAB-10995,Labels Model 40,Office Supplies,Labels
TEC-COP-10601,Copiers Model 26,Technology,Copiers
OFF-APP-10354,Appliances Model 7,Office Supplies,Appliances
FUR-CHA-10928,Chairs Model 10,Furniture,Chairs
OFF-ENV-10034,Envelopes Model 37,Office Supplies,Envelopes
FUR-FUR-10824,Furnishings Model 26,Furniture,Furnishings
OFF-LAB-10647,Labels Model 19,Office Supplies,Labels
OFF-FAS-10216,Fasteners Model 42,Office Supplies,Fasteners
FUR-TAB-10538,Tables Model 12,Furniture,Tables
TEC-COP-10794,Copiers Model 35,Technology,Copiers
OFF-SUP-10793,Supplies Model 49,Office Supplies,Supplies
FUR-BOO-10318,Bookcases Model 36,Furniture,Bookcases
TEC-COP-10661,Copiers Model 26,Technology,Copiers
OFF-FAS-10835,Fasteners Model 42,Office Supplies,Fasteners
TEC-MAC-10578,Machines Model 32,Technology,Machines
FUR-FUR-10807,Furnishings Model 47,Furniture,Furnishings
FUR-FUR-10218,Furnishings Model 4,Furniture,Furnishings
OFF-PAP-10067,Paper Model 45,Office Supplies,Paper
TEC-ACC-10905,Accessories Model 27,Technology,Accessories
OFF-ART-10562,Art Model 12,Office Supplies,Art
OFF-LAB-10664,Labels Model 8,Office Supplies,Labels
FUR-TAB-10944,Tables Model 38,Furniture,Tables
OFF-SUP-10617,Supplies Model 38,Office Supplies,Supplies
TEC-PHO-10321,Phones Model 6,Technology,Phones
OFF-STO-10699,Storage Model 8,Office Supplies,Storage
OFF-FAS-10147,Fasteners Model 49,Office Supplies,Fasteners
OFF-FAS-10334,Fasteners Model 23,Office Supplies,Fasteners
TEC-COP-10954,Copiers Model 17,Technology,Copiers
OFF-STO-10558,Storage Model 37,Office Supplies,Storage
OFF-APP-10158,Appliances Model 48,Office Supplies,Appliances
FUR-FUR-10238,Furnishings Model 31,Furniture,Furnishings
FUR-CHA-10593,Chairs Model 13,Furniture,Chairs
OFF-LAB-10154,Labels Model 10,Office Supplies,Labels
OFF-SUP-10458,Supplies Model 40,Office Supplies,Supplies
TEC-ACC-10922,Accessories Model 2,Technology,Accessories
OFF-PAP-10922,Paper Model 40,Office Supplies,Paper
OFF-ENV-10095,Envelopes Model 2,Office Supplies,Envelopes
FUR-BOO-10099,Bookcases Model 12,Furniture,Bookcases
OFF-ENV-10508,Envelopes Model 2,Office Supplies,Envelopes
TEC-COP-10941,Copiers Model 35,Technology,Copiers
FUR-TAB-10798,Tables Model 8,Furniture,Tables
OFF-LAB-10498,Labels Model 36,Office Supplies,Labels
OFF-FAS-10639,Fasteners Model 12,Office Supplies,Fasteners
FUR-BOO-10154,Bookcases Model 10,Furniture,Bookcases
TEC-PHO-10323,Phones Model 7,Technology,Phones
TEC-MAC-10118,Machines Model 20,Technology,Machines
FUR-FUR-10896,Furnishings Model 39,Furniture,Furnishings
OFF-FAS-10791,Fasteners Model 4,Office Supplies,Fasteners
OFF-BIN-10811,Binders Model 47,Office Supplies,Binders
TEC-ACC-10823,Accessories Model 7,Technology,Accessories
OFF-FAS-10663,Fasteners Model 15,Office Supplies,Fasteners
OFF-SUP-10757,Supplies Model 1,Office Supplies,Supplies
TEC-PHO-10457,Phones Model 26,Technology,Phones
TEC-PHO-10681,Phones Model 25,Technology,Phones
OFF-FAS-10834,Fasteners Model 32,Office Supplies,Fasteners
OFF-ART-10039,Art Model 27,Office Supplies,Art
FUR-BOO-10366,Bookcases Model 1,Furniture,Bookcases
OFF-STO-10453,Storage Model 7,Office Supplies,Storage
OFF-ENV-10394,Envelopes Model 30,Office Supplies,Envelopes
OFF-APP-10770,Appliances Model 13,Office Supplies,Appliances
TEC-MAC-10063,Machines Model 39,Technology,Machines
OFF-STO-10673,Storage Model 7,Office Supplies,Storage
OFF-FAS-10142,Fasteners Model 26,Office Supplies,Fasteners
OFF-APP-10878,Appliances Model 29,Office Supplies,Appliances
TEC-ACC-10838,Accessories Model 1,Technology,Accessories
OFF-FAS-10665,Fasteners Model 22,Office Supplies,Fasteners
OFF-LAB-10742,Labels Model 27,Office Supplies,Labels
TEC-MAC-10112,Machines Model 25,Technology,Machines
FUR-BOO-10240,Bookcases Model 2,Furniture,Bookcases
OFF-FAS-10553,Fasteners Model 17,Office Supplies,Fasteners
FUR-FUR-10609,Furnishings Model 20,Furniture,Furnishings
OFF-STO-10085,Storage Model 13,Office Supplies,Storage
FUR-CHA-10554,Chairs Model 40,Furniture,Chairs
OFF-LAB-10337,Labels Model 50,Office Supplies,Labels
TEC-ACC-10141,Accessories Model 28,Technology,Accessories
FUR-FUR-10866,Furnishings Model 33,Furniture,Furnishings
FUR-CHA-10396,Chairs Model 28,Furniture,Chairs
FUR-TAB-10672,Tables Model 13,Furniture,Tables
TEC-MAC-10306,Machines Model 25,Technology,Machines
OFF-ENV-10107,Envelopes Model 2,Office Supplies,Envelopes
FUR-TAB-10507,Tables Model 40,Furniture,Tables
TEC-COP-10679,Copiers Model 48,Technology,Copiers
OFF-FAS-10052,Fasteners Model 12,Office Supplies,Fasteners
FUR-CHA-10987,Chairs Model 46,Furniture,Chairs
OFF-ENV-10262,Envelopes Model 39,Office Supplies,Envelopes
TEC-PHO-10977,Phones Model 45,Technology,Phones
TEC-COP-10690,Copiers Model 5,Technology,Copiers
OFF-SUP-10664,Supplies Model 27,Office Supplies,Supplies
TEC-MAC-10500,Machines Model 29,Technology,Machines
OFF-ART-10527,Art Model 48,Office Supplies,Art
OFF-LAB-10392,Labels Model 45,Office Supplies,Labels
OFF-ART-10949,Art Model 21,Office Supplies,Art
TEC-PHO-10246,Phones Model 42,Technology,Phones
OFF-BIN-10417,Binders Model 12,Office Supplies,Binders
TEC-PHO-10007,Phones Model 22,Technology,Phones
TEC-MAC-10102,Machines Model 49,Technology,Machines
FUR-CHA-10605,Chairs Model 29,Furniture,Chairs
OFF-PAP-10503,Paper Model 45,Office Supplies,Paper
OFF-SUP-10979,Supplies Model 24,Office Supplies,Supplies
TEC-COP-10141,Copiers Model 3,Technology,Copiers
TEC-MAC-10119,Machines Model 30,Technology,Machines
OFF-PAP-10636,Paper Model 2,Office Supplies,Paper
TEC-COP-10216,Copiers Model 26,Technology,Copiers
TEC-ACC-10753,Accessories Model 19,Technology,Accessories
OFF-LAB-10188,Labels Model 37,Office Supplies,Labels
FUR-CHA-10938,Chairs Model 30,Furniture,Chairs
TEC-PHO-10709,Phones Model 18,Technology,Phones
TEC-PHO-10584,Phones Model 33,Technology,Phones
TEC-MAC-10558,Machines Model 14,Technology,Machines
FUR-FUR-10929,Furnishings Model 40,Furniture,Furnishings
TEC-ACC-10588,Accessories Model 33,Technology,Accessories
TEC-MAC-10362,Machines Model 26,Technology,Machines
FUR-CHA-10212,Chairs Model 18,Furniture,Chairs
TEC-PHO-10507,Phones Model 20,Technology,Phones
FUR-BOO-10958,Bookcases Model 16,Furniture,Bookcases
TEC-ACC-10628,Accessories Model 20,Technology,Accessories
TEC-PHO-10834,Phones Model 11,Technology,Phones
OFF-PAP-10941,Paper Model 17,Office Supplies,Paper
OFF-STO-10073,Storage Model 48,Office Supplies,Storage
TEC-MAC-10450,Machines Model 46,Technology,Machines
TEC-COP-10542,Copiers Model 14,Technology,Copiers
OFF-ART-10589,Art Model 38,Office Supplies,Art
OFF-BIN-10621,Binders Model 10,Office Supplies,Binders
FUR-TAB-10993,Tables Model 21,Furniture,Tables
OFF-APP-10347,Appliances Model 25,Office Supplies,Appliances
OFF-SUP-10973,Supplies Model 4,Office Supplies,Supplies
FUR-BOO-10095,Bookcases Model 22,Furniture,Bookcases
OFF-SUP-10074,Supplies Model 12,Office Supplies,Supplies
OFF-PAP-10214,Paper Model 3,Office Supplies,Paper
OFF-ART-10136,Art Model 7,Office Supplies,Art
OFF-SUP-10825,Supplies Model 31,Office Supplies,Supplies
OFF-SUP-10360,Supplies Model 39,Office Supplies,Supplies
OFF-ART-10631,Art Model 34,Office Supplies,Art
TEC-PHO-10617,Phones Model 23,Technology,Phones
TEC-PHO-10694,Phones Model 45,Technology,Phones
TEC-COP-10647,Copiers Model 31,Technology,Copiers
OFF-ART-10720,Art Model 45,Office Supplies,Art
FUR-TAB-10852,Tables Model 35,Furniture,Tables
TEC-ACC-10295,Accessories Model 15,Technology,Accessories
OFF-ART-10557,Art Model 18,Office Supplies,Art
TEC-COP-10927,Copiers Model 45,Technology,Copiers
OFF-APP-10621,Appliances Model 32,Office Supplies,Appliances
TEC-ACC-10345,Accessories Model 18,Technology,Accessories
TEC-PHO-10814,Phones Model 30,Technology,Phones
OFF-LAB-10480,Labels Model 44,Office Supplies,Labels
OFF-APP-10478,Appliances Model 3,Office Supplies,Appliances
TEC-COP-10221,Copiers Model 8,Technology,Copiers
OFF-BIN-10194,Binders Model 44,Office Supplies,Binders
FUR-CHA-10441,Chairs Model 35,Furniture,Chairs
OFF-STO-10131,Storage Model 34,Office Supplies,Storage
FUR-CHA-10232,Chairs Model 43,Furniture,Chairs
TEC-MAC-10595,Machines Model 40,Technology,Machines
TEC-COP-10336,Copiers Model 16,Technology,Copiers
TEC-MAC-10176,Machines Model 4,Technology,Machines
OFF-BIN-10421,Binders Model 11,Office Supplies,Binders
OFF-ART-10379,Art Model 2,Office Supplies,Art
OFF-SUP-10976,Supplies Model 24,Office Supplies,Supplies
TEC-ACC-10861,Accessories Model 16,Technology,Accessories
FUR-BOO-10837,Bookcases Model 41,Furniture,Bookcases
OFF-ENV-10444,Envelopes Model 13,Office Supplies,Envelopes
OFF-FAS-10681,Fasteners Model 33,Office Supplies,Fasteners
TEC-PHO-10748,Phones Model 39,Technology,Phones
OFF-APP-10479,Appliances Model 43,Office Supplies,Appliances
TEC-MAC-10815,Machines Model 31,Technology,Machines
OFF-ART-10275,Art Model 42,Office Supplies,Art
OFF-BIN-10781,Binders Model 45,Office Supplies,Binders
FUR-BOO-10621,Bookcases Model 24,Furniture,Bookcases
TEC-MAC-10530,Machines Model 19,Technology,Machines
OFF-ART-10877,Art Model 9,Office Supplies,Art
OFF-APP-10660,Appliances Model 19,Office Supplies,Appliances
FUR-BOO-10382,Bookcases Model 36,Furniture,Bookcases
OFF-LAB-10653,Labels Model 18,Office Supplies,Labels
OFF-SUP-10827,Supplies Model 47,Office Supplies,Supplies
OFF-PAP-10513,Paper Model 37,Office Supplies,Paper
TEC-MAC-10509,Machines Model 11,Technology,Machines
OFF-ART-10309,Art Model 1,Office Supplies,Art
OFF-LAB-10150,Labels Model 31,Office Supplies,Labels
FUR-FUR-10686,Furnishings Model 36,Furniture,Furnishings
TEC-PHO-10458,Phones Model 30,Technology,Phones
FUR-FUR-10645,Furnishings Model 8,Furniture,Furnishings
TEC-ACC-10207,Accessories Model 9,Technology,Accessories
OFF-APP-10442,Appliances Model 30,Office Supplies,Appliances
OFF-ENV-10140,Envelopes Model 21,Office Supplies,Envelopes
OFF-SUP-10111,Supplies Model 46,Office Supplies,Supplies
TEC-MAC-10339,Machines Model 42,Technology,Machines
FUR-CHA-10646,Chairs Model 24,Furniture,Chairs
OFF-SUP-10236,Supplies Model 31,Office Supplies,Supplies
FUR-BOO-10614,Bookcases Model 36,Furniture,Bookcases
OFF-PAP-10200,Paper Model 33,Office Supplies,Paper
OFF-SUP-10514,Supplies Model 45,Office Supplies,Supplies
OFF-BIN-10484,Binders Model 21,Office Supplies,Binders
FUR-TAB-10924,Tables Model 23,Furniture,Tables
FUR-BOO-10991,Bookcases Model 16,Furniture,Bookcases
FUR-TAB-10404,Tables Model 21,Furniture,Tables
TEC-COP-10992,Copiers Model 45,Technology,Copiers
OFF-STO-10119,Storage Model 27,Office Supplies,Storage
OFF-FAS-10670,Fasteners Model 15,Office Supplies,Fasteners
OFF-ART-10130,Art Model 7,Office Supplies,Art
OFF-ENV-10202,Envelopes Model 39,Office Supplies,Envelopes
FUR-CHA-10196,Chairs Model 16,Furniture,Chairs
FUR-TAB-10809,Tables Model 18,Furniture,Tables
FUR-TAB-10835,Tables Model 49,Furniture,Tables
TEC-MAC-10527,Machines Model 33,Technology,Machines
OFF-ART-10817,Art Model 13,Office Supplies,Art
FUR-BOO-10184,Bookcases Model 1,Furniture,Bookcases
FUR-FUR-10730,Furnishings Model 49,Furniture,Furnishings
TEC-COP-10169,Copiers Model 43,Technology,Copiers
OFF-APP-10912,Appliances Model 49,Office Supplies,Appliances
FUR-BOO-10127,Bookcases Model 28,Furniture,Bookcases
TEC-MAC-10835,Machines Model 27,Technology,Machines
OFF-ART-10628,Art Model 39,Office Supplies,Art
TEC-COP-10279,Copiers Model 30,Technology,Copiers
FUR-BOO-10723,Bookcases Model 19,Furniture,Bookcases
OFF-STO-10736,Storage Model 6,Office Supplies,Storage
FUR-FUR-10738,Furnishings Model 24,Furniture,Furnishings
OFF-PAP-10041,Paper Model 16,Office Supplies,Paper
TEC-PHO-10419,Phones Model 23,Technology,Phones
OFF-APP-10340,Appliances Model 46,Office Supplies,Appliances
FUR-FUR-10174,Furnishings Model 14,Furniture,Furnishings
FUR-BOO-10034,Bookcases Model 13,Furniture,Bookcases
TEC-PHO-10068,Phones Model 47,Technology,Phones
TEC-COP-10548,Copiers Model 4,Technology,Copiers
TEC-PHO-10699,Phones Model 23,Technology,Phones
TEC-COP-10238,Copiers Model 31,Technology,Copiers
TEC-MAC-10150,Machines Model 11,Technology,Machines
OFF-PAP-10274,Paper Model 49,Office Supplies,Paper
OFF-APP-10952,Appliances Model 48,Office Supplies,Appliances
FUR-CHA-10933,Chairs Model 43,Furniture,Chairs
TEC-MAC-10638,Machines Model 13,Technology,Machines
TEC-COP-10829,Copiers Model 7,Technology,Copiers
OFF-STO-10093,Storage Model 38,Office Supplies,Storage
TEC-PHO-10148,Phones Model 6,Technology,Phones
TEC-COP-10166,Copiers Model 50,Technology,Copiers
FUR-TAB-10812,Tables Model 35,Furniture,Tables
OFF-PAP-10100,Paper Model 24,Office Supplies,Paper
OFF-ART-10030,Art Model 43,Office Supplies,Art
TEC-MAC-10592,Machines Model 24,Technology,Machines
FUR-CHA-10821,Chairs Model 38,Furniture,Chairs
TEC-ACC-10154,Accessories Model 22,Technology,Accessories
OFF-APP-10989,Appliances Model 36,Office Supplies,Appliances
OFF-PAP-10666,Paper Model 18,Office Supplies,Paper
TEC-MAC-10512,Machines Model 10,Technology,Machines
OFF-FAS-10252,Fasteners Model 4,Office Supplies,Fasteners
TEC-COP-10956,Copiers Model 8,Technology,Copiers
OFF-ENV-10772,Envelopes Model 22,Office Supplies,Envelopes
OFF-SUP-10750,Supplies Model 28,Office Supplies,Supplies
FUR-BOO-10306,Bookcases Model 32,Furniture,Bookcases
FUR-FUR-10025,Furnishings Model 14,Furniture,Furnishings
OFF-SUP-10307,Supplies Model 28,Office Supplies,Supplies
TEC-COP-10961,Copiers Model 38,Technology,Copiers
OFF-ART-10648,Art Model 15,Office Supplies,Art
OFF-LAB-10179,Labels Model 38,Office Supplies,Labels
OFF-SUP-10645,Supplies Model 29,Office Supplies,Supplies
OFF-APP-10244,Appliances Model 49,Office Supplies,Appliances
OFF-LAB-10229,Labels Model 23,Office Supplies,Labels
FUR-BOO-10968,Bookcases Model 37,Furniture,Bookcases
TEC-MAC-10264,Machines Model 3,Technology,Machines
OFF-FAS-10965,Fasteners Model 42,Office Supplies,Fasteners
OFF-BIN-10596,Binders Model 23,Office Supplies,Binders
TEC-ACC-10562,Accessories Model 24,Technology,Accessories
FUR-FUR-10614,Furnishings Model 11,Furniture,Furnishings
FUR-BOO-10303,Bookcases Model 39,Furniture,Bookcases
OFF-FAS-10715,Fasteners Model 35,Office Supplies,Fasteners
OFF-ART-10182,Art Model 34,Office Supplies,Art
FUR-TAB-10746,Tables Model 6,Furniture,Tables
OFF-APP-10358,Appliances Model 41,Office Supplies,Appliances
FUR-BOO-10416,Bookcases Model 2,Furniture,Bookcases
OFF-ENV-10227,Envelopes Model 42,Office Supplies,Envelopes
OFF-FAS-10111,Fasteners Model 50,Office Supplies,Fasteners
OFF-LAB-10573,Labels Model 5,Office Supplies,Labels
FUR-BOO-10732,Bookcases Model 48,Furniture,Bookcases
TEC-PHO-10600,Phones Model 13,Technology,Phones
FUR-TAB-10923,Tables Model 49,Furniture,Tables
OFF-BIN-10314,Binders Model 38,Office Supplies,Binders
FUR-TAB-10985,Tables Model 5,Furniture,Tables
