order_id,customer_id,product_id,order_date,sales,quantity,profit,discount,order_month,order_year,profit_margin
CA-2021-100000,CG-10604,TEC-PHO-10238,2021-02-21,557.31,4,134.8,0.0,2,2021,0.2419
CA-2021-100001,CG-10006,TEC-PHO-10284,2022-02-12,1303.27,9,-88.28,0.4,2,2022,-0.0677
CA-2021-100002,CG-10747,FUR-BOO-10565,2021-07-29,766.06,6,124.28,0.3,7,2021,0.1622
CA-2021-100003,CG-10103,TEC-MAC-10166,2022-01-29,148.41,4,58.05,0.2,1,2022,0.3911
CA-2021-100004,CG-10167,OFF-BIN-10701,2022-07-01,1873.94,2,225.78,0.0,7,2022,0.1205
CA-2021-100005,CG-10217,FUR-TAB-10146,2021-03-07,637.75,5,-46.82,0.0,3,2021,-0.0734
CA-2021-100006,CG-10521,FUR-TAB-10642,2022-06-23,1173.33,10,20.18,0.4,6,2022,0.0172
CA-2021-100007,CG-10696,TEC-COP-10787,2021-05-11,769.42,8,294.42,0.2,5,2021,0.3827
CA-2021-100008,CG-10519,OFF-STO-10156,2022-08-25,324.73,1,124.41,0.2,8,2022,0.3831
CA-2021-100009,CG-10580,FUR-CHA-10778,2022-10-26,48.76,6,-2.75,0.2,10,2022,-0.0564
CA-2021-100010,CG-10730,FUR-TAB-10448,2023-09-01,338.6,9,128.2,0.4,9,2023,0.3786
CA-2021-100011,CG-10072,OFF-STO-10927,2022-05-23,137.41,1,21.03,0.1,5,2022,0.153
CA-2021-100012,CG-10248,OFF-STO-10674,2023-11-19,564.17,8,69.7,0.1,11,2023,0.1235
CA-2021-100013,CG-10111,OFF-FAS-10143,2023-04-22,1729.04,1,-282.93,0.0,4,2023,-0.1636
CA-2021-100014,CG-10051,FUR-BOO-10170,2023-08-06,1750.23,2,498.49,0.5,8,2023,0.2848
CA-2021-100015,CG-10271,OFF-PAP-10158,2022-03-14,808.07,1,22.13,0.0,3,2022,0.0274
CA-2021-100016,CG-10514,OFF-BIN-10871,2021-04-30,1474.12,1,-244.26,0.3,4,2021,-0.1657
CA-2021-100017,CG-10634,FUR-CHA-10957,2022-04-27,248.57,10,36.63,0.1,4,2022,0.1474
CA-2021-100018,CG-10009,FUR-BOO-10550,2022-05-04,797.61,5,-8.21,0.5,5,2022,-0.0103
CA-2021-100019,CG-10556,TEC-MAC-10683,2021-09-29,1762.92,4,-51.14,0.3,9,2021,-0.029
CA-2021-100020,CG-10734,OFF-STO-10517,2021-10-03,239.7,2,-8.77,0.0,10,2021,-0.0366
CA-2021-100021,CG-10652,OFF-LAB-10574,2021-07-09,852.92,5,-168.77,0.0,7,2021,-0.1979
CA-2021-100022,CG-10315,FUR-CHA-10682,2021-11-02,81.7,6,4.73,0.0,11,2021,0.0579
CA-2021-100023,CG-10422,OFF-SUP-10821,2023-04-13,1501.46,4,579.15,0.0,4,2023,0.3857
CA-2021-100024,CG-10227,TEC-ACC-10228,2022-07-01,1576.88,2,509.81,0.4,7,2022,0.3233
CA-2021-100025,CG-10695,TEC-ACC-10182,2023-03-28,564.42,2,6.03,0.2,3,2023,0.0107
CA-2021-100026,CG-10394,OFF-LAB-10001,2021-08-11,874.78,6,143.22,0.4,8,2021,0.1637
CA-2021-100027,CG-10737,TEC-ACC-10334,2023-01-16,149.25,6,29.56,0.3,1,2023,0.1981
CA-2021-100028,CG-10415,TEC-MAC-10440,2021-09-18,846.69,7,143.35,0.0,9,2021,0.1693
CA-2021-100029,CG-10674,TEC-MAC-10095,2023-08-11,889.9,4,245.83,0.5,8,2023,0.2762
CA-2021-100030,CG-10625,FUR-BOO-10735,2022-04-06,406.27,1,-21.57,0.0,4,2022,-0.0531
CA-2021-100031,CG-10180,OFF-PAP-10939,2023-03-30,303.67,1,81.1,0.0,3,2023,0.2671
CA-2021-100032,CG-10627,OFF-ART-10918,2023-08-10,1066.95,9,394.8,0.3,8,2023,0.37
CA-2021-100033,CG-10450,TEC-COP-10343,2023-07-11,1506.04,5,265.14,0.5,7,2023,0.1761
CA-2021-100034,CG-10338,TEC-PHO-10852,2021-10-11,470.21,3,-75.92,0.1,10,2021,-0.1615
CA-2021-100035,CG-10551,OFF-LAB-10499,2023-02-19,21.73,6,5.48,0.2,2,2023,0.2522
CA-2021-100036,CG-10637,OFF-FAS-10085,2023-09-22,783.83,7,238.52,0.0,9,2023,0.3043
CA-2021-100037,CG-10345,OFF-ART-10854,2023-08-04,110.07,7,-8.04,0.3,8,2023,-0.073
CA-2021-100038,CG-10204,OFF-LAB-10484,2021-04-17,456.2,2,115.21,0.0,4,2021,0.2525
CA-2021-100039,CG-10167,FUR-TAB-10589,2023-08-11,519.92,6,85.03,0.0,8,2023,0.1635
CA-2021-100040,CG-10700,OFF-FAS-10545,2022-02-11,1188.27,4,259.42,0.0,2,2022,0.2183
CA-2021-100041,CG-10443,TEC-MAC-10445,2021-05-22,1298.61,1,381.01,0.4,5,2021,0.2934
CA-2021-100042,CG-10088,TEC-MAC-10344,2023-09-18,876.79,10,-5.8,0.2,9,2023,-0.0066
CA-2021-100043,CG-10569,OFF-ENV-10737,2022-01-08,432.12,5,-13.92,0.3,1,2022,-0.0322
CA-2021-100044,CG-10301,OFF-SUP-10679,2022-05-08,957.43,8,264.02,0.5,5,2022,0.2758
CA-2021-100045,CG-10277,OFF-PAP-10323,2023-12-24,856.75,9,9.5,0.3,12,2023,0.0111
CA-2021-100046,CG-10303,TEC-ACC-10725,2022-01-28,1479.82,5,574.62,0.2,1,2022,0.3883
CA-2021-100047,CG-10587,FUR-BOO-10188,2021-04-04,1111.18,3,-153.84,0.5,4,2021,-0.1384
CA-2021-100048,CG-10155,OFF-PAP-10121,2021-08-22,140.03,8,20.47,0.0,8,2021,0.1462
CA-2021-100049,CG-10312,OFF-BIN-10970,2023-12-07,906.52,8,286.55,0.2,12,2023,0.3161
CA-2021-100050,CG-10002,FUR-TAB-10298,2022-06-26,171.56,4,22.51,0.0,6,2022,0.1312
CA-2021-100051,CG-10435,FUR-BOO-10930,2022-08-03,1720.62,2,609.7,0.1,8,2022,0.3543
CA-2021-100052,CG-10705,FUR-CHA-10448,2021-05-03,1587.33,10,100.78,0.2,5,2021,0.0635
CA-2021-100053,CG-10783,TEC-PHO-10481,2023-06-04,651.42,5,-94.59,0.0,6,2023,-0.1452
CA-2021-100054,CG-10356,TEC-COP-10878,2022-07-24,1993.92,7,760.55,0.5,7,2022,0.3814
CA-2021-100055,CG-10258,OFF-FAS-10673,2023-10-12,1328.54,7,96.84,0.0,10,2023,0.0729
CA-2021-100056,CG-10208,OFF-FAS-10901,2021-04-22,1041.69,10,182.55,0.5,4,2021,0.1752
CA-2021-100057,CG-10565,OFF-STO-10969,2021-03-01,1221.65,4,-16.55,0.0,3,2021,-0.0135
CA-2021-100058,CG-10249,TEC-ACC-10943,2023-10-18,590.8,5,177.73,0.4,10,2023,0.3008
CA-2021-100059,CG-10002,TEC-ACC-10886,2021-05-23,1547.62,7,557.99,0.3,5,2021,0.3605
CA-2021-100060,CG-10193,OFF-SUP-10876,2023-09-19,671.56,9,49.16,0.4,9,2023,0.0732
CA-2021-100061,CG-10507,OFF-LAB-10890,2022-10-14,951.22,7,373.88,0.4,10,2022,0.3931
CA-2021-100062,CG-10076,OFF-STO-10665,2023-12-14,40.54,3,13.08,0.4,12,2023,0.3226
CA-2021-100063,CG-10646,OFF-SUP-10444,2023-02-18,1257.33,8,214.34,0.0,2,2023,0.1705
CA-2021-100064,CG-10300,TEC-PHO-10543,2023-06-28,1391.06,1,-7.48,0.0,6,2023,-0.0054
CA-2021-100065,CG-10237,TEC-ACC-10682,2021-12-15,167.15,7,16.48,0.1,12,2021,0.0986
CA-2021-100066,CG-10706,OFF-APP-10873,2021-11-20,889.04,6,163.02,0.2,11,2021,0.1834
CA-2021-100067,CG-10281,FUR-TAB-10932,2023-02-21,724.33,5,-135.33,0.2,2,2023,-0.1868
CA-2021-100068,CG-10635,TEC-COP-10643,2022-08-10,1599.73,10,-109.74,0.3,8,2022,-0.0686
CA-2021-100069,CG-10302,TEC-PHO-10135,2022-09-25,887.24,10,212.42,0.3,9,2022,0.2394
CA-2021-100070,CG-10764,OFF-SUP-10772,2023-10-25,1662.64,5,632.52,0.5,10,2023,0.3804
CA-2021-100071,CG-10377,TEC-COP-10842,2023-01-20,1583.46,1,193.09,0.2,1,2023,0.1219
CA-2021-100072,CG-10663,OFF-STO-10664,2022-04-24,59.8,9,20.88,0.3,4,2022,0.3492
CA-2021-100073,CG-10397,FUR-TAB-10601,2021-04-03,615.69,8,-87.23,0.0,4,2021,-0.1417
CA-2021-100074,CG-10033,TEC-ACC-10973,2023-04-30,207.05,8,75.25,0.4,4,2023,0.3634
CA-2021-100075,CG-10125,OFF-STO-10051,2023-01-23,1804.38,6,70.16,0.0,1,2023,0.0389
CA-2021-100076,CG-10336,FUR-TAB-10879,2022-02-25,1661.34,9,252.24,0.1,2,2022,0.1518
CA-2021-100077,CG-10602,FUR-BOO-10129,2021-12-24,1325.5,1,-253.28,0.0,12,2021,-0.1911
CA-2021-100078,CG-10462,OFF-SUP-10469,2021-08-21,136.48,8,14.73,0.3,8,2021,0.1079
CA-2021-100079,CG-10075,FUR-CHA-10129,2023-09-08,809.22,2,184.05,0.5,9,2023,0.2274
CA-2021-100080,CG-10670,TEC-MAC-10462,2023-02-20,1065.81,8,-149.74,0.4,2,2023,-0.1405
CA-2021-100081,CG-10383,OFF-ENV-10851,2023-07-18,837.82,2,46.97,0.3,7,2023,0.0561
CA-2021-100082,CG-10686,FUR-FUR-10888,2021-07-17,1480.2,3,224.81,0.0,7,2021,0.1519
CA-2021-100083,CG-10229,FUR-BOO-10780,2022-10-02,216.17,9,-23.17,0.1,10,2022,-0.1072
CA-2021-100084,CG-10029,TEC-ACC-10359,2023-05-29,1126.32,10,186.29,0.0,5,2023,0.1654
CA-2021-100085,CG-10385,FUR-TAB-10319,2023-04-01,292.33,1,72.4,0.0,4,2023,0.2477
CA-2021-100086,CG-10453,OFF-STO-10424,2021-04-18,323.25,10,66.07,0.0,4,2021,0.2044
CA-2021-100087,CG-10046,FUR-CHA-10209,2022-12-08,230.67,10,26.79,0.5,12,2022,0.1161
CA-2021-100088,CG-10132,FUR-TAB-10073,2022-06-08,662.96,1,164.55,0.5,6,2022,0.2482
CA-2021-100089,CG-10726,TEC-PHO-10021,2023-06-13,924.91,2,134.53,0.3,6,2023,0.1455
CA-2021-100090,CG-10536,FUR-FUR-10226,2023-01-12,879.06,2,53.98,0.1,1,2023,0.0614
CA-2021-100091,CG-10359,FUR-CHA-10149,2023-11-12,236.91,9,81.39,0.1,11,2023,0.3435
CA-2021-100092,CG-10475,FUR-TAB-10884,2021-11-10,1520.71,2,563.84,0.0,11,2021,0.3708
CA-2021-100093,CG-10519,OFF-ART-10058,2023-06-20,943.15,5,146.05,0.2,6,2023,0.1549
CA-2021-100094,CG-10460,OFF-STO-10513,2021-07-04,1192.22,7,176.68,0.5,7,2021,0.1482
CA-2021-100095,CG-10040,FUR-FUR-10372,2021-07-31,1799.26,6,184.84,0.0,7,2021,0.1027
CA-2021-100096,CG-10067,OFF-FAS-10290,2023-04-18,683.35,10,186.92,0.0,4,2023,0.2735
CA-2021-100097,CG-10132,TEC-ACC-10658,2022-11-14,1169.65,3,-16.21,0.3,11,2022,-0.0139
CA-2021-100098,CG-10349,FUR-CHA-10158,2023-05-18,730.04,6,-67.05,0.2,5,2023,-0.0918
CA-2021-100099,CG-10611,OFF-STO-10738,2023-11-06,1084.14,9,213.75,0.0,11,2023,0.1972
CA-2021-100100,CG-10239,FUR-FUR-10376,2023-01-17,1441.98,8,362.56,0.2,1,2023,0.2514
CA-2021-100101,CG-10619,TEC-COP-10895,2023-08-04,570.73,7,216.74,0.4,8,2023,0.3798
CA-2021-100102,CG-10447,TEC-PHO-10424,2023-11-23,258.11,2,-9.38,0.0,11,2023,-0.0363
CA-2021-100103,CG-10101,OFF-SUP-10039,2023-02-05,778.47,2,-50.82,0.3,2,2023,-0.0653
CA-2021-100104,CG-10561,OFF-ART-10794,2023-08-19,1234.54,2,-57.34,0.0,8,2023,-0.0464
CA-2021-100105,CG-10611,FUR-BOO-10735,2021-09-07,484.49,10,-78.64,0.5,9,2021,-0.1623
CA-2021-100106,CG-10536,OFF-FAS-10399,2021-01-04,712.1,10,-62.39,0.4,1,2021,-0.0876
CA-2021-100107,CG-10790,FUR-FUR-10360,2023-02-04,1497.16,6,10.3,0.0,2,2023,0.0069
CA-2021-100108,CG-10037,OFF-ART-10323,2023-08-10,962.28,3,-156.02,0.0,8,2023,-0.1621
CA-2021-100109,CG-10671,TEC-COP-10910,2023-08-28,82.88,4,1.18,0.2,8,2023,0.0142
CA-2021-100110,CG-10084,TEC-COP-10558,2023-03-03,1947.71,8,39.75,0.5,3,2023,0.0204
CA-2021-100111,CG-10170,OFF-STO-10744,2021-06-13,1325.23,5,214.12,0.5,6,2021,0.1616
CA-2021-100112,CG-10372,TEC-COP-10146,2022-07-17,1960.25,1,397.36,0.0,7,2022,0.2027
CA-2021-100113,CG-10619,TEC-COP-10454,2021-03-13,143.79,6,4.27,0.3,3,2021,0.0297
CA-2021-100114,CG-10753,FUR-TAB-10268,2023-12-21,802.09,5,301.84,0.1,12,2023,0.3763
CA-2021-100115,CG-10462,OFF-PAP-10683,2022-03-16,578.3,8,-73.11,0.1,3,2022,-0.1264
CA-2021-100116,CG-10205,TEC-PHO-10567,2022-08-18,1704.21,3,179.37,0.3,8,2022,0.1053
CA-2021-100117,CG-10538,OFF-PAP-10995,2021-09-23,1769.65,2,68.83,0.2,9,2021,0.0389
CA-2021-100118,CG-10786,TEC-PHO-10530,2023-07-11,1363.42,6,445.53,0.0,7,2023,0.3268
CA-2021-100119,CG-10080,OFF-ART-10128,2021-11-28,1870.13,4,689.12,0.3,11,2021,0.3685
CA-2021-100120,CG-10577,OFF-SUP-10666,2021-07-11,1285.56,10,-125.06,0.0,7,2021,-0.0973
CA-2021-100121,CG-10494,TEC-COP-10074,2021-03-04,1779.1,9,329.39,0.2,3,2021,0.1851
CA-2021-100122,CG-10735,FUR-TAB-10778,2023-06-20,973.66,4,159.68,0.3,6,2023,0.164
CA-2021-100123,CG-10051,TEC-PHO-10985,2022-10-16,938.28,5,-48.09,0.5,10,2022,-0.0513
CA-2021-100124,CG-10509,OFF-ENV-10989,2022-01-24,327.09,9,32.47,0.5,1,2022,0.0993
CA-2021-100125,CG-10110,FUR-BOO-10782,2021-04-10,569.9,10,-16.27,0.5,4,2021,-0.0285
CA-2021-100126,CG-10395,OFF-LAB-10131,2023-04-01,1144.86,4,151.05,0.3,4,2023,0.1319
CA-2021-100127,CG-10512,OFF-ENV-10823,2022-11-26,1878.51,3,303.34,0.1,11,2022,0.1615
CA-2021-100128,CG-10166,TEC-COP-10519,2021-11-02,1787.33,3,641.33,0.3,11,2021,0.3588
CA-2021-100129,CG-10597,TEC-COP-10611,2022-09-06,1633.34,6,333.66,0.3,9,2022,0.2043
CA-2021-100130,CG-10032,OFF-BIN-10451,2021-04-16,966.09,9,-107.56,0.4,4,2021,-0.1113
CA-2021-100131,CG-10722,OFF-ART-10678,2023-04-26,415.74,9,134.57,0.5,4,2023,0.3237
CA-2021-100132,CG-10624,TEC-COP-10230,2022-10-05,924.73,9,118.15,0.3,10,2022,0.1278
CA-2021-100133,CG-10404,OFF-BIN-10978,2023-09-29,964.81,9,-26.36,0.2,9,2023,-0.0273
CA-2021-100134,CG-10575,FUR-BOO-10248,2023-06-25,520.32,8,-40.98,0.1,6,2023,-0.0788
CA-2021-100135,CG-10005,TEC-ACC-10488,2022-04-22,209.39,6,-29.25,0.5,4,2022,-0.1397
CA-2021-100136,CG-10179,FUR-BOO-10190,2022-10-20,1295.34,2,156.85,0.1,10,2022,0.1211
CA-2021-100137,CG-10137,OFF-LAB-10338,2021-01-19,1140.24,2,-33.37,0.3,1,2021,-0.0293
CA-2021-100138,CG-10179,TEC-COP-10088,2022-06-11,380.54,6,53.53,0.2,6,2022,0.1407
CA-2021-100139,CG-10457,TEC-PHO-10267,2022-01-14,960.13,4,-41.79,0.0,1,2022,-0.0435
CA-2021-100140,CG-10706,OFF-BIN-10224,2021-05-08,245.27,5,10.61,0.0,5,2021,0.0433
CA-2021-100141,CG-10775,OFF-ART-10538,2023-07-21,1977.79,6,437.42,0.4,7,2023,0.2212
CA-2021-100142,CG-10168,TEC-MAC-10734,2021-06-09,233.3,9,33.51,0.1,6,2021,0.1436
CA-2021-100143,CG-10577,OFF-STO-10740,2023-11-12,1619.3,8,174.8,0.0,11,2023,0.1079
CA-2021-100144,CG-10554,OFF-APP-10418,2021-01-07,443.62,2,24.05,0.0,1,2021,0.0542
CA-2021-100145,CG-10669,FUR-FUR-10541,2023-02-06,902.59,7,-137.06,0.4,2,2023,-0.1519
CA-2021-100146,CG-10544,TEC-ACC-10158,2021-01-08,55.24,5,11.27,0.5,1,2021,0.204
CA-2021-100147,CG-10103,FUR-CHA-10250,2021-03-07,1323.79,10,-73.6,0.0,3,2021,-0.0556
CA-2021-100148,CG-10239,FUR-FUR-10242,2023-06-18,1084.12,1,110.95,0.0,6,2023,0.1023
CA-2021-100149,CG-10569,FUR-TAB-10804,2023-04-27,557.56,9,97.91,0.0,4,2023,0.1756
CA-2021-100150,CG-10307,OFF-FAS-10991,2023-04-17,606.78,3,-33.63,0.5,4,2023,-0.0554
CA-2021-100151,CG-10094,TEC-ACC-10386,2023-03-07,517.44,6,182.83,0.0,3,2023,0.3533
CA-2021-100152,CG-10310,TEC-PHO-10764,2021-05-30,1611.25,10,141.2,0.1,5,2021,0.0876
CA-2021-100153,CG-10477,OFF-BIN-10368,2022-02-23,1831.1,9,485.81,0.3,2,2022,0.2653
CA-2021-100154,CG-10320,OFF-PAP-10016,2021-07-21,1962.82,8,684.24,0.3,7,2021,0.3486
CA-2021-100155,CG-10511,TEC-COP-10781,2022-08-28,400.42,4,56.81,0.4,8,2022,0.1419
CA-2021-100156,CG-10188,TEC-COP-10859,2023-08-02,1468.22,6,-170.35,0.0,8,2023,-0.116
CA-2021-100157,CG-10223,TEC-PHO-10675,2021-01-14,283.61,4,63.61,0.0,1,2021,0.2243
CA-2021-100158,CG-10017,FUR-CHA-10109,2023-12-26,828.56,1,100.62,0.2,12,2023,0.1214
CA-2021-100159,CG-10080,TEC-ACC-10713,2022-05-09,1243.36,5,-49.24,0.3,5,2022,-0.0396
CA-2021-100160,CG-10719,OFF-STO-10579,2021-03-06,816.5,7,-135.81,0.5,3,2021,-0.1663
CA-2021-100161,CG-10700,TEC-PHO-10183,2022-04-16,1803.53,10,-67.35,0.5,4,2022,-0.0373
CA-2021-100162,CG-10580,FUR-TAB-10773,2021-10-23,1643.17,7,-33.58,0.0,10,2021,-0.0204
CA-2021-100163,CG-10348,FUR-CHA-10030,2023-10-23,1948.9,1,121.32,0.0,10,2023,0.0623
CA-2021-100164,CG-10087,OFF-PAP-10084,2023-10-02,718.06,7,-63.59,0.4,10,2023,-0.0886
CA-2021-100165,CG-10455,FUR-FUR-10191,2021-11-12,785.35,6,-113.94,0.0,11,2021,-0.1451
CA-2021-100166,CG-10394,OFF-SUP-10742,2023-11-16,215.55,2,28.57,0.3,11,2023,0.1325
CA-2021-100167,CG-10171,FUR-TAB-10801,2023-02-19,286.29,5,27.45,0.2,2,2023,0.0959
CA-2021-100168,CG-10311,OFF-APP-10823,2022-05-21,1253.82,10,93.68,0.1,5,2022,0.0747
CA-2021-100169,CG-10490,OFF-ENV-10752,2023-06-01,1648.84,10,-32.55,0.0,6,2023,-0.0197
CA-2021-100170,CG-10606,TEC-COP-10975,2022-05-12,758.35,7,-99.85,0.3,5,2022,-0.1317
CA-2021-100171,CG-10648,OFF-BIN-10732,2023-06-17,589.75,2,120.18,0.4,6,2023,0.2038
CA-2021-100172,CG-10718,OFF-STO-10787,2023-07-09,963.68,7,121.6,0.4,7,2023,0.1262
CA-2021-100173,CG-10440,TEC-MAC-10522,2021-12-07,1229.23,10,467.21,0.4,12,2021,0.3801
CA-2021-100174,CG-10494,TEC-ACC-10851,2023-07-02,788.36,10,5.5,0.0,7,2023,0.007
CA-2021-100175,CG-10448,FUR-BOO-10307,2022-10-01,916.11,4,8.23,0.5,10,2022,0.009
CA-2021-100176,CG-10528,TEC-PHO-10981,2021-02-16,692.73,2,247.97,0.0,2,2021,0.358
CA-2021-100177,CG-10460,FUR-FUR-10210,2022-01-13,1284.55,7,-234.41,0.4,1,2022,-0.1825
CA-2021-100178,CG-10116,TEC-PHO-10611,2021-07-28,1745.24,3,-7.69,0.3,7,2021,-0.0044
CA-2021-100179,CG-10629,TEC-COP-10120,2021-08-22,710.45,8,204.78,0.0,8,2021,0.2882
CA-2021-100180,CG-10588,OFF-STO-10568,2022-01-10,1389.94,9,70.81,0.4,1,2022,0.0509
CA-2021-100181,CG-10496,OFF-APP-10418,2021-10-15,636.01,8,203.09,0.0,10,2021,0.3193
CA-2021-100182,CG-10299,OFF-FAS-10172,2023-06-29,342.83,10,95.15,0.0,6,2023,0.2775
CA-2021-100183,CG-10778,OFF-PAP-10104,2023-11-13,1149.7,5,143.97,0.3,11,2023,0.1252
CA-2021-100184,CG-10449,TEC-ACC-10881,2022-09-02,1998.63,8,18.28,0.2,9,2022,0.0091
CA-2021-100185,CG-10545,TEC-COP-10720,2021-12-06,287.08,4,81.32,0.1,12,2021,0.2833
CA-2021-100186,CG-10671,OFF-APP-10728,2023-11-20,1632.21,3,573.33,0.4,11,2023,0.3513
CA-2021-100187,CG-10648,FUR-FUR-10711,2023-09-30,1159.08,5,29.1,0.4,9,2023,0.0251
CA-2021-100188,CG-10064,OFF-PAP-10506,2022-11-02,14.92,2,2.7,0.5,11,2022,0.181
CA-2021-100189,CG-10047,OFF-APP-10951,2022-11-23,1160.09,10,316.68,0.5,11,2022,0.273
CA-2021-100190,CG-10095,OFF-PAP-10680,2021-01-02,412.61,3,-43.16,0.2,1,2021,-0.1046
CA-2021-100191,CG-10001,FUR-CHA-10531,2023-03-23,617.96,4,119.45,0.4,3,2023,0.1933
CA-2021-100192,CG-10072,OFF-LAB-10105,2021-01-17,693.71,2,150.13,0.4,1,2021,0.2164
CA-2021-100193,CG-10624,OFF-APP-10643,2021-10-08,1549.19,3,-246.25,0.0,10,2021,-0.159
CA-2021-100194,CG-10359,FUR-FUR-10660,2023-06-26,442.32,2,111.23,0.0,6,2023,0.2515
CA-2021-100195,CG-10765,FUR-BOO-10506,2021-02-24,1695.67,5,187.62,0.1,2,2021,0.1106
CA-2021-100196,CG-10135,FUR-TAB-10781,2023-10-21,1191.92,9,467.39,0.0,10,2023,0.3921
CA-2021-100197,CG-10518,FUR-CHA-10433,2021-05-19,531.75,1,196.33,0.0,5,2021,0.3692
CA-2021-100198,CG-10549,OFF-STO-10317,2021-11-09,176.36,2,67.83,0.1,11,2021,0.3846
CA-2021-100199,CG-10316,OFF-BIN-10122,2021-04-29,181.56,7,13.08,0.0,4,2021,0.072
CA-2021-100200,CG-10767,TEC-ACC-10826,2021-01-24,997.86,6,-99.61,0.2,1,2021,-0.0998
CA-2021-100201,CG-10056,OFF-SUP-10261,2021-05-11,1427.52,10,139.45,0.0,5,2021,0.0977
CA-2021-100202,CG-10372,FUR-CHA-10229,2022-04-13,1022.56,1,-54.47,0.0,4,2022,-0.0533
CA-2021-100203,CG-10183,FUR-FUR-10898,2022-10-18,1653.73,10,-212.27,0.3,10,2022,-0.1284
CA-2021-100204,CG-10757,OFF-APP-10791,2022-11-02,1110.65,1,-88.4,0.3,11,2022,-0.0796
CA-2021-100205,CG-10343,FUR-TAB-10106,2021-11-05,1865.47,1,233.05,0.1,11,2021,0.1249
CA-2021-100206,CG-10532,TEC-ACC-10594,2023-05-10,1922.76,3,-277.23,0.2,5,2023,-0.1442
CA-2021-100207,CG-10242,TEC-ACC-10325,2023-03-19,1187.87,1,234.56,0.4,3,2023,0.1975
CA-2021-100208,CG-10460,OFF-BIN-10987,2021-06-02,280.86,10,-29.98,0.0,6,2021,-0.1067
CA-2021-100209,CG-10721,FUR-FUR-10151,2022-09-24,537.37,2,-56.66,0.0,9,2022,-0.1054
CA-2021-100210,CG-10031,TEC-ACC-10096,2022-12-30,1031.78,5,301.34,0.2,12,2022,0.2921
CA-2021-100211,CG-10381,FUR-TAB-10939,2021-09-06,132.72,4,-10.77,0.0,9,2021,-0.0811
CA-2021-100212,CG-10125,FUR-CHA-10841,2022-02-09,892.43,3,306.15,0.0,2,2022,0.3431
CA-2021-100213,CG-10281,OFF-PAP-10662,2021-03-02,1369.59,3,-97.47,0.3,3,2021,-0.0712
CA-2021-100214,CG-10645,OFF-FAS-10491,2023-09-09,184.57,7,9.51,0.0,9,2023,0.0515
CA-2021-100215,CG-10030,OFF-ENV-10785,2023-10-26,782.88,3,-6.79,0.0,10,2023,-0.0087
CA-2021-100216,CG-10589,FUR-TAB-10606,2021-07-25,1317.16,5,340.39,0.0,7,2021,0.2584
CA-2021-100217,CG-10504,TEC-MAC-10092,2021-02-27,1404.12,10,193.58,0.0,2,2021,0.1379
CA-2021-100218,CG-10734,FUR-TAB-10600,2021-02-10,961.2,6,272.85,0.1,2,2021,0.2839
CA-2021-100219,CG-10600,FUR-CHA-10999,2023-12-14,736.13,2,163.95,0.3,12,2023,0.2227
CA-2021-100220,CG-10387,TEC-COP-10181,2023-09-25,641.39,9,-42.37,0.3,9,2023,-0.0661
CA-2021-100221,CG-10508,FUR-FUR-10355,2021-03-08,1208.75,10,222.15,0.1,3,2021,0.1838
CA-2021-100222,CG-10262,FUR-CHA-10448,2022-11-19,32.68,4,7.06,0.1,11,2022,0.216
CA-2021-100223,CG-10591,OFF-ART-10075,2023-04-28,1764.72,6,-245.55,0.4,4,2023,-0.1391
CA-2021-100224,CG-10164,OFF-LAB-10608,2022-10-15,1903.81,2,-186.45,0.3,10,2022,-0.0979
CA-2021-100225,CG-10210,OFF-LAB-10676,2023-06-03,338.34,7,-56.8,0.0,6,2023,-0.1679
CA-2021-100226,CG-10003,OFF-BIN-10204,2021-07-16,791.88,9,-85.4,0.5,7,2021,-0.1078
CA-2021-100227,CG-10407,FUR-TAB-10657,2021-12-16,590.7,2,180.91,0.5,12,2021,0.3063
CA-2021-100228,CG-10269,OFF-ART-10770,2023-01-30,745.11,8,-31.31,0.0,1,2023,-0.042
CA-2021-100229,CG-10566,TEC-PHO-10586,2021-06-25,694.14,9,265.46,0.4,6,2021,0.3824
CA-2021-100230,CG-10177,OFF-APP-10433,2021-06-11,1806.53,1,-230.93,0.0,6,2021,-0.1278
CA-2021-100231,CG-10089,TEC-COP-10877,2022-02-18,1258.18,10,-10.25,0.2,2,2022,-0.0081
CA-2021-100232,CG-10151,TEC-COP-10576,2021-01-26,1403.82,10,-185.99,0.4,1,2021,-0.1325
CA-2021-100233,CG-10412,FUR-BOO-10039,2022-12-06,535.63,8,-95.09,0.5,12,2022,-0.1775
CA-2021-100234,CG-10318,OFF-BIN-10995,2021-04-11,955.68,5,-179.53,0.3,4,2021,-0.1879
CA-2021-100235,CG-10192,FUR-BOO-10777,2023-06-27,1653.39,5,269.48,0.4,6,2023,0.163
CA-2021-100236,CG-10177,OFF-LAB-10467,2023-11-22,326.36,5,-38.71,0.4,11,2023,-0.1186
CA-2021-100237,CG-10697,OFF-BIN-10181,2022-07-16,1648.78,9,298.83,0.4,7,2022,0.1812
CA-2021-100238,CG-10050,TEC-MAC-10693,2022-12-07,1676.93,5,-48.56,0.0,12,2022,-0.029
CA-2021-100239,CG-10615,OFF-FAS-10729,2023-11-18,1730.61,1,600.36,0.5,11,2023,0.3469
CA-2021-100240,CG-10693,TEC-MAC-10007,2023-05-18,1704.66,8,-117.75,0.2,5,2023,-0.0691
CA-2021-100241,CG-10655,TEC-MAC-10192,2022-08-02,1371.98,8,2.43,0.0,8,2022,0.0018
CA-2021-100242,CG-10738,TEC-ACC-10928,2021-04-27,1716.06,10,336.89,0.4,4,2021,0.1963
CA-2021-100243,CG-10702,OFF-FAS-10519,2021-03-14,1419.06,10,8.37,0.1,3,2021,0.0059
CA-2021-100244,CG-10670,FUR-TAB-10430,2022-08-25,946.85,5,348.59,0.0,8,2022,0.3682
CA-2021-100245,CG-10483,OFF-APP-10542,2022-08-26,1703.92,8,544.97,0.0,8,2022,0.3198
CA-2021-100246,CG-10146,OFF-LAB-10340,2021-11-05,1984.77,6,778.65,0.4,11,2021,0.3923
CA-2021-100247,CG-10501,FUR-BOO-10648,2021-04-29,909.59,4,132.59,0.0,4,2021,0.1458
CA-2021-100248,CG-10329,OFF-FAS-10641,2023-09-05,19.29,9,4.6,0.1,9,2023,0.2385
CA-2021-100249,CG-10305,FUR-TAB-10444,2022-12-07,266.57,7,-26.6,0.2,12,2022,-0.0998
CA-2021-100250,CG-10744,FUR-BOO-10126,2023-10-01,1502.73,3,-283.3,0.4,10,2023,-0.1885
CA-2021-100251,CG-10677,TEC-PHO-10426,2023-02-08,519.02,9,81.15,0.0,2,2023,0.1564
CA-2021-100252,CG-10678,OFF-STO-10428,2022-06-02,1406.72,4,-27.19,0.0,6,2022,-0.0193
CA-2021-100253,CG-10535,TEC-PHO-10164,2022-08-02,1571.67,8,259.96,0.1,8,2022,0.1654
CA-2021-100254,CG-10113,TEC-COP-10798,2022-03-02,1866.92,6,-370.32,0.1,3,2022,-0.1984
CA-2021-100255,CG-10178,FUR-CHA-10436,2022-06-09,470.01,5,36.93,0.2,6,2022,0.0786
CA-2021-100256,CG-10636,FUR-CHA-10187,2021-04-04,1705.48,3,24.76,0.3,4,2021,0.0145
CA-2021-100257,CG-10115,OFF-FAS-10106,2023-07-24,1673.06,8,316.72,0.4,7,2023,0.1893
CA-2021-100258,CG-10494,TEC-COP-10064,2023-06-17,1226.53,6,389.48,0.0,6,2023,0.3175
CA-2021-100259,CG-10531,TEC-MAC-10443,2021-01-26,1737.98,9,672.14,0.1,1,2021,0.3867
CA-2021-100260,CG-10011,TEC-ACC-10890,2023-09-14,1330.78,7,403.79,0.0,9,2023,0.3034
CA-2021-100261,CG-10412,FUR-FUR-10090,2022-10-19,668.48,5,69.63,0.0,10,2022,0.1042
CA-2021-100262,CG-10570,OFF-ENV-10911,2021-09-01,1493.03,1,62.8,0.0,9,2021,0.0421
CA-2021-100263,CG-10573,TEC-ACC-10733,2023-07-24,733.05,1,224.75,0.1,7,2023,0.3066
CA-2021-100264,CG-10168,FUR-CHA-10109,2022-03-31,689.3,5,152.51,0.3,3,2022,0.2213
CA-2021-100265,CG-10733,TEC-ACC-10790,2022-01-20,1861.13,7,138.15,0.1,1,2022,0.0742
CA-2021-100266,CG-10520,OFF-SUP-10106,2021-10-03,18.63,1,5.65,0.4,10,2021,0.3033
CA-2021-100267,CG-10301,TEC-MAC-10863,2023-10-30,843.14,10,-30.22,0.1,10,2023,-0.0358
CA-2021-100268,CG-10727,TEC-MAC-10727,2022-03-22,427.33,5,150.73,0.3,3,2022,0.3527
CA-2021-100269,CG-10013,OFF-SUP-10054,2023-09-11,1145.57,7,374.01,0.2,9,2023,0.3265
CA-2021-100270,CG-10707,FUR-TAB-10833,2022-07-01,1573.21,5,-176.42,0.2,7,2022,-0.1121
CA-2021-100271,CG-10426,FUR-TAB-10761,2023-03-08,1026.74,5,365.41,0.0,3,2023,0.3559
CA-2021-100272,CG-10301,FUR-FUR-10985,2022-04-07,1412.21,6,375.21,0.1,4,2022,0.2657
CA-2021-100273,CG-10005,TEC-PHO-10157,2023-02-12,862.73,9,-105.22,0.2,2,2023,-0.122
CA-2021-100274,CG-10538,TEC-PHO-10425,2022-09-09,1581.92,9,-247.21,0.3,9,2022,-0.1563
CA-2021-100275,CG-10223,TEC-COP-10117,2021-07-08,450.18,4,-0.61,0.3,7,2021,-0.0014
CA-2021-100276,CG-10390,OFF-PAP-10025,2022-05-08,1231.27,10,462.14,0.1,5,2022,0.3753
CA-2021-100277,CG-10098,OFF-SUP-10215,2023-11-08,978.74,5,-7.65,0.1,11,2023,-0.0078
CA-2021-100278,CG-10764,TEC-ACC-10038,2023-05-19,216.81,9,40.75,0.4,5,2023,0.188
CA-2021-100279,CG-10397,FUR-CHA-10017,2021-12-31,511.3,2,177.21,0.1,12,2021,0.3466
CA-2021-100280,CG-10717,TEC-PHO-10805,2024-01-01,1286.43,10,326.21,0.0,1,2024,0.2536
CA-2021-100281,CG-10485,OFF-STO-10815,2022-07-31,1854.11,7,543.76,0.4,7,2022,0.2933
CA-2021-100282,CG-10126,OFF-ART-10550,2022-09-03,1775.09,6,234.52,0.0,9,2022,0.1321
CA-2021-100283,CG-10164,FUR-BOO-10117,2022-03-07,1485.45,6,70.7,0.1,3,2022,0.0476
CA-2021-100284,CG-10743,TEC-PHO-10687,2023-08-03,1103.83,5,-54.74,0.0,8,2023,-0.0496
CA-2021-100285,CG-10631,FUR-CHA-10579,2022-08-07,148.92,4,13.63,0.3,8,2022,0.0915
CA-2021-100286,CG-10283,OFF-ENV-10898,2023-05-28,19.62,4,4.46,0.1,5,2023,0.2273
CA-2021-100287,CG-10287,OFF-PAP-10744,2023-01-05,617.89,9,-58.41,0.0,1,2023,-0.0945
CA-2021-100288,CG-10669,FUR-CHA-10137,2023-04-10,1184.17,1,149.3,0.2,4,2023,0.1261
CA-2021-100289,CG-10456,TEC-PHO-10753,2023-03-24,1009.31,4,256.69,0.0,3,2023,0.2543
CA-2021-100290,CG-10043,OFF-ENV-10480,2021-03-24,1525.33,4,-63.13,0.0,3,2021,-0.0414
CA-2021-100291,CG-10592,FUR-CHA-10374,2022-10-26,1410.44,9,424.43,0.2,10,2022,0.3009
CA-2021-100292,CG-10498,TEC-PHO-10450,2023-11-25,758.89,4,8.91,0.4,11,2023,0.0117
CA-2021-100293,CG-10676,FUR-CHA-10493,2023-11-20,568.81,3,-60.06,0.0,11,2023,-0.1056
CA-2021-100294,CG-10587,OFF-PAP-10912,2022-03-08,330.88,7,-17.8,0.0,3,2022,-0.0538
CA-2021-100295,CG-10736,FUR-CHA-10459,2021-12-07,1845.67,9,294.6,0.4,12,2021,0.1596
CA-2021-100296,CG-10638,OFF-PAP-10944,2021-12-16,1662.42,10,460.11,0.0,12,2021,0.2768
CA-2021-100297,CG-10153,TEC-PHO-10898,2022-04-16,777.07,2,-61.07,0.0,4,2022,-0.0786
CA-2021-100298,CG-10534,TEC-PHO-10234,2021-07-10,1322.19,10,447.14,0.0,7,2021,0.3382
CA-2021-100299,CG-10290,OFF-ENV-10005,2021-07-20,276.43,8,95.66,0.1,7,2021,0.3461
CA-2021-100300,CG-10418,TEC-PHO-10267,2023-12-07,1044.33,7,222.09,0.1,12,2023,0.2127
CA-2021-100301,CG-10183,OFF-ENV-10314,2022-07-19,800.93,4,105.13,0.4,7,2022,0.1313
CA-2021-100302,CG-10102,OFF-FAS-10164,2021-10-10,1729.02,2,117.5,0.1,10,2021,0.068
CA-2021-100303,CG-10227,TEC-PHO-10953,2021-07-06,299.2,10,-44.02,0.4,7,2021,-0.1471
CA-2021-100304,CG-10199,TEC-MAC-10629,2021-04-28,1642.26,8,-317.9,0.5,4,2021,-0.1936
CA-2021-100305,CG-10361,TEC-PHO-10530,2023-01-07,1313.49,3,522.89,0.0,1,2023,0.3981
CA-2021-100306,CG-10231,TEC-PHO-10267,2021-07-04,576.14,9,4.89,0.3,7,2021,0.0085
CA-2021-100307,CG-10550,OFF-SUP-10576,2021-08-07,154.05,5,56.72,0.3,8,2021,0.3682
CA-2021-100308,CG-10069,FUR-BOO-10819,2023-07-29,926.83,10,82.66,0.0,7,2023,0.0892
CA-2021-100309,CG-10689,OFF-ENV-10487,2023-11-24,29.35,5,-0.81,0.1,11,2023,-0.0276
CA-2021-100310,CG-10753,OFF-BIN-10854,2022-07-06,1894.77,4,459.04,0.5,7,2022,0.2423
CA-2021-100311,CG-10493,TEC-MAC-10502,2021-11-16,222.31,2,37.41,0.5,11,2021,0.1683
CA-2021-100312,CG-10489,TEC-MAC-10881,2023-03-26,1502.84,3,173.49,0.0,3,2023,0.1154
CA-2021-100313,CG-10388,FUR-FUR-10191,2021-09-04,1041.23,6,-200.86,0.0,9,2021,-0.1929
CA-2021-100314,CG-10215,OFF-BIN-10286,2022-07-06,1917.47,6,-171.9,0.3,7,2022,-0.0896
CA-2021-100315,CG-10200,FUR-TAB-10180,2022-04-14,208.74,5,27.81,0.1,4,2022,0.1332
CA-2021-100316,CG-10407,OFF-ART-10833,2023-11-25,1443.92,8,-71.35,0.2,11,2023,-0.0494
CA-2021-100317,CG-10352,OFF-STO-10590,2023-07-11,675.97,6,92.07,0.3,7,2023,0.1362
CA-2021-100318,CG-10080,TEC-ACC-10889,2022-08-06,656.93,9,173.99,0.5,8,2022,0.2649
CA-2021-100319,CG-10233,TEC-MAC-10619,2023-05-14,1228.5,7,-187.39,0.0,5,2023,-0.1525
CA-2021-100320,CG-10023,OFF-APP-10963,2023-07-01,1726.98,6,83.57,0.5,7,2023,0.0484
CA-2021-100321,CG-10561,TEC-PHO-10106,2022-03-08,800.12,2,289.7,0.0,3,2022,0.3621
CA-2021-100322,CG-10453,TEC-ACC-10029,2021-06-22,1863.86,7,-116.28,0.2,6,2021,-0.0624
CA-2021-100323,CG-10714,TEC-MAC-10646,2022-10-29,957.55,9,123.65,0.2,10,2022,0.1291
CA-2021-100324,CG-10091,TEC-COP-10159,2023-12-09,1282.66,5,114.15,0.3,12,2023,0.089
CA-2021-100325,CG-10704,FUR-CHA-10817,2023-12-08,1519.0,3,-42.44,0.3,12,2023,-0.0279
CA-2021-100326,CG-10732,TEC-ACC-10269,2021-01-15,753.55,7,27.77,0.4,1,2021,0.0369
CA-2021-100327,CG-10422,OFF-BIN-10113,2023-11-25,1601.92,10,-46.77,0.2,11,2023,-0.0292
CA-2021-100328,CG-10547,OFF-PAP-10128,2022-07-12,1249.28,4,-235.32,0.3,7,2022,-0.1884
CA-2021-100329,CG-10510,OFF-LAB-10082,2022-04-22,309.86,8,1.6,0.1,4,2022,0.0052
CA-2021-100330,CG-10390,FUR-CHA-10789,2022-06-30,790.92,9,-72.0,0.5,6,2022,-0.091
CA-2021-100331,CG-10330,FUR-CHA-10259,2022-02-12,1473.29,2,123.31,0.1,2,2022,0.0837
CA-2021-100332,CG-10332,TEC-MAC-10405,2022-02-11,1776.16,4,-103.76,0.0,2,2022,-0.0584
CA-2021-100333,CG-10093,FUR-CHA-10061,2023-09-01,1196.46,6,-60.74,0.0,9,2023,-0.0508
CA-2021-100334,CG-10750,TEC-ACC-10741,2021-08-08,980.81,6,277.88,0.3,8,2021,0.2833
CA-2021-100335,CG-10556,OFF-LAB-10888,2023-09-21,880.63,5,-75.85,0.5,9,2023,-0.0861
CA-2021-100336,CG-10000,TEC-ACC-10904,2021-05-22,318.5,5,39.8,0.2,5,2021,0.125
CA-2021-100337,CG-10784,TEC-MAC-10419,2022-05-05,1444.8,9,-124.37,0.4,5,2022,-0.0861
CA-2021-100338,CG-10206,OFF-STO-10584,2021-07-17,1321.19,1,-122.63,0.0,7,2021,-0.0928
CA-2021-100339,CG-10013,OFF-PAP-10820,2023-12-13,1405.61,5,27.85,0.0,12,2023,0.0198
CA-2021-100340,CG-10311,FUR-BOO-10742,2023-05-02,744.45,1,87.41,0.2,5,2023,0.1174
CA-2021-100341,CG-10764,TEC-COP-10719,2022-01-24,1057.12,4,142.77,0.0,1,2022,0.1351
CA-2021-100342,CG-10360,OFF-STO-10782,2021-12-08,368.99,7,71.78,0.3,12,2021,0.1945
CA-2021-100343,CG-10458,OFF-ENV-10610,2022-05-08,1095.8,7,17.54,0.2,5,2022,0.016
CA-2021-100344,CG-10790,TEC-ACC-10096,2022-09-11,607.66,4,190.46,0.1,9,2022,0.3134
CA-2021-100345,CG-10094,OFF-ENV-10740,2021-11-16,537.33,10,-32.35,0.1,11,2021,-0.0602
CA-2021-100346,CG-10038,OFF-ART-10943,2023-09-27,1799.06,10,282.7,0.0,9,2023,0.1571
CA-2021-100347,CG-10649,OFF-ENV-10326,2023-06-09,1861.19,2,462.71,0.1,6,2023,0.2486
CA-2021-100348,CG-10456,TEC-ACC-10227,2022-11-01,1398.56,3,285.56,0.0,11,2022,0.2042
CA-2021-100349,CG-10087,OFF-FAS-10780,2021-10-31,678.97,8,87.51,0.0,10,2021,0.1289
CA-2021-100350,CG-10248,OFF-SUP-10115,2022-02-10,796.68,10,108.91,0.1,2,2022,0.1367
CA-2021-100351,CG-10358,OFF-FAS-10045,2023-01-19,389.07,6,101.86,0.0,1,2023,0.2618
CA-2021-100352,CG-10635,FUR-BOO-10312,2021-11-16,1459.69,2,355.8,0.0,11,2021,0.2438
CA-2021-100353,CG-10561,OFF-LAB-10385,2022-11-11,1482.63,4,189.56,0.1,11,2022,0.1279
CA-2021-100354,CG-10068,TEC-PHO-10885,2022-06-08,129.62,4,-21.8,0.2,6,2022,-0.1682
CA-2021-100355,CG-10611,FUR-BOO-10574,2023-03-03,1959.79,9,670.88,0.0,3,2023,0.3423
CA-2021-100356,CG-10355,FUR-CHA-10241,2022-05-22,616.81,8,152.13,0.4,5,2022,0.2466
CA-2021-100357,CG-10402,OFF-LAB-10533,2022-06-12,1781.9,1,-115.2,0.2,6,2022,-0.0647
CA-2021-100358,CG-10459,TEC-ACC-10594,2023-05-05,1150.07,7,397.74,0.2,5,2023,0.3458
CA-2021-100359,CG-10671,TEC-ACC-10188,2021-10-10,1380.18,9,80.1,0.0,10,2021,0.058
CA-2021-100360,CG-10155,FUR-CHA-10780,2022-10-15,1922.78,5,475.63,0.5,10,2022,0.2474
CA-2021-100361,CG-10137,TEC-MAC-10188,2022-04-18,472.04,1,-71.9,0.3,4,2022,-0.1523
CA-2021-100362,CG-10276,OFF-PAP-10775,2021-10-09,394.59,1,102.09,0.4,10,2021,0.2587
CA-2021-100363,CG-10414,FUR-TAB-10403,2023-06-19,1237.95,6,411.68,0.5,6,2023,0.3325
CA-2021-100364,CG-10752,TEC-PHO-10194,2023-12-03,908.7,1,101.07,0.1,12,2023,0.1112
CA-2021-100365,CG-10706,OFF-FAS-10092,2022-09-16,1656.97,8,88.61,0.0,9,2022,0.0535
CA-2021-100366,CG-10461,TEC-PHO-10903,2022-01-04,1175.04,9,42.11,0.0,1,2022,0.0358
CA-2021-100367,CG-10649,FUR-BOO-10744,2022-10-26,1300.67,3,-188.97,0.0,10,2022,-0.1453
CA-2021-100368,CG-10166,TEC-ACC-10315,2023-02-15,767.41,3,106.9,0.3,2,2023,0.1393
CA-2021-100369,CG-10012,TEC-COP-10622,2022-08-15,369.59,3,-73.13,0.1,8,2022,-0.1979
CA-2021-100370,CG-10634,FUR-TAB-10151,2023-09-02,826.2,2,-43.93,0.0,9,2023,-0.0532
CA-2021-100371,CG-10050,TEC-MAC-10625,2021-03-17,1709.12,10,-2.28,0.2,3,2021,-0.0013
CA-2021-100372,CG-10377,TEC-ACC-10299,2023-07-22,1162.14,1,303.44,0.0,7,2023,0.2611
CA-2021-100373,CG-10111,FUR-CHA-10495,2022-07-17,1058.83,9,230.29,0.1,7,2022,0.2175
CA-2021-100374,CG-10532,TEC-MAC-10904,2023-05-25,1697.12,5,604.62,0.3,5,2023,0.3563
CA-2021-100375,CG-10630,FUR-BOO-10573,2022-02-01,245.23,8,59.46,0.0,2,2022,0.2425
CA-2021-100376,CG-10785,FUR-CHA-10405,2022-02-17,570.44,2,-11.31,0.2,2,2022,-0.0198
CA-2021-100377,CG-10661,TEC-PHO-10913,2021-12-26,667.72,6,233.5,0.5,12,2021,0.3497
CA-2021-100378,CG-10568,OFF-PAP-10818,2023-04-28,121.48,9,16.88,0.2,4,2023,0.139
CA-2021-100379,CG-10191,FUR-TAB-10726,2022-07-29,72.03,7,10.27,0.0,7,2022,0.1426
CA-2021-100380,CG-10221,OFF-FAS-10803,2021-06-27,1755.33,6,522.52,0.5,6,2021,0.2977
CA-2021-100381,CG-10750,FUR-CHA-10841,2023-06-28,59.62,8,-5.12,0.0,6,2023,-0.0859
CA-2021-100382,CG-10703,TEC-ACC-10105,2022-02-25,82.74,7,-16.34,0.0,2,2022,-0.1975
CA-2021-100383,CG-10283,TEC-MAC-10279,2021-02-16,1519.4,4,-121.05,0.3,2,2021,-0.0797
CA-2021-100384,CG-10562,FUR-BOO-10587,2021-08-23,1917.01,9,-145.8,0.0,8,2021,-0.0761
CA-2021-100385,CG-10482,FUR-CHA-10088,2022-09-30,1785.56,9,-302.77,0.5,9,2022,-0.1696
CA-2021-100386,CG-10773,OFF-ART-10832,2023-07-03,717.69,6,163.45,0.1,7,2023,0.2277
CA-2021-100387,CG-10147,OFF-STO-10716,2023-07-23,1372.11,8,-83.68,0.5,7,2023,-0.061
CA-2021-100388,CG-10174,OFF-ENV-10520,2023-07-18,70.23,8,0.76,0.0,7,2023,0.0108
CA-2021-100389,CG-10244,OFF-STO-10393,2022-10-30,1302.41,5,52.73,0.5,10,2022,0.0405
CA-2021-100390,CG-10177,OFF-BIN-10117,2023-06-02,1960.61,10,248.44,0.3,6,2023,0.1267
CA-2021-100391,CG-10071,TEC-COP-10335,2022-10-29,204.33,8,-3.1,0.0,10,2022,-0.0152
CA-2021-100392,CG-10463,TEC-PHO-10200,2021-07-05,1635.9,10,415.92,0.0,7,2021,0.2542
CA-2021-100393,CG-10091,TEC-MAC-10867,2022-09-06,1590.75,5,366.95,0.4,9,2022,0.2307
CA-2021-100394,CG-10031,OFF-LAB-10640,2023-01-27,1936.12,1,-259.79,0.3,1,2023,-0.1342
CA-2021-100395,CG-10568,TEC-COP-10893,2023-04-12,876.03,4,74.39,0.0,4,2023,0.0849
CA-2021-100396,CG-10086,FUR-TAB-10638,2021-01-24,1300.29,3,253.24,0.5,1,2021,0.1948
CA-2021-100397,CG-10619,OFF-SUP-10729,2023-05-19,1641.94,7,-106.0,0.3,5,2023,-0.0646
CA-2021-100398,CG-10594,OFF-FAS-10476,2023-01-22,1956.68,10,436.2,0.5,1,2023,0.2229
CA-2021-100399,CG-10547,FUR-CHA-10587,2022-05-18,1265.02,2,212.3,0.2,5,2022,0.1678
CA-2021-100400,CG-10744,OFF-FAS-10592,2022-12-24,596.29,3,129.41,0.0,12,2022,0.217
CA-2021-100401,CG-10517,TEC-PHO-10281,2022-08-21,1477.39,1,134.23,0.2,8,2022,0.0909
CA-2021-100402,CG-10717,FUR-CHA-10351,2021-12-24,1480.54,8,421.52,0.3,12,2021,0.2847
CA-2021-100403,CG-10215,FUR-TAB-10773,2023-10-13,1987.24,7,390.29,0.1,10,2023,0.1964
CA-2021-100404,CG-10485,FUR-TAB-10295,2023-08-09,957.7,8,26.7,0.1,8,2023,0.0279
CA-2021-100405,CG-10625,OFF-ENV-10821,2023-12-22,1912.18,2,714.6,0.3,12,2023,0.3737
CA-2021-100406,CG-10320,OFF-FAS-10012,2023-08-03,1353.83,4,151.59,0.1,8,2023,0.112
CA-2021-100407,CG-10634,FUR-CHA-10973,2023-07-03,446.64,5,-37.59,0.2,7,2023,-0.0842
CA-2021-100408,CG-10113,TEC-PHO-10676,2021-09-03,1714.32,3,332.3,0.4,9,2021,0.1938
CA-2021-100409,CG-10283,TEC-COP-10264,2022-07-21,859.7,6,-88.39,0.2,7,2022,-0.1028
CA-2021-100410,CG-10111,FUR-FUR-10934,2021-05-23,1959.05,4,-182.06,0.4,5,2021,-0.0929
CA-2021-100411,CG-10509,TEC-MAC-10680,2021-07-31,155.11,10,41.31,0.2,7,2021,0.2663
CA-2021-100412,CG-10745,OFF-ART-10977,2022-11-07,1153.53,9,100.22,0.5,11,2022,0.0869
CA-2021-100413,CG-10374,OFF-STO-10663,2023-01-06,1366.85,7,245.16,0.0,1,2023,0.1794
CA-2021-100414,CG-10498,FUR-CHA-10143,2023-02-26,390.1,7,69.58,0.0,2,2023,0.1784
CA-2021-100415,CG-10016,FUR-CHA-10415,2022-05-04,783.65,9,78.22,0.2,5,2022,0.0998
CA-2021-100416,CG-10669,FUR-FUR-10718,2021-11-02,1162.9,2,280.58,0.0,11,2021,0.2413
CA-2021-100417,CG-10605,FUR-CHA-10064,2021-12-19,109.42,5,8.07,0.0,12,2021,0.0738
CA-2021-100418,CG-10782,OFF-ENV-10123,2023-04-04,250.4,10,-1.76,0.0,4,2023,-0.007
CA-2021-100419,CG-10136,FUR-FUR-10016,2021-12-11,746.16,3,-40.15,0.5,12,2021,-0.0538
CA-2021-100420,CG-10708,FUR-CHA-10535,2021-01-15,1853.01,10,92.16,0.2,1,2021,0.0497
CA-2021-100421,CG-10642,OFF-BIN-10196,2021-12-24,1386.43,10,319.32,0.0,12,2021,0.2303
CA-2021-100422,CG-10283,TEC-PHO-10509,2023-01-12,1524.65,9,119.73,0.1,1,2023,0.0785
CA-2021-100423,CG-10044,FUR-CHA-10161,2021-04-21,734.74,4,-36.13,0.4,4,2021,-0.0492
CA-2021-100424,CG-10235,OFF-SUP-10755,2021-08-26,1791.21,8,92.14,0.3,8,2021,0.0514
CA-2021-100425,CG-10221,FUR-FUR-10139,2022-03-28,947.27,8,316.67,0.0,3,2022,0.3343
CA-2021-100426,CG-10287,TEC-ACC-10175,2023-01-05,412.4,3,88.8,0.0,1,2023,0.2153
CA-2021-100427,CG-10088,OFF-BIN-10857,2022-08-28,322.01,10,47.29,0.0,8,2022,0.1469
CA-2021-100428,CG-10605,OFF-LAB-10041,2023-05-27,1746.47,4,105.75,0.3,5,2023,0.0606
CA-2021-100429,CG-10571,TEC-PHO-10972,2023-05-22,794.7,2,77.22,0.5,5,2023,0.0972
CA-2021-100430,CG-10165,FUR-BOO-10999,2022-08-29,1298.8,2,114.13,0.0,8,2022,0.0879
CA-2021-100431,CG-10642,OFF-ART-10303,2023-04-11,1581.82,6,351.7,0.5,4,2023,0.2223
CA-2021-100432,CG-10527,OFF-SUP-10374,2022-03-01,1372.48,10,331.39,0.3,3,2022,0.2415
CA-2021-100433,CG-10141,TEC-PHO-10755,2023-01-19,358.78,9,48.96,0.0,1,2023,0.1365
CA-2021-100434,CG-10381,TEC-ACC-10481,2022-04-07,711.9,5,-24.0,0.4,4,2022,-0.0337
CA-2021-100435,CG-10089,TEC-MAC-10111,2023-07-15,742.61,2,248.88,0.1,7,2023,0.3351
CA-2021-100436,CG-10485,OFF-STO-10298,2021-10-31,309.49,4,-7.46,0.0,10,2021,-0.0241
CA-2021-100437,CG-10497,FUR-CHA-10468,2022-04-21,1895.42,6,279.05,0.4,4,2022,0.1472
CA-2021-100438,CG-10788,TEC-ACC-10979,2022-09-20,1580.64,4,36.58,0.5,9,2022,0.0231
CA-2021-100439,CG-10324,TEC-ACC-10188,2022-08-08,1946.68,3,-111.46,0.0,8,2022,-0.0573
CA-2021-100440,CG-10025,TEC-PHO-10159,2022-10-12,304.41,8,36.59,0.0,10,2022,0.1202
CA-2021-100441,CG-10346,TEC-MAC-10142,2022-08-29,1793.0,10,501.58,0.0,8,2022,0.2797
CA-2021-100442,CG-10056,TEC-PHO-10800,2022-09-23,809.24,4,11.68,0.5,9,2022,0.0144
CA-2021-100443,CG-10199,OFF-BIN-10930,2021-02-16,1081.44,8,416.9,0.0,2,2021,0.3855
CA-2021-100444,CG-10353,OFF-FAS-10220,2021-10-30,1709.07,6,40.5,0.4,10,2021,0.0237
CA-2021-100445,CG-10147,OFF-FAS-10067,2023-06-26,335.94,7,-39.06,0.4,6,2023,-0.1163
CA-2021-100446,CG-10727,OFF-STO-10296,2021-01-14,1281.22,5,-121.8,0.4,1,2021,-0.0951
CA-2021-100447,CG-10157,OFF-LAB-10127,2022-09-11,1174.56,8,-76.68,0.5,9,2022,-0.0653
CA-2021-100448,CG-10504,TEC-MAC-10579,2023-05-05,988.85,4,-126.96,0.0,5,2023,-0.1284
CA-2021-100449,CG-10595,OFF-PAP-10365,2021-09-02,1029.93,10,316.36,0.0,9,2021,0.3072
CA-2021-100450,CG-10526,FUR-BOO-10556,2023-01-10,1276.13,6,-33.29,0.0,1,2023,-0.0261
CA-2021-100451,CG-10147,OFF-APP-10797,2022-07-10,1398.96,6,168.79,0.0,7,2022,0.1207
CA-2021-100452,CG-10427,OFF-ENV-10491,2021-11-30,443.57,9,132.6,0.1,11,2021,0.2989
CA-2021-100453,CG-10029,OFF-ENV-10704,2021-10-12,889.46,10,-85.99,0.3,10,2021,-0.0967
CA-2021-100454,CG-10775,OFF-ART-10812,2022-03-06,1962.41,7,-300.95,0.0,3,2022,-0.1534
CA-2021-100455,CG-10772,TEC-PHO-10189,2023-08-19,1817.97,1,-34.56,0.0,8,2023,-0.019
CA-2021-100456,CG-10517,OFF-LAB-10541,2021-07-05,1693.26,5,19.17,0.3,7,2021,0.0113
CA-2021-100457,CG-10219,TEC-ACC-10450,2022-08-01,1804.3,9,693.12,0.0,8,2022,0.3841
CA-2021-100458,CG-10126,FUR-TAB-10780,2022-12-28,853.94,9,38.04,0.1,12,2022,0.0445
CA-2021-100459,CG-10703,TEC-MAC-10875,2021-03-25,662.95,2,-19.78,0.4,3,2021,-0.0298
CA-2021-100460,CG-10448,FUR-CHA-10146,2023-09-02,741.21,1,150.66,0.5,9,2023,0.2033
CA-2021-100461,CG-10125,OFF-STO-10783,2021-12-12,733.78,4,-58.59,0.3,12,2021,-0.0798
CA-2021-100462,CG-10150,TEC-MAC-10501,2023-03-31,956.89,10,375.59,0.4,3,2023,0.3925
CA-2021-100463,CG-10391,FUR-TAB-10636,2021-03-02,1478.22,2,305.79,0.5,3,2021,0.2069
CA-2021-100464,CG-10502,FUR-CHA-10975,2023-12-01,989.45,8,-23.61,0.1,12,2023,-0.0239
CA-2021-100465,CG-10181,FUR-FUR-10503,2021-09-01,905.73,7,68.65,0.5,9,2021,0.0758
CA-2021-100466,CG-10487,FUR-BOO-10269,2023-03-08,1530.38,10,300.03,0.5,3,2023,0.196
CA-2021-100467,CG-10131,TEC-COP-10783,2022-12-24,1955.79,6,-358.13,0.0,12,2022,-0.1831
CA-2021-100468,CG-10253,OFF-FAS-10932,2021-07-19,696.83,6,7.5,0.4,7,2021,0.0108
CA-2021-100469,CG-10581,FUR-BOO-10602,2021-08-23,347.86,9,-61.77,0.3,8,2021,-0.1776
CA-2021-100470,CG-10344,OFF-FAS-10629,2023-03-11,1149.35,8,246.56,0.0,3,2023,0.2145
CA-2021-100471,CG-10304,OFF-FAS-10734,2022-02-18,1274.53,2,-35.16,0.1,2,2022,-0.0276
CA-2021-100472,CG-10078,FUR-BOO-10679,2022-07-14,1137.19,9,63.98,0.5,7,2022,0.0563
CA-2021-100473,CG-10019,OFF-BIN-10218,2023-04-29,510.02,9,103.5,0.5,4,2023,0.2029
CA-2021-100474,CG-10534,TEC-COP-10154,2022-07-03,1070.11,10,386.08,0.4,7,2022,0.3608
CA-2021-100475,CG-10293,TEC-MAC-10415,2023-06-11,644.12,2,198.12,0.1,6,2023,0.3076
CA-2021-100476,CG-10432,FUR-TAB-10139,2022-01-29,498.72,5,45.5,0.5,1,2022,0.0912
CA-2021-100477,CG-10321,OFF-APP-10687,2021-12-27,1706.52,8,-284.65,0.0,12,2021,-0.1668
CA-2021-100478,CG-10508,FUR-FUR-10337,2021-10-15,232.75,9,26.34,0.0,10,2021,0.1132
CA-2021-100479,CG-10450,TEC-COP-10546,2022-04-29,443.84,2,-31.75,0.0,4,2022,-0.0715
CA-2021-100480,CG-10371,TEC-PHO-10660,2022-10-11,853.32,4,279.6,0.2,10,2022,0.3277
CA-2021-100481,CG-10547,FUR-CHA-10949,2022-05-06,1109.93,5,379.48,0.3,5,2022,0.3419
CA-2021-100482,CG-10034,OFF-STO-10948,2022-04-28,428.67,3,76.65,0.5,4,2022,0.1788
CA-2021-100483,CG-10464,TEC-COP-10645,2021-07-25,329.08,5,3.66,0.0,7,2021,0.0111
CA-2021-100484,CG-10161,TEC-ACC-10867,2021-01-07,408.15,5,59.38,0.3,1,2021,0.1455
CA-2021-100485,CG-10288,TEC-COP-10402,2022-10-17,961.95,3,-92.26,0.2,10,2022,-0.0959
CA-2021-100486,CG-10203,TEC-ACC-10632,2021-02-12,1846.99,10,635.56,0.1,2,2021,0.3441
CA-2021-100487,CG-10791,TEC-MAC-10730,2021-11-02,1916.49,3,-367.07,0.0,11,2021,-0.1915
CA-2021-100488,CG-10289,FUR-BOO-10418,2022-08-13,993.39,3,311.73,0.4,8,2022,0.3138
CA-2021-100489,CG-10087,FUR-BOO-10703,2022-06-21,1239.18,4,185.56,0.3,6,2022,0.1497
CA-2021-100490,CG-10340,TEC-COP-10005,2023-05-17,1198.42,2,160.83,0.0,5,2023,0.1342
CA-2021-100491,CG-10173,TEC-COP-10091,2022-09-12,1345.81,3,199.57,0.0,9,2022,0.1483
CA-2021-100492,CG-10765,TEC-COP-10529,2021-10-18,242.52,1,24.14,0.0,10,2021,0.0995
CA-2021-100493,CG-10055,OFF-ART-10167,2022-10-09,1989.18,3,-334.31,0.5,10,2022,-0.1681
CA-2021-100494,CG-10737,OFF-FAS-10889,2021-08-26,91.18,6,6.81,0.5,8,2021,0.0747
CA-2021-100495,CG-10538,FUR-TAB-10252,2023-11-08,552.86,10,83.0,0.1,11,2023,0.1501
CA-2021-100496,CG-10331,OFF-STO-10464,2022-11-05,575.72,2,13.89,0.4,11,2022,0.0241
CA-2021-100497,CG-10216,OFF-LAB-10761,2022-11-06,1315.78,8,484.8,0.3,11,2022,0.3685
CA-2021-100498,CG-10166,TEC-COP-10123,2021-07-09,517.78,4,-75.85,0.4,7,2021,-0.1465
CA-2021-100499,CG-10501,OFF-FAS-10092,2022-09-28,1210.99,6,362.37,0.0,9,2022,0.2992
CA-2021-100500,CG-10692,OFF-ENV-10953,2022-01-17,1265.07,2,136.63,0.0,1,2022,0.108
CA-2021-100501,CG-10700,TEC-PHO-10582,2022-08-19,880.34,8,-97.57,0.2,8,2022,-0.1108
CA-2021-100502,CG-10363,TEC-PHO-10116,2021-04-03,224.19,7,-32.13,0.4,4,2021,-0.1433
CA-2021-100503,CG-10321,TEC-COP-10638,2022-01-03,372.59,7,-55.9,0.0,1,2022,-0.15
CA-2021-100504,CG-10444,OFF-ART-10013,2022-03-09,165.66,10,53.5,0.2,3,2022,0.323
CA-2021-100505,CG-10707,TEC-COP-10089,2023-08-01,816.13,10,-14.95,0.5,8,2023,-0.0183
CA-2021-100506,CG-10665,FUR-CHA-10088,2022-01-26,1633.78,4,-121.66,0.0,1,2022,-0.0745
CA-2021-100507,CG-10496,OFF-ART-10206,2023-08-29,53.42,3,13.0,0.0,8,2023,0.2434
CA-2021-100508,CG-10037,TEC-COP-10237,2021-04-15,25.67,7,7.94,0.4,4,2021,0.3093
CA-2021-100509,CG-10484,FUR-CHA-10459,2023-05-15,638.54,2,214.37,0.2,5,2023,0.3357
CA-2021-100510,CG-10601,OFF-LAB-10134,2021-11-27,1455.16,8,91.48,0.3,11,2021,0.0629
CA-2021-100511,CG-10636,TEC-COP-10683,2023-05-04,1882.98,6,526.96,0.5,5,2023,0.2799
CA-2021-100512,CG-10310,FUR-TAB-10367,2022-02-13,1215.44,2,444.65,0.4,2,2022,0.3658
CA-2021-100513,CG-10440,OFF-ART-10498,2021-12-24,1720.33,9,488.73,0.0,12,2021,0.2841
CA-2021-100514,CG-10723,OFF-ENV-10800,2021-04-06,1756.65,5,548.15,0.0,4,2021,0.312
CA-2021-100515,CG-10745,TEC-PHO-10750,2021-03-27,219.77,2,76.17,0.1,3,2021,0.3466
CA-2021-100516,CG-10251,FUR-BOO-10087,2022-11-17,284.17,4,108.49,0.5,11,2022,0.3818
CA-2021-100517,CG-10439,OFF-FAS-10966,2023-01-09,1333.34,3,363.11,0.4,1,2023,0.2723
CA-2021-100518,CG-10790,OFF-ART-10676,2021-01-21,1614.43,2,4.81,0.0,1,2021,0.003
CA-2021-100519,CG-10352,FUR-CHA-10717,2023-12-01,844.42,9,196.69,0.2,12,2023,0.2329
CA-2021-100520,CG-10037,OFF-BIN-10532,2023-06-25,697.05,7,229.04,0.1,6,2023,0.3286
CA-2021-100521,CG-10023,OFF-BIN-10852,2021-07-10,1108.05,9,281.7,0.3,7,2021,0.2542
CA-2021-100522,CG-10126,OFF-FAS-10586,2023-11-01,1466.65,6,258.41,0.2,11,2023,0.1762
CA-2021-100523,CG-10682,FUR-FUR-10532,2022-11-26,1612.72,10,16.45,0.1,11,2022,0.0102
CA-2021-100524,CG-10421,FUR-CHA-10487,2022-11-03,1168.91,6,-165.06,0.5,11,2022,-0.1412
CA-2021-100525,CG-10651,OFF-STO-10843,2023-01-27,1057.25,10,341.71,0.4,1,2023,0.3232
CA-2021-100526,CG-10484,FUR-TAB-10943,2023-09-20,920.85,9,199.53,0.0,9,2023,0.2167
CA-2021-100527,CG-10380,TEC-COP-10028,2021-08-14,745.48,5,84.74,0.0,8,2021,0.1137
CA-2021-100528,CG-10002,FUR-FUR-10427,2021-04-10,1779.22,4,518.6,0.0,4,2021,0.2915
CA-2021-100529,CG-10779,TEC-MAC-10091,2023-07-16,1564.89,8,402.44,0.0,7,2023,0.2572
CA-2021-100530,CG-10753,TEC-COP-10585,2023-03-05,1801.49,6,675.28,0.0,3,2023,0.3748
CA-2021-100531,CG-10768,TEC-MAC-10985,2021-09-11,1123.11,4,420.47,0.0,9,2021,0.3744
CA-2021-100532,CG-10411,OFF-BIN-10447,2022-05-18,1414.18,10,-211.01,0.5,5,2022,-0.1492
CA-2021-100533,CG-10292,OFF-LAB-10314,2023-12-18,770.2,2,298.74,0.0,12,2023,0.3879
CA-2021-100534,CG-10399,TEC-ACC-10264,2021-05-01,1922.64,3,438.32,0.0,5,2021,0.228
CA-2021-100535,CG-10117,FUR-CHA-10067,2022-02-19,1506.75,10,144.33,0.1,2,2022,0.0958
CA-2021-100536,CG-10311,FUR-FUR-10801,2022-04-24,545.63,10,-28.49,0.0,4,2022,-0.0522
CA-2021-100537,CG-10635,OFF-SUP-10955,2021-12-11,497.87,7,-87.09,0.5,12,2021,-0.1749
CA-2021-100538,CG-10307,OFF-APP-10742,2023-02-18,1686.45,4,-291.27,0.2,2,2023,-0.1727
CA-2021-100539,CG-10279,OFF-FAS-10470,2022-03-08,1014.59,6,183.74,0.3,3,2022,0.1811
CA-2021-100540,CG-10688,OFF-LAB-10780,2021-10-01,1845.29,10,-364.32,0.5,10,2021,-0.1974
CA-2021-100541,CG-10615,TEC-PHO-10127,2021-06-08,71.59,8,0.84,0.0,6,2021,0.0117
CA-2021-100542,CG-10196,OFF-BIN-10239,2023-06-30,450.83,1,93.92,0.2,6,2023,0.2083
CA-2021-100543,CG-10113,OFF-LAB-10565,2022-07-29,1809.97,10,-354.25,0.1,7,2022,-0.1957
CA-2021-100544,CG-10535,TEC-ACC-10993,2021-05-14,265.21,2,-11.73,0.0,5,2021,-0.0442
CA-2021-100545,CG-10280,TEC-MAC-10370,2023-07-19,1876.4,1,111.7,0.3,7,2023,0.0595
CA-2021-100546,CG-10199,FUR-TAB-10706,2021-04-07,1837.6,9,-18.84,0.5,4,2021,-0.0103
CA-2021-100547,CG-10024,FUR-TAB-10110,2022-02-08,665.16,2,-121.91,0.0,2,2022,-0.1833
CA-2021-100548,CG-10782,FUR-BOO-10087,2021-04-22,673.84,4,178.87,0.0,4,2021,0.2654
CA-2021-100549,CG-10056,FUR-FUR-10104,2022-10-04,1389.79,3,488.47,0.0,10,2022,0.3515
CA-2021-100550,CG-10464,FUR-CHA-10347,2022-08-27,769.1,2,-46.25,0.4,8,2022,-0.0601
CA-2021-100551,CG-10607,TEC-PHO-10363,2023-07-19,663.11,4,-91.77,0.0,7,2023,-0.1384
CA-2021-100552,CG-10525,OFF-PAP-10150,2022-01-16,283.97,1,-35.04,0.0,1,2022,-0.1234
CA-2021-100553,CG-10432,OFF-ENV-10804,2022-08-20,1940.84,9,-321.42,0.0,8,2022,-0.1656
CA-2021-100554,CG-10630,OFF-BIN-10465,2023-09-02,1386.76,8,431.57,0.3,9,2023,0.3112
CA-2021-100555,CG-10492,OFF-BIN-10409,2021-01-08,453.82,4,79.12,0.5,1,2021,0.1743
CA-2021-100556,CG-10199,FUR-BOO-10203,2021-01-21,722.19,9,-82.73,0.0,1,2021,-0.1146
CA-2021-100557,CG-10180,OFF-ART-10388,2022-03-25,1440.48,6,-133.78,0.1,3,2022,-0.0929
CA-2021-100558,CG-10728,FUR-BOO-10196,2022-03-07,917.85,6,180.4,0.3,3,2022,0.1965
CA-2021-100559,CG-10548,OFF-ENV-10644,2022-10-14,864.78,4,222.98,0.0,10,2022,0.2578
CA-2021-100560,CG-10769,FUR-FUR-10183,2022-03-05,172.0,8,-17.12,0.0,3,2022,-0.0995
CA-2021-100561,CG-10653,TEC-MAC-10916,2023-12-13,971.76,8,-37.9,0.5,12,2023,-0.039
CA-2021-100562,CG-10260,OFF-BIN-10455,2023-03-22,618.94,7,223.62,0.0,3,2023,0.3613
CA-2021-100563,CG-10418,OFF-BIN-10025,2021-03-26,1029.4,6,72.77,0.4,3,2021,0.0707
CA-2021-100564,CG-10283,OFF-BIN-10039,2022-06-28,161.02,2,49.2,0.2,6,2022,0.3056
CA-2021-100565,CG-10770,FUR-BOO-10788,2022-02-07,665.19,5,-56.95,0.2,2,2022,-0.0856
CA-2021-100566,CG-10407,OFF-ENV-10485,2023-04-08,1645.5,1,316.68,0.5,4,2023,0.1925
CA-2021-100567,CG-10214,TEC-COP-10142,2023-08-03,1585.91,6,90.83,0.1,8,2023,0.0573
CA-2021-100568,CG-10702,FUR-BOO-10333,2021-01-20,1622.7,6,-105.0,0.3,1,2021,-0.0647
CA-2021-100569,CG-10400,FUR-CHA-10111,2021-10-12,1954.71,6,758.63,0.4,10,2021,0.3881
CA-2021-100570,CG-10027,TEC-COP-10210,2022-09-16,351.13,9,-63.47,0.0,9,2022,-0.1808
CA-2021-100571,CG-10400,OFF-SUP-10489,2021-05-24,124.33,9,-12.05,0.0,5,2021,-0.0969
CA-2021-100572,CG-10162,FUR-FUR-10514,2022-02-27,1742.19,5,506.52,0.4,2,2022,0.2907
CA-2021-100573,CG-10619,TEC-COP-10471,2022-07-19,24.81,3,-4.01,0.5,7,2022,-0.1616
CA-2021-100574,CG-10400,TEC-PHO-10921,2021-07-06,1296.14,8,285.4,0.3,7,2021,0.2202
CA-2021-100575,CG-10245,TEC-COP-10682,2023-07-27,1822.56,3,65.85,0.0,7,2023,0.0361
CA-2021-100576,CG-10773,TEC-ACC-10168,2023-10-08,1984.86,9,788.37,0.0,10,2023,0.3972
CA-2021-100577,CG-10199,FUR-CHA-10726,2023-08-05,155.66,8,0.96,0.4,8,2023,0.0062
CA-2021-100578,CG-10143,OFF-PAP-10621,2023-09-20,145.79,9,33.26,0.1,9,2023,0.2281
CA-2021-100579,CG-10693,FUR-BOO-10221,2021-09-12,1485.48,3,301.31,0.0,9,2021,0.2028
CA-2021-100580,CG-10454,FUR-TAB-10785,2023-06-25,105.03,9,3.61,0.0,6,2023,0.0344
CA-2021-100581,CG-10196,FUR-BOO-10816,2022-05-04,191.86,7,75.51,0.0,5,2022,0.3936
CA-2021-100582,CG-10639,FUR-TAB-10237,2021-04-01,1029.88,6,141.33,0.3,4,2021,0.1372
CA-2021-100583,CG-10225,FUR-BOO-10044,2022-10-25,39.84,6,1.34,0.0,10,2022,0.0336
CA-2021-100584,CG-10614,FUR-FUR-10340,2022-09-10,1201.75,2,-58.69,0.0,9,2022,-0.0488
CA-2021-100585,CG-10515,TEC-MAC-10631,2023-09-15,676.86,10,19.92,0.5,9,2023,0.0294
CA-2021-100586,CG-10510,FUR-BOO-10657,2022-04-30,862.71,4,-141.52,0.0,4,2022,-0.164
CA-2021-100587,CG-10768,FUR-FUR-10248,2022-11-05,563.47,1,106.4,0.4,11,2022,0.1888
CA-2021-100588,CG-10452,TEC-PHO-10976,2022-05-24,1377.83,4,155.53,0.4,5,2022,0.1129
CA-2021-100589,CG-10436,FUR-TAB-10250,2022-02-23,192.6,10,-11.21,0.1,2,2022,-0.0582
CA-2021-100590,CG-10081,FUR-TAB-10451,2022-09-13,1157.08,4,367.32,0.2,9,2022,0.3175
CA-2021-100591,CG-10085,TEC-COP-10566,2021-11-16,1907.98,8,490.65,0.0,11,2021,0.2572
CA-2021-100592,CG-10073,FUR-BOO-10158,2023-02-19,618.64,5,84.93,0.4,2,2023,0.1373
CA-2021-100593,CG-10760,FUR-CHA-10418,2023-10-23,1453.44,8,516.57,0.4,10,2023,0.3554
CA-2021-100594,CG-10650,FUR-FUR-10948,2021-11-29,1528.27,5,161.64,0.3,11,2021,0.1058
CA-2021-100595,CG-10267,TEC-ACC-10253,2022-05-12,78.67,6,17.19,0.0,5,2022,0.2185
CA-2021-100596,CG-10530,TEC-ACC-10708,2021-01-26,1544.23,7,345.35,0.4,1,2021,0.2236
CA-2021-100597,CG-10146,TEC-COP-10715,2022-09-23,829.1,2,150.65,0.0,9,2022,0.1817
CA-2021-100598,CG-10174,FUR-TAB-10202,2023-10-05,202.77,7,39.08,0.4,10,2023,0.1927
CA-2021-100599,CG-10777,FUR-CHA-10889,2023-07-12,1630.6,3,-268.41,0.1,7,2023,-0.1646
CA-2021-100600,CG-10489,FUR-CHA-10272,2022-08-24,761.68,5,4.03,0.0,8,2022,0.0053
CA-2021-100601,CG-10497,FUR-CHA-10379,2021-07-18,1049.45,1,169.79,0.4,7,2021,0.1618
CA-2021-100602,CG-10102,OFF-ENV-10026,2022-05-06,1333.51,7,513.65,0.0,5,2022,0.3852
CA-2021-100603,CG-10653,FUR-BOO-10992,2022-05-25,909.32,8,178.35,0.4,5,2022,0.1961
CA-2021-100604,CG-10674,OFF-PAP-10621,2022-04-24,974.23,10,8.77,0.0,4,2022,0.009
CA-2021-100605,CG-10308,TEC-ACC-10977,2023-12-02,1571.88,9,-193.79,0.0,12,2023,-0.1233
CA-2021-100606,CG-10164,OFF-SUP-10681,2022-05-09,431.17,2,26.27,0.0,5,2022,0.0609
CA-2021-100607,CG-10229,TEC-PHO-10386,2021-10-06,1270.76,8,352.41,0.0,10,2021,0.2773
CA-2021-100608,CG-10091,TEC-COP-10586,2023-06-14,474.4,5,-12.06,0.0,6,2023,-0.0254
CA-2021-100609,CG-10397,FUR-BOO-10532,2023-02-18,1476.47,5,227.43,0.0,2,2023,0.154
CA-2021-100610,CG-10224,TEC-ACC-10149,2021-08-07,28.29,8,-3.2,0.3,8,2021,-0.1131
CA-2021-100611,CG-10646,TEC-PHO-10060,2022-10-18,1009.73,2,401.98,0.2,10,2022,0.3981
CA-2021-100612,CG-10675,FUR-TAB-10432,2022-04-06,1474.09,3,348.53,0.5,4,2022,0.2364
CA-2021-100613,CG-10717,OFF-ENV-10770,2023-03-13,152.93,5,33.31,0.2,3,2023,0.2178
CA-2021-100614,CG-10148,FUR-BOO-10370,2023-07-27,335.75,3,73.05,0.5,7,2023,0.2176
CA-2021-100615,CG-10364,TEC-PHO-10607,2021-10-30,1901.29,7,676.08,0.0,10,2021,0.3556
CA-2021-100616,CG-10668,FUR-FUR-10796,2022-05-17,246.42,7,-4.53,0.5,5,2022,-0.0184
CA-2021-100617,CG-10124,TEC-COP-10023,2022-07-18,1309.86,6,-167.66,0.0,7,2022,-0.128
CA-2021-100618,CG-10305,TEC-COP-10730,2022-07-15,1493.26,10,45.36,0.0,7,2022,0.0304
CA-2021-100619,CG-10771,FUR-FUR-10882,2021-02-10,1116.56,9,-180.48,0.5,2,2021,-0.1616
CA-2021-100620,CG-10668,TEC-ACC-10086,2021-01-11,899.99,6,-158.86,0.0,1,2021,-0.1765
CA-2021-100621,CG-10674,TEC-MAC-10711,2023-01-15,351.49,1,-6.9,0.1,1,2023,-0.0196
CA-2021-100622,CG-10306,TEC-MAC-10605,2023-11-12,1378.98,1,-245.4,0.1,11,2023,-0.178
CA-2021-100623,CG-10409,OFF-ART-10962,2023-05-15,1104.2,5,209.64,0.4,5,2023,0.1899
CA-2021-100624,CG-10429,FUR-TAB-10987,2021-05-25,1468.02,4,202.86,0.3,5,2021,0.1382
CA-2021-100625,CG-10371,FUR-CHA-10010,2022-07-08,1067.63,9,-171.27,0.4,7,2022,-0.1604
CA-2021-100626,CG-10602,OFF-BIN-10564,2023-02-15,1567.64,2,181.67,0.0,2,2023,0.1159
CA-2021-100627,CG-10488,TEC-PHO-10673,2021-04-09,642.81,7,4.57,0.0,4,2021,0.0071
CA-2021-100628,CG-10723,FUR-FUR-10514,2022-07-02,1837.7,6,380.27,0.1,7,2022,0.2069
CA-2021-100629,CG-10312,OFF-FAS-10078,2023-12-03,1763.96,4,319.95,0.2,12,2023,0.1814
CA-2021-100630,CG-10434,FUR-CHA-10509,2021-12-05,124.25,5,35.41,0.5,12,2021,0.285
CA-2021-100631,CG-10250,TEC-PHO-10621,2023-04-11,1236.41,1,273.93,0.4,4,2023,0.2216
CA-2021-100632,CG-10507,FUR-TAB-10935,2021-12-25,740.43,3,275.06,0.3,12,2021,0.3715
CA-2021-100633,CG-10222,FUR-CHA-10913,2022-08-18,971.42,5,-192.98,0.1,8,2022,-0.1987
CA-2021-100634,CG-10358,OFF-LAB-10103,2022-12-30,1234.91,6,15.23,0.2,12,2022,0.0123
CA-2021-100635,CG-10007,OFF-BIN-10404,2021-06-23,1033.49,3,-129.9,0.4,6,2021,-0.1257
CA-2021-100636,CG-10165,OFF-ENV-10367,2023-05-28,1077.49,5,424.12,0.0,5,2023,0.3936
CA-2021-100637,CG-10164,FUR-CHA-10121,2022-01-24,90.11,7,22.2,0.4,1,2022,0.2464
CA-2021-100638,CG-10513,OFF-SUP-10980,2023-10-12,1366.66,3,342.56,0.3,10,2023,0.2507
CA-2021-100639,CG-10439,FUR-TAB-10296,2021-11-15,1005.0,4,208.02,0.0,11,2021,0.207
CA-2021-100640,CG-10269,OFF-STO-10485,2023-05-29,1239.05,9,-62.35,0.0,5,2023,-0.0503
CA-2021-100641,CG-10039,FUR-TAB-10631,2022-01-22,1186.48,3,-151.54,0.1,1,2022,-0.1277
CA-2021-100642,CG-10062,FUR-CHA-10112,2023-02-18,1054.69,4,1.8,0.1,2,2023,0.0017
CA-2021-100643,CG-10053,OFF-APP-10483,2022-12-20,841.97,6,-76.58,0.0,12,2022,-0.091
CA-2021-100644,CG-10099,TEC-PHO-10339,2023-06-02,512.0,8,0.29,0.3,6,2023,0.0006
CA-2021-100645,CG-10108,TEC-MAC-10042,2023-12-20,749.47,5,112.87,0.1,12,2023,0.1506
CA-2021-100646,CG-10308,TEC-ACC-10044,2022-01-31,897.08,2,327.52,0.0,1,2022,0.3651
CA-2021-100647,CG-10644,FUR-FUR-10429,2022-06-02,1708.34,9,575.62,0.3,6,2022,0.3369
CA-2021-100648,CG-10710,TEC-PHO-10169,2021-12-08,555.56,3,-95.96,0.2,12,2021,-0.1727
CA-2021-100649,CG-10606,TEC-COP-10310,2023-03-11,1218.36,4,-241.04,0.0,3,2023,-0.1978
CA-2021-100650,CG-10284,OFF-APP-10843,2021-09-01,455.62,9,-11.34,0.1,9,2021,-0.0249
CA-2021-100651,CG-10739,TEC-PHO-10058,2021-01-03,701.45,10,-3.69,0.3,1,2021,-0.0053
CA-2021-100652,CG-10739,FUR-BOO-10890,2022-03-26,1930.8,3,739.42,0.2,3,2022,0.383
CA-2021-100653,CG-10747,TEC-ACC-10095,2023-06-25,655.28,4,-69.86,0.4,6,2023,-0.1066
CA-2021-100654,CG-10663,FUR-FUR-10837,2022-01-14,1726.08,4,631.77,0.5,1,2022,0.366
CA-2021-100655,CG-10102,TEC-ACC-10617,2021-05-23,153.38,4,52.99,0.5,5,2021,0.3455
CA-2021-100656,CG-10274,OFF-FAS-10980,2021-02-12,1654.86,1,-84.39,0.0,2,2021,-0.051
CA-2021-100657,CG-10339,TEC-MAC-10642,2021-06-24,287.07,10,83.04,0.5,6,2021,0.2893
CA-2021-100658,CG-10024,FUR-CHA-10671,2021-04-02,1093.84,2,-125.68,0.4,4,2021,-0.1149
CA-2021-100659,CG-10365,FUR-FUR-10945,2021-08-19,347.42,2,-48.28,0.1,8,2021,-0.139
CA-2021-100660,CG-10683,FUR-TAB-10896,2021-12-31,1065.66,10,221.29,0.0,12,2021,0.2077
CA-2021-100661,CG-10671,OFF-PAP-10738,2023-01-26,1623.33,2,514.64,0.0,1,2023,0.317
CA-2021-100662,CG-10785,FUR-CHA-10492,2023-05-26,564.17,2,223.9,0.3,5,2023,0.3969
CA-2021-100663,CG-10551,OFF-ENV-10393,2021-10-11,1888.62,4,96.69,0.4,10,2021,0.0512
CA-2021-100664,CG-10208,TEC-COP-10943,2023-12-16,1555.42,4,-91.59,0.0,12,2023,-0.0589
CA-2021-100665,CG-10248,FUR-BOO-10120,2023-01-10,1700.16,3,129.61,0.2,1,2023,0.0762
CA-2021-100666,CG-10678,TEC-ACC-10030,2023-02-13,62.43,7,-10.46,0.3,2,2023,-0.1675
CA-2021-100667,CG-10481,OFF-ART-10481,2021-06-11,163.36,10,-18.0,0.4,6,2021,-0.1102
CA-2021-100668,CG-10657,TEC-MAC-10011,2023-06-29,1293.25,1,-172.31,0.2,6,2023,-0.1332
CA-2021-100669,CG-10094,OFF-PAP-10410,2022-06-13,1008.73,4,362.0,0.4,6,2022,0.3589
CA-2021-100670,CG-10488,FUR-TAB-10168,2023-03-15,1646.78,9,477.46,0.0,3,2023,0.2899
CA-2021-100671,CG-10028,OFF-FAS-10066,2022-02-03,225.72,2,36.55,0.3,2,2022,0.1619
CA-2021-100672,CG-10577,TEC-PHO-10966,2022-09-26,1107.87,1,-42.65,0.1,9,2022,-0.0385
CA-2021-100673,CG-10719,FUR-BOO-10514,2022-08-02,1005.43,6,236.69,0.4,8,2022,0.2354
CA-2021-100674,CG-10080,FUR-CHA-10826,2023-02-22,1176.85,1,-121.53,0.2,2,2023,-0.1033
CA-2021-100675,CG-10347,TEC-ACC-10912,2021-11-26,1037.44,10,71.05,0.3,11,2021,0.0685
CA-2021-100676,CG-10099,TEC-COP-10510,2022-05-05,1994.05,10,747.39,0.0,5,2022,0.3748
CA-2021-100677,CG-10183,OFF-ENV-10781,2021-12-14,331.33,5,3.98,0.3,12,2021,0.012
CA-2021-100678,CG-10451,TEC-ACC-10085,2021-09-11,981.64,6,39.82,0.2,9,2021,0.0406
CA-2021-100679,CG-10716,OFF-SUP-10384,2023-07-11,1756.04,1,429.57,0.0,7,2023,0.2446
CA-2021-100680,CG-10657,TEC-COP-10749,2021-05-30,782.56,8,7.33,0.0,5,2021,0.0094
CA-2021-100681,CG-10217,OFF-FAS-10465,2022-02-13,664.15,6,264.24,0.3,2,2022,0.3979
CA-2021-100682,CG-10063,TEC-ACC-10216,2023-08-21,1284.03,6,504.22,0.0,8,2023,0.3927
CA-2021-100683,CG-10083,TEC-COP-10685,2022-07-07,1275.02,2,-202.02,0.0,7,2022,-0.1584
CA-2021-100684,CG-10493,FUR-CHA-10363,2021-07-09,690.62,5,-55.83,0.0,7,2021,-0.0808
CA-2021-100685,CG-10331,TEC-COP-10014,2021-01-21,1568.31,10,-240.45,0.1,1,2021,-0.1533
CA-2021-100686,CG-10461,OFF-ART-10037,2023-10-20,639.65,7,71.91,0.2,10,2023,0.1124
CA-2021-100687,CG-10195,TEC-ACC-10016,2023-05-11,1096.71,3,-77.12,0.4,5,2023,-0.0703
CA-2021-100688,CG-10555,OFF-SUP-10469,2021-09-13,1003.27,8,46.38,0.4,9,2021,0.0462
CA-2021-100689,CG-10089,OFF-ART-10106,2021-11-30,877.39,5,158.34,0.4,11,2021,0.1805
CA-2021-100690,CG-10228,TEC-PHO-10876,2023-06-29,1166.65,1,362.86,0.2,6,2023,0.311
CA-2021-100691,CG-10519,FUR-BOO-10858,2023-08-09,1816.91,7,660.94,0.0,8,2023,0.3638
CA-2021-100692,CG-10343,TEC-ACC-10197,2021-01-09,75.02,1,20.58,0.0,1,2021,0.2743
CA-2021-100693,CG-10745,TEC-COP-10447,2021-04-16,1864.56,7,678.02,0.0,4,2021,0.3636
CA-2021-100694,CG-10330,FUR-TAB-10011,2023-10-30,1266.57,7,383.01,0.2,10,2023,0.3024
CA-2021-100695,CG-10464,TEC-ACC-10668,2021-02-26,1418.08,2,-262.1,0.4,2,2021,-0.1848
CA-2021-100696,CG-10084,OFF-BIN-10113,2022-05-18,1562.26,7,305.51,0.2,5,2022,0.1956
CA-2021-100697,CG-10212,TEC-PHO-10075,2021-08-08,572.1,3,-87.86,0.0,8,2021,-0.1536
CA-2021-100698,CG-10305,TEC-PHO-10120,2022-03-07,845.62,6,241.11,0.5,3,2022,0.2851
CA-2021-100699,CG-10548,OFF-PAP-10887,2021-01-11,1048.28,5,-88.36,0.0,1,2021,-0.0843
CA-2021-100700,CG-10204,FUR-TAB-10478,2021-03-02,285.74,2,-11.27,0.0,3,2021,-0.0394
CA-2021-100701,CG-10402,OFF-FAS-10813,2023-11-16,1845.47,5,-149.99,0.0,11,2023,-0.0813
CA-2021-100702,CG-10439,TEC-COP-10460,2023-06-07,853.24,5,148.25,0.3,6,2023,0.1737
CA-2021-100703,CG-10184,FUR-BOO-10074,2023-04-20,1211.73,9,47.24,0.3,4,2023,0.039
CA-2021-100704,CG-10734,TEC-MAC-10920,2023-02-01,1561.23,2,-13.81,0.0,2,2023,-0.0088
CA-2021-100705,CG-10733,TEC-PHO-10698,2023-03-01,1207.59,9,-166.95,0.1,3,2023,-0.1383
CA-2021-100706,CG-10431,OFF-ENV-10605,2022-10-18,402.28,8,-69.16,0.5,10,2022,-0.1719
CA-2021-100707,CG-10134,FUR-CHA-10345,2022-08-07,1290.9,10,447.92,0.0,8,2022,0.347
CA-2021-100708,CG-10409,FUR-CHA-10402,2023-08-21,1661.4,7,-58.47,0.2,8,2023,-0.0352
CA-2021-100709,CG-10029,TEC-COP-10330,2023-10-08,1285.78,2,466.25,0.3,10,2023,0.3626
CA-2021-100710,CG-10265,TEC-COP-10270,2022-04-09,185.15,6,66.74,0.0,4,2022,0.3605
CA-2021-100711,CG-10151,TEC-COP-10684,2022-07-07,348.97,3,-44.69,0.5,7,2022,-0.1281
CA-2021-100712,CG-10231,TEC-ACC-10361,2023-09-06,985.31,5,259.71,0.3,9,2023,0.2636
CA-2021-100713,CG-10479,FUR-TAB-10213,2021-06-09,1943.81,1,-373.45,0.1,6,2021,-0.1921
CA-2021-100714,CG-10372,TEC-MAC-10798,2022-10-01,913.5,3,318.33,0.0,10,2022,0.3485
CA-2021-100715,CG-10762,FUR-CHA-10273,2022-07-24,336.75,5,-37.59,0.0,7,2022,-0.1116
CA-2021-100716,CG-10154,OFF-SUP-10054,2023-07-17,538.5,9,6.82,0.0,7,2023,0.0127
CA-2021-100717,CG-10180,OFF-ENV-10531,2021-07-20,1300.76,7,-30.69,0.1,7,2021,-0.0236
CA-2021-100718,CG-10067,FUR-CHA-10401,2022-05-25,446.96,1,64.87,0.0,5,2022,0.1451
CA-2021-100719,CG-10751,FUR-TAB-10756,2022-07-04,419.35,4,76.38,0.3,7,2022,0.1821
CA-2021-100720,CG-10145,TEC-ACC-10021,2021-12-15,1366.07,3,-0.97,0.0,12,2021,-0.0007
CA-2021-100721,CG-10500,OFF-STO-10580,2021-12-16,1522.92,1,581.34,0.3,12,2021,0.3817
CA-2021-100722,CG-10463,OFF-BIN-10679,2023-12-12,342.94,3,-48.01,0.0,12,2023,-0.14
CA-2021-100723,CG-10115,OFF-ENV-10151,2023-07-29,1657.22,5,554.88,0.3,7,2023,0.3348
CA-2021-100724,CG-10198,FUR-TAB-10981,2023-01-02,71.5,10,1.12,0.4,1,2023,0.0157
CA-2021-100725,CG-10593,FUR-BOO-10443,2022-12-16,788.14,7,-11.35,0.2,12,2022,-0.0144
CA-2021-100726,CG-10535,TEC-MAC-10310,2022-08-14,1939.25,8,154.73,0.0,8,2022,0.0798
CA-2021-100727,CG-10054,OFF-STO-10676,2022-08-27,913.18,4,269.65,0.2,8,2022,0.2953
CA-2021-100728,CG-10146,FUR-BOO-10297,2021-10-10,1758.66,9,654.59,0.0,10,2021,0.3722
CA-2021-100729,CG-10267,FUR-FUR-10695,2022-12-28,1625.3,7,64.15,0.4,12,2022,0.0395
CA-2021-100730,CG-10304,TEC-ACC-10384,2022-02-13,280.02,9,-5.42,0.1,2,2022,-0.0194
CA-2021-100731,CG-10477,FUR-TAB-10980,2023-12-15,1391.33,9,112.74,0.3,12,2023,0.081
CA-2021-100732,CG-10054,OFF-STO-10473,2021-10-15,1814.63,4,-224.35,0.3,10,2021,-0.1236
CA-2021-100733,CG-10579,TEC-COP-10758,2021-04-22,118.84,2,18.61,0.3,4,2021,0.1566
CA-2021-100734,CG-10308,TEC-PHO-10638,2022-02-24,296.86,8,-19.56,0.0,2,2022,-0.0659
CA-2021-100735,CG-10485,FUR-CHA-10948,2021-05-18,314.51,2,-16.25,0.0,5,2021,-0.0517
CA-2021-100736,CG-10673,OFF-FAS-10189,2023-09-18,1642.34,9,481.23,0.2,9,2023,0.293
CA-2021-100737,CG-10296,TEC-ACC-10683,2021-12-16,1485.91,9,127.34,0.1,12,2021,0.0857
CA-2021-100738,CG-10123,OFF-FAS-10034,2021-08-08,839.62,7,-153.83,0.0,8,2021,-0.1832
CA-2021-100739,CG-10366,TEC-COP-10525,2021-03-29,1925.97,8,-65.21,0.5,3,2021,-0.0339
CA-2021-100740,CG-10285,FUR-TAB-10938,2022-12-22,1441.23,6,330.2,0.5,12,2022,0.2291
CA-2021-100741,CG-10602,OFF-FAS-10069,2023-08-25,1321.35,10,-161.66,0.2,8,2023,-0.1223
CA-2021-100742,CG-10790,FUR-TAB-10773,2022-04-20,1333.87,8,-7.74,0.5,4,2022,-0.0058
CA-2021-100743,CG-10178,FUR-CHA-10136,2022-05-28,84.46,2,21.79,0.5,5,2022,0.258
CA-2021-100744,CG-10444,TEC-ACC-10644,2022-02-05,987.3,5,-78.28,0.1,2,2022,-0.0793
CA-2021-100745,CG-10348,FUR-TAB-10194,2021-03-10,289.72,1,76.67,0.3,3,2021,0.2646
CA-2021-100746,CG-10437,TEC-COP-10130,2023-10-23,719.41,9,202.12,0.0,10,2023,0.281
CA-2021-100747,CG-10257,OFF-STO-10991,2021-08-30,468.84,10,-87.43,0.3,8,2021,-0.1865
CA-2021-100748,CG-10596,FUR-TAB-10346,2023-11-27,1005.09,7,128.21,0.0,11,2023,0.1276
CA-2021-100749,CG-10241,OFF-BIN-10354,2022-11-17,128.19,4,45.44,0.3,11,2022,0.3545
CA-2021-100750,CG-10665,OFF-STO-10021,2023-09-08,548.31,1,-97.95,0.0,9,2023,-0.1786
CA-2021-100751,CG-10712,FUR-TAB-10118,2023-12-31,1721.99,1,-290.53,0.5,12,2023,-0.1687
CA-2021-100752,CG-10232,FUR-BOO-10821,2022-12-22,692.82,1,-42.11,0.1,12,2022,-0.0608
CA-2021-100753,CG-10358,TEC-ACC-10620,2021-04-27,122.74,8,-3.74,0.0,4,2021,-0.0305
CA-2021-100754,CG-10225,OFF-STO-10889,2021-06-07,507.9,9,49.24,0.1,6,2021,0.0969
CA-2021-100755,CG-10722,FUR-BOO-10933,2022-10-16,1087.42,2,8.68,0.0,10,2022,0.008
CA-2021-100756,CG-10036,TEC-ACC-10975,2022-09-17,1110.4,2,260.88,0.3,9,2022,0.2349
CA-2021-100757,CG-10061,FUR-FUR-10883,2021-03-11,563.15,7,166.87,0.2,3,2021,0.2963
CA-2021-100758,CG-10032,OFF-PAP-10944,2021-04-01,419.4,3,50.12,0.4,4,2021,0.1195
CA-2021-100759,CG-10111,TEC-ACC-10879,2021-02-26,1454.31,10,464.57,0.4,2,2021,0.3194
CA-2021-100760,CG-10135,OFF-FAS-10255,2023-11-29,333.47,7,82.49,0.5,11,2023,0.2474
CA-2021-100761,CG-10668,TEC-MAC-10582,2022-11-23,795.26,10,13.53,0.2,11,2022,0.017
CA-2021-100762,CG-10491,OFF-APP-10593,2022-01-02,930.82,8,74.34,0.0,1,2022,0.0799
CA-2021-100763,CG-10130,OFF-SUP-10238,2022-10-06,886.47,5,-39.25,0.2,10,2022,-0.0443
CA-2021-100764,CG-10062,TEC-PHO-10553,2022-01-13,1018.37,8,-178.04,0.3,1,2022,-0.1748
CA-2021-100765,CG-10208,FUR-TAB-10073,2022-12-18,164.18,8,17.51,0.0,12,2022,0.1067
CA-2021-100766,CG-10481,OFF-APP-10045,2021-10-21,659.82,6,254.07,0.3,10,2021,0.3851
CA-2021-100767,CG-10596,FUR-CHA-10780,2021-08-06,430.84,6,156.81,0.3,8,2021,0.364
CA-2021-100768,CG-10540,FUR-CHA-10324,2022-04-05,1011.96,10,124.86,0.4,4,2022,0.1234
CA-2021-100769,CG-10709,FUR-BOO-10081,2022-05-15,493.72,6,36.28,0.1,5,2022,0.0735
CA-2021-100770,CG-10583,TEC-PHO-10620,2023-01-12,973.47,4,264.57,0.5,1,2023,0.2718
CA-2021-100771,CG-10184,OFF-ENV-10269,2022-10-05,172.2,7,25.07,0.0,10,2022,0.1456
CA-2021-100772,CG-10135,TEC-COP-10130,2021-07-26,1740.22,7,372.46,0.0,7,2021,0.214
CA-2021-100773,CG-10075,TEC-ACC-10758,2022-08-24,680.25,6,269.71,0.0,8,2022,0.3965
CA-2021-100774,CG-10607,OFF-PAP-10388,2021-10-03,375.07,10,-40.75,0.0,10,2021,-0.1086
CA-2021-100775,CG-10049,OFF-ART-10292,2023-11-08,1180.28,2,-25.48,0.1,11,2023,-0.0216
CA-2021-100776,CG-10101,OFF-ENV-10280,2022-01-01,93.45,4,10.42,0.4,1,2022,0.1115
CA-2021-100777,CG-10144,OFF-BIN-10028,2021-12-13,1879.02,5,666.51,0.0,12,2021,0.3547
CA-2021-100778,CG-10749,FUR-TAB-10940,2021-01-14,1666.68,1,-130.19,0.3,1,2021,-0.0781
CA-2021-100779,CG-10362,TEC-PHO-10334,2023-06-30,991.58,2,392.51,0.0,6,2023,0.3958
CA-2021-100780,CG-10039,TEC-MAC-10194,2022-07-20,1264.94,9,283.46,0.0,7,2022,0.2241
CA-2021-100781,CG-10481,TEC-PHO-10289,2021-01-17,282.38,7,57.61,0.1,1,2021,0.204
CA-2021-100782,CG-10571,FUR-CHA-10428,2023-11-24,1449.33,4,87.82,0.0,11,2023,0.0606
CA-2021-100783,CG-10299,OFF-FAS-10612,2022-04-26,703.92,9,229.99,0.0,4,2022,0.3267
CA-2021-100784,CG-10253,TEC-COP-10979,2022-08-29,445.67,5,170.08,0.4,8,2022,0.3816
CA-2021-100785,CG-10615,TEC-PHO-10274,2022-12-13,802.2,3,243.93,0.5,12,2022,0.3041
CA-2021-100786,CG-10435,FUR-FUR-10745,2021-05-05,1545.88,5,72.25,0.3,5,2021,0.0467
CA-2021-100787,CG-10628,OFF-LAB-10973,2022-09-24,825.52,10,100.39,0.0,9,2022,0.1216
CA-2021-100788,CG-10370,FUR-FUR-10880,2021-07-04,1412.41,6,272.54,0.0,7,2021,0.193
CA-2021-100789,CG-10020,FUR-BOO-10810,2021-11-27,669.69,4,243.77,0.1,11,2021,0.364
CA-2021-100790,CG-10386,FUR-TAB-10882,2022-08-03,58.25,4,-2.13,0.0,8,2022,-0.0366
CA-2021-100791,CG-10097,FUR-CHA-10803,2023-10-31,1409.94,7,-269.52,0.0,10,2023,-0.1912
CA-2021-100792,CG-10385,OFF-SUP-10574,2021-02-17,555.36,4,-23.01,0.0,2,2021,-0.0414
CA-2021-100793,CG-10781,OFF-APP-10591,2023-12-29,496.78,1,117.51,0.5,12,2023,0.2365
CA-2021-100794,CG-10097,OFF-BIN-10085,2023-07-05,958.84,2,-0.52,0.2,7,2023,-0.0005
CA-2021-100795,CG-10421,OFF-PAP-10329,2023-12-08,1680.9,4,437.78,0.0,12,2023,0.2604
CA-2021-100796,CG-10667,TEC-COP-10526,2021-01-12,1383.89,9,176.24,0.5,1,2021,0.1274
CA-2021-100797,CG-10532,TEC-PHO-10890,2021-08-04,1401.52,7,356.17,0.0,8,2021,0.2541
CA-2021-100798,CG-10408,FUR-FUR-10737,2023-10-12,1256.07,9,-145.81,0.5,10,2023,-0.1161
CA-2021-100799,CG-10628,OFF-SUP-10483,2022-10-23,1780.19,10,-204.88,0.0,10,2022,-0.1151
CA-2021-100800,CG-10153,FUR-BOO-10204,2021-10-05,1053.51,8,-9.89,0.0,10,2021,-0.0094
CA-2021-100801,CG-10353,FUR-FUR-10840,2022-11-09,131.6,8,-21.05,0.0,11,2022,-0.16
CA-2021-100802,CG-10105,TEC-MAC-10577,2023-01-23,1536.31,5,-235.85,0.1,1,2023,-0.1535
CA-2021-100803,CG-10214,FUR-FUR-10951,2022-11-08,1546.24,10,587.56,0.2,11,2022,0.38
CA-2021-100804,CG-10140,FUR-TAB-10334,2021-12-04,1750.48,6,590.91,0.0,12,2021,0.3376
CA-2021-100805,CG-10543,TEC-PHO-10728,2022-05-09,792.56,7,10.3,0.5,5,2022,0.013
CA-2021-100806,CG-10667,OFF-SUP-10789,2023-06-24,1393.25,5,187.73,0.0,6,2023,0.1347
CA-2021-100807,CG-10200,OFF-FAS-10600,2022-03-14,1123.99,4,27.56,0.4,3,2022,0.0245
CA-2021-100808,CG-10657,OFF-STO-10280,2023-01-26,1010.56,1,-181.78,0.2,1,2023,-0.1799
CA-2021-100809,CG-10039,FUR-CHA-10722,2023-08-23,1268.16,8,106.61,0.0,8,2023,0.0841
CA-2021-100810,CG-10321,FUR-TAB-10340,2021-06-19,1669.79,2,110.25,0.0,6,2021,0.066
CA-2021-100811,CG-10066,OFF-ART-10085,2023-01-21,38.2,7,11.56,0.4,1,2023,0.3026
CA-2021-100812,CG-10318,OFF-LAB-10477,2022-07-19,405.38,9,-39.01,0.4,7,2022,-0.0962
CA-2021-100813,CG-10325,TEC-PHO-10222,2023-08-07,241.36,2,57.38,0.0,8,2023,0.2377
CA-2021-100814,CG-10317,OFF-PAP-10285,2021-06-16,1887.04,5,468.83,0.1,6,2021,0.2484
CA-2021-100815,CG-10265,TEC-MAC-10363,2023-04-28,1672.2,5,-156.74,0.1,4,2023,-0.0937
CA-2021-100816,CG-10159,OFF-ENV-10355,2023-12-08,1660.71,3,614.13,0.0,12,2023,0.3698
CA-2021-100817,CG-10264,TEC-MAC-10529,2022-03-01,1402.31,9,-204.1,0.2,3,2022,-0.1455
CA-2021-100818,CG-10330,TEC-ACC-10162,2023-09-01,939.82,6,129.94,0.3,9,2023,0.1383
CA-2021-100819,CG-10559,OFF-ENV-10607,2022-11-21,1806.93,3,-29.33,0.3,11,2022,-0.0162
CA-2021-100820,CG-10694,TEC-COP-10431,2023-03-29,1669.85,5,268.12,0.3,3,2023,0.1606
CA-2021-100821,CG-10133,OFF-FAS-10811,2021-02-28,1029.29,5,381.76,0.1,2,2021,0.3709
CA-2021-100822,CG-10308,FUR-BOO-10447,2023-07-29,339.03,1,-27.04,0.0,7,2023,-0.0798
CA-2021-100823,CG-10102,TEC-ACC-10934,2021-11-12,1115.14,6,96.36,0.0,11,2021,0.0864
CA-2021-100824,CG-10409,TEC-COP-10611,2023-08-08,493.06,2,-60.6,0.4,8,2023,-0.1229
CA-2021-100825,CG-10786,TEC-PHO-10625,2022-12-12,1343.05,10,-89.96,0.0,12,2022,-0.067
CA-2021-100826,CG-10347,OFF-STO-10291,2022-04-17,1004.9,1,-18.93,0.1,4,2022,-0.0188
CA-2021-100827,CG-10476,OFF-PAP-10671,2021-03-13,1917.44,7,-195.34,0.0,3,2021,-0.1019
CA-2021-100828,CG-10432,FUR-TAB-10759,2022-10-16,1153.62,7,-222.7,0.5,10,2022,-0.193
CA-2021-100829,CG-10434,FUR-FUR-10007,2023-10-26,1564.2,6,-208.03,0.3,10,2023,-0.133
CA-2021-100830,CG-10040,TEC-MAC-10910,2022-02-09,1627.54,8,-278.1,0.4,2,2022,-0.1709
CA-2021-100831,CG-10300,TEC-MAC-10304,2022-06-01,681.55,5,85.64,0.0,6,2022,0.1257
CA-2021-100832,CG-10129,FUR-CHA-10914,2023-01-02,82.86,7,-7.86,0.1,1,2023,-0.0949
CA-2021-100833,CG-10381,OFF-PAP-10391,2022-05-15,1808.13,9,-317.54,0.5,5,2022,-0.1756
CA-2021-100834,CG-10738,TEC-PHO-10812,2022-11-23,1501.04,7,-280.05,0.4,11,2022,-0.1866
CA-2021-100835,CG-10220,TEC-MAC-10283,2022-09-13,1032.94,4,25.35,0.0,9,2022,0.0245
CA-2021-100836,CG-10424,TEC-PHO-10613,2023-03-28,1359.63,5,60.24,0.0,3,2023,0.0443
CA-2021-100837,CG-10745,OFF-STO-10650,2022-03-30,45.97,6,-7.44,0.1,3,2022,-0.1618
CA-2021-100838,CG-10455,OFF-SUP-10545,2023-03-08,1860.45,1,8.11,0.3,3,2023,0.0044
CA-2021-100839,CG-10085,FUR-FUR-10298,2022-06-08,74.21,10,13.27,0.0,6,2022,0.1788
CA-2021-100840,CG-10425,OFF-PAP-10240,2023-08-16,320.24,10,55.9,0.0,8,2023,0.1746
CA-2021-100841,CG-10113,TEC-ACC-10563,2023-02-15,1898.15,2,71.09,0.0,2,2023,0.0375
CA-2021-100842,CG-10514,OFF-BIN-10506,2023-05-07,564.97,6,112.17,0.0,5,2023,0.1985
CA-2021-100843,CG-10781,OFF-APP-10392,2023-07-10,1848.58,3,-49.83,0.4,7,2023,-0.027
CA-2021-100844,CG-10613,TEC-COP-10624,2023-05-07,385.86,1,-45.09,0.1,5,2023,-0.1169
CA-2021-100845,CG-10165,FUR-FUR-10483,2021-07-06,55.21,10,7.25,0.4,7,2021,0.1313
CA-2021-100846,CG-10250,FUR-BOO-10996,2021-09-29,138.98,1,20.37,0.1,9,2021,0.1466
CA-2021-100847,CG-10007,TEC-PHO-10887,2022-11-10,1841.11,3,142.37,0.1,11,2022,0.0773
CA-2021-100848,CG-10449,OFF-FAS-10848,2021-05-25,840.01,5,192.76,0.0,5,2021,0.2295
CA-2021-100849,CG-10149,FUR-BOO-10375,2023-03-30,1855.51,8,505.54,0.4,3,2023,0.2725
CA-2021-100850,CG-10469,TEC-MAC-10302,2021-10-18,1593.15,4,-225.79,0.2,10,2021,-0.1417
CA-2021-100851,CG-10534,OFF-ENV-10730,2023-07-12,523.26,5,134.37,0.0,7,2023,0.2568
CA-2021-100852,CG-10150,OFF-ART-10028,2022-09-17,1429.03,5,351.88,0.0,9,2022,0.2462
CA-2021-100853,CG-10352,TEC-MAC-10535,2021-10-31,34.01,6,2.93,0.4,10,2021,0.0862
CA-2021-100854,CG-10684,OFF-PAP-10229,2021-12-13,1055.22,3,356.96,0.5,12,2021,0.3383
CA-2021-100855,CG-10759,OFF-STO-10641,2022-02-08,1002.59,10,304.77,0.0,2,2022,0.304
CA-2021-100856,CG-10457,OFF-SUP-10816,2021-05-18,1111.04,9,424.71,0.0,5,2021,0.3823
CA-2021-100857,CG-10565,FUR-TAB-10927,2022-04-13,1437.59,3,557.25,0.0,4,2022,0.3876
CA-2021-100858,CG-10326,TEC-MAC-10452,2021-05-05,462.9,10,36.37,0.5,5,2021,0.0786
CA-2021-100859,CG-10595,OFF-BIN-10603,2021-07-24,1182.86,10,-23.68,0.5,7,2021,-0.02
CA-2021-100860,CG-10336,TEC-COP-10270,2021-01-02,1511.57,10,144.45,0.2,1,2021,0.0956
CA-2021-100861,CG-10499,FUR-BOO-10167,2022-07-18,1126.92,5,-150.01,0.5,7,2022,-0.1331
CA-2021-100862,CG-10198,FUR-FUR-10327,2022-09-16,1851.34,8,338.29,0.3,9,2022,0.1827
CA-2021-100863,CG-10331,TEC-COP-10624,2021-07-30,607.12,10,86.58,0.1,7,2021,0.1426
CA-2021-100864,CG-10483,FUR-BOO-10744,2023-11-24,1310.45,7,-82.25,0.2,11,2023,-0.0628
CA-2021-100865,CG-10056,TEC-MAC-10785,2023-07-11,856.34,7,-168.35,0.4,7,2023,-0.1966
CA-2021-100866,CG-10391,FUR-TAB-10816,2022-03-04,1436.18,5,-266.83,0.3,3,2022,-0.1858
CA-2021-100867,CG-10047,TEC-COP-10255,2022-07-16,158.11,3,36.95,0.3,7,2022,0.2337
CA-2021-100868,CG-10291,TEC-COP-10332,2021-05-02,121.67,6,14.93,0.2,5,2021,0.1227
CA-2021-100869,CG-10251,TEC-COP-10570,2021-11-07,309.33,5,42.41,0.1,11,2021,0.1371
CA-2021-100870,CG-10765,OFF-LAB-10471,2021-10-15,1542.11,6,529.04,0.3,10,2021,0.3431
CA-2021-100871,CG-10437,OFF-BIN-10934,2022-06-15,1211.2,1,-155.62,0.0,6,2022,-0.1285
CA-2021-100872,CG-10649,OFF-LAB-10997,2023-06-15,1919.98,6,-58.39,0.5,6,2023,-0.0304
CA-2021-100873,CG-10769,FUR-TAB-10462,2023-11-18,1704.46,10,282.97,0.5,11,2023,0.166
CA-2021-100874,CG-10021,FUR-BOO-10019,2021-05-30,1299.2,6,151.52,0.5,5,2021,0.1166
CA-2021-100875,CG-10788,FUR-BOO-10193,2023-05-25,525.12,4,62.71,0.3,5,2023,0.1194
CA-2021-100876,CG-10070,FUR-TAB-10206,2022-09-24,210.78,9,56.42,0.0,9,2022,0.2677
CA-2021-100877,CG-10126,FUR-FUR-10389,2022-07-10,1873.24,4,-343.97,0.3,7,2022,-0.1836
CA-2021-100878,CG-10518,OFF-PAP-10774,2023-03-29,419.21,7,-60.49,0.0,3,2023,-0.1443
CA-2021-100879,CG-10519,FUR-FUR-10967,2023-01-04,1990.76,7,-146.93,0.1,1,2023,-0.0738
CA-2021-100880,CG-10066,FUR-CHA-10666,2023-02-18,845.83,2,13.73,0.3,2,2023,0.0162
CA-2021-100881,CG-10181,OFF-PAP-10143,2021-02-02,1461.96,6,-168.94,0.0,2,2021,-0.1156
CA-2021-100882,CG-10429,OFF-LAB-10373,2021-05-06,1606.74,5,274.0,0.3,5,2021,0.1705
CA-2021-100883,CG-10026,FUR-CHA-10935,2023-10-16,619.07,6,107.19,0.2,10,2023,0.1731
CA-2021-100884,CG-10429,FUR-FUR-10876,2023-12-12,324.76,1,109.87,0.3,12,2023,0.3383
CA-2021-100885,CG-10628,OFF-ART-10766,2021-01-02,957.72,5,-6.01,0.0,1,2021,-0.0063
CA-2021-100886,CG-10734,FUR-TAB-10231,2022-03-26,268.32,3,52.46,0.1,3,2022,0.1955
CA-2021-100887,CG-10335,FUR-BOO-10765,2022-11-05,1948.17,10,498.61,0.2,11,2022,0.2559
CA-2021-100888,CG-10011,TEC-PHO-10643,2022-02-10,38.5,1,-3.96,0.1,2,2022,-0.1029
CA-2021-100889,CG-10671,OFF-PAP-10261,2022-03-16,1246.41,9,-161.17,0.5,3,2022,-0.1293
CA-2021-100890,CG-10436,OFF-SUP-10232,2023-07-24,202.04,6,-32.76,0.2,7,2023,-0.1621
CA-2021-100891,CG-10516,FUR-CHA-10860,2022-08-29,1747.88,5,107.84,0.5,8,2022,0.0617
CA-2021-100892,CG-10545,FUR-CHA-10383,2022-02-11,1491.75,9,205.46,0.0,2,2022,0.1377
CA-2021-100893,CG-10050,FUR-TAB-10915,2022-04-09,1861.99,3,586.48,0.4,4,2022,0.315
CA-2021-100894,CG-10213,OFF-ENV-10773,2021-10-06,1876.91,1,-92.35,0.0,10,2021,-0.0492
CA-2021-100895,CG-10400,FUR-TAB-10231,2023-09-12,328.9,4,89.39,0.4,9,2023,0.2718
CA-2021-100896,CG-10778,FUR-FUR-10536,2021-09-10,1481.91,3,97.85,0.1,9,2021,0.066
CA-2021-100897,CG-10278,TEC-COP-10436,2022-04-21,882.16,2,-95.09,0.5,4,2022,-0.1078
CA-2021-100898,CG-10718,FUR-FUR-10885,2022-08-20,1050.45,2,-58.01,0.3,8,2022,-0.0552
CA-2021-100899,CG-10013,OFF-APP-10226,2022-05-31,1020.57,7,397.87,0.2,5,2022,0.3899
CA-2021-100900,CG-10043,OFF-APP-10589,2021-08-01,1654.26,8,271.26,0.4,8,2021,0.164
CA-2021-100901,CG-10355,FUR-TAB-10962,2023-01-09,1348.49,10,389.94,0.4,1,2023,0.2892
CA-2021-100902,CG-10029,TEC-COP-10360,2021-02-22,1138.19,1,-160.16,0.3,2,2021,-0.1407
CA-2021-100903,CG-10758,OFF-PAP-10341,2021-04-08,921.83,5,-68.56,0.0,4,2021,-0.0744
CA-2021-100904,CG-10654,TEC-ACC-10359,2022-10-11,618.61,2,-7.58,0.4,10,2022,-0.0123
CA-2021-100905,CG-10774,OFF-ENV-10203,2021-11-23,652.29,2,97.26,0.1,11,2021,0.1491
CA-2021-100906,CG-10106,FUR-FUR-10331,2022-06-24,1434.62,9,54.59,0.3,6,2022,0.0381
CA-2021-100907,CG-10251,OFF-LAB-10012,2022-05-19,318.47,5,30.79,0.0,5,2022,0.0967
CA-2021-100908,CG-10642,FUR-CHA-10822,2023-09-17,883.51,9,41.87,0.1,9,2023,0.0474
CA-2021-100909,CG-10329,OFF-ENV-10098,2023-01-17,647.11,6,242.57,0.0,1,2023,0.3749
CA-2021-100910,CG-10476,TEC-COP-10509,2022-10-05,1616.43,10,375.11,0.1,10,2022,0.2321
CA-2021-100911,CG-10723,OFF-STO-10977,2021-12-17,1124.32,9,379.46,0.0,12,2021,0.3375
CA-2021-100912,CG-10677,OFF-APP-10338,2021-02-26,1199.5,7,469.87,0.0,2,2021,0.3917
CA-2021-100913,CG-10729,TEC-COP-10628,2021-10-23,1083.83,10,344.27,0.3,10,2021,0.3176
CA-2021-100914,CG-10664,TEC-COP-10096,2021-11-27,397.29,10,119.76,0.0,11,2021,0.3014
CA-2021-100915,CG-10363,TEC-COP-10092,2023-04-15,1395.87,3,-125.92,0.3,4,2023,-0.0902
CA-2021-100916,CG-10536,OFF-FAS-10699,2022-02-15,708.89,2,50.36,0.3,2,2022,0.071
CA-2021-100917,CG-10071,FUR-TAB-10186,2021-01-04,35.03,6,-0.57,0.4,1,2021,-0.0163
CA-2021-100918,CG-10723,FUR-BOO-10031,2021-07-18,1369.53,3,197.75,0.3,7,2021,0.1444
CA-2021-100919,CG-10197,FUR-CHA-10950,2022-10-01,224.47,3,76.35,0.0,10,2022,0.3401
CA-2021-100920,CG-10245,TEC-COP-10060,2023-07-07,1340.72,2,-70.08,0.3,7,2023,-0.0523
CA-2021-100921,CG-10289,TEC-PHO-10966,2023-12-01,1330.39,6,338.12,0.4,12,2023,0.2542
CA-2021-100922,CG-10624,OFF-FAS-10540,2023-06-11,173.95,1,-23.9,0.5,6,2023,-0.1374
CA-2021-100923,CG-10547,FUR-CHA-10360,2022-09-21,1498.22,10,276.51,0.0,9,2022,0.1846
CA-2021-100924,CG-10219,FUR-FUR-10074,2023-11-08,1699.95,9,354.75,0.3,11,2023,0.2087
CA-2021-100925,CG-10705,FUR-FUR-10181,2022-02-28,1284.44,1,453.73,0.0,2,2022,0.3533
CA-2021-100926,CG-10432,FUR-BOO-10209,2023-04-04,320.3,10,55.43,0.1,4,2023,0.1731
CA-2021-100927,CG-10499,TEC-MAC-10042,2023-04-19,30.35,7,-1.01,0.4,4,2023,-0.0333
CA-2021-100928,CG-10068,OFF-ART-10978,2022-04-02,1278.82,2,436.5,0.0,4,2022,0.3413
CA-2021-100929,CG-10404,TEC-COP-10130,2022-08-07,580.01,10,-78.25,0.2,8,2022,-0.1349
CA-2021-100930,CG-10247,FUR-FUR-10452,2023-09-08,231.7,1,-20.69,0.4,9,2023,-0.0893
CA-2021-100931,CG-10256,FUR-TAB-10400,2022-03-07,642.66,10,237.24,0.0,3,2022,0.3692
CA-2021-100932,CG-10025,FUR-BOO-10570,2023-11-02,458.22,4,89.26,0.3,11,2023,0.1948
CA-2021-100933,CG-10741,FUR-BOO-10700,2021-04-27,1372.68,7,234.94,0.0,4,2021,0.1712
CA-2021-100934,CG-10577,FUR-FUR-10959,2021-01-08,126.25,7,39.67,0.0,1,2021,0.3142
CA-2021-100935,CG-10353,TEC-COP-10549,2022-08-02,1235.94,8,259.21,0.1,8,2022,0.2097
CA-2021-100936,CG-10757,FUR-TAB-10470,2022-08-11,1464.65,7,482.11,0.2,8,2022,0.3292
CA-2021-100937,CG-10427,TEC-ACC-10474,2023-04-04,1681.87,6,614.1,0.1,4,2023,0.3651
CA-2021-100938,CG-10582,OFF-ENV-10921,2023-03-28,1449.38,4,-101.2,0.1,3,2023,-0.0698
CA-2021-100939,CG-10307,TEC-COP-10345,2023-02-07,620.73,7,50.99,0.0,2,2023,0.0821
CA-2021-100940,CG-10581,FUR-FUR-10656,2023-11-26,368.83,8,79.81,0.0,11,2023,0.2164
CA-2021-100941,CG-10323,TEC-ACC-10692,2021-11-05,639.82,4,164.8,0.0,11,2021,0.2576
CA-2021-100942,CG-10365,FUR-CHA-10860,2021-02-13,1841.14,1,573.63,0.3,2,2021,0.3116
CA-2021-100943,CG-10155,OFF-ENV-10162,2023-07-04,683.86,3,-12.35,0.2,7,2023,-0.0181
CA-2021-100944,CG-10455,TEC-COP-10388,2022-07-30,1697.51,4,336.65,0.0,7,2022,0.1983
CA-2021-100945,CG-10687,FUR-CHA-10070,2023-01-13,1173.93,3,394.9,0.5,1,2023,0.3364
CA-2021-100946,CG-10363,FUR-BOO-10173,2023-03-18,230.83,4,-5.68,0.3,3,2023,-0.0246
CA-2021-100947,CG-10053,OFF-BIN-10459,2023-11-18,1964.25,1,-17.4,0.5,11,2023,-0.0089
CA-2021-100948,CG-10133,OFF-LAB-10309,2022-07-13,1990.24,8,-0.49,0.0,7,2022,-0.0002
CA-2021-100949,CG-10416,FUR-FUR-10565,2023-02-18,81.61,5,0.11,0.4,2,2023,0.0013
CA-2021-100950,CG-10023,OFF-APP-10382,2022-07-01,1827.58,2,579.14,0.3,7,2022,0.3169
CA-2021-100951,CG-10159,FUR-TAB-10804,2021-06-28,160.07,1,51.56,0.3,6,2021,0.3221
CA-2021-100952,CG-10003,FUR-CHA-10734,2021-04-26,286.04,2,-41.47,0.0,4,2021,-0.145
CA-2021-100953,CG-10480,OFF-ENV-10453,2023-12-21,957.33,4,156.31,0.5,12,2023,0.1633
CA-2021-100954,CG-10716,TEC-PHO-10868,2021-06-12,1948.64,5,637.02,0.0,6,2021,0.3269
CA-2021-100955,CG-10223,FUR-TAB-10543,2023-03-20,1673.72,5,174.05,0.4,3,2023,0.104
CA-2021-100956,CG-10634,TEC-MAC-10012,2022-07-31,330.92,1,31.89,0.0,7,2022,0.0964
CA-2021-100957,CG-10461,TEC-PHO-10307,2022-10-15,1545.06,6,218.66,0.0,10,2022,0.1415
CA-2021-100958,CG-10332,OFF-ENV-10145,2022-01-25,1178.59,1,54.03,0.3,1,2022,0.0458
CA-2021-100959,CG-10409,OFF-FAS-10154,2021-02-20,287.47,6,113.22,0.4,2,2021,0.3938
CA-2021-100960,CG-10509,FUR-TAB-10233,2021-07-14,788.67,3,1.88,0.2,7,2021,0.0024
CA-2021-100961,CG-10361,OFF-PAP-10622,2023-06-06,1895.19,3,722.94,0.5,6,2023,0.3815
CA-2021-100962,CG-10646,FUR-TAB-10626,2023-11-29,1609.21,7,-309.32,0.5,11,2023,-0.1922
CA-2021-100963,CG-10064,TEC-ACC-10214,2023-12-21,688.78,6,14.97,0.0,12,2023,0.0217
CA-2021-100964,CG-10715,TEC-ACC-10725,2022-10-03,1832.32,8,243.69,0.2,10,2022,0.133
CA-2021-100965,CG-10393,TEC-ACC-10541,2022-05-26,1130.96,1,120.53,0.3,5,2022,0.1066
CA-2021-100966,CG-10060,OFF-APP-10335,2021-05-18,785.26,4,178.37,0.2,5,2021,0.2271
CA-2021-100967,CG-10661,TEC-COP-10751,2021-10-27,552.79,6,216.24,0.5,10,2021,0.3912
CA-2021-100968,CG-10305,TEC-ACC-10029,2023-12-09,1013.22,4,54.51,0.4,12,2023,0.0538
CA-2021-100969,CG-10608,TEC-COP-10282,2021-06-11,935.23,3,164.16,0.5,6,2021,0.1755
CA-2021-100970,CG-10565,TEC-COP-10563,2022-08-07,1177.1,6,-147.9,0.0,8,2022,-0.1256
CA-2021-100971,CG-10579,TEC-COP-10740,2022-10-26,364.22,10,67.81,0.0,10,2022,0.1862
CA-2021-100972,CG-10730,TEC-ACC-10083,2023-10-15,1854.63,3,-257.14,0.0,10,2023,-0.1386
CA-2021-100973,CG-10711,OFF-STO-10162,2023-10-06,1094.77,9,202.63,0.4,10,2023,0.1851
CA-2021-100974,CG-10490,OFF-BIN-10977,2022-05-06,1293.07,9,-217.9,0.0,5,2022,-0.1685
CA-2021-100975,CG-10504,TEC-MAC-10563,2022-10-24,1514.37,7,160.75,0.0,10,2022,0.1061
CA-2021-100976,CG-10595,FUR-TAB-10155,2021-03-15,466.72,8,4.49,0.0,3,2021,0.0096
CA-2021-100977,CG-10342,FUR-BOO-10666,2022-06-29,754.86,7,227.13,0.0,6,2022,0.3009
CA-2021-100978,CG-10042,OFF-LAB-10777,2023-07-02,1935.79,9,-149.53,0.4,7,2023,-0.0772
CA-2021-100979,CG-10580,TEC-MAC-10012,2022-03-15,1637.54,6,-274.09,0.5,3,2022,-0.1674
CA-2021-100980,CG-10616,FUR-BOO-10814,2022-02-27,1894.12,7,141.55,0.3,2,2022,0.0747
CA-2021-100981,CG-10000,FUR-CHA-10099,2021-08-08,1706.84,10,536.46,0.0,8,2021,0.3143
CA-2021-100982,CG-10304,OFF-BIN-10269,2022-01-26,1486.27,6,-47.58,0.0,1,2022,-0.032
CA-2021-100983,CG-10593,FUR-CHA-10719,2021-03-04,357.42,2,83.95,0.0,3,2021,0.2349
CA-2021-100984,CG-10476,OFF-STO-10672,2021-11-10,139.66,7,-24.82,0.0,11,2021,-0.1777
CA-2021-100985,CG-10240,OFF-APP-10894,2023-09-09,1605.86,1,606.88,0.2,9,2023,0.3779
CA-2021-100986,CG-10467,OFF-SUP-10743,2023-09-28,470.73,1,8.67,0.2,9,2023,0.0184
CA-2021-100987,CG-10478,TEC-ACC-10691,2022-10-19,1282.24,7,189.93,0.0,10,2022,0.1481
CA-2021-100988,CG-10461,OFF-ENV-10351,2023-06-04,1208.28,3,428.74,0.3,6,2023,0.3548
CA-2021-100989,CG-10709,TEC-ACC-10532,2022-12-01,1269.07,3,490.29,0.0,12,2022,0.3863
CA-2021-100990,CG-10500,TEC-PHO-10535,2022-06-06,1332.63,3,280.39,0.1,6,2022,0.2104
CA-2021-100991,CG-10159,OFF-BIN-10507,2022-12-21,821.92,2,151.46,0.1,12,2022,0.1843
CA-2021-100992,CG-10024,FUR-BOO-10190,2022-05-11,818.18,4,303.49,0.0,5,2022,0.3709
CA-2021-100993,CG-10010,TEC-PHO-10383,2021-05-18,910.67,2,334.15,0.4,5,2021,0.3669
CA-2021-100994,CG-10327,OFF-FAS-10881,2023-09-07,1233.46,1,476.37,0.5,9,2023,0.3862
CA-2021-100995,CG-10039,TEC-PHO-10084,2023-05-16,1178.38,6,467.56,0.5,5,2023,0.3968
CA-2021-100996,CG-10565,TEC-PHO-10097,2023-07-21,1500.61,4,-269.2,0.5,7,2023,-0.1794
CA-2021-100997,CG-10548,TEC-ACC-10714,2021-02-27,894.42,9,69.68,0.0,2,2021,0.0779
CA-2021-100998,CG-10112,OFF-ART-10497,2023-07-15,1708.57,1,274.52,0.2,7,2023,0.1607
CA-2021-100999,CG-10234,FUR-FUR-10168,2021-12-28,759.67,5,-50.1,0.0,12,2021,-0.0659
CA-2021-101000,CG-10650,FUR-CHA-10285,2023-06-17,739.68,7,166.46,0.0,6,2023,0.225
CA-2021-101001,CG-10140,TEC-COP-10680,2021-05-18,183.61,6,7.49,0.5,5,2021,0.0408
CA-2021-101002,CG-10573,OFF-SUP-10136,2023-02-04,533.38,2,79.62,0.0,2,2023,0.1493
CA-2021-101003,CG-10599,TEC-COP-10942,2021-01-23,129.39,1,14.85,0.0,1,2021,0.1148
CA-2021-101004,CG-10566,OFF-BIN-10683,2022-01-22,954.77,8,-134.21,0.1,1,2022,-0.1406
CA-2021-101005,CG-10640,TEC-ACC-10770,2021-05-20,1031.64,2,-53.4,0.0,5,2021,-0.0518
CA-2021-101006,CG-10766,FUR-BOO-10661,2023-03-20,393.29,6,27.49,0.4,3,2023,0.0699
CA-2021-101007,CG-10427,TEC-ACC-10791,2022-05-10,1047.3,8,62.47,0.0,5,2022,0.0596
CA-2021-101008,CG-10315,FUR-BOO-10480,2022-07-23,568.86,6,171.68,0.2,7,2022,0.3018
CA-2021-101009,CG-10295,FUR-FUR-10928,2022-12-03,1038.83,2,184.36,0.2,12,2022,0.1775
CA-2021-101010,CG-10685,TEC-ACC-10194,2022-12-15,391.77,6,-12.88,0.4,12,2022,-0.0329
CA-2021-101011,CG-10653,TEC-MAC-10187,2022-10-20,1598.08,10,-207.23,0.0,10,2022,-0.1297
CA-2021-101012,CG-10260,OFF-ENV-10832,2022-05-19,973.84,5,119.24,0.5,5,2022,0.1224
CA-2021-101013,CG-10523,OFF-LAB-10437,2021-05-17,1625.86,5,118.45,0.5,5,2021,0.0729
CA-2021-101014,CG-10778,OFF-STO-10561,2023-09-03,779.9,2,-71.23,0.0,9,2023,-0.0913
CA-2021-101015,CG-10010,OFF-ART-10291,2021-07-16,1376.58,4,460.86,0.0,7,2021,0.3348
CA-2021-101016,CG-10023,FUR-TAB-10825,2022-03-28,1211.29,5,368.79,0.3,3,2022,0.3045
CA-2021-101017,CG-10097,FUR-CHA-10624,2021-11-25,1146.77,10,327.67,0.2,11,2021,0.2857
CA-2021-101018,CG-10456,FUR-TAB-10729,2022-07-27,16.31,5,2.41,0.4,7,2022,0.1478
CA-2021-101019,CG-10210,OFF-ART-10329,2023-02-27,1233.96,7,153.95,0.0,2,2023,0.1248
CA-2021-101020,CG-10615,OFF-SUP-10212,2023-03-06,889.96,4,-100.82,0.3,3,2023,-0.1133
CA-2021-101021,CG-10024,OFF-ENV-10463,2023-04-10,505.04,5,13.97,0.1,4,2023,0.0277
CA-2021-101022,CG-10091,FUR-FUR-10375,2022-12-08,768.13,8,180.13,0.4,12,2022,0.2345
CA-2021-101023,CG-10373,OFF-ART-10094,2021-12-12,1708.76,9,525.51,0.1,12,2021,0.3075
CA-2021-101024,CG-10446,TEC-PHO-10170,2022-05-28,1055.26,5,-116.69,0.5,5,2022,-0.1106
CA-2021-101025,CG-10171,FUR-TAB-10068,2021-07-08,113.77,3,14.65,0.2,7,2021,0.1288
CA-2021-101026,CG-10546,FUR-BOO-10784,2022-01-02,257.03,8,60.13,0.3,1,2022,0.2339
CA-2021-101027,CG-10159,TEC-PHO-10473,2023-10-23,1790.73,7,-178.71,0.0,10,2023,-0.0998
CA-2021-101028,CG-10139,OFF-ART-10693,2021-08-14,503.95,10,-80.51,0.0,8,2021,-0.1598
CA-2021-101029,CG-10769,OFF-SUP-10129,2023-04-08,938.57,9,255.13,0.3,4,2023,0.2718
CA-2021-101030,CG-10382,FUR-CHA-10220,2023-01-23,603.9,10,17.84,0.4,1,2023,0.0295
CA-2021-101031,CG-10016,TEC-ACC-10477,2023-07-11,1184.96,3,44.81,0.2,7,2023,0.0378
CA-2021-101032,CG-10302,OFF-ENV-10908,2022-02-24,269.52,1,99.35,0.1,2,2022,0.3686
CA-2021-101033,CG-10069,OFF-STO-10011,2022-08-26,1643.98,9,-288.82,0.5,8,2022,-0.1757
CA-2021-101034,CG-10342,FUR-BOO-10291,2021-05-03,1023.92,9,-189.95,0.3,5,2021,-0.1855
CA-2021-101035,CG-10157,FUR-CHA-10749,2023-06-17,980.16,9,195.83,0.0,6,2023,0.1998
CA-2021-101036,CG-10403,TEC-MAC-10976,2021-10-22,1526.6,4,259.71,0.0,10,2021,0.1701
CA-2021-101037,CG-10215,FUR-FUR-10744,2022-02-01,1600.95,3,205.3,0.4,2,2022,0.1282
CA-2021-101038,CG-10350,FUR-TAB-10590,2023-08-18,1850.4,8,-281.29,0.0,8,2023,-0.152
CA-2021-101039,CG-10231,TEC-MAC-10962,2022-10-31,319.64,10,90.69,0.2,10,2022,0.2837
CA-2021-101040,CG-10568,OFF-PAP-10948,2023-04-09,1904.68,5,-259.23,0.2,4,2023,-0.1361
CA-2021-101041,CG-10166,TEC-MAC-10948,2023-04-26,805.7,10,-16.56,0.3,4,2023,-0.0206
CA-2021-101042,CG-10315,OFF-FAS-10415,2023-06-05,834.3,1,302.48,0.3,6,2023,0.3626
CA-2021-101043,CG-10084,FUR-BOO-10153,2022-05-14,1611.01,6,255.81,0.0,5,2022,0.1588
CA-2021-101044,CG-10033,OFF-PAP-10682,2021-07-09,1618.12,3,-321.6,0.0,7,2021,-0.1987
CA-2021-101045,CG-10196,FUR-CHA-10607,2021-12-05,666.98,1,262.06,0.0,12,2021,0.3929
CA-2021-101046,CG-10508,TEC-PHO-10402,2022-08-06,139.24,10,-14.7,0.2,8,2022,-0.1056
CA-2021-101047,CG-10428,TEC-ACC-10246,2023-08-27,910.49,9,-21.68,0.2,8,2023,-0.0238
CA-2021-101048,CG-10129,FUR-TAB-10704,2021-03-17,126.91,2,-17.18,0.0,3,2021,-0.1354
CA-2021-101049,CG-10484,TEC-ACC-10196,2023-09-14,825.66,9,299.27,0.2,9,2023,0.3625
CA-2021-101050,CG-10474,FUR-CHA-10136,2021-03-06,1707.6,5,-150.38,0.4,3,2021,-0.0881
CA-2021-101051,CG-10256,TEC-COP-10043,2022-10-07,1137.47,3,365.7,0.0,10,2022,0.3215
CA-2021-101052,CG-10728,FUR-FUR-10107,2022-07-24,1444.36,7,379.17,0.0,7,2022,0.2625
CA-2021-101053,CG-10445,TEC-ACC-10551,2022-03-09,671.71,9,79.61,0.2,3,2022,0.1185
CA-2021-101054,CG-10474,OFF-LAB-10460,2022-08-06,45.65,10,3.87,0.0,8,2022,0.0848
CA-2021-101055,CG-10041,OFF-LAB-10440,2022-04-15,1809.72,5,-73.8,0.4,4,2022,-0.0408
CA-2021-101056,CG-10546,FUR-BOO-10947,2023-05-04,1008.49,5,98.81,0.0,5,2023,0.098
CA-2021-101057,CG-10491,TEC-MAC-10173,2021-12-29,1315.64,1,-200.23,0.4,12,2021,-0.1522
CA-2021-101058,CG-10316,OFF-APP-10078,2023-05-02,1812.85,4,30.56,0.0,5,2023,0.0169
CA-2021-101059,CG-10345,FUR-CHA-10492,2022-05-06,1559.54,5,-205.82,0.0,5,2022,-0.132
CA-2021-101060,CG-10558,TEC-MAC-10064,2021-06-20,1580.11,6,51.71,0.0,6,2021,0.0327
CA-2021-101061,CG-10030,FUR-BOO-10217,2021-11-25,1632.28,9,142.36,0.1,11,2021,0.0872
CA-2021-101062,CG-10203,FUR-FUR-10584,2021-05-18,461.23,8,14.93,0.5,5,2021,0.0324
CA-2021-101063,CG-10137,FUR-BOO-10607,2022-11-25,1501.97,1,476.43,0.3,11,2022,0.3172
CA-2021-101064,CG-10300,OFF-PAP-10712,2022-11-29,1253.64,1,-65.66,0.3,11,2022,-0.0524
CA-2021-101065,CG-10756,OFF-ART-10335,2022-07-29,1700.98,2,-263.54,0.3,7,2022,-0.1549
CA-2021-101066,CG-10786,TEC-PHO-10596,2021-10-09,1209.78,2,-159.66,0.3,10,2021,-0.132
CA-2021-101067,CG-10565,FUR-CHA-10319,2022-07-21,1684.52,9,483.37,0.0,7,2022,0.2869
CA-2021-101068,CG-10109,FUR-BOO-10554,2022-07-06,113.59,2,41.96,0.0,7,2022,0.3694
CA-2021-101069,CG-10481,OFF-ART-10755,2022-05-23,674.79,3,120.45,0.0,5,2022,0.1785
CA-2021-101070,CG-10060,TEC-ACC-10197,2023-04-16,1366.01,5,130.58,0.1,4,2023,0.0956
CA-2021-101071,CG-10723,OFF-ENV-10001,2021-10-06,1947.71,7,-74.76,0.2,10,2021,-0.0384
CA-2021-101072,CG-10135,OFF-BIN-10748,2022-06-03,265.1,3,100.82,0.0,6,2022,0.3803
CA-2021-101073,CG-10712,TEC-COP-10457,2021-09-30,560.33,2,107.09,0.0,9,2021,0.1911
CA-2021-101074,CG-10650,FUR-CHA-10890,2023-01-26,1954.73,7,129.1,0.2,1,2023,0.066
CA-2021-101075,CG-10474,TEC-ACC-10536,2023-10-01,1898.79,7,-92.53,0.0,10,2023,-0.0487
CA-2021-101076,CG-10484,FUR-FUR-10356,2021-08-15,289.99,5,16.15,0.0,8,2021,0.0557
CA-2021-101077,CG-10164,TEC-ACC-10799,2023-07-10,1379.98,5,521.78,0.5,7,2023,0.3781
CA-2021-101078,CG-10534,TEC-COP-10764,2023-02-27,1973.12,9,-264.61,0.0,2,2023,-0.1341
CA-2021-101079,CG-10642,FUR-CHA-10335,2021-08-08,1798.56,5,457.99,0.1,8,2021,0.2546
CA-2021-101080,CG-10257,TEC-COP-10685,2022-11-30,967.23,3,231.72,0.0,11,2022,0.2396
CA-2021-101081,CG-10365,TEC-MAC-10233,2021-07-16,948.99,4,-4.91,0.1,7,2021,-0.0052
CA-2021-101082,CG-10209,TEC-PHO-10105,2021-06-06,1134.67,3,52.7,0.1,6,2021,0.0464
CA-2021-101083,CG-10011,TEC-COP-10914,2021-10-05,1478.67,4,-209.8,0.3,10,2021,-0.1419
CA-2021-101084,CG-10554,FUR-BOO-10948,2022-04-30,246.37,5,-42.74,0.1,4,2022,-0.1735
CA-2021-101085,CG-10000,FUR-FUR-10569,2022-11-09,186.53,10,66.2,0.1,11,2022,0.3549
CA-2021-101086,CG-10239,FUR-CHA-10847,2021-07-19,1147.69,5,-111.05,0.1,7,2021,-0.0968
CA-2021-101087,CG-10120,FUR-TAB-10854,2022-08-28,131.94,8,22.59,0.1,8,2022,0.1712
CA-2021-101088,CG-10035,OFF-ART-10086,2021-05-10,1803.3,8,-352.41,0.4,5,2021,-0.1954
CA-2021-101089,CG-10272,FUR-TAB-10907,2021-05-30,835.96,7,183.75,0.1,5,2021,0.2198
CA-2021-101090,CG-10751,FUR-TAB-10384,2023-07-09,352.55,8,-3.72,0.2,7,2023,-0.0106
CA-2021-101091,CG-10573,TEC-COP-10054,2021-07-06,1166.99,3,-72.54,0.0,7,2021,-0.0622
CA-2021-101092,CG-10347,FUR-TAB-10340,2021-09-16,1816.92,9,-100.12,0.0,9,2021,-0.0551
CA-2021-101093,CG-10715,FUR-TAB-10073,2021-04-01,986.11,4,277.81,0.0,4,2021,0.2817
CA-2021-101094,CG-10027,TEC-PHO-10085,2022-10-22,337.62,5,-61.45,0.3,10,2022,-0.182
CA-2021-101095,CG-10058,FUR-CHA-10361,2021-06-19,388.94,2,105.09,0.5,6,2021,0.2702
CA-2021-101096,CG-10614,OFF-STO-10502,2023-10-30,586.82,5,-61.28,0.2,10,2023,-0.1044
CA-2021-101097,CG-10041,FUR-TAB-10613,2021-12-26,1528.83,9,-17.63,0.0,12,2021,-0.0115
CA-2021-101098,CG-10542,FUR-BOO-10241,2022-05-19,697.25,6,11.77,0.0,5,2022,0.0169
CA-2021-101099,CG-10590,FUR-BOO-10640,2023-11-14,1981.43,6,39.09,0.0,11,2023,0.0197
CA-2021-101100,CG-10790,FUR-FUR-10066,2022-03-02,826.27,10,141.17,0.5,3,2022,0.1709
CA-2021-101101,CG-10267,OFF-LAB-10560,2021-09-08,789.44,9,263.77,0.0,9,2021,0.3341
CA-2021-101102,CG-10158,OFF-BIN-10633,2023-11-23,762.39,4,30.36,0.0,11,2023,0.0398
CA-2021-101103,CG-10248,OFF-ART-10219,2023-12-05,1293.92,5,-27.75,0.4,12,2023,-0.0214
CA-2021-101104,CG-10160,OFF-APP-10412,2021-06-18,1748.15,7,642.05,0.2,6,2021,0.3673
CA-2021-101105,CG-10684,TEC-MAC-10811,2022-11-28,1369.53,5,514.3,0.1,11,2022,0.3755
CA-2021-101106,CG-10247,OFF-SUP-10850,2023-12-23,1833.39,1,437.2,0.1,12,2023,0.2385
CA-2021-101107,CG-10298,OFF-ART-10198,2023-08-12,1665.19,1,-295.53,0.3,8,2023,-0.1775
CA-2021-101108,CG-10538,OFF-ENV-10621,2021-09-08,1459.62,3,-213.05,0.0,9,2021,-0.146
CA-2021-101109,CG-10416,FUR-CHA-10776,2022-02-10,441.4,7,176.41,0.3,2,2022,0.3997
CA-2021-101110,CG-10213,OFF-STO-10797,2023-08-04,1718.17,9,-332.63,0.0,8,2023,-0.1936
CA-2021-101111,CG-10270,FUR-TAB-10938,2023-12-09,496.33,7,41.38,0.3,12,2023,0.0834
CA-2021-101112,CG-10318,TEC-ACC-10111,2023-03-14,1223.39,6,405.59,0.0,3,2023,0.3315
CA-2021-101113,CG-10199,OFF-BIN-10075,2022-04-19,1064.48,6,161.73,0.0,4,2022,0.1519
CA-2021-101114,CG-10133,OFF-APP-10849,2022-11-18,842.36,2,303.47,0.2,11,2022,0.3603
CA-2021-101115,CG-10531,TEC-PHO-10436,2022-11-23,989.83,7,60.6,0.4,11,2022,0.0612
CA-2021-101116,CG-10622,FUR-CHA-10074,2022-01-31,1980.61,9,33.26,0.1,1,2022,0.0168
CA-2021-101117,CG-10521,TEC-ACC-10497,2021-07-24,1537.51,5,20.72,0.3,7,2021,0.0135
CA-2021-101118,CG-10118,OFF-FAS-10798,2021-10-20,429.61,9,-11.07,0.2,10,2021,-0.0258
CA-2021-101119,CG-10239,OFF-APP-10054,2022-05-02,1727.04,9,76.81,0.0,5,2022,0.0445
CA-2021-101120,CG-10296,TEC-MAC-10261,2023-07-14,1390.99,10,145.27,0.0,7,2023,0.1044
CA-2021-101121,CG-10091,FUR-FUR-10593,2023-05-12,1252.72,7,373.52,0.2,5,2023,0.2982
CA-2021-101122,CG-10583,TEC-ACC-10189,2021-10-28,1135.03,5,298.94,0.0,10,2021,0.2634
CA-2021-101123,CG-10571,FUR-BOO-10468,2021-10-17,1938.53,7,86.64,0.0,10,2021,0.0447
CA-2021-101124,CG-10333,OFF-LAB-10920,2023-06-25,1501.06,5,168.11,0.1,6,2023,0.112
CA-2021-101125,CG-10145,FUR-CHA-10030,2022-08-07,16.11,6,5.35,0.4,8,2022,0.3321
CA-2021-101126,CG-10586,FUR-FUR-10945,2023-01-05,1356.34,7,-195.18,0.2,1,2023,-0.1439
CA-2021-101127,CG-10585,FUR-FUR-10408,2023-05-23,1347.3,3,383.09,0.1,5,2023,0.2843
CA-2021-101128,CG-10489,FUR-TAB-10614,2022-09-29,1022.97,1,306.4,0.0,9,2022,0.2995
CA-2021-101129,CG-10626,OFF-STO-10540,2021-04-23,1669.08,7,-258.65,0.1,4,2021,-0.155
CA-2021-101130,CG-10792,TEC-MAC-10657,2021-06-14,1263.43,2,-211.51,0.3,6,2021,-0.1674
CA-2021-101131,CG-10451,TEC-ACC-10059,2021-04-14,743.04,5,-141.11,0.2,4,2021,-0.1899
CA-2021-101132,CG-10763,OFF-ART-10945,2023-04-06,1727.4,3,11.63,0.0,4,2023,0.0067
CA-2021-101133,CG-10203,FUR-CHA-10977,2022-06-24,800.59,9,-127.86,0.2,6,2022,-0.1597
CA-2021-101134,CG-10475,OFF-ART-10080,2022-02-19,1832.48,7,147.18,0.0,2,2022,0.0803
CA-2021-101135,CG-10135,FUR-CHA-10385,2023-02-17,445.55,7,131.48,0.1,2,2023,0.2951
CA-2021-101136,CG-10743,FUR-TAB-10884,2023-07-06,1783.89,9,-28.08,0.2,7,2023,-0.0157
CA-2021-101137,CG-10462,OFF-SUP-10481,2021-03-30,198.09,5,78.63,0.2,3,2021,0.3969
CA-2021-101138,CG-10014,FUR-TAB-10104,2023-08-07,1583.96,9,552.96,0.0,8,2023,0.3491
CA-2021-101139,CG-10748,FUR-BOO-10887,2023-11-30,351.52,9,84.62,0.3,11,2023,0.2407
CA-2021-101140,CG-10234,TEC-ACC-10804,2021-08-24,1035.45,9,46.65,0.3,8,2021,0.0451
CA-2021-101141,CG-10412,TEC-COP-10880,2023-04-05,1854.94,2,161.37,0.5,4,2023,0.087
CA-2021-101142,CG-10335,OFF-LAB-10015,2023-02-10,295.82,3,-19.42,0.0,2,2023,-0.0656
CA-2021-101143,CG-10074,OFF-SUP-10992,2023-07-06,1376.63,7,329.69,0.0,7,2023,0.2395
CA-2021-101144,CG-10559,TEC-PHO-10817,2023-12-31,1366.91,4,237.93,0.4,12,2023,0.1741
CA-2021-101145,CG-10620,TEC-ACC-10662,2023-06-07,1200.46,5,226.91,0.2,6,2023,0.189
CA-2021-101146,CG-10093,OFF-ENV-10458,2023-07-15,1095.93,8,238.0,0.0,7,2023,0.2172
CA-2021-101147,CG-10628,OFF-BIN-10506,2022-01-18,1868.47,8,52.82,0.2,1,2022,0.0283
CA-2021-101148,CG-10132,TEC-COP-10767,2023-02-27,308.33,10,31.91,0.4,2,2023,0.1035
CA-2021-101149,CG-10030,TEC-MAC-10702,2023-12-10,803.2,3,17.03,0.1,12,2023,0.0212
CA-2021-101150,CG-10383,TEC-PHO-10471,2021-03-04,258.4,5,69.0,0.0,3,2021,0.267
CA-2021-101151,CG-10649,OFF-BIN-10808,2021-10-15,1654.67,10,-146.58,0.2,10,2021,-0.0886
CA-2021-101152,CG-10191,FUR-TAB-10935,2021-07-31,815.75,5,171.86,0.0,7,2021,0.2107
CA-2021-101153,CG-10104,OFF-ART-10378,2021-12-18,1892.67,4,11.35,0.1,12,2021,0.006
CA-2021-101154,CG-10774,FUR-FUR-10007,2023-11-29,1912.96,9,-364.65,0.3,11,2023,-0.1906
CA-2021-101155,CG-10048,OFF-STO-10275,2023-11-16,1158.16,2,184.61,0.5,11,2023,0.1594
CA-2021-101156,CG-10335,FUR-BOO-10374,2022-03-07,622.09,6,44.92,0.2,3,2022,0.0722
CA-2021-101157,CG-10458,FUR-FUR-10975,2023-09-02,1693.29,9,-96.7,0.0,9,2023,-0.0571
CA-2021-101158,CG-10630,TEC-PHO-10574,2022-08-04,1586.98,1,-148.55,0.3,8,2022,-0.0936
CA-2021-101159,CG-10411,TEC-ACC-10426,2023-09-06,550.65,3,168.95,0.1,9,2023,0.3068
CA-2021-101160,CG-10141,OFF-SUP-10758,2023-05-01,1511.04,9,-48.77,0.5,5,2023,-0.0323
CA-2021-101161,CG-10182,OFF-SUP-10990,2022-11-27,1180.76,6,321.83,0.3,11,2022,0.2726
CA-2021-101162,CG-10381,TEC-COP-10074,2022-11-12,280.89,1,-48.95,0.0,11,2022,-0.1743
CA-2021-101163,CG-10034,FUR-CHA-10568,2022-10-30,641.58,4,-3.6,0.0,10,2022,-0.0056
CA-2021-101164,CG-10147,FUR-CHA-10920,2022-08-05,575.88,9,18.14,0.4,8,2022,0.0315
CA-2021-101165,CG-10377,OFF-APP-10824,2023-04-27,1496.33,3,460.24,0.3,4,2023,0.3076
CA-2021-101166,CG-10641,TEC-PHO-10756,2021-10-01,1674.31,3,274.5,0.1,10,2021,0.1639
CA-2021-101167,CG-10785,FUR-TAB-10681,2023-05-01,984.18,4,6.89,0.5,5,2023,0.007
CA-2021-101168,CG-10495,FUR-TAB-10333,2022-12-18,933.88,5,128.15,0.3,12,2022,0.1372
CA-2021-101169,CG-10747,TEC-PHO-10735,2023-11-13,1553.28,8,527.79,0.4,11,2023,0.3398
CA-2021-101170,CG-10578,FUR-FUR-10186,2021-12-26,919.76,4,60.46,0.1,12,2021,0.0657
CA-2021-101171,CG-10655,FUR-TAB-10242,2023-04-24,1911.13,7,371.42,0.3,4,2023,0.1943
CA-2021-101172,CG-10273,OFF-ENV-10754,2022-05-16,1159.43,9,-9.13,0.1,5,2022,-0.0079
CA-2021-101173,CG-10259,OFF-BIN-10184,2021-11-27,792.23,4,112.99,0.0,11,2021,0.1426
CA-2021-101174,CG-10252,TEC-COP-10736,2021-01-06,1146.38,8,-117.79,0.0,1,2021,-0.1027
CA-2021-101175,CG-10691,FUR-FUR-10746,2022-11-01,1163.36,9,-141.46,0.1,11,2022,-0.1216
CA-2021-101176,CG-10531,FUR-TAB-10700,2021-12-21,1767.91,5,289.85,0.5,12,2021,0.164
CA-2021-101177,CG-10206,TEC-MAC-10660,2023-11-20,377.47,9,133.84,0.4,11,2023,0.3546
CA-2021-101178,CG-10023,TEC-MAC-10679,2021-08-13,142.15,3,45.94,0.1,8,2021,0.3232
CA-2021-101179,CG-10005,FUR-BOO-10703,2022-02-12,561.6,9,-93.22,0.1,2,2022,-0.166
CA-2021-101180,CG-10120,OFF-STO-10770,2021-08-24,801.66,3,-104.75,0.0,8,2021,-0.1307
CA-2021-101181,CG-10107,FUR-CHA-10457,2021-08-24,1545.04,2,-204.52,0.0,8,2021,-0.1324
CA-2021-101182,CG-10037,TEC-MAC-10345,2023-12-20,880.9,4,312.97,0.1,12,2023,0.3553
CA-2021-101183,CG-10180,TEC-PHO-10640,2022-01-02,1304.75,5,-143.81,0.0,1,2022,-0.1102
CA-2021-101184,CG-10131,FUR-BOO-10990,2021-01-18,1333.2,3,210.37,0.0,1,2021,0.1578
CA-2021-101185,CG-10131,TEC-COP-10234,2021-05-16,1486.8,1,341.08,0.1,5,2021,0.2294
CA-2021-101186,CG-10314,FUR-TAB-10964,2022-07-19,853.49,6,105.65,0.3,7,2022,0.1238
CA-2021-101187,CG-10490,TEC-ACC-10170,2021-02-22,1980.3,1,-249.78,0.4,2,2021,-0.1261
CA-2021-101188,CG-10422,TEC-PHO-10350,2023-06-27,1445.88,2,80.56,0.4,6,2023,0.0557
CA-2021-101189,CG-10017,OFF-ART-10377,2021-01-16,1405.39,5,-70.52,0.0,1,2021,-0.0502
CA-2021-101190,CG-10252,OFF-STO-10472,2023-01-30,1184.34,6,-34.31,0.3,1,2023,-0.029
CA-2021-101191,CG-10754,FUR-CHA-10408,2021-04-01,128.2,2,-22.66,0.0,4,2021,-0.1768
CA-2021-101192,CG-10458,FUR-FUR-10997,2021-11-28,1037.4,9,114.23,0.0,11,2021,0.1101
CA-2021-101193,CG-10055,TEC-PHO-10992,2023-08-08,399.02,1,28.64,0.4,8,2023,0.0718
CA-2021-101194,CG-10025,OFF-ENV-10544,2023-12-23,989.15,4,-93.98,0.4,12,2023,-0.095
CA-2021-101195,CG-10123,TEC-MAC-10621,2023-07-05,1409.78,10,137.74,0.2,7,2023,0.0977
CA-2021-101196,CG-10361,FUR-FUR-10716,2022-06-05,880.58,7,258.82,0.4,6,2022,0.2939
CA-2021-101197,CG-10641,FUR-CHA-10457,2021-04-28,811.94,7,-11.07,0.0,4,2021,-0.0136
CA-2021-101198,CG-10732,OFF-PAP-10587,2021-09-12,84.33,5,10.65,0.1,9,2021,0.1263
CA-2021-101199,CG-10603,OFF-BIN-10802,2021-05-15,1571.07,1,261.32,0.2,5,2021,0.1663
CA-2021-101200,CG-10391,TEC-COP-10420,2022-04-04,139.59,8,29.47,0.5,4,2022,0.2111
CA-2021-101201,CG-10254,FUR-TAB-10215,2022-03-19,580.44,1,51.04,0.5,3,2022,0.0879
CA-2021-101202,CG-10169,TEC-MAC-10478,2021-08-22,897.68,1,203.68,0.0,8,2021,0.2269
CA-2021-101203,CG-10645,TEC-COP-10240,2021-12-18,187.16,1,36.77,0.0,12,2021,0.1965
CA-2021-101204,CG-10677,TEC-COP-10915,2021-10-28,176.17,8,42.03,0.0,10,2021,0.2386
CA-2021-101205,CG-10584,OFF-SUP-10552,2021-10-11,1518.09,8,171.8,0.3,10,2021,0.1132
CA-2021-101206,CG-10184,FUR-CHA-10609,2022-06-16,103.18,8,8.66,0.3,6,2022,0.0839
CA-2021-101207,CG-10573,FUR-CHA-10592,2021-11-20,1783.07,10,490.13,0.2,11,2021,0.2749
CA-2021-101208,CG-10594,OFF-LAB-10506,2022-07-02,1181.79,4,-52.95,0.0,7,2022,-0.0448
CA-2021-101209,CG-10362,TEC-ACC-10186,2021-12-29,575.39,9,-0.01,0.1,12,2021,-0.0
CA-2021-101210,CG-10737,TEC-PHO-10463,2023-05-14,1282.91,10,38.79,0.4,5,2023,0.0302
CA-2021-101211,CG-10163,OFF-ART-10281,2021-05-13,33.11,9,-4.59,0.3,5,2021,-0.1386
CA-2021-101212,CG-10628,TEC-ACC-10491,2021-01-01,1935.65,4,233.77,0.2,1,2021,0.1208
CA-2021-101213,CG-10115,TEC-COP-10840,2021-05-20,53.89,2,-1.08,0.0,5,2021,-0.02
CA-2021-101214,CG-10044,TEC-COP-10410,2021-08-10,434.55,7,2.19,0.0,8,2021,0.005
CA-2021-101215,CG-10127,TEC-PHO-10893,2021-12-06,1813.79,5,176.58,0.2,12,2021,0.0974
CA-2021-101216,CG-10773,TEC-MAC-10716,2022-07-15,1577.52,7,484.42,0.4,7,2022,0.3071
CA-2021-101217,CG-10453,TEC-PHO-10859,2021-01-06,807.4,9,-114.54,0.0,1,2021,-0.1419
CA-2021-101218,CG-10715,TEC-ACC-10319,2023-03-19,759.3,5,128.99,0.4,3,2023,0.1699
CA-2021-101219,CG-10113,OFF-APP-10059,2021-07-04,687.17,5,193.88,0.3,7,2021,0.2821
CA-2021-101220,CG-10080,OFF-ENV-10852,2022-05-20,1858.21,1,-245.22,0.3,5,2022,-0.132
CA-2021-101221,CG-10335,TEC-COP-10007,2022-03-01,635.63,7,-88.99,0.0,3,2022,-0.14
CA-2021-101222,CG-10385,FUR-BOO-10441,2021-10-06,1065.4,10,-98.7,0.2,10,2021,-0.0926
CA-2021-101223,CG-10322,OFF-LAB-10550,2022-11-01,877.25,3,256.26,0.0,11,2022,0.2921
CA-2021-101224,CG-10435,TEC-COP-10896,2022-09-24,644.68,4,173.26,0.1,9,2022,0.2688
CA-2021-101225,CG-10618,FUR-TAB-10711,2023-05-08,1404.19,1,53.21,0.0,5,2023,0.0379
CA-2021-101226,CG-10438,OFF-ART-10410,2022-01-18,358.07,5,135.34,0.0,1,2022,0.378
CA-2021-101227,CG-10094,OFF-STO-10061,2023-03-11,216.28,3,48.77,0.2,3,2023,0.2255
CA-2021-101228,CG-10200,TEC-PHO-10454,2021-08-10,1181.73,7,267.76,0.5,8,2021,0.2266
CA-2021-101229,CG-10077,OFF-PAP-10208,2021-10-04,823.01,5,150.74,0.0,10,2021,0.1832
CA-2021-101230,CG-10472,OFF-BIN-10271,2023-09-08,463.67,6,148.3,0.4,9,2023,0.3198
CA-2021-101231,CG-10770,FUR-BOO-10260,2021-09-19,1346.78,4,440.65,0.3,9,2021,0.3272
CA-2021-101232,CG-10114,TEC-MAC-10292,2022-08-08,939.78,3,288.8,0.1,8,2022,0.3073
CA-2021-101233,CG-10660,TEC-COP-10173,2021-06-23,882.39,7,-47.88,0.1,6,2021,-0.0543
CA-2021-101234,CG-10068,FUR-FUR-10336,2021-12-14,154.82,8,35.38,0.3,12,2021,0.2285
CA-2021-101235,CG-10273,TEC-ACC-10012,2021-03-09,1221.67,4,282.83,0.3,3,2021,0.2315
CA-2021-101236,CG-10526,TEC-PHO-10260,2023-11-21,1433.16,7,121.11,0.5,11,2023,0.0845
CA-2021-101237,CG-10704,TEC-MAC-10461,2022-06-20,860.72,9,251.05,0.1,6,2022,0.2917
CA-2021-101238,CG-10150,TEC-PHO-10895,2021-02-01,1375.62,6,256.13,0.1,2,2021,0.1862
CA-2021-101239,CG-10492,TEC-COP-10280,2023-05-22,1060.11,3,-17.34,0.0,5,2023,-0.0164
CA-2021-101240,CG-10274,TEC-ACC-10606,2022-06-04,472.78,2,106.98,0.4,6,2022,0.2263
CA-2021-101241,CG-10030,FUR-TAB-10529,2022-05-03,1586.77,3,620.74,0.0,5,2022,0.3912
CA-2021-101242,CG-10002,FUR-TAB-10472,2021-12-10,251.04,2,-22.33,0.0,12,2021,-0.0889
CA-2021-101243,CG-10011,OFF-STO-10392,2021-04-03,1020.77,10,233.67,0.5,4,2021,0.2289
CA-2021-101244,CG-10603,OFF-LAB-10801,2022-04-27,585.83,6,108.2,0.1,4,2022,0.1847
CA-2021-101245,CG-10035,TEC-ACC-10855,2022-02-04,625.57,10,187.19,0.3,2,2022,0.2992
CA-2021-101246,CG-10448,OFF-ART-10446,2021-01-08,1636.57,5,607.98,0.3,1,2021,0.3715
CA-2021-101247,CG-10088,TEC-COP-10001,2023-05-15,193.13,1,67.53,0.4,5,2023,0.3497
CA-2021-101248,CG-10042,TEC-MAC-10440,2021-07-25,1232.1,10,324.6,0.2,7,2021,0.2635
CA-2021-101249,CG-10015,TEC-ACC-10483,2022-08-26,290.25,9,-30.31,0.4,8,2022,-0.1044
CA-2021-101250,CG-10079,TEC-COP-10129,2021-05-29,70.96,10,-6.5,0.4,5,2021,-0.0916
CA-2021-101251,CG-10389,FUR-TAB-10779,2023-06-03,1530.36,6,473.74,0.5,6,2023,0.3096
CA-2021-101252,CG-10471,OFF-ART-10687,2021-05-30,927.36,6,355.09,0.3,5,2021,0.3829
CA-2021-101253,CG-10287,FUR-FUR-10962,2022-08-31,1208.23,2,151.13,0.0,8,2022,0.1251
CA-2021-101254,CG-10460,OFF-APP-10272,2021-12-29,290.42,8,31.17,0.3,12,2021,0.1073
CA-2021-101255,CG-10002,FUR-BOO-10850,2022-08-25,977.35,1,59.69,0.3,8,2022,0.0611
CA-2021-101256,CG-10470,TEC-PHO-10181,2021-04-12,1267.92,4,58.33,0.3,4,2021,0.046
CA-2021-101257,CG-10734,FUR-BOO-10074,2022-07-28,126.24,8,-13.06,0.0,7,2022,-0.1035
CA-2021-101258,CG-10001,TEC-MAC-10322,2021-01-13,141.16,6,-20.49,0.0,1,2021,-0.1452
CA-2021-101259,CG-10204,OFF-STO-10607,2021-03-31,731.83,8,214.05,0.0,3,2021,0.2925
CA-2021-101260,CG-10715,TEC-PHO-10423,2021-01-10,520.29,2,71.31,0.2,1,2021,0.1371
CA-2021-101261,CG-10423,TEC-ACC-11000,2023-04-25,271.7,5,101.6,0.2,4,2023,0.3739
CA-2021-101262,CG-10157,FUR-BOO-10227,2021-06-19,1804.38,2,-81.76,0.0,6,2021,-0.0453
CA-2021-101263,CG-10345,FUR-CHA-10882,2023-08-18,434.54,6,-20.15,0.5,8,2023,-0.0464
CA-2021-101264,CG-10306,TEC-COP-10990,2021-03-21,864.24,4,340.37,0.1,3,2021,0.3938
CA-2021-101265,CG-10338,OFF-BIN-10721,2023-02-23,1816.43,5,633.94,0.4,2,2023,0.349
CA-2021-101266,CG-10210,OFF-ENV-10553,2023-07-09,677.77,2,255.22,0.3,7,2023,0.3766
CA-2021-101267,CG-10239,OFF-STO-10097,2021-03-29,1261.6,5,251.88,0.0,3,2021,0.1997
CA-2021-101268,CG-10172,TEC-PHO-10941,2021-10-19,1612.83,8,-270.33,0.4,10,2021,-0.1676
CA-2021-101269,CG-10448,OFF-APP-10161,2021-06-20,362.48,1,72.54,0.0,6,2021,0.2001
CA-2021-101270,CG-10670,TEC-PHO-10648,2021-06-11,230.88,4,79.4,0.0,6,2021,0.3439
CA-2021-101271,CG-10132,OFF-LAB-10725,2023-06-17,97.21,8,25.18,0.0,6,2023,0.259
CA-2021-101272,CG-10294,TEC-MAC-10208,2021-02-27,1336.19,2,-259.44,0.0,2,2021,-0.1942
CA-2021-101273,CG-10065,TEC-PHO-10978,2021-01-07,702.94,1,40.1,0.1,1,2021,0.057
CA-2021-101274,CG-10150,TEC-MAC-10060,2021-12-23,724.76,4,153.37,0.3,12,2021,0.2116
CA-2021-101275,CG-10734,OFF-LAB-10490,2021-02-09,1146.67,9,-178.64,0.0,2,2021,-0.1558
CA-2021-101276,CG-10230,OFF-ART-10386,2022-03-23,395.75,5,58.82,0.2,3,2022,0.1486
CA-2021-101277,CG-10388,FUR-BOO-10292,2022-11-03,443.75,6,-69.35,0.0,11,2022,-0.1563
CA-2021-101278,CG-10315,OFF-SUP-10585,2022-06-06,1168.4,3,-80.27,0.0,6,2022,-0.0687
CA-2021-101279,CG-10014,TEC-COP-10454,2021-04-06,496.13,9,52.72,0.4,4,2021,0.1063
CA-2021-101280,CG-10331,FUR-CHA-10319,2022-07-31,675.68,8,170.64,0.3,7,2022,0.2525
CA-2021-101281,CG-10468,OFF-LAB-10261,2022-04-18,488.14,3,161.5,0.0,4,2022,0.3308
CA-2021-101282,CG-10231,OFF-LAB-10441,2021-09-16,1815.59,2,509.62,0.0,9,2021,0.2807
CA-2021-101283,CG-10740,FUR-CHA-10444,2021-12-17,711.62,9,80.66,0.0,12,2021,0.1133
CA-2021-101284,CG-10582,FUR-FUR-10720,2022-03-10,749.14,9,178.44,0.0,3,2022,0.2382
CA-2021-101285,CG-10068,FUR-FUR-10920,2023-11-25,1420.57,6,123.94,0.1,11,2023,0.0872
CA-2021-101286,CG-10166,TEC-MAC-10629,2022-11-11,1733.8,2,-171.87,0.0,11,2022,-0.0991
CA-2021-101287,CG-10285,TEC-ACC-10946,2022-04-14,1328.35,3,-64.85,0.0,4,2022,-0.0488
CA-2021-101288,CG-10753,TEC-PHO-10649,2021-05-16,1948.14,6,429.88,0.1,5,2021,0.2207
CA-2021-101289,CG-10712,FUR-BOO-10042,2021-11-02,1706.23,3,168.6,0.5,11,2021,0.0988
CA-2021-101290,CG-10698,FUR-CHA-10957,2023-05-06,1773.81,7,66.56,0.2,5,2023,0.0375
CA-2021-101291,CG-10700,OFF-PAP-10425,2022-12-30,1807.16,2,-218.28,0.1,12,2022,-0.1208
CA-2021-101292,CG-10596,TEC-PHO-10269,2023-08-20,762.46,10,241.21,0.0,8,2023,0.3164
CA-2021-101293,CG-10121,TEC-MAC-10375,2021-05-17,780.33,3,109.63,0.0,5,2021,0.1405
CA-2021-101294,CG-10392,TEC-MAC-10584,2023-05-06,1939.73,7,722.41,0.5,5,2023,0.3724
CA-2021-101295,CG-10451,OFF-ENV-10619,2023-01-11,613.36,5,-12.08,0.2,1,2023,-0.0197
CA-2021-101296,CG-10132,FUR-TAB-10090,2023-05-04,26.99,10,-2.69,0.4,5,2023,-0.0997
CA-2021-101297,CG-10272,FUR-BOO-10546,2022-03-20,827.76,3,301.72,0.3,3,2022,0.3645
CA-2021-101298,CG-10269,OFF-STO-10908,2023-04-15,1282.55,5,249.85,0.0,4,2023,0.1948
CA-2021-101299,CG-10251,TEC-MAC-10079,2023-08-02,1779.04,1,211.67,0.3,8,2023,0.119
CA-2021-101300,CG-10745,TEC-MAC-10511,2023-12-20,817.28,6,17.88,0.2,12,2023,0.0219
CA-2021-101301,CG-10447,OFF-FAS-10395,2022-07-04,1546.46,6,25.2,0.1,7,2022,0.0163
CA-2021-101302,CG-10292,TEC-COP-10586,2021-05-11,425.16,5,-64.86,0.0,5,2021,-0.1526
CA-2021-101303,CG-10380,TEC-MAC-10186,2023-11-07,1631.38,3,257.05,0.4,11,2023,0.1576
CA-2021-101304,CG-10272,FUR-CHA-10683,2023-07-18,1961.87,3,40.74,0.1,7,2023,0.0208
CA-2021-101305,CG-10316,TEC-ACC-10225,2022-05-23,1795.55,7,-34.84,0.0,5,2022,-0.0194
CA-2021-101306,CG-10171,OFF-BIN-10094,2021-08-02,1808.3,1,176.15,0.0,8,2021,0.0974
CA-2021-101307,CG-10265,OFF-ENV-10049,2021-11-17,731.87,5,43.74,0.0,11,2021,0.0598
CA-2021-101308,CG-10227,OFF-BIN-10409,2021-12-02,1299.73,1,361.3,0.4,12,2021,0.278
CA-2021-101309,CG-10781,OFF-FAS-10954,2022-01-21,941.38,2,326.3,0.2,1,2022,0.3466
CA-2021-101310,CG-10495,FUR-CHA-10316,2023-01-23,1301.66,1,-240.56,0.0,1,2023,-0.1848
CA-2021-101311,CG-10787,OFF-PAP-10506,2022-02-04,856.59,10,-54.8,0.2,2,2022,-0.064
CA-2021-101312,CG-10180,FUR-TAB-10589,2021-09-07,762.39,6,171.93,0.3,9,2021,0.2255
CA-2021-101313,CG-10240,TEC-COP-10232,2022-05-20,264.36,6,78.34,0.3,5,2022,0.2963
CA-2021-101314,CG-10707,TEC-ACC-10232,2023-12-06,1219.77,1,22.14,0.2,12,2023,0.0182
CA-2021-101315,CG-10564,OFF-STO-10621,2023-11-05,1944.27,8,-281.95,0.4,11,2023,-0.145
CA-2021-101316,CG-10102,FUR-TAB-10723,2022-02-14,86.76,1,-10.86,0.5,2,2022,-0.1252
CA-2021-101317,CG-10771,OFF-FAS-10707,2022-06-21,1720.46,7,-137.32,0.5,6,2022,-0.0798
CA-2021-101318,CG-10354,FUR-TAB-10734,2023-11-08,1273.13,10,-60.79,0.2,11,2023,-0.0477
CA-2021-101319,CG-10216,TEC-ACC-10853,2022-01-01,1917.13,7,50.26,0.0,1,2022,0.0262
CA-2021-101320,CG-10282,TEC-COP-10234,2022-05-17,1711.62,2,-63.44,0.0,5,2022,-0.0371
CA-2021-101321,CG-10410,OFF-STO-10234,2022-10-26,36.97,2,9.79,0.1,10,2022,0.2648
CA-2021-101322,CG-10257,TEC-COP-10377,2023-01-19,135.88,5,-23.5,0.5,1,2023,-0.1729
CA-2021-101323,CG-10583,OFF-APP-10606,2021-05-28,1136.79,6,64.75,0.3,5,2021,0.057
CA-2021-101324,CG-10140,TEC-MAC-10682,2023-07-13,998.34,3,86.15,0.0,7,2023,0.0863
CA-2021-101325,CG-10585,FUR-FUR-10473,2021-07-16,1460.64,2,-22.66,0.0,7,2021,-0.0155
CA-2021-101326,CG-10436,TEC-COP-10135,2023-04-12,1137.13,9,-80.31,0.5,4,2023,-0.0706
CA-2021-101327,CG-10360,TEC-COP-10207,2021-02-27,1918.7,10,363.11,0.5,2,2021,0.1892
CA-2021-101328,CG-10148,TEC-PHO-10360,2023-02-22,624.45,1,-56.82,0.3,2,2023,-0.091
CA-2021-101329,CG-10491,OFF-PAP-10430,2023-02-14,1986.44,10,555.66,0.5,2,2023,0.2797
CA-2021-101330,CG-10607,OFF-FAS-10394,2022-09-20,1094.06,7,44.36,0.5,9,2022,0.0405
CA-2021-101331,CG-10715,OFF-LAB-10998,2022-06-11,667.95,1,-35.7,0.4,6,2022,-0.0534
CA-2021-101332,CG-10228,TEC-COP-10607,2022-01-17,888.35,2,-104.46,0.3,1,2022,-0.1176
CA-2021-101333,CG-10436,TEC-PHO-10938,2022-01-03,706.03,3,54.79,0.0,1,2022,0.0776
CA-2021-101334,CG-10771,TEC-MAC-10726,2023-03-17,1845.98,7,-94.5,0.4,3,2023,-0.0512
CA-2021-101335,CG-10722,FUR-BOO-10231,2021-09-06,1143.08,10,287.81,0.1,9,2021,0.2518
CA-2021-101336,CG-10607,OFF-FAS-10740,2022-06-25,1056.39,9,-118.67,0.0,6,2022,-0.1123
CA-2021-101337,CG-10117,TEC-MAC-10920,2021-07-24,323.81,1,-39.68,0.5,7,2021,-0.1225
CA-2021-101338,CG-10128,OFF-BIN-10284,2022-08-11,1422.41,7,2.85,0.3,8,2022,0.002
CA-2021-101339,CG-10144,OFF-APP-10208,2023-02-21,305.28,10,42.72,0.1,2,2023,0.1399
CA-2021-101340,CG-10643,OFF-ENV-10994,2023-03-17,718.92,10,-61.69,0.4,3,2023,-0.0858
CA-2021-101341,CG-10406,TEC-ACC-10956,2021-05-21,1414.57,9,-122.37,0.2,5,2021,-0.0865
CA-2021-101342,CG-10686,TEC-MAC-10317,2021-04-09,600.28,3,178.46,0.1,4,2021,0.2973
CA-2021-101343,CG-10731,OFF-ART-10800,2022-06-27,423.75,2,-8.16,0.0,6,2022,-0.0193
CA-2021-101344,CG-10156,FUR-CHA-10448,2022-10-05,1418.61,3,40.94,0.2,10,2022,0.0289
CA-2021-101345,CG-10158,FUR-FUR-10165,2022-06-24,1987.16,5,605.85,0.1,6,2022,0.3049
CA-2021-101346,CG-10203,TEC-MAC-10009,2023-05-15,683.3,8,162.56,0.3,5,2023,0.2379
CA-2021-101347,CG-10235,FUR-TAB-10479,2022-11-08,1151.5,2,-89.07,0.1,11,2022,-0.0774
CA-2021-101348,CG-10489,FUR-CHA-10920,2023-05-27,918.03,1,287.84,0.5,5,2023,0.3135
CA-2021-101349,CG-10236,FUR-TAB-10174,2022-07-24,746.69,1,272.5,0.0,7,2022,0.3649
CA-2021-101350,CG-10469,FUR-TAB-10465,2022-07-09,1836.62,3,-227.31,0.0,7,2022,-0.1238
CA-2021-101351,CG-10265,FUR-TAB-10851,2021-09-29,113.72,6,7.23,0.0,9,2021,0.0636
CA-2021-101352,CG-10395,TEC-COP-10157,2022-10-20,528.3,2,187.76,0.0,10,2022,0.3554
CA-2021-101353,CG-10598,OFF-ART-10729,2022-11-27,1745.7,2,-186.21,0.0,11,2022,-0.1067
CA-2021-101354,CG-10190,TEC-ACC-10122,2022-05-22,505.72,4,72.84,0.5,5,2022,0.144
CA-2021-101355,CG-10685,OFF-SUP-10710,2021-03-27,1396.81,9,397.26,0.4,3,2021,0.2844
CA-2021-101356,CG-10612,TEC-ACC-10176,2021-11-06,216.1,10,46.82,0.2,11,2021,0.2167
CA-2021-101357,CG-10369,FUR-FUR-10180,2023-03-06,516.51,4,-46.96,0.5,3,2023,-0.0909
CA-2021-101358,CG-10708,TEC-MAC-10309,2022-06-18,1759.35,7,607.44,0.1,6,2022,0.3453
CA-2021-101359,CG-10021,FUR-BOO-10784,2023-10-26,1041.94,9,-201.05,0.3,10,2023,-0.193
CA-2021-101360,CG-10508,TEC-MAC-10437,2021-05-27,1534.52,6,418.64,0.1,5,2021,0.2728
CA-2021-101361,CG-10509,TEC-ACC-10580,2021-11-24,1484.75,7,-58.2,0.1,11,2021,-0.0392
CA-2021-101362,CG-10028,FUR-FUR-10154,2021-06-14,705.09,2,201.45,0.0,6,2021,0.2857
CA-2021-101363,CG-10323,OFF-STO-10238,2021-05-27,1848.88,7,-323.14,0.1,5,2021,-0.1748
CA-2021-101364,CG-10043,FUR-FUR-10638,2021-11-12,823.13,10,163.35,0.2,11,2021,0.1984
CA-2021-101365,CG-10044,FUR-BOO-10065,2021-07-18,417.48,2,80.5,0.1,7,2021,0.1928
CA-2021-101366,CG-10523,FUR-TAB-10890,2021-11-07,1900.02,3,44.21,0.0,11,2021,0.0233
CA-2021-101367,CG-10543,TEC-COP-10398,2023-10-20,602.93,1,155.64,0.0,10,2023,0.2581
CA-2021-101368,CG-10250,OFF-ART-10653,2021-01-02,1591.28,3,103.98,0.5,1,2021,0.0653
CA-2021-101369,CG-10303,OFF-FAS-10732,2022-09-29,1493.26,10,350.22,0.4,9,2022,0.2345
CA-2021-101370,CG-10626,FUR-TAB-10750,2021-06-03,374.21,5,-64.63,0.0,6,2021,-0.1727
CA-2021-101371,CG-10602,TEC-PHO-10667,2021-07-04,1726.77,8,509.79,0.0,7,2021,0.2952
CA-2021-101372,CG-10419,TEC-ACC-10723,2021-08-16,1103.61,1,358.79,0.1,8,2021,0.3251
CA-2021-101373,CG-10193,FUR-CHA-10334,2022-12-14,1498.51,9,-125.82,0.3,12,2022,-0.084
CA-2021-101374,CG-10427,OFF-BIN-10061,2023-12-21,1104.17,1,145.63,0.3,12,2023,0.1319
CA-2021-101375,CG-10569,OFF-SUP-10219,2023-06-05,1647.04,7,518.29,0.1,6,2023,0.3147
CA-2021-101376,CG-10107,OFF-STO-10000,2023-11-02,1273.65,9,-119.44,0.4,11,2023,-0.0938
CA-2021-101377,CG-10357,FUR-TAB-10541,2023-11-02,322.13,4,-45.26,0.0,11,2023,-0.1405
CA-2021-101378,CG-10595,OFF-LAB-10876,2023-04-12,991.09,2,53.02,0.0,4,2023,0.0535
CA-2021-101379,CG-10471,OFF-BIN-10593,2021-06-03,263.6,10,98.56,0.5,6,2021,0.3739
CA-2021-101380,CG-10718,TEC-ACC-10546,2022-09-05,1324.87,3,522.54,0.0,9,2022,0.3944
CA-2021-101381,CG-10351,FUR-BOO-10643,2021-07-12,654.11,4,111.23,0.2,7,2021,0.17
CA-2021-101382,CG-10146,FUR-FUR-10064,2022-09-03,1162.87,10,77.95,0.0,9,2022,0.067
CA-2021-101383,CG-10261,OFF-FAS-10415,2023-09-20,1129.25,9,-17.85,0.5,9,2023,-0.0158
CA-2021-101384,CG-10531,FUR-TAB-10389,2023-10-30,611.52,7,-33.32,0.5,10,2023,-0.0545
CA-2021-101385,CG-10010,TEC-PHO-10408,2022-06-28,638.91,10,126.33,0.0,6,2022,0.1977
CA-2021-101386,CG-10277,OFF-LAB-10788,2023-03-24,586.86,10,-111.01,0.0,3,2023,-0.1892
CA-2021-101387,CG-10268,FUR-TAB-10886,2021-03-26,970.11,9,166.19,0.1,3,2021,0.1713
CA-2021-101388,CG-10695,FUR-TAB-10104,2023-07-05,747.41,1,-149.2,0.0,7,2023,-0.1996
CA-2021-101389,CG-10785,TEC-MAC-10442,2022-02-21,1823.21,6,-44.36,0.4,2,2022,-0.0243
CA-2021-101390,CG-10424,TEC-PHO-10437,2023-10-27,964.91,1,114.33,0.0,10,2023,0.1185
CA-2021-101391,CG-10134,TEC-PHO-10280,2021-04-08,550.05,5,203.42,0.2,4,2021,0.3698
CA-2021-101392,CG-10145,OFF-FAS-10893,2023-04-01,1833.93,3,667.55,0.2,4,2023,0.364
CA-2021-101393,CG-10241,FUR-BOO-10450,2023-05-22,364.74,3,60.33,0.0,5,2023,0.1654
CA-2021-101394,CG-10381,OFF-PAP-10174,2022-09-22,1802.53,5,380.05,0.2,9,2022,0.2108
CA-2021-101395,CG-10223,FUR-TAB-10003,2022-10-03,983.31,2,-27.06,0.0,10,2022,-0.0275
CA-2021-101396,CG-10242,FUR-FUR-10160,2021-09-19,377.82,2,135.1,0.0,9,2021,0.3576
CA-2021-101397,CG-10185,OFF-SUP-10143,2022-05-20,699.55,6,92.68,0.3,5,2022,0.1325
CA-2021-101398,CG-10459,OFF-STO-10371,2023-04-12,1955.22,6,40.95,0.5,4,2023,0.0209
CA-2021-101399,CG-10653,TEC-PHO-10894,2022-06-14,913.67,5,-56.47,0.5,6,2022,-0.0618
CA-2021-101400,CG-10719,TEC-MAC-10867,2021-08-18,1581.05,8,21.89,0.0,8,2021,0.0138
CA-2021-101401,CG-10542,FUR-CHA-10245,2022-11-14,981.78,9,-65.44,0.0,11,2022,-0.0667
CA-2021-101402,CG-10361,TEC-ACC-10009,2023-05-25,1030.83,9,296.11,0.0,5,2023,0.2873
CA-2021-101403,CG-10418,TEC-COP-10494,2022-01-12,1371.7,6,-173.74,0.0,1,2022,-0.1267
CA-2021-101404,CG-10299,FUR-CHA-10453,2023-11-15,1728.32,6,365.26,0.4,11,2023,0.2113
CA-2021-101405,CG-10139,OFF-ART-10644,2023-03-26,1864.96,5,-138.12,0.1,3,2023,-0.0741
CA-2021-101406,CG-10049,OFF-ENV-10233,2021-04-18,1179.21,10,251.99,0.0,4,2021,0.2137
CA-2021-101407,CG-10294,FUR-TAB-10753,2022-11-29,199.45,2,39.52,0.4,11,2022,0.1981
CA-2021-101408,CG-10336,TEC-MAC-10968,2023-07-27,747.72,3,220.08,0.3,7,2023,0.2943
CA-2021-101409,CG-10140,TEC-PHO-10920,2021-04-16,295.48,8,70.52,0.5,4,2021,0.2387
CA-2021-101410,CG-10272,OFF-LAB-10535,2022-11-04,1165.39,5,414.02,0.2,11,2022,0.3553
CA-2021-101411,CG-10793,FUR-TAB-10854,2022-03-22,69.07,9,17.35,0.3,3,2022,0.2512
CA-2021-101412,CG-10479,FUR-BOO-10573,2022-11-21,32.6,1,9.78,0.0,11,2022,0.3
CA-2021-101413,CG-10772,OFF-BIN-10199,2022-03-29,1580.74,2,389.98,0.3,3,2022,0.2467
CA-2021-101414,CG-10010,TEC-COP-10314,2021-02-10,1491.38,2,406.19,0.1,2,2021,0.2724
CA-2021-101415,CG-10547,TEC-MAC-10290,2022-12-17,494.27,7,71.36,0.0,12,2022,0.1444
CA-2021-101416,CG-10713,FUR-TAB-10143,2022-09-06,1432.12,4,-226.55,0.4,9,2022,-0.1582
CA-2021-101417,CG-10633,FUR-TAB-10557,2022-12-16,1444.04,7,-107.74,0.1,12,2022,-0.0746
CA-2021-101418,CG-10395,OFF-STO-10365,2023-01-22,1911.7,8,-283.76,0.1,1,2023,-0.1484
CA-2021-101419,CG-10482,FUR-CHA-10557,2023-02-17,499.74,10,97.96,0.0,2,2023,0.196
CA-2021-101420,CG-10386,OFF-FAS-10078,2023-04-20,692.8,4,-64.95,0.2,4,2023,-0.0938
CA-2021-101421,CG-10043,FUR-FUR-10138,2022-10-25,1784.37,6,81.65,0.2,10,2022,0.0458
CA-2021-101422,CG-10269,FUR-CHA-10118,2022-06-25,978.35,4,-116.82,0.4,6,2022,-0.1194
CA-2021-101423,CG-10428,TEC-ACC-10583,2022-10-12,430.72,1,62.49,0.4,10,2022,0.1451
CA-2021-101424,CG-10785,FUR-BOO-10866,2023-11-09,1532.87,6,-203.67,0.3,11,2023,-0.1329
CA-2021-101425,CG-10277,FUR-FUR-10604,2022-06-29,52.33,7,14.3,0.0,6,2022,0.2733
CA-2021-101426,CG-10524,TEC-PHO-10290,2023-11-05,419.04,8,80.1,0.5,11,2023,0.1912
CA-2021-101427,CG-10357,OFF-PAP-10190,2021-01-29,509.63,4,83.08,0.0,1,2021,0.163
CA-2021-101428,CG-10670,FUR-FUR-10741,2021-09-30,536.37,3,190.03,0.0,9,2021,0.3543
CA-2021-101429,CG-10706,OFF-PAP-10163,2023-08-04,24.57,5,-4.62,0.0,8,2023,-0.188
CA-2021-101430,CG-10147,OFF-BIN-10601,2021-06-04,1246.55,10,-175.42,0.2,6,2021,-0.1407
CA-2021-101431,CG-10382,TEC-COP-10296,2021-11-06,785.65,5,-60.64,0.4,11,2021,-0.0772
CA-2021-101432,CG-10391,OFF-BIN-10220,2021-12-20,208.36,9,-37.24,0.0,12,2021,-0.1787
CA-2021-101433,CG-10035,OFF-LAB-10914,2021-11-02,804.72,3,290.14,0.0,11,2021,0.3605
CA-2021-101434,CG-10487,TEC-ACC-10506,2021-05-24,727.18,7,-141.08,0.0,5,2021,-0.194
CA-2021-101435,CG-10670,FUR-BOO-10209,2021-01-26,1599.07,4,-233.97,0.5,1,2021,-0.1463
CA-2021-101436,CG-10025,OFF-LAB-10811,2023-11-10,1770.35,7,-202.67,0.5,11,2023,-0.1145
CA-2021-101437,CG-10262,OFF-STO-10844,2021-12-09,1617.41,2,486.1,0.5,12,2021,0.3005
CA-2021-101438,CG-10185,OFF-APP-10977,2021-09-27,727.49,2,-138.78,0.4,9,2021,-0.1908
CA-2021-101439,CG-10631,TEC-PHO-10656,2022-07-11,1486.4,8,490.48,0.5,7,2022,0.33
CA-2021-101440,CG-10617,OFF-ENV-10276,2021-07-13,1846.67,8,-281.91,0.4,7,2021,-0.1527
CA-2021-101441,CG-10327,TEC-MAC-10553,2022-12-20,770.71,3,-104.99,0.0,12,2022,-0.1362
CA-2021-101442,CG-10388,TEC-MAC-10319,2023-04-28,963.15,7,-119.29,0.4,4,2023,-0.1239
CA-2021-101443,CG-10585,OFF-LAB-10087,2023-11-13,469.14,9,181.1,0.0,11,2023,0.386
CA-2021-101444,CG-10202,OFF-LAB-10522,2021-04-14,1146.85,9,41.08,0.1,4,2021,0.0358
CA-2021-101445,CG-10191,OFF-PAP-10170,2021-03-22,323.86,4,-2.87,0.4,3,2021,-0.0089
CA-2021-101446,CG-10002,TEC-COP-10254,2021-10-31,38.94,6,12.74,0.0,10,2021,0.3272
CA-2021-101447,CG-10124,TEC-COP-10593,2023-07-18,1191.55,10,-235.91,0.0,7,2023,-0.198
CA-2021-101448,CG-10757,OFF-ART-10554,2022-04-27,1374.17,4,337.08,0.5,4,2022,0.2453
CA-2021-101449,CG-10397,OFF-APP-10700,2021-06-18,1734.54,9,152.67,0.4,6,2021,0.088
CA-2021-101450,CG-10535,FUR-FUR-10710,2021-09-01,1448.79,4,-218.06,0.5,9,2021,-0.1505
CA-2021-101451,CG-10651,OFF-SUP-10208,2021-10-17,1150.93,5,441.57,0.0,10,2021,0.3837
CA-2021-101452,CG-10290,FUR-BOO-10452,2023-04-26,69.64,6,25.49,0.4,4,2023,0.366
CA-2021-101453,CG-10705,TEC-PHO-10525,2021-07-15,1105.57,5,316.27,0.0,7,2021,0.2861
CA-2021-101454,CG-10512,TEC-MAC-10926,2021-01-03,1922.34,7,-345.62,0.0,1,2021,-0.1798
CA-2021-101455,CG-10352,OFF-BIN-10163,2023-01-05,1942.17,7,-202.25,0.2,1,2023,-0.1041
CA-2021-101456,CG-10354,FUR-TAB-10117,2022-11-11,1102.41,7,195.13,0.0,11,2022,0.177
CA-2021-101457,CG-10130,FUR-FUR-10088,2021-12-21,120.21,7,-22.34,0.4,12,2021,-0.1858
CA-2021-101458,CG-10030,FUR-TAB-10011,2022-02-15,1139.92,7,11.98,0.0,2,2022,0.0105
CA-2021-101459,CG-10312,TEC-COP-10224,2023-06-11,656.95,5,19.12,0.2,6,2023,0.0291
CA-2021-101460,CG-10736,OFF-FAS-10503,2021-02-21,1247.86,6,-244.45,0.1,2,2021,-0.1959
CA-2021-101461,CG-10167,OFF-BIN-10845,2022-12-18,1922.59,2,768.08,0.5,12,2022,0.3995
CA-2021-101462,CG-10359,TEC-ACC-10078,2023-03-19,1973.86,9,608.7,0.4,3,2023,0.3084
CA-2021-101463,CG-10678,OFF-FAS-10370,2023-06-25,1713.96,5,143.94,0.2,6,2023,0.084
CA-2021-101464,CG-10128,FUR-FUR-10054,2021-08-11,1025.42,9,406.12,0.5,8,2021,0.3961
CA-2021-101465,CG-10258,TEC-COP-10262,2023-02-14,313.2,2,-46.31,0.0,2,2023,-0.1479
CA-2021-101466,CG-10686,FUR-CHA-10543,2023-03-30,1385.0,5,359.89,0.0,3,2023,0.2598
CA-2021-101467,CG-10512,OFF-BIN-10600,2021-01-06,1340.69,4,-86.87,0.2,1,2021,-0.0648
CA-2021-101468,CG-10044,TEC-PHO-10200,2023-04-10,526.74,1,162.26,0.3,4,2023,0.308
CA-2021-101469,CG-10052,TEC-MAC-10004,2021-06-18,1455.15,4,-187.6,0.0,6,2021,-0.1289
CA-2021-101470,CG-10207,OFF-ART-10608,2021-07-25,1462.66,9,-246.13,0.4,7,2021,-0.1683
CA-2021-101471,CG-10119,TEC-PHO-10603,2021-06-14,1617.1,1,-119.8,0.0,6,2021,-0.0741
CA-2021-101472,CG-10700,TEC-COP-10100,2021-04-04,1500.94,7,384.74,0.0,4,2021,0.2563
CA-2021-101473,CG-10210,TEC-MAC-10723,2023-08-14,1052.53,6,186.52,0.0,8,2023,0.1772
CA-2021-101474,CG-10613,FUR-FUR-10114,2021-12-07,1061.68,8,88.12,0.0,12,2021,0.083
CA-2021-101475,CG-10132,FUR-FUR-10257,2021-02-26,1383.62,2,533.48,0.5,2,2021,0.3856
CA-2021-101476,CG-10573,OFF-STO-10689,2022-02-10,684.31,4,46.84,0.0,2,2022,0.0684
CA-2021-101477,CG-10685,TEC-MAC-10987,2022-12-22,1735.59,9,-331.78,0.0,12,2022,-0.1912
CA-2021-101478,CG-10265,FUR-CHA-10820,2023-03-12,85.72,7,11.22,0.4,3,2023,0.1309
CA-2021-101479,CG-10713,TEC-MAC-10753,2021-05-16,1243.29,2,182.56,0.1,5,2021,0.1468
CA-2021-101480,CG-10047,OFF-APP-10868,2021-10-25,154.67,8,-10.74,0.0,10,2021,-0.0694
CA-2021-101481,CG-10024,TEC-PHO-10615,2022-03-31,282.54,9,28.83,0.2,3,2022,0.102
CA-2021-101482,CG-10781,FUR-BOO-10413,2022-04-14,303.25,6,7.96,0.0,4,2022,0.0262
CA-2021-101483,CG-10121,FUR-TAB-10787,2022-11-07,626.62,2,-124.14,0.0,11,2022,-0.1981
CA-2021-101484,CG-10328,OFF-SUP-10927,2023-05-20,1918.72,6,-99.64,0.5,5,2023,-0.0519
CA-2021-101485,CG-10370,OFF-ENV-10780,2021-07-21,476.08,6,49.52,0.5,7,2021,0.104
CA-2021-101486,CG-10445,TEC-COP-10791,2021-11-26,1471.36,1,-33.28,0.0,11,2021,-0.0226
CA-2021-101487,CG-10512,OFF-ART-10772,2021-03-17,138.67,2,10.6,0.0,3,2021,0.0764
CA-2021-101488,CG-10314,OFF-SUP-10303,2022-04-16,1332.51,1,-188.39,0.1,4,2022,-0.1414
CA-2021-101489,CG-10340,OFF-SUP-10151,2022-10-27,923.45,3,-157.09,0.4,10,2022,-0.1701
CA-2021-101490,CG-10699,FUR-BOO-10965,2021-04-04,839.07,5,-162.64,0.0,4,2021,-0.1938
CA-2021-101491,CG-10739,FUR-FUR-10917,2023-09-02,1386.34,6,-96.03,0.0,9,2023,-0.0693
CA-2021-101492,CG-10180,TEC-PHO-10265,2022-06-24,1837.86,9,284.49,0.4,6,2022,0.1548
CA-2021-101493,CG-10760,OFF-LAB-10974,2023-12-11,1211.93,3,-96.94,0.5,12,2023,-0.08
CA-2021-101494,CG-10512,FUR-BOO-10352,2022-01-28,1315.91,6,92.3,0.4,1,2022,0.0701
CA-2021-101495,CG-10150,FUR-FUR-10466,2021-06-07,1411.88,1,421.73,0.1,6,2021,0.2987
CA-2021-101496,CG-10475,FUR-TAB-10991,2021-05-03,360.37,3,-49.74,0.5,5,2021,-0.138
CA-2021-101497,CG-10565,FUR-FUR-10383,2021-12-03,1561.08,3,-205.42,0.3,12,2021,-0.1316
CA-2021-101498,CG-10764,FUR-FUR-10911,2021-01-17,1173.18,3,-213.81,0.0,1,2021,-0.1822
CA-2021-101499,CG-10461,FUR-FUR-10946,2022-07-05,1659.36,1,212.1,0.4,7,2022,0.1278
CA-2021-101500,CG-10189,OFF-LAB-10385,2022-12-03,31.45,1,4.72,0.2,12,2022,0.1501
CA-2021-101501,CG-10552,FUR-CHA-10774,2023-06-22,1130.77,8,437.98,0.4,6,2023,0.3873
CA-2021-101502,CG-10755,OFF-LAB-10776,2021-11-17,1235.41,10,-166.49,0.3,11,2021,-0.1348
CA-2021-101503,CG-10305,FUR-CHA-10850,2021-11-24,244.57,7,2.16,0.1,11,2021,0.0088
CA-2021-101504,CG-10364,TEC-COP-10023,2023-07-16,1295.3,3,411.66,0.5,7,2023,0.3178
CA-2021-101505,CG-10372,TEC-PHO-10558,2023-11-02,1096.8,5,56.18,0.0,11,2023,0.0512
CA-2021-101506,CG-10243,TEC-PHO-10598,2021-12-18,102.45,3,35.09,0.0,12,2021,0.3425
CA-2021-101507,CG-10366,FUR-TAB-10352,2022-12-15,502.06,3,187.99,0.0,12,2022,0.3744
CA-2021-101508,CG-10711,FUR-TAB-10896,2022-11-23,663.84,1,207.91,0.1,11,2022,0.3132
CA-2021-101509,CG-10355,OFF-BIN-10125,2023-03-19,1188.27,3,341.16,0.0,3,2023,0.2871
CA-2021-101510,CG-10320,OFF-APP-10120,2021-07-05,1760.61,1,471.92,0.5,7,2021,0.268
CA-2021-101511,CG-10163,FUR-FUR-10656,2023-04-03,159.76,8,24.41,0.2,4,2023,0.1528
CA-2021-101512,CG-10077,TEC-ACC-10237,2023-07-07,1248.05,2,-114.21,0.0,7,2023,-0.0915
CA-2021-101513,CG-10257,OFF-ART-10911,2023-05-18,1902.07,8,-207.92,0.3,5,2023,-0.1093
CA-2021-101514,CG-10675,OFF-STO-10276,2023-07-08,1535.24,1,219.0,0.0,7,2023,0.1426
CA-2021-101515,CG-10096,FUR-TAB-10595,2021-08-05,714.13,4,9.12,0.3,8,2021,0.0128
CA-2021-101516,CG-10653,FUR-BOO-10383,2022-05-02,1684.22,9,153.38,0.5,5,2022,0.0911
CA-2021-101517,CG-10643,TEC-MAC-10604,2021-09-26,1941.79,9,436.74,0.1,9,2021,0.2249
CA-2021-101518,CG-10588,TEC-PHO-10362,2022-09-12,1090.04,8,64.15,0.0,9,2022,0.0589
CA-2021-101519,CG-10058,OFF-LAB-10752,2021-12-06,939.87,9,353.41,0.2,12,2021,0.376
CA-2021-101520,CG-10018,TEC-ACC-10128,2021-12-18,648.07,7,-77.13,0.5,12,2021,-0.119
CA-2021-101521,CG-10172,TEC-ACC-10008,2023-01-13,1848.72,6,-280.84,0.3,1,2023,-0.1519
CA-2021-101522,CG-10457,FUR-TAB-10901,2022-12-24,1593.67,7,405.05,0.0,12,2022,0.2542
CA-2021-101523,CG-10294,TEC-PHO-10806,2021-07-05,1892.07,3,668.35,0.1,7,2021,0.3532
CA-2021-101524,CG-10000,TEC-COP-10440,2023-03-19,1664.64,8,-198.71,0.0,3,2023,-0.1194
CA-2021-101525,CG-10051,FUR-CHA-10379,2023-09-05,577.23,1,132.94,0.0,9,2023,0.2303
CA-2021-101526,CG-10391,FUR-TAB-10954,2021-10-03,602.78,8,-89.15,0.0,10,2021,-0.1479
CA-2021-101527,CG-10056,FUR-FUR-10223,2023-09-23,84.17,7,3.38,0.2,9,2023,0.0402
CA-2021-101528,CG-10433,TEC-MAC-10877,2021-01-22,1149.16,4,-110.23,0.5,1,2021,-0.0959
CA-2021-101529,CG-10289,TEC-PHO-10961,2022-02-26,1773.26,7,-341.43,0.0,2,2022,-0.1925
CA-2021-101530,CG-10470,TEC-PHO-10535,2023-03-08,559.28,5,195.32,0.0,3,2023,0.3492
CA-2021-101531,CG-10638,OFF-FAS-10335,2021-03-06,1718.72,4,279.54,0.2,3,2021,0.1626
CA-2021-101532,CG-10042,FUR-FUR-10315,2021-02-10,1673.43,8,-161.55,0.1,2,2021,-0.0965
CA-2021-101533,CG-10513,OFF-STO-10169,2023-10-14,445.86,6,119.73,0.4,10,2023,0.2685
CA-2021-101534,CG-10287,OFF-SUP-10751,2023-01-28,458.54,3,62.2,0.4,1,2023,0.1356
CA-2021-101535,CG-10493,OFF-STO-10743,2021-01-25,1195.28,4,209.76,0.3,1,2021,0.1755
CA-2021-101536,CG-10268,FUR-BOO-10866,2021-02-02,1598.19,10,137.72,0.1,2,2021,0.0862
CA-2021-101537,CG-10052,TEC-COP-10863,2021-07-12,452.04,9,-15.6,0.2,7,2021,-0.0345
CA-2021-101538,CG-10566,OFF-FAS-10531,2022-06-10,1699.67,3,430.04,0.4,6,2022,0.253
CA-2021-101539,CG-10342,TEC-PHO-10020,2021-05-03,911.09,3,-176.15,0.0,5,2021,-0.1933
CA-2021-101540,CG-10722,FUR-BOO-10216,2023-04-24,1765.78,1,599.76,0.3,4,2023,0.3397
CA-2021-101541,CG-10561,OFF-PAP-10420,2023-06-21,429.87,7,94.79,0.5,6,2023,0.2205
CA-2021-101542,CG-10336,TEC-MAC-10396,2021-06-16,42.13,9,4.42,0.5,6,2021,0.1049
CA-2021-101543,CG-10759,FUR-FUR-10584,2022-02-23,1362.68,3,534.78,0.5,2,2022,0.3924
CA-2021-101544,CG-10558,FUR-CHA-10416,2023-07-22,532.1,9,137.81,0.4,7,2023,0.259
CA-2021-101545,CG-10785,FUR-TAB-10502,2021-05-06,148.76,3,12.61,0.0,5,2021,0.0848
CA-2021-101546,CG-10755,TEC-ACC-10175,2023-05-08,652.49,4,51.02,0.1,5,2023,0.0782
CA-2021-101547,CG-10690,TEC-MAC-10115,2021-11-20,420.43,10,161.23,0.1,11,2021,0.3835
CA-2021-101548,CG-10551,OFF-FAS-10621,2023-07-10,1987.83,10,-321.82,0.0,7,2023,-0.1619
CA-2021-101549,CG-10710,FUR-BOO-10424,2022-04-21,1825.8,5,524.07,0.1,4,2022,0.287
CA-2021-101550,CG-10660,TEC-PHO-10666,2023-03-03,760.04,5,157.09,0.1,3,2023,0.2067
CA-2021-101551,CG-10487,TEC-ACC-10043,2023-11-13,663.85,4,175.81,0.5,11,2023,0.2648
CA-2021-101552,CG-10153,FUR-TAB-10666,2021-03-05,1261.92,1,91.56,0.0,3,2021,0.0726
CA-2021-101553,CG-10578,OFF-APP-10090,2023-12-15,1507.01,1,112.4,0.0,12,2023,0.0746
CA-2021-101554,CG-10483,OFF-SUP-10543,2021-01-05,1874.75,2,590.82,0.4,1,2021,0.3151
CA-2021-101555,CG-10287,FUR-TAB-10645,2021-09-03,123.07,3,-10.24,0.4,9,2021,-0.0832
CA-2021-101556,CG-10753,FUR-BOO-10305,2022-11-16,1364.13,8,-206.35,0.0,11,2022,-0.1513
CA-2021-101557,CG-10228,TEC-MAC-10564,2022-03-17,1197.37,10,434.97,0.0,3,2022,0.3633
CA-2021-101558,CG-10000,TEC-COP-10136,2023-04-10,1634.56,1,271.38,0.1,4,2023,0.166
CA-2021-101559,CG-10716,TEC-MAC-10994,2021-03-28,716.17,7,72.15,0.2,3,2021,0.1007
CA-2021-101560,CG-10530,OFF-APP-10155,2023-11-11,302.27,6,120.56,0.5,11,2023,0.3988
CA-2021-101561,CG-10132,FUR-TAB-10991,2023-05-27,768.51,8,-22.88,0.4,5,2023,-0.0298
CA-2021-101562,CG-10577,FUR-TAB-10407,2021-04-14,380.13,9,-33.94,0.4,4,2021,-0.0893
CA-2021-101563,CG-10220,OFF-FAS-10569,2021-12-29,1786.16,7,272.91,0.0,12,2021,0.1528
CA-2021-101564,CG-10260,OFF-PAP-10916,2023-07-13,382.71,7,-7.4,0.0,7,2023,-0.0193
CA-2021-101565,CG-10412,FUR-CHA-10304,2022-11-02,1210.21,4,-129.67,0.0,11,2022,-0.1071
CA-2021-101566,CG-10034,TEC-COP-10307,2023-03-28,1681.75,2,411.55,0.2,3,2023,0.2447
CA-2021-101567,CG-10135,FUR-TAB-10659,2023-11-24,1154.07,6,393.17,0.0,11,2023,0.3407
CA-2021-101568,CG-10635,TEC-COP-10239,2022-09-01,1487.14,3,513.29,0.2,9,2022,0.3452
CA-2021-101569,CG-10128,FUR-CHA-10411,2023-09-20,861.93,2,116.55,0.2,9,2023,0.1352
CA-2021-101570,CG-10418,FUR-CHA-10491,2021-06-24,1321.17,4,91.35,0.0,6,2021,0.0691
CA-2021-101571,CG-10325,TEC-MAC-10676,2021-01-14,503.34,5,-22.86,0.5,1,2021,-0.0454
CA-2021-101572,CG-10075,OFF-FAS-10088,2021-07-18,113.14,8,-9.29,0.5,7,2021,-0.0821
CA-2021-101573,CG-10198,TEC-ACC-10749,2021-04-03,1393.07,10,215.19,0.0,4,2021,0.1545
CA-2021-101574,CG-10441,OFF-APP-10886,2022-07-18,902.62,9,241.76,0.0,7,2022,0.2678
CA-2021-101575,CG-10482,FUR-BOO-10091,2021-05-15,1386.74,8,-9.97,0.4,5,2021,-0.0072
CA-2021-101576,CG-10197,TEC-ACC-10521,2021-12-07,1081.04,6,-42.39,0.0,12,2021,-0.0392
CA-2021-101577,CG-10266,OFF-ENV-10254,2021-06-11,1475.85,2,497.54,0.3,6,2021,0.3371
CA-2021-101578,CG-10601,TEC-PHO-10914,2023-03-27,1296.76,8,-220.0,0.0,3,2023,-0.1697
CA-2021-101579,CG-10697,FUR-BOO-10785,2021-02-07,504.8,9,-46.98,0.0,2,2021,-0.0931
CA-2021-101580,CG-10643,TEC-PHO-10546,2022-05-04,749.78,9,157.98,0.4,5,2022,0.2107
CA-2021-101581,CG-10289,FUR-TAB-10887,2023-03-14,323.32,6,123.67,0.0,3,2023,0.3825
CA-2021-101582,CG-10307,TEC-ACC-10780,2022-12-03,840.87,4,302.31,0.0,12,2022,0.3595
CA-2021-101583,CG-10610,OFF-PAP-10613,2021-03-29,1442.47,10,570.41,0.5,3,2021,0.3954
CA-2021-101584,CG-10399,TEC-PHO-10566,2022-08-01,452.49,2,94.32,0.1,8,2022,0.2084
CA-2021-101585,CG-10608,TEC-PHO-10817,2022-12-04,1602.68,4,312.34,0.0,12,2022,0.1949
CA-2021-101586,CG-10488,TEC-ACC-10491,2021-10-28,633.94,10,131.14,0.5,10,2021,0.2069
CA-2021-101587,CG-10296,TEC-PHO-10746,2023-12-26,1784.51,3,-271.32,0.1,12,2023,-0.152
CA-2021-101588,CG-10184,TEC-MAC-10944,2023-05-13,976.98,7,-117.86,0.4,5,2023,-0.1206
CA-2021-101589,CG-10497,OFF-BIN-10529,2021-01-28,1500.59,2,-285.31,0.2,1,2021,-0.1901
CA-2021-101590,CG-10379,FUR-BOO-10662,2021-04-17,480.64,7,-27.29,0.4,4,2021,-0.0568
CA-2021-101591,CG-10606,OFF-APP-10654,2021-01-17,1094.59,2,345.62,0.0,1,2021,0.3158
CA-2021-101592,CG-10775,FUR-BOO-10236,2021-10-05,1220.54,6,260.14,0.0,10,2021,0.2131
CA-2021-101593,CG-10357,TEC-ACC-10830,2023-03-15,108.58,9,-18.91,0.4,3,2023,-0.1742
CA-2021-101594,CG-10230,TEC-ACC-10645,2021-03-31,578.8,9,125.07,0.2,3,2021,0.2161
CA-2021-101595,CG-10780,FUR-FUR-10611,2022-12-14,707.28,4,234.67,0.2,12,2022,0.3318
CA-2021-101596,CG-10012,OFF-ART-10317,2021-09-10,1236.9,1,271.68,0.3,9,2021,0.2196
CA-2021-101597,CG-10016,OFF-LAB-10516,2023-07-06,599.7,3,204.54,0.4,7,2023,0.3411
CA-2021-101598,CG-10433,FUR-CHA-10355,2023-02-06,1364.98,2,-84.3,0.5,2,2023,-0.0618
CA-2021-101599,CG-10314,OFF-LAB-10991,2023-02-04,366.69,5,-27.31,0.0,2,2023,-0.0745
CA-2021-101600,CG-10740,TEC-MAC-10776,2022-03-14,1363.22,6,204.64,0.5,3,2022,0.1501
CA-2021-101601,CG-10126,TEC-COP-10270,2023-06-10,1874.09,7,108.34,0.1,6,2023,0.0578
CA-2021-101602,CG-10248,TEC-COP-10555,2023-03-22,1910.14,6,-325.67,0.5,3,2023,-0.1705
CA-2021-101603,CG-10222,FUR-CHA-10217,2021-07-25,379.36,1,22.57,0.3,7,2021,0.0595
CA-2021-101604,CG-10404,FUR-TAB-10264,2023-04-10,525.56,3,-3.52,0.0,4,2023,-0.0067
CA-2021-101605,CG-10667,OFF-PAP-10022,2022-04-30,1866.77,3,434.13,0.1,4,2022,0.2326
CA-2021-101606,CG-10528,FUR-BOO-10506,2021-01-01,852.33,4,218.78,0.1,1,2021,0.2567
CA-2021-101607,CG-10275,FUR-TAB-10936,2021-01-19,1348.61,6,427.79,0.3,1,2021,0.3172
CA-2021-101608,CG-10291,OFF-FAS-10792,2021-05-23,1106.72,4,-201.79,0.0,5,2021,-0.1823
CA-2021-101609,CG-10424,OFF-ART-10411,2021-09-20,904.31,8,-70.31,0.1,9,2021,-0.0777
CA-2021-101610,CG-10035,TEC-COP-10138,2021-02-27,891.47,4,-150.29,0.3,2,2021,-0.1686
CA-2021-101611,CG-10276,OFF-STO-10800,2021-03-18,951.1,5,-114.74,0.0,3,2021,-0.1206
CA-2021-101612,CG-10440,OFF-SUP-10195,2021-12-09,912.35,3,129.1,0.3,12,2021,0.1415
CA-2021-101613,CG-10273,TEC-MAC-10106,2023-04-07,532.12,7,-16.16,0.0,4,2023,-0.0304
CA-2021-101614,CG-10035,FUR-FUR-10014,2022-07-23,1994.54,2,317.62,0.2,7,2022,0.1592
CA-2021-101615,CG-10763,TEC-ACC-10133,2021-10-20,839.72,7,-58.88,0.2,10,2021,-0.0701
CA-2021-101616,CG-10004,FUR-CHA-10447,2021-08-02,1235.68,9,-78.11,0.3,8,2021,-0.0632
CA-2021-101617,CG-10176,TEC-ACC-10764,2021-10-09,1635.07,9,594.23,0.2,10,2021,0.3634
CA-2021-101618,CG-10209,TEC-COP-10059,2021-05-12,1031.65,9,356.33,0.0,5,2021,0.3454
CA-2021-101619,CG-10714,TEC-MAC-10410,2021-05-19,1049.09,7,411.74,0.0,5,2021,0.3925
CA-2021-101620,CG-10580,OFF-SUP-10994,2022-07-10,58.76,6,12.46,0.4,7,2022,0.212
CA-2021-101621,CG-10587,TEC-COP-10135,2021-11-12,795.99,2,241.7,0.0,11,2021,0.3036
CA-2021-101622,CG-10511,FUR-FUR-10769,2022-10-23,1802.73,8,668.18,0.4,10,2022,0.3706
CA-2021-101623,CG-10005,OFF-PAP-10345,2022-12-23,1982.48,3,162.87,0.2,12,2022,0.0822
CA-2021-101624,CG-10261,OFF-SUP-10882,2021-09-29,1369.75,6,66.89,0.0,9,2021,0.0488
CA-2021-101625,CG-10206,OFF-STO-10524,2023-11-16,1227.13,5,-139.61,0.0,11,2023,-0.1138
CA-2021-101626,CG-10418,FUR-BOO-10157,2023-08-21,93.37,2,-17.56,0.5,8,2023,-0.1881
CA-2021-101627,CG-10031,TEC-COP-10275,2021-05-05,99.99,6,12.43,0.0,5,2021,0.1243
CA-2021-101628,CG-10138,TEC-PHO-10112,2023-06-07,141.76,10,22.37,0.5,6,2023,0.1578
CA-2021-101629,CG-10771,OFF-FAS-10521,2022-07-08,36.23,6,2.84,0.0,7,2022,0.0784
CA-2021-101630,CG-10598,TEC-MAC-10001,2023-10-18,1281.92,4,264.2,0.2,10,2023,0.2061
CA-2021-101631,CG-10543,TEC-MAC-10625,2022-07-08,1304.84,1,498.02,0.1,7,2022,0.3817
CA-2021-101632,CG-10292,OFF-BIN-10978,2022-10-02,91.33,2,18.17,0.5,10,2022,0.1989
CA-2021-101633,CG-10620,TEC-MAC-10108,2021-05-17,1799.71,5,-142.39,0.0,5,2021,-0.0791
CA-2021-101634,CG-10739,OFF-ART-10169,2022-05-17,1535.24,3,-278.37,0.4,5,2022,-0.1813
CA-2021-101635,CG-10412,OFF-PAP-10380,2022-08-23,427.48,8,93.99,0.1,8,2022,0.2199
CA-2021-101636,CG-10348,TEC-PHO-10955,2023-08-18,1006.3,5,333.9,0.0,8,2023,0.3318
CA-2021-101637,CG-10155,FUR-TAB-10036,2021-10-01,1452.62,4,-186.77,0.5,10,2021,-0.1286
CA-2021-101638,CG-10477,OFF-ENV-10072,2022-07-13,1600.91,9,-266.75,0.5,7,2022,-0.1666
CA-2021-101639,CG-10463,OFF-FAS-10361,2023-10-14,634.61,10,249.59,0.0,10,2023,0.3933
CA-2021-101640,CG-10171,FUR-BOO-10563,2023-10-09,125.58,10,2.73,0.2,10,2023,0.0217
CA-2021-101641,CG-10081,OFF-FAS-10184,2022-02-25,55.48,3,11.71,0.0,2,2022,0.2111
CA-2021-101642,CG-10671,TEC-PHO-10664,2022-11-15,185.55,9,-19.89,0.0,11,2022,-0.1072
CA-2021-101643,CG-10465,FUR-FUR-10603,2023-03-06,1523.25,10,493.3,0.0,3,2023,0.3238
CA-2021-101644,CG-10047,FUR-FUR-10502,2022-04-19,557.05,9,109.63,0.4,4,2022,0.1968
CA-2021-101645,CG-10013,OFF-SUP-10784,2023-04-28,1041.94,4,3.12,0.1,4,2023,0.003
CA-2021-101646,CG-10366,TEC-ACC-10632,2021-07-25,665.25,1,42.57,0.3,7,2021,0.064
CA-2021-101647,CG-10521,TEC-ACC-10065,2023-11-24,1424.71,5,-246.72,0.2,11,2023,-0.1732
CA-2021-101648,CG-10410,OFF-LAB-10838,2021-07-29,313.24,4,97.26,0.3,7,2021,0.3105
CA-2021-101649,CG-10237,TEC-PHO-10436,2021-03-18,1281.35,8,157.14,0.5,3,2021,0.1226
CA-2021-101650,CG-10790,OFF-APP-10067,2023-04-24,1153.26,5,402.47,0.0,4,2023,0.349
CA-2021-101651,CG-10596,FUR-TAB-10615,2022-10-16,445.07,8,142.94,0.1,10,2022,0.3212
CA-2021-101652,CG-10578,TEC-ACC-10657,2023-06-19,217.88,7,49.33,0.1,6,2023,0.2264
CA-2021-101653,CG-10550,FUR-TAB-10969,2021-12-25,190.04,6,24.7,0.0,12,2021,0.13
CA-2021-101654,CG-10353,FUR-BOO-10665,2022-08-21,774.76,8,25.77,0.2,8,2022,0.0333
CA-2021-101655,CG-10003,TEC-COP-10525,2022-07-03,1864.46,10,102.2,0.0,7,2022,0.0548
CA-2021-101656,CG-10280,FUR-FUR-10722,2021-05-28,1669.92,5,-105.61,0.0,5,2021,-0.0632
CA-2021-101657,CG-10605,OFF-SUP-10680,2022-02-21,978.84,8,-180.6,0.2,2,2022,-0.1845
CA-2021-101658,CG-10724,FUR-TAB-10386,2021-02-28,311.61,6,45.21,0.0,2,2021,0.1451
CA-2021-101659,CG-10764,OFF-STO-10137,2023-02-13,833.59,2,-96.92,0.0,2,2023,-0.1163
CA-2021-101660,CG-10742,FUR-TAB-10499,2022-07-05,1180.88,1,401.25,0.0,7,2022,0.3398
CA-2021-101661,CG-10282,TEC-PHO-10631,2021-07-12,1729.85,10,-6.16,0.0,7,2021,-0.0036
CA-2021-101662,CG-10143,FUR-TAB-10252,2022-12-19,921.26,7,55.8,0.3,12,2022,0.0606
CA-2021-101663,CG-10364,FUR-FUR-10701,2022-03-23,1139.55,6,383.09,0.4,3,2022,0.3362
CA-2021-101664,CG-10002,OFF-APP-10746,2021-07-09,1219.63,1,434.65,0.1,7,2021,0.3564
CA-2021-101665,CG-10546,FUR-BOO-10480,2022-08-14,519.08,9,46.03,0.4,8,2022,0.0887
CA-2021-101666,CG-10382,FUR-TAB-10152,2021-05-16,1851.05,5,441.9,0.4,5,2021,0.2387
CA-2021-101667,CG-10218,FUR-CHA-10014,2022-06-18,1565.52,8,240.76,0.5,6,2022,0.1538
CA-2021-101668,CG-10053,OFF-APP-10061,2022-05-15,996.14,7,-142.59,0.4,5,2022,-0.1431
CA-2021-101669,CG-10256,TEC-COP-10174,2022-05-14,630.92,10,-3.32,0.0,5,2022,-0.0053
CA-2021-101670,CG-10646,FUR-CHA-10338,2023-09-23,1101.52,9,-155.99,0.5,9,2023,-0.1416
CA-2021-101671,CG-10250,OFF-LAB-10723,2023-04-13,1100.35,1,350.17,0.0,4,2023,0.3182
CA-2021-101672,CG-10343,FUR-CHA-10691,2023-04-08,115.06,4,-10.24,0.0,4,2023,-0.089
CA-2021-101673,CG-10491,FUR-TAB-10327,2022-08-14,200.2,5,-36.76,0.0,8,2022,-0.1836
CA-2021-101674,CG-10757,TEC-ACC-10284,2021-02-09,1966.38,7,660.12,0.4,2,2021,0.3357
CA-2021-101675,CG-10381,FUR-BOO-10983,2022-04-21,1954.86,3,388.83,0.0,4,2022,0.1989
CA-2021-101676,CG-10197,TEC-PHO-10529,2021-06-04,1518.75,5,-113.23,0.2,6,2021,-0.0746
CA-2021-101677,CG-10695,FUR-TAB-10190,2021-11-21,1468.55,5,439.75,0.3,11,2021,0.2994
CA-2021-101678,CG-10439,OFF-APP-10747,2022-09-03,891.01,1,-37.22,0.0,9,2022,-0.0418
CA-2021-101679,CG-10181,OFF-BIN-10854,2023-06-15,913.1,8,-31.01,0.1,6,2023,-0.034
CA-2021-101680,CG-10273,FUR-BOO-10893,2021-12-30,1963.85,7,566.46,0.3,12,2021,0.2884
CA-2021-101681,CG-10224,TEC-PHO-10163,2023-05-04,607.29,5,163.76,0.5,5,2023,0.2697
CA-2021-101682,CG-10130,OFF-APP-10765,2023-03-18,1442.16,4,-108.12,0.3,3,2023,-0.075
CA-2021-101683,CG-10304,FUR-BOO-10656,2022-02-19,1512.41,7,535.8,0.5,2,2022,0.3543
CA-2021-101684,CG-10420,TEC-COP-10252,2022-02-07,1254.34,4,-46.57,0.3,2,2022,-0.0371
CA-2021-101685,CG-10604,TEC-PHO-10425,2023-04-26,211.52,9,-4.73,0.0,4,2023,-0.0224
CA-2021-101686,CG-10029,OFF-BIN-10133,2023-10-22,212.0,9,45.96,0.1,10,2023,0.2168
CA-2021-101687,CG-10493,FUR-FUR-10395,2021-12-07,1661.89,1,-59.29,0.0,12,2021,-0.0357
CA-2021-101688,CG-10791,OFF-BIN-10858,2021-08-30,1958.63,5,529.32,0.4,8,2021,0.2703
CA-2021-101689,CG-10612,TEC-ACC-10011,2023-03-07,1408.04,6,-108.32,0.4,3,2023,-0.0769
CA-2021-101690,CG-10735,OFF-APP-10462,2023-11-02,1333.24,2,246.94,0.0,11,2023,0.1852
CA-2021-101691,CG-10110,FUR-FUR-10410,2022-04-05,663.99,10,-119.71,0.0,4,2022,-0.1803
CA-2021-101692,CG-10278,TEC-ACC-10672,2022-07-12,1174.35,2,-75.33,0.1,7,2022,-0.0641
CA-2021-101693,CG-10072,TEC-MAC-10075,2023-12-29,209.78,1,-30.8,0.2,12,2023,-0.1468
CA-2021-101694,CG-10319,TEC-PHO-10873,2021-08-01,30.74,5,8.08,0.0,8,2021,0.2628
CA-2021-101695,CG-10124,FUR-FUR-10309,2021-03-09,1929.98,10,-100.61,0.0,3,2021,-0.0521
CA-2021-101696,CG-10579,OFF-ART-10210,2021-05-03,645.31,2,-105.3,0.4,5,2021,-0.1632
CA-2021-101697,CG-10208,OFF-LAB-10948,2021-06-13,1576.54,2,432.65,0.0,6,2021,0.2744
CA-2021-101698,CG-10135,FUR-BOO-10139,2023-08-09,1736.19,3,-45.84,0.0,8,2023,-0.0264
CA-2021-101699,CG-10438,TEC-PHO-10038,2022-03-13,958.11,9,90.56,0.3,3,2022,0.0945
CA-2021-101700,CG-10121,OFF-APP-10084,2021-08-16,1971.89,2,-194.05,0.2,8,2021,-0.0984
CA-2021-101701,CG-10561,FUR-BOO-10179,2021-04-16,1197.66,7,39.67,0.0,4,2021,0.0331
CA-2021-101702,CG-10724,TEC-COP-10533,2022-10-01,14.01,6,1.29,0.2,10,2022,0.0921
CA-2021-101703,CG-10378,OFF-FAS-10443,2023-03-11,571.83,10,222.27,0.1,3,2023,0.3887
CA-2021-101704,CG-10459,OFF-FAS-10399,2022-03-03,734.48,9,243.78,0.2,3,2022,0.3319
CA-2021-101705,CG-10084,FUR-BOO-10005,2023-04-10,61.52,7,5.28,0.0,4,2023,0.0858
CA-2021-101706,CG-10005,TEC-COP-10688,2022-01-04,90.65,9,24.19,0.5,1,2022,0.2669
CA-2021-101707,CG-10124,FUR-FUR-10146,2021-10-05,290.03,8,-28.68,0.4,10,2021,-0.0989
CA-2021-101708,CG-10538,FUR-TAB-10032,2021-12-25,318.5,1,26.32,0.2,12,2021,0.0826
CA-2021-101709,CG-10233,OFF-STO-10355,2021-03-21,1505.11,5,245.64,0.5,3,2021,0.1632
CA-2021-101710,CG-10007,FUR-BOO-10979,2022-02-02,1934.69,8,-195.71,0.0,2,2022,-0.1012
CA-2021-101711,CG-10307,TEC-PHO-10248,2023-08-10,488.13,3,151.76,0.0,8,2023,0.3109
CA-2021-101712,CG-10465,FUR-BOO-10179,2021-09-16,1526.6,2,-41.6,0.2,9,2021,-0.0273
CA-2021-101713,CG-10689,TEC-ACC-10683,2021-02-16,451.81,6,175.67,0.5,2,2021,0.3888
CA-2021-101714,CG-10326,FUR-TAB-10803,2023-06-30,1863.01,4,293.9,0.4,6,2023,0.1578
CA-2021-101715,CG-10580,TEC-MAC-10915,2021-02-12,1521.53,3,457.17,0.0,2,2021,0.3005
CA-2021-101716,CG-10246,TEC-COP-10915,2021-01-31,142.69,1,-0.15,0.4,1,2021,-0.0011
CA-2021-101717,CG-10306,FUR-FUR-10225,2022-10-14,893.88,2,45.55,0.1,10,2022,0.051
CA-2021-101718,CG-10302,FUR-BOO-10330,2022-02-03,1448.54,10,266.66,0.0,2,2022,0.1841
CA-2021-101719,CG-10785,TEC-MAC-10315,2022-01-13,1490.45,5,-107.98,0.0,1,2022,-0.0724
CA-2021-101720,CG-10322,TEC-MAC-10178,2022-12-02,1885.17,7,-6.45,0.0,12,2022,-0.0034
CA-2021-101721,CG-10226,TEC-COP-10367,2021-01-31,562.33,6,-91.74,0.5,1,2021,-0.1631
CA-2021-101722,CG-10020,FUR-CHA-10926,2022-10-22,1080.26,3,-69.34,0.4,10,2022,-0.0642
CA-2021-101723,CG-10027,TEC-PHO-10926,2023-06-26,207.43,5,33.22,0.0,6,2023,0.1602
CA-2021-101724,CG-10405,OFF-BIN-10124,2021-12-27,771.07,4,242.94,0.5,12,2021,0.3151
CA-2021-101725,CG-10428,TEC-ACC-10590,2023-10-22,611.12,6,-54.41,0.0,10,2023,-0.089
CA-2021-101726,CG-10002,TEC-ACC-10440,2022-03-10,1241.8,8,-185.21,0.5,3,2022,-0.1491
CA-2021-101727,CG-10362,OFF-ART-10593,2022-01-13,687.62,5,-111.12,0.5,1,2022,-0.1616
CA-2021-101728,CG-10084,FUR-TAB-10938,2021-01-01,1589.9,6,-187.56,0.1,1,2021,-0.118
CA-2021-101729,CG-10629,FUR-BOO-10942,2022-11-10,586.35,5,38.91,0.1,11,2022,0.0664
CA-2021-101730,CG-10674,TEC-COP-10027,2023-10-19,1938.7,7,-319.79,0.3,10,2023,-0.165
CA-2021-101731,CG-10159,FUR-CHA-10400,2022-10-20,1099.41,7,305.96,0.0,10,2022,0.2783
CA-2021-101732,CG-10138,TEC-COP-10552,2021-02-19,1262.11,8,-97.56,0.4,2,2021,-0.0773
CA-2021-101733,CG-10424,TEC-ACC-10866,2021-05-27,284.74,9,53.61,0.2,5,2021,0.1883
CA-2021-101734,CG-10583,TEC-MAC-10894,2022-01-30,89.68,4,26.73,0.5,1,2022,0.2981
CA-2021-101735,CG-10129,TEC-PHO-10502,2022-03-01,526.71,6,14.74,0.4,3,2022,0.028
CA-2021-101736,CG-10042,TEC-ACC-10834,2023-10-15,691.57,2,233.27,0.3,10,2023,0.3373
CA-2021-101737,CG-10377,OFF-ART-10323,2023-05-27,592.75,7,189.37,0.5,5,2023,0.3195
CA-2021-101738,CG-10628,FUR-TAB-10523,2023-09-29,737.21,7,264.08,0.3,9,2023,0.3582
CA-2021-101739,CG-10022,TEC-COP-10005,2021-11-24,564.58,10,126.97,0.2,11,2021,0.2249
CA-2021-101740,CG-10431,TEC-ACC-10183,2023-05-08,772.32,6,-88.2,0.0,5,2023,-0.1142
CA-2021-101741,CG-10141,FUR-BOO-10447,2021-02-14,887.29,4,187.12,0.2,2,2021,0.2109
CA-2021-101742,CG-10293,OFF-LAB-10878,2022-01-17,1576.97,5,121.24,0.5,1,2022,0.0769
CA-2021-101743,CG-10665,OFF-STO-10463,2023-12-01,1399.25,1,-259.51,0.5,12,2023,-0.1855
CA-2021-101744,CG-10324,TEC-ACC-10784,2022-05-13,894.97,3,318.5,0.0,5,2022,0.3559
CA-2021-101745,CG-10205,OFF-LAB-10027,2023-03-21,819.92,4,253.54,0.0,3,2023,0.3092
CA-2021-101746,CG-10433,TEC-MAC-10969,2023-10-28,261.74,5,-20.22,0.1,10,2023,-0.0773
CA-2021-101747,CG-10655,FUR-FUR-10897,2023-10-19,1482.73,2,42.58,0.1,10,2023,0.0287
CA-2021-101748,CG-10267,FUR-CHA-10383,2023-01-29,567.06,1,181.6,0.0,1,2023,0.3202
CA-2021-101749,CG-10543,TEC-PHO-10553,2021-06-08,1798.85,5,-241.34,0.4,6,2021,-0.1342
CA-2021-101750,CG-10065,FUR-CHA-10077,2022-08-09,1279.73,1,-208.77,0.2,8,2022,-0.1631
CA-2021-101751,CG-10488,FUR-BOO-10201,2022-01-27,1272.27,2,138.72,0.2,1,2022,0.109
CA-2021-101752,CG-10498,TEC-PHO-10985,2021-07-31,1037.48,6,-32.06,0.4,7,2021,-0.0309
CA-2021-101753,CG-10495,FUR-TAB-10374,2023-08-06,1824.68,2,617.61,0.4,8,2023,0.3385
CA-2021-101754,CG-10449,OFF-FAS-10679,2023-11-26,234.52,10,69.41,0.5,11,2023,0.296
CA-2021-101755,CG-10383,FUR-FUR-10602,2021-05-15,1740.87,6,-0.52,0.0,5,2021,-0.0003
CA-2021-101756,CG-10253,OFF-ENV-10289,2023-06-20,308.4,6,5.81,0.1,6,2023,0.0188
CA-2021-101757,CG-10697,OFF-FAS-10561,2021-10-18,941.57,8,127.8,0.3,10,2021,0.1357
CA-2021-101758,CG-10209,TEC-ACC-10440,2021-01-09,1751.19,4,-190.92,0.0,1,2021,-0.109
CA-2021-101759,CG-10530,TEC-ACC-10004,2022-06-07,148.57,6,-15.04,0.0,6,2022,-0.1012
CA-2021-101760,CG-10654,OFF-BIN-10972,2021-01-16,1833.03,8,607.83,0.0,1,2021,0.3316
CA-2021-101761,CG-10143,OFF-PAP-10668,2023-07-23,1900.75,2,622.1,0.0,7,2023,0.3273
CA-2021-101762,CG-10074,OFF-BIN-10198,2021-01-03,1209.05,1,416.45,0.5,1,2021,0.3444
CA-2021-101763,CG-10708,TEC-MAC-10957,2023-09-29,1778.01,1,432.62,0.3,9,2023,0.2433
CA-2021-101764,CG-10412,TEC-COP-10621,2021-08-10,735.88,10,7.3,0.4,8,2021,0.0099
CA-2021-101765,CG-10155,TEC-COP-10698,2023-12-10,476.71,5,-90.74,0.2,12,2023,-0.1903
CA-2021-101766,CG-10778,OFF-BIN-10469,2023-07-29,408.58,3,123.67,0.0,7,2023,0.3027
CA-2021-101767,CG-10084,OFF-APP-10044,2023-09-07,494.06,1,0.37,0.0,9,2023,0.0007
CA-2021-101768,CG-10685,OFF-ART-10884,2023-05-09,71.15,1,2.9,0.0,5,2023,0.0408
CA-2021-101769,CG-10614,FUR-TAB-10483,2022-10-15,1020.12,4,97.11,0.3,10,2022,0.0952
CA-2021-101770,CG-10290,FUR-BOO-10093,2023-02-27,1940.9,9,758.84,0.4,2,2023,0.391
CA-2021-101771,CG-10270,TEC-ACC-10297,2023-04-15,736.09,9,-10.14,0.0,4,2023,-0.0138
CA-2021-101772,CG-10017,FUR-CHA-10286,2021-10-17,1096.75,1,-19.18,0.0,10,2021,-0.0175
CA-2021-101773,CG-10240,FUR-FUR-10612,2021-08-23,1909.17,4,625.19,0.0,8,2021,0.3275
CA-2021-101774,CG-10067,FUR-CHA-10828,2021-07-03,123.16,1,14.26,0.0,7,2021,0.1158
CA-2021-101775,CG-10066,TEC-PHO-10636,2021-12-22,1290.96,4,283.25,0.3,12,2021,0.2194
CA-2021-101776,CG-10788,FUR-CHA-10524,2022-06-22,449.04,8,24.62,0.4,6,2022,0.0548
CA-2021-101777,CG-10787,FUR-TAB-10075,2023-05-29,142.89,10,38.28,0.2,5,2023,0.2679
CA-2021-101778,CG-10509,FUR-BOO-10142,2022-03-11,1561.71,4,495.39,0.0,3,2022,0.3172
CA-2021-101779,CG-10751,TEC-PHO-10415,2022-09-24,1337.86,10,113.21,0.1,9,2022,0.0846
CA-2021-101780,CG-10418,OFF-PAP-10025,2021-07-21,995.53,7,194.05,0.0,7,2021,0.1949
CA-2021-101781,CG-10445,TEC-COP-10583,2021-11-27,1849.39,3,-165.62,0.0,11,2021,-0.0896
CA-2021-101782,CG-10474,TEC-ACC-10579,2023-07-06,800.19,7,-78.89,0.3,7,2023,-0.0986
CA-2021-101783,CG-10617,FUR-TAB-10934,2022-10-25,1248.75,8,-135.64,0.5,10,2022,-0.1086
CA-2021-101784,CG-10111,OFF-SUP-10585,2021-02-20,68.36,2,-8.55,0.2,2,2021,-0.1251
CA-2021-101785,CG-10315,FUR-BOO-10792,2023-03-23,1604.85,9,-243.67,0.5,3,2023,-0.1518
CA-2021-101786,CG-10357,FUR-TAB-10657,2022-06-21,1192.79,3,163.06,0.5,6,2022,0.1367
CA-2021-101787,CG-10659,FUR-TAB-10281,2021-02-06,212.33,3,38.26,0.3,2,2021,0.1802
CA-2021-101788,CG-10232,TEC-PHO-10649,2023-04-03,1289.82,6,512.42,0.0,4,2023,0.3973
CA-2021-101789,CG-10267,FUR-FUR-10142,2021-12-11,37.14,8,-6.99,0.1,12,2021,-0.1882
CA-2021-101790,CG-10506,TEC-COP-10400,2023-01-15,944.45,5,206.24,0.0,1,2023,0.2184
CA-2021-101791,CG-10555,TEC-MAC-10259,2023-04-16,1556.18,8,-264.83,0.2,4,2023,-0.1702
CA-2021-101792,CG-10362,FUR-BOO-10518,2022-11-08,140.51,7,47.46,0.4,11,2022,0.3378
CA-2021-101793,CG-10506,OFF-SUP-10246,2022-04-14,1880.16,6,334.65,0.4,4,2022,0.178
CA-2021-101794,CG-10789,FUR-FUR-10307,2023-08-27,1053.8,1,-56.67,0.2,8,2023,-0.0538
CA-2021-101795,CG-10326,TEC-COP-10544,2022-11-22,1075.79,6,277.44,0.0,11,2022,0.2579
CA-2021-101796,CG-10776,OFF-PAP-10457,2021-12-05,1647.24,1,-134.67,0.5,12,2021,-0.0818
CA-2021-101797,CG-10682,TEC-COP-10064,2021-10-18,1944.5,6,351.88,0.2,10,2021,0.181
CA-2021-101798,CG-10023,FUR-BOO-10214,2022-12-21,715.15,3,-14.35,0.0,12,2022,-0.0201
CA-2021-101799,CG-10192,FUR-CHA-10145,2021-10-13,1197.28,4,299.75,0.1,10,2021,0.2504
CA-2021-101800,CG-10270,TEC-MAC-10927,2021-03-01,1987.58,3,29.38,0.4,3,2021,0.0148
CA-2021-101801,CG-10567,TEC-MAC-10350,2021-08-16,111.71,6,-7.37,0.5,8,2021,-0.066
CA-2021-101802,CG-10488,OFF-FAS-10773,2021-03-25,1211.22,2,-6.65,0.1,3,2021,-0.0055
CA-2021-101803,CG-10425,FUR-FUR-10394,2021-03-06,841.58,8,106.28,0.0,3,2021,0.1263
CA-2021-101804,CG-10103,FUR-CHA-10538,2022-10-13,956.5,7,245.47,0.0,10,2022,0.2566
CA-2021-101805,CG-10085,TEC-COP-10945,2023-03-15,38.09,10,2.07,0.0,3,2023,0.0543
CA-2021-101806,CG-10738,TEC-MAC-10936,2021-06-01,1492.02,1,2.02,0.2,6,2021,0.0014
CA-2021-101807,CG-10287,TEC-COP-10315,2023-06-22,1356.63,2,503.8,0.0,6,2023,0.3714
CA-2021-101808,CG-10410,OFF-STO-10566,2022-08-21,312.98,3,51.54,0.3,8,2022,0.1647
CA-2021-101809,CG-10387,TEC-ACC-10112,2021-08-08,518.15,8,134.86,0.3,8,2021,0.2603
CA-2021-101810,CG-10662,OFF-APP-10230,2021-02-19,577.62,5,194.76,0.1,2,2021,0.3372
CA-2021-101811,CG-10699,FUR-TAB-10399,2023-09-18,246.22,2,-46.91,0.3,9,2023,-0.1905
CA-2021-101812,CG-10761,FUR-FUR-10839,2022-03-14,331.83,2,-38.24,0.4,3,2022,-0.1152
CA-2021-101813,CG-10223,FUR-TAB-10791,2021-07-20,1104.39,7,300.51,0.0,7,2021,0.2721
CA-2021-101814,CG-10609,OFF-ART-10884,2023-11-19,907.93,1,168.95,0.5,11,2023,0.1861
CA-2021-101815,CG-10760,FUR-BOO-10908,2022-07-16,111.73,3,-13.57,0.0,7,2022,-0.1215
CA-2021-101816,CG-10048,TEC-MAC-10619,2022-12-11,348.5,6,24.94,0.4,12,2022,0.0716
CA-2021-101817,CG-10549,TEC-ACC-10554,2022-07-14,1372.84,8,-29.44,0.3,7,2022,-0.0214
CA-2021-101818,CG-10768,FUR-CHA-10384,2021-06-04,1661.91,3,-160.35,0.5,6,2021,-0.0965
CA-2021-101819,CG-10177,FUR-BOO-10902,2021-11-24,15.81,4,0.27,0.0,11,2021,0.0171
CA-2021-101820,CG-10243,TEC-COP-10664,2023-12-08,1450.09,7,71.35,0.1,12,2023,0.0492
CA-2021-101821,CG-10493,OFF-BIN-10132,2023-02-19,35.13,9,6.63,0.2,2,2023,0.1887
CA-2021-101822,CG-10574,OFF-STO-10106,2021-04-14,1827.52,8,110.06,0.0,4,2021,0.0602
CA-2021-101823,CG-10370,FUR-FUR-10145,2021-01-14,748.92,2,129.81,0.0,1,2021,0.1733
CA-2021-101824,CG-10080,OFF-ENV-10704,2022-11-25,1647.18,10,118.78,0.0,11,2022,0.0721
CA-2021-101825,CG-10759,TEC-COP-10962,2021-10-17,857.06,10,34.69,0.3,10,2021,0.0405
CA-2021-101826,CG-10169,OFF-ENV-10683,2023-10-10,922.95,4,229.32,0.5,10,2023,0.2485
CA-2021-101827,CG-10744,FUR-BOO-10073,2022-09-01,788.05,7,76.08,0.0,9,2022,0.0965
CA-2021-101828,CG-10115,OFF-STO-10212,2022-09-03,1256.16,2,-111.37,0.3,9,2022,-0.0887
CA-2021-101829,CG-10607,OFF-PAP-10564,2021-02-25,508.0,6,62.58,0.4,2,2021,0.1232
CA-2021-101830,CG-10706,FUR-CHA-10798,2021-02-27,1087.15,8,44.51,0.1,2,2021,0.0409
CA-2021-101831,CG-10065,TEC-PHO-10592,2021-12-10,1870.73,7,297.42,0.3,12,2021,0.159
CA-2021-101832,CG-10020,FUR-FUR-10667,2021-12-15,1031.99,5,-129.57,0.5,12,2021,-0.1256
CA-2021-101833,CG-10291,OFF-ENV-10323,2023-07-07,1229.52,9,368.34,0.2,7,2023,0.2996
CA-2021-101834,CG-10364,FUR-CHA-10963,2023-10-02,229.65,9,63.0,0.4,10,2023,0.2743
CA-2021-101835,CG-10417,OFF-STO-10978,2023-10-06,1267.37,6,401.68,0.4,10,2023,0.3169
CA-2021-101836,CG-10623,OFF-PAP-10090,2021-12-31,1734.8,7,88.7,0.0,12,2021,0.0511
CA-2021-101837,CG-10658,FUR-CHA-10356,2023-03-14,1956.28,3,-257.65,0.0,3,2023,-0.1317
CA-2021-101838,CG-10078,TEC-ACC-10592,2021-08-24,451.39,4,159.14,0.4,8,2021,0.3526
CA-2021-101839,CG-10528,FUR-BOO-10925,2021-04-26,957.68,3,239.27,0.3,4,2021,0.2498
CA-2021-101840,CG-10350,TEC-PHO-10330,2021-11-10,1702.72,4,-191.9,0.0,11,2021,-0.1127
CA-2021-101841,CG-10723,FUR-BOO-10238,2023-10-08,847.73,3,246.98,0.0,10,2023,0.2913
CA-2021-101842,CG-10321,TEC-MAC-10008,2023-01-04,204.36,4,-1.84,0.2,1,2023,-0.009
CA-2021-101843,CG-10712,OFF-FAS-10138,2023-12-04,1476.39,10,281.06,0.0,12,2023,0.1904
CA-2021-101844,CG-10428,OFF-LAB-10220,2021-12-27,224.15,8,-0.63,0.1,12,2021,-0.0028
CA-2021-101845,CG-10723,OFF-BIN-10135,2023-05-29,67.28,3,5.87,0.0,5,2023,0.0872
CA-2021-101846,CG-10421,FUR-TAB-10444,2022-07-08,1379.81,9,395.25,0.1,7,2022,0.2865
CA-2021-101847,CG-10779,OFF-LAB-10161,2021-07-12,208.76,5,-8.13,0.2,7,2021,-0.0389
CA-2021-101848,CG-10120,OFF-BIN-10344,2023-01-24,1398.44,5,65.46,0.5,1,2023,0.0468
CA-2021-101849,CG-10197,OFF-LAB-10307,2022-08-07,624.77,6,107.83,0.1,8,2022,0.1726
CA-2021-101850,CG-10325,FUR-CHA-10767,2023-11-08,366.38,2,-67.31,0.0,11,2023,-0.1837
CA-2021-101851,CG-10443,TEC-ACC-10793,2021-03-14,1914.05,4,56.16,0.5,3,2021,0.0293
CA-2021-101852,CG-10640,TEC-MAC-10855,2022-04-24,1079.15,2,-155.7,0.2,4,2022,-0.1443
CA-2021-101853,CG-10689,FUR-BOO-10419,2021-09-17,1310.87,3,-260.44,0.2,9,2021,-0.1987
CA-2021-101854,CG-10104,FUR-BOO-10749,2023-11-26,1212.97,4,-90.72,0.2,11,2023,-0.0748
CA-2021-101855,CG-10392,TEC-COP-10021,2023-01-12,583.06,5,137.88,0.1,1,2023,0.2365
CA-2021-101856,CG-10623,OFF-BIN-10582,2022-11-28,1667.4,10,-170.32,0.3,11,2022,-0.1021
CA-2021-101857,CG-10414,TEC-COP-10821,2022-08-04,426.96,10,129.67,0.0,8,2022,0.3037
CA-2021-101858,CG-10217,TEC-ACC-10682,2021-01-10,1526.42,10,-54.37,0.3,1,2021,-0.0356
CA-2021-101859,CG-10717,TEC-COP-10893,2023-05-31,1182.2,10,87.71,0.2,5,2023,0.0742
CA-2021-101860,CG-10536,TEC-PHO-10401,2021-06-24,529.12,8,-80.17,0.0,6,2021,-0.1515
CA-2021-101861,CG-10020,OFF-FAS-10267,2023-06-05,658.33,6,82.75,0.0,6,2023,0.1257
CA-2021-101862,CG-10019,TEC-ACC-10800,2022-02-23,1391.65,6,202.19,0.4,2,2022,0.1453
CA-2021-101863,CG-10073,OFF-BIN-10921,2023-09-20,628.62,3,214.2,0.2,9,2023,0.3407
CA-2021-101864,CG-10551,OFF-STO-10773,2022-09-08,1690.52,6,656.26,0.0,9,2022,0.3882
CA-2021-101865,CG-10572,OFF-SUP-10524,2021-05-27,828.43,4,119.11,0.2,5,2021,0.1438
CA-2021-101866,CG-10615,FUR-CHA-10001,2021-06-23,1541.86,3,199.77,0.5,6,2021,0.1296
CA-2021-101867,CG-10777,OFF-SUP-10424,2023-01-26,1814.04,8,18.44,0.5,1,2023,0.0102
CA-2021-101868,CG-10412,FUR-TAB-10238,2023-05-16,514.92,5,91.31,0.1,5,2023,0.1773
CA-2021-101869,CG-10459,TEC-PHO-10887,2021-11-05,452.48,8,-66.39,0.4,11,2021,-0.1467
CA-2021-101870,CG-10455,OFF-PAP-10833,2023-05-27,1353.65,3,-71.74,0.4,5,2023,-0.053
CA-2021-101871,CG-10141,OFF-PAP-10806,2023-02-06,552.5,5,201.42,0.1,2,2023,0.3646
CA-2021-101872,CG-10153,FUR-TAB-10082,2023-09-03,936.8,9,-29.19,0.5,9,2023,-0.0312
CA-2021-101873,CG-10667,TEC-COP-10807,2022-12-20,603.11,2,152.36,0.3,12,2022,0.2526
CA-2021-101874,CG-10247,TEC-PHO-10250,2022-07-23,76.66,7,2.99,0.3,7,2022,0.039
CA-2021-101875,CG-10421,OFF-FAS-10882,2023-01-19,690.49,3,220.23,0.1,1,2023,0.3189
CA-2021-101876,CG-10315,OFF-PAP-10080,2021-03-01,1999.08,2,-327.93,0.0,3,2021,-0.164
CA-2021-101877,CG-10283,TEC-COP-10481,2022-10-06,182.66,2,18.53,0.3,10,2022,0.1014
CA-2021-101878,CG-10737,OFF-STO-10687,2023-11-12,1530.59,7,308.2,0.5,11,2023,0.2014
CA-2021-101879,CG-10614,OFF-SUP-10282,2021-10-29,1232.08,6,26.26,0.0,10,2021,0.0213
CA-2021-101880,CG-10017,FUR-TAB-10638,2022-04-20,1462.69,10,143.09,0.0,4,2022,0.0978
CA-2021-101881,CG-10544,OFF-ART-10314,2021-11-15,514.22,6,-36.11,0.0,11,2021,-0.0702
CA-2021-101882,CG-10306,FUR-TAB-10620,2021-07-04,913.03,9,-90.76,0.3,7,2021,-0.0994
CA-2021-101883,CG-10660,OFF-STO-10423,2021-02-04,1748.79,3,471.92,0.1,2,2021,0.2699
CA-2021-101884,CG-10008,OFF-PAP-10273,2022-09-12,415.54,4,-64.07,0.3,9,2022,-0.1542
CA-2021-101885,CG-10500,OFF-SUP-10828,2021-06-10,427.97,10,78.15,0.3,6,2021,0.1826
CA-2021-101886,CG-10385,TEC-MAC-10550,2021-06-05,1942.54,9,-3.54,0.4,6,2021,-0.0018
CA-2021-101887,CG-10749,FUR-TAB-10886,2022-09-30,1526.79,10,196.4,0.0,9,2022,0.1286
CA-2021-101888,CG-10705,FUR-BOO-10781,2021-09-18,1217.33,3,424.65,0.2,9,2021,0.3488
CA-2021-101889,CG-10092,TEC-PHO-10201,2021-12-22,1034.87,3,354.71,0.5,12,2021,0.3428
CA-2021-101890,CG-10194,FUR-BOO-10451,2022-12-31,399.6,1,-3.02,0.0,12,2022,-0.0076
CA-2021-101891,CG-10679,FUR-CHA-10759,2021-04-08,1999.63,7,336.63,0.3,4,2021,0.1683
CA-2021-101892,CG-10611,OFF-BIN-10349,2022-09-18,1976.03,5,533.23,0.0,9,2022,0.2698
CA-2021-101893,CG-10711,FUR-FUR-10017,2022-09-21,173.25,10,-32.27,0.0,9,2022,-0.1863
CA-2021-101894,CG-10515,TEC-ACC-10364,2021-11-24,507.62,2,61.59,0.4,11,2021,0.1213
CA-2021-101895,CG-10646,OFF-ART-10763,2023-02-20,1240.38,7,-225.39,0.0,2,2023,-0.1817
CA-2021-101896,CG-10564,FUR-BOO-10161,2022-04-17,1327.48,6,-162.35,0.5,4,2022,-0.1223
CA-2021-101897,CG-10195,FUR-CHA-10090,2023-08-07,541.99,6,130.62,0.5,8,2023,0.241
CA-2021-101898,CG-10646,OFF-ART-10294,2021-04-02,1357.01,9,303.83,0.0,4,2021,0.2239
CA-2021-101899,CG-10461,FUR-TAB-10735,2022-01-08,35.46,6,11.77,0.2,1,2022,0.3319
CA-2021-101900,CG-10209,FUR-BOO-10441,2021-06-20,1010.33,10,62.03,0.3,6,2021,0.0614
CA-2021-101901,CG-10075,FUR-FUR-10662,2023-12-24,1854.22,8,15.87,0.4,12,2023,0.0086
CA-2021-101902,CG-10493,FUR-CHA-10771,2021-06-30,1600.74,4,-311.39,0.4,6,2021,-0.1945
CA-2021-101903,CG-10533,TEC-PHO-10973,2022-03-15,43.19,6,11.05,0.0,3,2022,0.2558
CA-2021-101904,CG-10370,TEC-MAC-10602,2022-09-23,1182.35,2,89.58,0.2,9,2022,0.0758
CA-2021-101905,CG-10673,FUR-FUR-10885,2023-08-30,1282.81,10,304.32,0.3,8,2023,0.2372
CA-2021-101906,CG-10607,TEC-COP-10893,2023-12-19,1542.74,6,329.0,0.4,12,2023,0.2133
CA-2021-101907,CG-10214,TEC-ACC-10437,2021-01-04,1530.24,9,-164.41,0.1,1,2021,-0.1074
CA-2021-101908,CG-10285,TEC-MAC-10751,2023-05-16,1814.23,8,302.05,0.0,5,2023,0.1665
CA-2021-101909,CG-10489,TEC-MAC-10614,2023-08-31,301.65,4,54.81,0.3,8,2023,0.1817
CA-2021-101910,CG-10722,FUR-FUR-10438,2022-07-17,1419.99,5,539.85,0.0,7,2022,0.3802
CA-2021-101911,CG-10274,OFF-STO-10785,2021-08-30,1238.02,8,-56.57,0.4,8,2021,-0.0457
CA-2021-101912,CG-10051,TEC-COP-10062,2022-09-29,1226.64,8,-70.47,0.4,9,2022,-0.0574
CA-2021-101913,CG-10176,OFF-BIN-10777,2021-03-19,1519.62,6,290.74,0.5,3,2021,0.1913
CA-2021-101914,CG-10581,TEC-ACC-10977,2022-09-18,1329.01,3,38.46,0.5,9,2022,0.0289
CA-2021-101915,CG-10341,TEC-PHO-10813,2022-07-17,1589.33,4,210.0,0.2,7,2022,0.1321
CA-2021-101916,CG-10353,OFF-FAS-10629,2023-09-23,1857.8,6,-67.74,0.2,9,2023,-0.0365
CA-2021-101917,CG-10767,OFF-APP-10109,2023-04-06,1404.03,8,-240.3,0.0,4,2023,-0.1712
CA-2021-101918,CG-10513,TEC-ACC-10900,2023-12-23,1963.12,7,477.69,0.5,12,2023,0.2433
CA-2021-101919,CG-10562,OFF-BIN-10426,2022-05-19,49.02,8,0.2,0.5,5,2022,0.0041
CA-2021-101920,CG-10456,FUR-BOO-10084,2023-03-26,1286.28,5,320.33,0.2,3,2023,0.249
CA-2021-101921,CG-10306,TEC-PHO-10210,2023-10-31,917.61,6,-145.8,0.3,10,2023,-0.1589
CA-2021-101922,CG-10678,FUR-FUR-10444,2022-07-19,1087.58,9,120.08,0.1,7,2022,0.1104
CA-2021-101923,CG-10664,OFF-ENV-10784,2021-03-17,47.3,6,11.12,0.2,3,2021,0.2351
CA-2021-101924,CG-10596,TEC-COP-10969,2023-10-06,679.21,7,251.61,0.0,10,2023,0.3704
CA-2021-101925,CG-10679,FUR-BOO-10473,2021-08-19,428.91,10,34.3,0.5,8,2021,0.08
CA-2021-101926,CG-10374,FUR-BOO-10106,2022-06-23,1329.79,5,-159.45,0.5,6,2022,-0.1199
CA-2021-101927,CG-10478,OFF-APP-10243,2023-09-27,199.51,9,64.9,0.3,9,2023,0.3253
CA-2021-101928,CG-10499,TEC-MAC-10412,2023-02-03,1109.85,10,101.65,0.3,2,2023,0.0916
CA-2021-101929,CG-10454,FUR-BOO-10257,2021-08-29,394.9,3,-28.42,0.1,8,2021,-0.072
CA-2021-101930,CG-10297,TEC-COP-10585,2021-07-16,1461.77,8,339.45,0.5,7,2021,0.2322
CA-2021-101931,CG-10195,FUR-TAB-10471,2023-10-20,752.0,7,-95.06,0.0,10,2023,-0.1264
CA-2021-101932,CG-10588,TEC-PHO-10966,2021-03-22,218.67,1,16.62,0.4,3,2021,0.076
CA-2021-101933,CG-10592,OFF-ENV-10455,2021-07-20,1808.69,3,451.37,0.0,7,2021,0.2496
CA-2021-101934,CG-10720,TEC-ACC-10059,2022-12-24,1583.27,8,32.95,0.1,12,2022,0.0208
CA-2021-101935,CG-10109,FUR-TAB-10278,2023-12-30,436.65,2,-26.95,0.1,12,2023,-0.0617
CA-2021-101936,CG-10321,FUR-FUR-10452,2022-09-27,990.07,5,58.74,0.1,9,2022,0.0593
CA-2021-101937,CG-10372,FUR-BOO-10399,2023-12-02,400.07,1,139.43,0.0,12,2023,0.3485
CA-2021-101938,CG-10605,TEC-ACC-10439,2022-12-03,1897.68,7,641.71,0.1,12,2022,0.3382
CA-2021-101939,CG-10330,FUR-CHA-10808,2021-09-16,265.56,4,-41.07,0.0,9,2021,-0.1547
CA-2021-101940,CG-10462,TEC-ACC-10936,2022-11-14,1241.21,5,479.17,0.4,11,2022,0.3861
CA-2021-101941,CG-10112,TEC-ACC-10087,2022-01-06,1376.02,6,-38.74,0.2,1,2022,-0.0282
CA-2021-101942,CG-10706,OFF-PAP-10525,2022-01-20,1933.08,6,-319.42,0.0,1,2022,-0.1652
CA-2021-101943,CG-10267,FUR-BOO-10331,2023-10-15,527.74,3,-96.71,0.0,10,2023,-0.1833
CA-2021-101944,CG-10200,FUR-CHA-10479,2021-08-16,891.4,9,309.18,0.1,8,2021,0.3468
CA-2021-101945,CG-10476,FUR-CHA-10002,2023-05-14,1333.37,7,510.41,0.0,5,2023,0.3828
CA-2021-101946,CG-10558,OFF-PAP-10672,2021-05-15,837.91,2,-93.54,0.5,5,2021,-0.1116
CA-2021-101947,CG-10410,FUR-FUR-10111,2022-04-01,460.11,3,141.24,0.4,4,2022,0.307
CA-2021-101948,CG-10582,TEC-PHO-10660,2023-04-02,652.57,4,20.98,0.0,4,2023,0.0321
CA-2021-101949,CG-10565,FUR-BOO-10192,2021-09-25,1630.56,2,341.78,0.5,9,2021,0.2096
CA-2021-101950,CG-10252,TEC-ACC-10746,2023-03-13,1909.42,8,-181.22,0.2,3,2023,-0.0949
CA-2021-101951,CG-10563,OFF-ART-10526,2023-04-03,16.86,3,0.91,0.0,4,2023,0.054
CA-2021-101952,CG-10196,FUR-TAB-10418,2022-02-12,1987.37,9,504.0,0.1,2,2022,0.2536
CA-2021-101953,CG-10587,OFF-BIN-10026,2022-10-31,178.08,5,62.5,0.3,10,2022,0.351
CA-2021-101954,CG-10193,TEC-PHO-10579,2022-09-16,1815.62,2,629.17,0.0,9,2022,0.3465
CA-2021-101955,CG-10083,FUR-TAB-10353,2022-11-26,1519.15,10,-212.71,0.5,11,2022,-0.14
CA-2021-101956,CG-10004,TEC-COP-10779,2021-04-27,613.89,3,212.43,0.2,4,2021,0.346
CA-2021-101957,CG-10782,TEC-MAC-10878,2022-03-04,901.95,9,-117.99,0.2,3,2022,-0.1308
CA-2021-101958,CG-10081,FUR-FUR-10231,2022-07-28,627.23,10,129.08,0.5,7,2022,0.2058
CA-2021-101959,CG-10119,OFF-FAS-10600,2023-07-14,1825.69,8,724.3,0.2,7,2023,0.3967
CA-2021-101960,CG-10296,TEC-COP-10837,2022-03-21,242.96,2,7.83,0.3,3,2022,0.0322
CA-2021-101961,CG-10401,TEC-MAC-10428,2023-09-05,1665.59,2,-281.93,0.0,9,2023,-0.1693
CA-2021-101962,CG-10303,OFF-ART-10776,2023-11-15,1582.6,3,51.34,0.0,11,2023,0.0324
CA-2021-101963,CG-10444,TEC-PHO-10944,2023-11-06,1913.71,7,468.83,0.3,11,2023,0.245
CA-2021-101964,CG-10451,TEC-COP-10041,2021-05-19,1043.61,7,-187.58,0.5,5,2021,-0.1797
CA-2021-101965,CG-10071,TEC-ACC-10366,2023-04-13,758.73,8,116.51,0.5,4,2023,0.1536
CA-2021-101966,CG-10294,FUR-FUR-10053,2021-12-20,1324.77,1,163.98,0.4,12,2021,0.1238
CA-2021-101967,CG-10579,FUR-TAB-10408,2022-06-01,764.38,7,229.86,0.0,6,2022,0.3007
CA-2021-101968,CG-10092,OFF-ART-10732,2022-01-26,880.92,7,235.31,0.3,1,2022,0.2671
CA-2021-101969,CG-10348,FUR-FUR-10262,2022-06-27,1066.81,9,-29.49,0.3,6,2022,-0.0276
CA-2021-101970,CG-10420,OFF-ENV-10819,2022-09-29,1063.52,1,-54.72,0.3,9,2022,-0.0515
CA-2021-101971,CG-10043,OFF-SUP-10125,2023-05-19,1064.77,8,-195.44,0.4,5,2023,-0.1836
CA-2021-101972,CG-10606,FUR-FUR-10579,2021-03-12,1246.65,6,472.07,0.4,3,2021,0.3787
CA-2021-101973,CG-10581,OFF-ART-10485,2023-11-30,413.94,2,116.26,0.2,11,2023,0.2809
CA-2021-101974,CG-10554,TEC-COP-10019,2022-09-27,238.56,1,-19.84,0.1,9,2022,-0.0832
CA-2021-101975,CG-10150,FUR-CHA-10084,2022-01-02,980.46,6,-107.81,0.0,1,2022,-0.11
CA-2021-101976,CG-10634,OFF-ENV-10889,2022-09-02,1894.76,2,-65.83,0.4,9,2022,-0.0347
CA-2021-101977,CG-10697,OFF-FAS-10174,2021-09-27,938.27,1,12.49,0.0,9,2021,0.0133
CA-2021-101978,CG-10206,FUR-FUR-10145,2021-04-24,1073.76,6,258.74,0.2,4,2021,0.241
CA-2021-101979,CG-10265,TEC-ACC-10137,2023-03-26,1417.36,1,-241.82,0.4,3,2023,-0.1706
CA-2021-101980,CG-10007,OFF-STO-10579,2022-07-03,1330.68,6,229.64,0.0,7,2022,0.1726
CA-2021-101981,CG-10122,OFF-PAP-10129,2021-09-28,1238.68,6,176.98,0.0,9,2021,0.1429
CA-2021-101982,CG-10517,FUR-TAB-10936,2023-07-11,17.46,5,4.41,0.1,7,2023,0.2526
CA-2021-101983,CG-10019,FUR-CHA-10810,2023-05-30,429.92,10,-64.5,0.5,5,2023,-0.15
CA-2021-101984,CG-10615,FUR-BOO-10182,2023-08-16,484.07,7,15.15,0.0,8,2023,0.0313
CA-2021-101985,CG-10304,TEC-COP-10880,2023-07-10,1521.85,7,133.94,0.5,7,2023,0.088
CA-2021-101986,CG-10415,TEC-COP-10854,2023-11-29,337.93,7,29.04,0.3,11,2023,0.0859
CA-2021-101987,CG-10595,TEC-PHO-10581,2022-04-09,1856.91,1,-231.71,0.2,4,2022,-0.1248
CA-2021-101988,CG-10171,FUR-CHA-10128,2023-05-09,715.13,4,35.13,0.5,5,2023,0.0491
CA-2021-101989,CG-10735,OFF-ART-10151,2021-03-09,831.06,10,-139.76,0.1,3,2021,-0.1682
CA-2021-101990,CG-10264,FUR-CHA-10899,2021-08-21,925.63,3,-12.55,0.4,8,2021,-0.0136
CA-2021-101991,CG-10625,TEC-PHO-10167,2023-12-05,260.49,10,-18.12,0.1,12,2023,-0.0696
CA-2021-101992,CG-10361,TEC-ACC-10441,2022-10-24,840.34,7,229.0,0.5,10,2022,0.2725
CA-2021-101993,CG-10146,FUR-BOO-10720,2023-08-11,1560.95,7,-302.26,0.3,8,2023,-0.1936
CA-2021-101994,CG-10515,FUR-FUR-10325,2022-09-08,912.03,2,-17.64,0.2,9,2022,-0.0193
CA-2021-101995,CG-10741,TEC-PHO-10453,2022-08-05,1286.18,2,220.64,0.4,8,2022,0.1715
CA-2021-101996,CG-10327,OFF-BIN-10810,2022-02-07,1912.36,10,291.61,0.4,2,2022,0.1525
CA-2021-101997,CG-10523,OFF-ART-10238,2023-11-18,1120.29,4,82.91,0.3,11,2023,0.074
CA-2021-101998,CG-10156,OFF-BIN-10195,2022-03-03,369.77,4,-5.13,0.4,3,2022,-0.0139
CA-2021-101999,CG-10049,OFF-ART-10838,2021-04-23,468.0,1,163.57,0.3,4,2021,0.3495
CA-2021-102000,CG-10649,OFF-STO-10916,2023-01-19,655.29,8,185.04,0.0,1,2023,0.2824
CA-2021-102001,CG-10089,TEC-MAC-10963,2022-11-30,618.04,2,14.09,0.0,11,2022,0.0228
CA-2021-102002,CG-10746,TEC-PHO-10631,2021-07-06,506.44,6,4.85,0.0,7,2021,0.0096
CA-2021-102003,CG-10401,OFF-STO-10284,2022-11-14,999.45,6,97.65,0.3,11,2022,0.0977
CA-2021-102004,CG-10733,FUR-CHA-10894,2023-06-01,1492.51,3,302.7,0.0,6,2023,0.2028
CA-2021-102005,CG-10512,FUR-FUR-10471,2023-06-12,632.2,5,-105.68,0.0,6,2023,-0.1672
CA-2021-102006,CG-10111,OFF-BIN-10869,2022-03-18,1929.06,1,476.67,0.0,3,2022,0.2471
CA-2021-102007,CG-10039,TEC-ACC-10960,2021-11-01,1663.81,9,204.26,0.0,11,2021,0.1228
CA-2021-102008,CG-10430,TEC-PHO-10676,2023-04-15,951.53,9,-139.73,0.3,4,2023,-0.1468
CA-2021-102009,CG-10012,OFF-ENV-10843,2023-03-31,1118.04,3,97.47,0.4,3,2023,0.0872
CA-2021-102010,CG-10289,TEC-PHO-10982,2022-08-18,317.13,4,-23.32,0.5,8,2022,-0.0735
CA-2021-102011,CG-10354,FUR-CHA-10472,2023-03-31,892.45,9,-123.21,0.3,3,2023,-0.1381
CA-2021-102012,CG-10460,OFF-FAS-10914,2023-09-12,1132.95,7,131.55,0.4,9,2023,0.1161
CA-2021-102013,CG-10310,FUR-FUR-10214,2022-09-16,867.9,6,253.96,0.3,9,2022,0.2926
CA-2021-102014,CG-10245,FUR-CHA-10813,2021-03-08,705.49,6,-0.87,0.4,3,2021,-0.0012
CA-2021-102015,CG-10425,FUR-TAB-10689,2021-07-23,995.31,9,-134.41,0.5,7,2021,-0.135
CA-2021-102016,CG-10345,FUR-CHA-10302,2021-10-22,1332.92,3,497.42,0.3,10,2021,0.3732
CA-2021-102017,CG-10138,FUR-CHA-10013,2022-03-04,1694.81,7,-98.06,0.5,3,2022,-0.0579
CA-2021-102018,CG-10298,OFF-BIN-10633,2023-12-14,1547.17,1,-281.67,0.0,12,2023,-0.1821
CA-2021-102019,CG-10423,FUR-FUR-10709,2022-07-24,880.99,10,-10.17,0.4,7,2022,-0.0115
CA-2021-102020,CG-10335,OFF-STO-10130,2023-12-05,1598.91,3,3.35,0.0,12,2023,0.0021
CA-2021-102021,CG-10188,FUR-TAB-10845,2022-04-05,87.52,7,6.21,0.5,4,2022,0.071
CA-2021-102022,CG-10184,FUR-TAB-10789,2023-11-05,680.26,7,40.01,0.4,11,2023,0.0588
CA-2021-102023,CG-10626,OFF-LAB-10159,2023-02-21,395.46,2,-45.75,0.3,2,2023,-0.1157
CA-2021-102024,CG-10250,FUR-TAB-10375,2022-06-16,1115.09,5,-94.97,0.4,6,2022,-0.0852
CA-2021-102025,CG-10269,FUR-CHA-10006,2021-08-14,72.82,3,15.1,0.4,8,2021,0.2074
CA-2021-102026,CG-10751,FUR-CHA-10909,2022-06-25,1862.05,2,555.81,0.0,6,2022,0.2985
CA-2021-102027,CG-10225,TEC-COP-10773,2023-04-19,1108.9,4,-179.6,0.2,4,2023,-0.162
CA-2021-102028,CG-10087,TEC-PHO-10651,2021-08-16,1998.85,9,-25.52,0.0,8,2021,-0.0128
CA-2021-102029,CG-10048,OFF-LAB-10539,2022-09-27,906.37,9,43.91,0.3,9,2022,0.0484
CA-2021-102030,CG-10128,FUR-CHA-10614,2022-02-10,532.73,6,-19.68,0.4,2,2022,-0.0369
CA-2021-102031,CG-10003,FUR-FUR-10725,2022-07-03,452.74,8,-20.39,0.2,7,2022,-0.045
CA-2021-102032,CG-10017,OFF-APP-10239,2021-07-02,1633.48,7,-257.3,0.2,7,2021,-0.1575
CA-2021-102033,CG-10083,TEC-PHO-10302,2022-12-14,1851.66,7,-273.02,0.1,12,2022,-0.1474
CA-2021-102034,CG-10451,FUR-TAB-10897,2022-10-22,798.37,7,-149.46,0.2,10,2022,-0.1872
CA-2021-102035,CG-10415,OFF-SUP-10004,2022-07-11,512.13,2,-98.7,0.5,7,2022,-0.1927
CA-2021-102036,CG-10609,FUR-FUR-10113,2023-09-23,1724.63,8,249.16,0.3,9,2023,0.1445
CA-2021-102037,CG-10095,OFF-STO-10342,2023-05-17,113.62,1,19.28,0.2,5,2023,0.1697
CA-2021-102038,CG-10718,OFF-PAP-10491,2022-07-27,472.4,9,93.61,0.2,7,2022,0.1982
CA-2021-102039,CG-10318,TEC-PHO-10393,2022-03-09,475.94,4,155.09,0.0,3,2022,0.3259
CA-2021-102040,CG-10241,OFF-ENV-10781,2022-03-16,777.97,2,146.69,0.5,3,2022,0.1886
CA-2021-102041,CG-10538,TEC-ACC-10886,2022-07-14,995.67,3,274.47,0.1,7,2022,0.2757
CA-2021-102042,CG-10127,TEC-COP-10959,2023-07-18,194.05,2,-6.97,0.1,7,2023,-0.0359
CA-2021-102043,CG-10473,OFF-LAB-10397,2023-01-19,1122.84,2,363.38,0.5,1,2023,0.3236
CA-2021-102044,CG-10768,OFF-LAB-10839,2023-03-17,1624.82,9,586.04,0.1,3,2023,0.3607
CA-2021-102045,CG-10613,TEC-COP-10486,2021-02-01,1877.96,6,172.02,0.3,2,2021,0.0916
CA-2021-102046,CG-10337,FUR-FUR-10007,2023-03-26,1170.55,3,-7.85,0.3,3,2023,-0.0067
CA-2021-102047,CG-10075,TEC-PHO-10575,2021-08-16,1543.73,1,448.89,0.0,8,2021,0.2908
CA-2021-102048,CG-10670,OFF-SUP-10852,2021-06-17,1895.64,4,-325.81,0.0,6,2021,-0.1719
CA-2021-102049,CG-10541,TEC-PHO-10643,2023-04-10,264.43,4,-43.15,0.0,4,2023,-0.1632
CA-2021-102050,CG-10143,OFF-ENV-10841,2023-05-09,1215.76,3,320.06,0.0,5,2023,0.2633
CA-2021-102051,CG-10268,FUR-FUR-10622,2023-02-27,1279.77,4,-136.52,0.0,2,2023,-0.1067
CA-2021-102052,CG-10444,OFF-SUP-10800,2022-01-23,1826.99,10,88.24,0.0,1,2022,0.0483
CA-2021-102053,CG-10650,TEC-PHO-10909,2022-04-13,367.57,6,100.36,0.0,4,2022,0.273
CA-2021-102054,CG-10190,FUR-FUR-10264,2022-06-17,1692.97,10,520.41,0.3,6,2022,0.3074
CA-2021-102055,CG-10076,TEC-MAC-10263,2022-05-24,1844.37,7,192.51,0.4,5,2022,0.1044
CA-2021-102056,CG-10608,TEC-PHO-10715,2022-10-19,1004.37,2,-9.68,0.3,10,2022,-0.0096
CA-2021-102057,CG-10730,OFF-SUP-10172,2023-09-08,113.74,6,24.21,0.0,9,2023,0.2129
CA-2021-102058,CG-10074,OFF-ART-10352,2023-03-24,1452.44,4,-124.68,0.0,3,2023,-0.0858
CA-2021-102059,CG-10500,TEC-COP-10260,2023-08-18,462.48,8,74.45,0.1,8,2023,0.161
CA-2021-102060,CG-10012,OFF-APP-10984,2021-06-24,138.14,4,52.2,0.4,6,2021,0.3779
CA-2021-102061,CG-10210,OFF-PAP-10370,2023-06-02,215.79,6,51.39,0.2,6,2023,0.2381
CA-2021-102062,CG-10523,FUR-CHA-10909,2023-11-07,300.84,3,119.29,0.2,11,2023,0.3965
CA-2021-102063,CG-10557,TEC-ACC-10136,2021-06-20,1276.99,4,496.69,0.4,6,2021,0.389
CA-2021-102064,CG-10447,FUR-FUR-10780,2021-02-16,596.9,9,-28.63,0.5,2,2021,-0.048
CA-2021-102065,CG-10018,TEC-COP-10633,2022-10-31,322.45,6,-0.25,0.3,10,2022,-0.0008
CA-2021-102066,CG-10214,TEC-MAC-10246,2021-09-21,864.26,3,184.99,0.1,9,2021,0.214
CA-2021-102067,CG-10202,FUR-TAB-10445,2023-12-20,15.61,4,3.27,0.2,12,2023,0.2095
CA-2021-102068,CG-10436,TEC-ACC-10009,2021-03-03,1216.23,7,-81.89,0.4,3,2021,-0.0673
CA-2021-102069,CG-10101,FUR-CHA-10004,2022-06-05,564.11,5,206.31,0.0,6,2022,0.3657
CA-2021-102070,CG-10501,TEC-MAC-10850,2022-08-18,1471.42,9,-206.13,0.0,8,2022,-0.1401
CA-2021-102071,CG-10669,FUR-CHA-10101,2021-09-23,200.83,6,-1.87,0.0,9,2021,-0.0093
CA-2021-102072,CG-10713,TEC-ACC-10332,2021-09-08,1674.55,6,-174.36,0.3,9,2021,-0.1041
CA-2021-102073,CG-10757,TEC-ACC-10414,2023-07-23,895.66,5,8.87,0.1,7,2023,0.0099
CA-2021-102074,CG-10332,OFF-BIN-10474,2023-01-16,1545.46,2,539.03,0.0,1,2023,0.3488
CA-2021-102075,CG-10243,TEC-ACC-10723,2023-04-04,449.89,8,53.5,0.2,4,2023,0.1189
CA-2021-102076,CG-10182,TEC-COP-10982,2021-08-30,1091.7,2,323.24,0.2,8,2021,0.2961
CA-2021-102077,CG-10507,OFF-ENV-10804,2022-01-06,658.71,6,43.33,0.4,1,2022,0.0658
CA-2021-102078,CG-10452,TEC-ACC-10398,2021-02-07,617.85,6,29.04,0.5,2,2021,0.047
CA-2021-102079,CG-10185,TEC-MAC-10062,2023-12-23,934.86,1,305.62,0.0,12,2023,0.3269
CA-2021-102080,CG-10007,TEC-ACC-10758,2022-07-12,870.92,2,176.77,0.0,7,2022,0.203
CA-2021-102081,CG-10712,TEC-ACC-10766,2023-09-09,1768.88,10,141.38,0.0,9,2023,0.0799
CA-2021-102082,CG-10559,TEC-MAC-10405,2021-10-26,737.34,9,79.28,0.4,10,2021,0.1075
CA-2021-102083,CG-10283,FUR-CHA-10890,2021-01-18,18.1,4,2.76,0.5,1,2021,0.1525
CA-2021-102084,CG-10291,OFF-STO-10581,2021-03-30,811.95,3,-96.41,0.4,3,2021,-0.1187
CA-2021-102085,CG-10625,TEC-COP-10473,2021-03-05,1469.92,4,217.32,0.3,3,2021,0.1478
CA-2021-102086,CG-10337,TEC-COP-10488,2023-01-16,1711.59,8,604.46,0.1,1,2023,0.3532
CA-2021-102087,CG-10703,OFF-BIN-10323,2022-09-20,87.5,4,34.79,0.0,9,2022,0.3976
CA-2021-102088,CG-10732,FUR-CHA-10241,2023-10-05,1073.86,7,-119.02,0.0,10,2023,-0.1108
CA-2021-102089,CG-10699,OFF-ENV-10243,2021-09-24,672.73,1,-44.05,0.0,9,2021,-0.0655
CA-2021-102090,CG-10192,TEC-MAC-10498,2021-09-01,1249.91,3,195.66,0.2,9,2021,0.1565
CA-2021-102091,CG-10042,OFF-FAS-10481,2022-11-07,1174.47,6,24.53,0.3,11,2022,0.0209
CA-2021-102092,CG-10113,FUR-TAB-10949,2023-05-07,538.28,6,150.5,0.2,5,2023,0.2796
CA-2021-102093,CG-10752,TEC-PHO-10928,2021-10-30,1357.23,1,-6.85,0.4,10,2021,-0.005
CA-2021-102094,CG-10254,TEC-ACC-10331,2021-02-24,778.54,5,104.69,0.4,2,2021,0.1345
CA-2021-102095,CG-10510,TEC-MAC-10945,2021-04-15,1939.36,4,110.97,0.3,4,2021,0.0572
CA-2021-102096,CG-10036,FUR-TAB-10409,2023-09-27,1717.07,4,-72.61,0.0,9,2023,-0.0423
CA-2021-102097,CG-10383,OFF-ART-10468,2023-05-19,44.57,3,-7.25,0.0,5,2023,-0.1627
CA-2021-102098,CG-10348,TEC-PHO-10212,2023-06-04,1877.72,8,658.35,0.0,6,2023,0.3506
CA-2021-102099,CG-10391,FUR-BOO-10702,2022-09-26,76.0,7,25.57,0.5,9,2022,0.3364
CA-2021-102100,CG-10115,TEC-ACC-10087,2021-05-29,1196.57,10,322.98,0.4,5,2021,0.2699
CA-2021-102101,CG-10668,FUR-FUR-10464,2021-03-28,120.75,9,39.93,0.0,3,2021,0.3307
CA-2021-102102,CG-10063,FUR-BOO-10983,2022-08-09,1123.72,8,307.42,0.5,8,2022,0.2736
CA-2021-102103,CG-10140,FUR-FUR-10864,2021-04-19,524.79,7,53.51,0.3,4,2021,0.102
CA-2021-102104,CG-10350,OFF-LAB-10563,2023-05-24,1902.11,8,412.5,0.0,5,2023,0.2169
CA-2021-102105,CG-10713,TEC-MAC-10490,2023-08-20,1099.44,9,-210.59,0.2,8,2023,-0.1915
CA-2021-102106,CG-10558,OFF-LAB-10814,2023-06-08,293.14,10,109.08,0.5,6,2023,0.3721
CA-2021-102107,CG-10001,FUR-TAB-10034,2023-04-02,1441.91,7,-184.97,0.2,4,2023,-0.1283
CA-2021-102108,CG-10591,OFF-FAS-10596,2023-11-22,1591.85,2,42.66,0.4,11,2023,0.0268
CA-2021-102109,CG-10243,FUR-CHA-10858,2021-12-23,1525.89,5,204.45,0.0,12,2021,0.134
CA-2021-102110,CG-10719,FUR-CHA-10497,2021-06-25,1117.17,5,126.66,0.0,6,2021,0.1134
CA-2021-102111,CG-10059,OFF-ART-10749,2021-03-22,940.01,2,77.81,0.0,3,2021,0.0828
CA-2021-102112,CG-10335,TEC-COP-10052,2023-07-17,311.82,5,-46.79,0.4,7,2023,-0.1501
CA-2021-102113,CG-10381,OFF-LAB-10578,2021-08-06,1114.98,6,263.03,0.0,8,2021,0.2359
CA-2021-102114,CG-10275,FUR-TAB-10655,2021-12-26,173.0,3,3.23,0.5,12,2021,0.0187
CA-2021-102115,CG-10354,TEC-COP-10685,2022-10-21,1735.47,8,-82.19,0.2,10,2022,-0.0474
CA-2021-102116,CG-10451,FUR-CHA-10922,2022-07-31,814.88,2,217.68,0.3,7,2022,0.2671
CA-2021-102117,CG-10388,FUR-FUR-10785,2022-04-16,893.84,7,218.93,0.4,4,2022,0.2449
CA-2021-102118,CG-10371,TEC-MAC-10528,2022-12-05,1535.98,8,244.57,0.2,12,2022,0.1592
CA-2021-102119,CG-10515,FUR-BOO-10690,2022-07-13,1228.43,9,-89.84,0.0,7,2022,-0.0731
CA-2021-102120,CG-10382,OFF-APP-10754,2022-06-28,63.35,10,-4.72,0.4,6,2022,-0.0745
CA-2021-102121,CG-10547,FUR-CHA-10610,2021-08-27,1386.03,1,388.65,0.3,8,2021,0.2804
CA-2021-102122,CG-10053,FUR-CHA-10666,2022-05-13,1655.24,7,165.6,0.0,5,2022,0.1
CA-2021-102123,CG-10678,TEC-PHO-10559,2021-03-23,304.12,7,-32.57,0.2,3,2021,-0.1071
CA-2021-102124,CG-10623,TEC-COP-10395,2021-07-28,1223.42,2,100.67,0.2,7,2021,0.0823
CA-2021-102125,CG-10082,OFF-ART-10511,2022-05-23,1917.24,8,401.31,0.2,5,2022,0.2093
CA-2021-102126,CG-10634,TEC-PHO-10603,2022-07-10,1603.21,10,87.04,0.0,7,2022,0.0543
CA-2021-102127,CG-10070,TEC-COP-10739,2023-08-22,593.46,6,195.89,0.2,8,2023,0.3301
CA-2021-102128,CG-10340,TEC-ACC-10257,2023-05-02,1385.6,10,-125.82,0.4,5,2023,-0.0908
CA-2021-102129,CG-10618,FUR-CHA-10416,2021-08-16,1682.19,9,458.52,0.2,8,2021,0.2726
CA-2021-102130,CG-10063,FUR-BOO-10628,2023-04-19,1608.6,3,355.08,0.0,4,2023,0.2207
CA-2021-102131,CG-10650,TEC-PHO-10857,2022-10-10,213.25,1,47.75,0.0,10,2022,0.2239
CA-2021-102132,CG-10428,TEC-ACC-10214,2023-10-05,1078.42,3,-22.7,0.2,10,2023,-0.021
CA-2021-102133,CG-10404,TEC-PHO-10355,2023-10-04,1696.4,9,209.93,0.5,10,2023,0.1238
CA-2021-102134,CG-10081,TEC-MAC-10346,2023-11-18,759.65,6,-3.3,0.4,11,2023,-0.0043
CA-2021-102135,CG-10628,FUR-TAB-10179,2023-12-08,1085.19,7,376.34,0.0,12,2023,0.3468
CA-2021-102136,CG-10081,TEC-ACC-10093,2023-12-27,903.52,1,-97.16,0.3,12,2023,-0.1075
CA-2021-102137,CG-10129,FUR-TAB-10139,2021-11-23,423.89,7,48.23,0.4,11,2021,0.1138
CA-2021-102138,CG-10153,TEC-MAC-10851,2022-01-17,296.61,8,115.36,0.4,1,2022,0.3889
CA-2021-102139,CG-10653,OFF-STO-10491,2021-01-15,372.17,9,109.54,0.1,1,2021,0.2943
CA-2021-102140,CG-10057,OFF-FAS-10722,2021-12-22,1908.54,3,190.52,0.5,12,2021,0.0998
CA-2021-102141,CG-10458,OFF-BIN-10042,2021-05-05,1554.14,4,-152.1,0.0,5,2021,-0.0979
CA-2021-102142,CG-10469,TEC-ACC-10425,2022-11-10,682.12,7,265.11,0.1,11,2022,0.3887
CA-2021-102143,CG-10238,TEC-PHO-10304,2023-01-07,1171.72,5,376.9,0.4,1,2023,0.3217
CA-2021-102144,CG-10706,TEC-MAC-10360,2023-06-03,1494.76,4,339.32,0.0,6,2023,0.227
CA-2021-102145,CG-10320,OFF-PAP-10431,2021-03-01,1321.88,7,-74.7,0.0,3,2021,-0.0565
CA-2021-102146,CG-10131,FUR-FUR-10710,2023-04-25,1276.0,10,-97.23,0.3,4,2023,-0.0762
CA-2021-102147,CG-10562,FUR-FUR-10039,2021-07-06,1520.82,3,-78.09,0.1,7,2021,-0.0513
CA-2021-102148,CG-10333,TEC-PHO-10502,2021-08-28,1639.03,4,-52.25,0.5,8,2021,-0.0319
CA-2021-102149,CG-10473,TEC-COP-10983,2021-05-26,1852.74,6,363.19,0.4,5,2021,0.196
CA-2021-102150,CG-10704,OFF-ENV-10453,2023-01-30,60.58,6,20.47,0.3,1,2023,0.3379
CA-2021-102151,CG-10706,OFF-SUP-10146,2023-01-17,579.59,2,101.17,0.1,1,2023,0.1746
CA-2021-102152,CG-10068,OFF-SUP-10306,2023-10-23,1551.94,2,294.97,0.4,10,2023,0.1901
CA-2021-102153,CG-10484,OFF-APP-10207,2022-08-29,306.39,4,83.86,0.0,8,2022,0.2737
CA-2021-102154,CG-10172,TEC-ACC-10596,2022-09-07,385.22,6,-37.22,0.1,9,2022,-0.0966
CA-2021-102155,CG-10564,OFF-BIN-10362,2022-08-17,1672.64,1,-243.95,0.2,8,2022,-0.1458
CA-2021-102156,CG-10157,TEC-MAC-10566,2021-05-06,63.55,8,-9.33,0.2,5,2021,-0.1468
CA-2021-102157,CG-10484,FUR-CHA-10708,2022-02-22,612.18,4,171.79,0.2,2,2022,0.2806
CA-2021-102158,CG-10786,OFF-FAS-10904,2023-05-02,379.42,4,110.65,0.2,5,2023,0.2916
CA-2021-102159,CG-10573,TEC-ACC-10569,2023-10-27,1987.92,1,-51.69,0.0,10,2023,-0.026
CA-2021-102160,CG-10692,TEC-PHO-10071,2023-02-17,830.22,6,-72.27,0.0,2,2023,-0.087
CA-2021-102161,CG-10239,FUR-TAB-10055,2022-10-20,1928.81,4,126.07,0.0,10,2022,0.0654
CA-2021-102162,CG-10297,TEC-PHO-10739,2023-09-19,32.58,4,5.57,0.0,9,2023,0.171
CA-2021-102163,CG-10078,FUR-CHA-10059,2022-05-25,1905.84,5,110.38,0.3,5,2022,0.0579
CA-2021-102164,CG-10386,OFF-PAP-10026,2022-12-12,1409.68,6,-153.35,0.5,12,2022,-0.1088
CA-2021-102165,CG-10031,TEC-COP-10061,2023-10-29,162.89,1,42.73,0.3,10,2023,0.2623
CA-2021-102166,CG-10406,OFF-PAP-10784,2021-02-16,697.29,10,28.98,0.2,2,2021,0.0416
CA-2021-102167,CG-10067,FUR-FUR-10202,2021-05-02,991.37,6,266.49,0.0,5,2021,0.2688
CA-2021-102168,CG-10300,FUR-TAB-10638,2022-09-03,1690.32,7,564.11,0.3,9,2022,0.3337
CA-2021-102169,CG-10554,FUR-TAB-10760,2023-08-17,1203.56,1,-106.03,0.5,8,2023,-0.0881
CA-2021-102170,CG-10318,OFF-ENV-10555,2021-08-19,1244.21,2,334.73,0.4,8,2021,0.269
CA-2021-102171,CG-10033,FUR-FUR-10449,2022-02-05,1757.29,4,653.2,0.0,2,2022,0.3717
CA-2021-102172,CG-10100,TEC-MAC-10039,2023-04-27,1798.19,5,436.66,0.4,4,2023,0.2428
CA-2021-102173,CG-10124,FUR-CHA-10525,2023-07-26,696.96,3,61.66,0.5,7,2023,0.0885
CA-2021-102174,CG-10728,FUR-BOO-10424,2022-06-03,168.15,8,21.26,0.0,6,2022,0.1264
CA-2021-102175,CG-10091,OFF-STO-10801,2021-07-28,779.55,1,254.5,0.1,7,2021,0.3265
CA-2021-102176,CG-10388,OFF-ENV-10091,2022-07-07,1942.98,5,475.86,0.0,7,2022,0.2449
CA-2021-102177,CG-10690,FUR-TAB-10007,2022-08-18,1356.55,6,536.01,0.2,8,2022,0.3951
CA-2021-102178,CG-10601,FUR-FUR-10667,2021-10-09,998.12,3,380.49,0.1,10,2021,0.3812
CA-2021-102179,CG-10594,OFF-BIN-10808,2023-03-11,1065.45,9,207.63,0.3,3,2023,0.1949
CA-2021-102180,CG-10033,FUR-BOO-10822,2021-03-02,1435.11,10,62.9,0.0,3,2021,0.0438
CA-2021-102181,CG-10474,OFF-LAB-10829,2022-05-08,1634.33,5,-141.71,0.2,5,2022,-0.0867
CA-2021-102182,CG-10438,TEC-MAC-10759,2022-11-18,256.99,3,-12.07,0.3,11,2022,-0.047
CA-2021-102183,CG-10012,TEC-COP-10663,2022-12-26,875.9,8,-86.6,0.3,12,2022,-0.0989
CA-2021-102184,CG-10320,FUR-BOO-10564,2022-09-19,1164.12,5,175.83,0.3,9,2022,0.151
CA-2021-102185,CG-10054,FUR-FUR-10128,2022-07-25,1033.63,8,219.24,0.0,7,2022,0.2121
CA-2021-102186,CG-10579,TEC-MAC-10177,2022-11-23,816.02,2,-143.15,0.1,11,2022,-0.1754
CA-2021-102187,CG-10173,TEC-ACC-10880,2022-10-04,707.7,3,130.18,0.1,10,2022,0.1839
CA-2021-102188,CG-10280,TEC-COP-10847,2021-09-13,424.16,3,140.46,0.4,9,2021,0.3311
CA-2021-102189,CG-10074,OFF-SUP-10118,2021-09-24,1460.61,2,549.0,0.5,9,2021,0.3759
CA-2021-102190,CG-10061,FUR-CHA-10176,2022-09-08,523.01,7,199.11,0.0,9,2022,0.3807
CA-2021-102191,CG-10246,OFF-PAP-10572,2022-03-12,1628.53,9,622.17,0.3,3,2022,0.382
CA-2021-102192,CG-10248,TEC-COP-10768,2023-07-28,122.45,9,21.98,0.0,7,2023,0.1795
CA-2021-102193,CG-10421,TEC-PHO-10369,2021-12-01,340.33,8,57.41,0.0,12,2021,0.1687
CA-2021-102194,CG-10111,FUR-TAB-10699,2023-01-10,135.72,5,34.58,0.4,1,2023,0.2548
CA-2021-102195,CG-10540,OFF-LAB-10769,2021-02-13,102.82,4,11.53,0.5,2,2021,0.1121
CA-2021-102196,CG-10608,FUR-TAB-10503,2021-03-16,1603.09,1,-58.07,0.1,3,2021,-0.0362
CA-2021-102197,CG-10293,OFF-SUP-10452,2023-06-21,824.64,3,7.07,0.4,6,2023,0.0086
CA-2021-102198,CG-10600,OFF-PAP-10003,2023-03-21,1357.19,2,137.47,0.0,3,2023,0.1013
CA-2021-102199,CG-10406,FUR-BOO-10865,2022-11-15,273.43,3,-24.19,0.0,11,2022,-0.0885
CA-2021-102200,CG-10626,OFF-APP-10750,2022-12-09,1906.53,6,-126.58,0.5,12,2022,-0.0664
CA-2021-102201,CG-10762,FUR-BOO-10725,2021-06-27,1034.73,3,-38.23,0.0,6,2021,-0.0369
CA-2021-102202,CG-10614,FUR-FUR-10236,2021-02-20,1443.04,6,57.24,0.1,2,2021,0.0397
CA-2021-102203,CG-10476,OFF-ART-10190,2021-11-03,1887.92,7,498.41,0.0,11,2021,0.264
CA-2021-102204,CG-10007,TEC-ACC-10670,2021-07-28,473.82,4,139.65,0.5,7,2021,0.2947
CA-2021-102205,CG-10699,OFF-LAB-10546,2022-02-23,897.08,5,-76.56,0.1,2,2022,-0.0853
CA-2021-102206,CG-10450,OFF-FAS-10770,2021-06-18,726.49,8,-27.88,0.0,6,2021,-0.0384
CA-2021-102207,CG-10302,TEC-PHO-10745,2023-09-05,1147.02,7,385.61,0.0,9,2023,0.3362
CA-2021-102208,CG-10445,FUR-CHA-10644,2023-01-23,1334.72,9,104.3,0.1,1,2023,0.0781
CA-2021-102209,CG-10538,FUR-FUR-10226,2023-12-06,731.69,4,172.31,0.2,12,2023,0.2355
CA-2021-102210,CG-10243,OFF-PAP-10775,2023-11-27,443.21,4,95.75,0.0,11,2023,0.216
CA-2021-102211,CG-10405,TEC-COP-10653,2022-12-09,731.98,2,-90.28,0.0,12,2022,-0.1233
CA-2021-102212,CG-10581,FUR-FUR-10145,2023-07-27,1981.03,8,163.67,0.4,7,2023,0.0826
CA-2021-102213,CG-10480,TEC-MAC-10360,2021-07-02,11.93,9,-1.06,0.3,7,2021,-0.0889
CA-2021-102214,CG-10629,OFF-BIN-10569,2023-06-24,419.74,7,66.29,0.1,6,2023,0.1579
CA-2021-102215,CG-10525,OFF-ENV-10756,2022-08-09,730.96,6,-113.52,0.1,8,2022,-0.1553
CA-2021-102216,CG-10359,FUR-TAB-10737,2023-08-16,766.54,7,160.77,0.1,8,2023,0.2097
CA-2021-102217,CG-10436,FUR-TAB-10034,2022-02-23,1837.07,8,254.56,0.2,2,2022,0.1386
CA-2021-102218,CG-10423,FUR-BOO-10680,2023-11-30,798.7,1,-60.12,0.5,11,2023,-0.0753
CA-2021-102219,CG-10631,TEC-MAC-10099,2023-01-14,1879.5,2,742.46,0.5,1,2023,0.395
CA-2021-102220,CG-10445,OFF-ENV-10705,2021-08-09,578.27,8,132.69,0.1,8,2021,0.2295
CA-2021-102221,CG-10675,TEC-COP-10566,2021-04-27,1544.28,6,155.52,0.0,4,2021,0.1007
CA-2021-102222,CG-10251,OFF-SUP-10520,2022-09-13,904.23,2,349.03,0.1,9,2022,0.386
CA-2021-102223,CG-10523,TEC-ACC-10287,2023-10-28,796.19,6,-87.68,0.0,10,2023,-0.1101
CA-2021-102224,CG-10609,TEC-ACC-10702,2022-06-28,603.36,4,-29.76,0.3,6,2022,-0.0493
CA-2021-102225,CG-10429,OFF-LAB-10926,2022-04-27,909.23,1,-67.51,0.0,4,2022,-0.0742
CA-2021-102226,CG-10672,TEC-PHO-10181,2022-03-11,810.7,8,61.4,0.2,3,2022,0.0757
CA-2021-102227,CG-10727,OFF-LAB-10043,2022-05-02,1153.36,7,446.84,0.3,5,2022,0.3874
CA-2021-102228,CG-10731,FUR-BOO-10834,2023-12-04,451.01,4,-54.75,0.3,12,2023,-0.1214
CA-2021-102229,CG-10197,TEC-MAC-10188,2022-10-09,10.64,1,1.61,0.0,10,2022,0.1513
CA-2021-102230,CG-10612,OFF-PAP-10194,2021-07-13,194.36,6,6.0,0.0,7,2021,0.0309
CA-2021-102231,CG-10590,TEC-MAC-10814,2021-03-16,678.73,10,137.85,0.0,3,2021,0.2031
CA-2021-102232,CG-10724,OFF-STO-10502,2023-09-17,1077.17,5,170.7,0.0,9,2023,0.1585
CA-2021-102233,CG-10780,FUR-FUR-10984,2021-06-21,1926.05,4,554.06,0.1,6,2021,0.2877
CA-2021-102234,CG-10482,FUR-BOO-10394,2021-03-26,113.8,4,36.83,0.5,3,2021,0.3236
CA-2021-102235,CG-10424,TEC-COP-10938,2022-06-07,23.74,7,-3.78,0.0,6,2022,-0.1592
CA-2021-102236,CG-10049,OFF-ENV-10683,2021-05-31,642.82,2,-86.07,0.0,5,2021,-0.1339
CA-2021-102237,CG-10594,FUR-TAB-10226,2022-03-30,127.98,6,19.23,0.3,3,2022,0.1503
CA-2021-102238,CG-10648,OFF-ENV-10990,2023-06-01,1319.63,9,405.77,0.0,6,2023,0.3075
CA-2021-102239,CG-10006,OFF-LAB-10964,2022-12-06,187.22,3,57.2,0.0,12,2022,0.3055
CA-2021-102240,CG-10708,TEC-PHO-10823,2022-06-03,1496.83,7,487.77,0.0,6,2022,0.3259
CA-2021-102241,CG-10030,TEC-ACC-10848,2022-07-14,1132.21,5,158.08,0.2,7,2022,0.1396
CA-2021-102242,CG-10700,FUR-FUR-10498,2021-09-27,1889.88,5,73.75,0.3,9,2021,0.039
CA-2021-102243,CG-10465,FUR-BOO-10868,2021-06-10,294.72,10,-7.6,0.0,6,2021,-0.0258
CA-2021-102244,CG-10199,TEC-MAC-10142,2023-07-20,1507.97,10,492.93,0.0,7,2023,0.3269
CA-2021-102245,CG-10137,TEC-COP-10980,2021-09-10,1978.56,7,295.74,0.3,9,2021,0.1495
CA-2021-102246,CG-10315,FUR-CHA-10897,2023-03-11,282.84,9,17.32,0.4,3,2023,0.0612
CA-2021-102247,CG-10763,TEC-COP-10064,2023-09-17,101.49,7,2.75,0.3,9,2023,0.0271
CA-2021-102248,CG-10207,OFF-ART-10851,2022-02-27,1436.43,3,-159.77,0.3,2,2022,-0.1112
CA-2021-102249,CG-10184,FUR-BOO-10008,2023-12-07,1242.41,10,406.44,0.4,12,2023,0.3271
CA-2021-102250,CG-10423,OFF-BIN-10295,2022-11-08,1537.41,4,167.61,0.0,11,2022,0.109
CA-2021-102251,CG-10592,FUR-TAB-10811,2021-11-03,1453.95,2,236.59,0.0,11,2021,0.1627
CA-2021-102252,CG-10711,TEC-PHO-10605,2022-07-30,71.63,9,7.68,0.5,7,2022,0.1072
CA-2021-102253,CG-10233,TEC-ACC-10514,2022-09-15,1515.09,2,85.22,0.0,9,2022,0.0562
CA-2021-102254,CG-10418,TEC-PHO-10830,2021-03-29,1365.32,7,432.68,0.0,3,2021,0.3169
CA-2021-102255,CG-10218,TEC-MAC-10200,2023-01-11,952.21,5,304.81,0.3,1,2023,0.3201
CA-2021-102256,CG-10334,OFF-ART-10566,2022-10-07,597.9,3,109.8,0.0,10,2022,0.1836
CA-2021-102257,CG-10162,OFF-LAB-10445,2022-05-27,679.45,4,72.34,0.0,5,2022,0.1065
CA-2021-102258,CG-10080,OFF-LAB-10320,2023-12-27,1085.27,8,-8.06,0.2,12,2023,-0.0074
CA-2021-102259,CG-10405,FUR-TAB-10492,2023-03-10,726.22,4,16.59,0.0,3,2023,0.0228
CA-2021-102260,CG-10015,TEC-PHO-10145,2022-06-11,1909.84,4,346.33,0.0,6,2022,0.1813
CA-2021-102261,CG-10070,TEC-COP-10699,2022-09-19,1418.58,5,509.19,0.2,9,2022,0.3589
CA-2021-102262,CG-10029,FUR-TAB-10810,2022-05-13,1573.13,8,272.67,0.0,5,2022,0.1733
CA-2021-102263,CG-10564,OFF-BIN-10857,2022-08-27,1203.51,8,292.86,0.3,8,2022,0.2433
CA-2021-102264,CG-10511,TEC-COP-10940,2021-04-20,1991.99,3,39.47,0.0,4,2021,0.0198
CA-2021-102265,CG-10171,TEC-ACC-10570,2023-10-03,1170.91,1,-83.57,0.1,10,2023,-0.0714
CA-2021-102266,CG-10405,OFF-LAB-10740,2022-08-17,421.41,2,100.76,0.2,8,2022,0.2391
CA-2021-102267,CG-10411,OFF-LAB-10985,2023-07-30,450.15,7,142.15,0.4,7,2023,0.3158
CA-2021-102268,CG-10515,FUR-TAB-10780,2021-11-13,1732.26,3,-220.77,0.0,11,2021,-0.1274
CA-2021-102269,CG-10306,FUR-FUR-10583,2022-06-20,1582.98,10,-128.95,0.1,6,2022,-0.0815
CA-2021-102270,CG-10237,TEC-PHO-10210,2023-04-04,1323.66,7,440.07,0.0,4,2023,0.3325
CA-2021-102271,CG-10267,TEC-MAC-10478,2021-07-07,1933.51,5,21.06,0.4,7,2021,0.0109
CA-2021-102272,CG-10640,TEC-PHO-10744,2023-08-29,1417.97,5,387.92,0.1,8,2023,0.2736
CA-2021-102273,CG-10170,TEC-MAC-10943,2023-01-11,1969.89,9,282.93,0.3,1,2023,0.1436
CA-2021-102274,CG-10472,FUR-FUR-10374,2022-02-01,793.82,10,-74.33,0.5,2,2022,-0.0936
CA-2021-102275,CG-10598,FUR-BOO-10183,2023-05-21,425.15,5,38.82,0.0,5,2023,0.0913
CA-2021-102276,CG-10372,OFF-ART-10229,2022-01-29,1219.53,1,377.71,0.5,1,2022,0.3097
CA-2021-102277,CG-10422,FUR-BOO-10267,2022-09-23,1934.36,5,-173.98,0.2,9,2022,-0.0899
CA-2021-102278,CG-10256,TEC-PHO-10859,2021-06-28,1729.37,9,-244.97,0.4,6,2021,-0.1417
CA-2021-102279,CG-10472,TEC-PHO-10037,2022-12-03,456.1,1,33.07,0.4,12,2022,0.0725
CA-2021-102280,CG-10229,TEC-COP-10581,2021-08-31,1603.92,4,-146.4,0.5,8,2021,-0.0913
CA-2021-102281,CG-10370,OFF-ART-10786,2022-07-01,1244.7,8,247.38,0.0,7,2022,0.1987
CA-2021-102282,CG-10692,OFF-LAB-10004,2021-08-31,1365.77,5,409.9,0.0,8,2021,0.3001
CA-2021-102283,CG-10774,OFF-SUP-10205,2022-11-28,1021.69,9,258.07,0.4,11,2022,0.2526
CA-2021-102284,CG-10420,TEC-COP-10391,2023-09-08,1661.61,10,494.44,0.2,9,2023,0.2976
CA-2021-102285,CG-10753,FUR-FUR-10394,2023-03-22,990.66,7,155.25,0.3,3,2023,0.1567
CA-2021-102286,CG-10258,OFF-APP-10259,2023-06-26,165.83,6,-5.8,0.1,6,2023,-0.035
CA-2021-102287,CG-10322,OFF-BIN-10898,2023-06-26,347.61,1,72.14,0.2,6,2023,0.2075
CA-2021-102288,CG-10235,FUR-FUR-10947,2022-12-17,1112.39,1,127.91,0.5,12,2022,0.115
CA-2021-102289,CG-10758,TEC-ACC-10486,2022-01-18,1218.25,4,195.53,0.4,1,2022,0.1605
CA-2021-102290,CG-10223,OFF-BIN-10105,2021-04-24,1752.19,2,-349.06,0.3,4,2021,-0.1992
CA-2021-102291,CG-10210,TEC-ACC-10663,2023-04-15,1037.89,9,185.77,0.5,4,2023,0.179
CA-2021-102292,CG-10584,OFF-FAS-10608,2023-06-04,84.31,4,28.84,0.0,6,2023,0.3421
CA-2021-102293,CG-10045,FUR-BOO-10117,2021-05-23,1755.48,1,310.67,0.0,5,2021,0.177
CA-2021-102294,CG-10241,OFF-SUP-10220,2022-06-22,1763.49,8,-138.77,0.5,6,2022,-0.0787
CA-2021-102295,CG-10352,OFF-ENV-10032,2022-07-07,1893.5,9,592.68,0.1,7,2022,0.313
CA-2021-102296,CG-10492,OFF-LAB-10964,2023-04-07,1060.44,6,269.07,0.4,4,2023,0.2537
CA-2021-102297,CG-10192,TEC-ACC-10982,2022-05-05,804.26,2,114.2,0.1,5,2022,0.142
CA-2021-102298,CG-10501,FUR-TAB-10865,2022-05-24,828.34,9,-161.2,0.5,5,2022,-0.1946
CA-2021-102299,CG-10540,OFF-STO-10451,2021-03-03,860.36,1,-153.58,0.5,3,2021,-0.1785
CA-2021-102300,CG-10473,TEC-MAC-10706,2023-11-16,1613.01,4,178.28,0.2,11,2023,0.1105
CA-2021-102301,CG-10120,FUR-BOO-10822,2022-06-22,267.3,3,45.07,0.0,6,2022,0.1686
CA-2021-102302,CG-10042,FUR-CHA-10760,2023-05-27,1490.97,6,550.02,0.2,5,2023,0.3689
CA-2021-102303,CG-10446,FUR-CHA-10634,2022-02-14,1943.72,1,341.71,0.5,2,2022,0.1758
CA-2021-102304,CG-10390,FUR-CHA-10932,2023-01-11,421.38,1,69.2,0.0,1,2023,0.1642
CA-2021-102305,CG-10361,OFF-FAS-10213,2022-12-24,1938.42,4,124.25,0.0,12,2022,0.0641
CA-2021-102306,CG-10004,FUR-CHA-10680,2021-10-26,1949.62,10,-138.42,0.3,10,2021,-0.071
CA-2021-102307,CG-10709,FUR-CHA-10304,2023-02-27,261.37,1,30.58,0.2,2,2023,0.117
CA-2021-102308,CG-10277,OFF-PAP-10242,2022-03-22,724.24,8,239.71,0.5,3,2022,0.331
CA-2021-102309,CG-10447,FUR-BOO-10516,2021-06-23,322.06,3,83.35,0.1,6,2021,0.2588
CA-2021-102310,CG-10605,FUR-BOO-10588,2023-01-18,939.41,7,1.81,0.0,1,2023,0.0019
CA-2021-102311,CG-10015,TEC-MAC-10599,2022-09-14,1486.07,8,-205.09,0.4,9,2022,-0.138
CA-2021-102312,CG-10042,FUR-BOO-10609,2021-03-04,1148.5,5,50.92,0.2,3,2021,0.0443
CA-2021-102313,CG-10679,OFF-ENV-10457,2022-03-07,1723.28,9,543.32,0.0,3,2022,0.3153
CA-2021-102314,CG-10129,OFF-PAP-10754,2023-10-07,750.49,3,-22.27,0.3,10,2023,-0.0297
CA-2021-102315,CG-10372,FUR-FUR-10472,2023-08-21,86.69,8,19.63,0.0,8,2023,0.2264
CA-2021-102316,CG-10120,TEC-PHO-10351,2023-06-13,273.82,10,74.71,0.3,6,2023,0.2728
CA-2021-102317,CG-10156,FUR-FUR-10369,2023-06-02,534.38,1,-10.33,0.4,6,2023,-0.0193
CA-2021-102318,CG-10057,FUR-BOO-10809,2023-01-24,1389.93,4,-191.91,0.2,1,2023,-0.1381
CA-2021-102319,CG-10571,OFF-ENV-10716,2022-11-20,733.43,7,274.99,0.0,11,2022,0.3749
CA-2021-102320,CG-10761,OFF-FAS-10777,2023-11-09,1125.38,10,287.17,0.3,11,2023,0.2552
CA-2021-102321,CG-10784,FUR-BOO-10597,2022-02-16,952.56,6,198.41,0.3,2,2022,0.2083
CA-2021-102322,CG-10036,FUR-FUR-10661,2023-02-25,1559.09,10,502.35,0.1,2,2023,0.3222
CA-2021-102323,CG-10110,FUR-CHA-10415,2021-03-10,749.89,9,118.73,0.1,3,2021,0.1583
CA-2021-102324,CG-10248,FUR-CHA-10681,2022-01-24,1358.95,4,495.01,0.1,1,2022,0.3643
CA-2021-102325,CG-10460,FUR-FUR-10413,2023-11-29,1887.84,2,220.74,0.1,11,2023,0.1169
CA-2021-102326,CG-10190,TEC-MAC-10299,2021-10-04,25.73,4,2.77,0.2,10,2021,0.1077
CA-2021-102327,CG-10784,OFF-ART-10416,2023-04-26,556.88,1,43.36,0.2,4,2023,0.0779
CA-2021-102328,CG-10279,OFF-ENV-10539,2023-11-28,1369.37,9,90.62,0.5,11,2023,0.0662
CA-2021-102329,CG-10255,TEC-PHO-10318,2022-09-19,774.2,10,301.67,0.1,9,2022,0.3897
CA-2021-102330,CG-10274,FUR-TAB-10683,2022-07-26,1883.68,7,580.43,0.0,7,2022,0.3081
CA-2021-102331,CG-10272,FUR-CHA-10924,2022-01-08,286.82,3,57.08,0.1,1,2022,0.199
CA-2021-102332,CG-10691,FUR-FUR-10503,2022-03-02,977.08,9,-164.21,0.2,3,2022,-0.1681
CA-2021-102333,CG-10702,TEC-MAC-10667,2023-10-13,496.77,5,-1.63,0.3,10,2023,-0.0033
CA-2021-102334,CG-10068,OFF-PAP-10667,2023-10-26,1127.63,1,374.39,0.0,10,2023,0.332
CA-2021-102335,CG-10420,OFF-APP-10903,2022-06-25,1936.55,4,155.19,0.0,6,2022,0.0801
CA-2021-102336,CG-10732,OFF-ART-10333,2021-03-28,590.76,2,38.9,0.4,3,2021,0.0658
CA-2021-102337,CG-10241,TEC-PHO-10556,2023-12-17,1344.63,1,60.92,0.3,12,2023,0.0453
CA-2021-102338,CG-10727,TEC-MAC-10798,2022-01-20,1667.58,10,566.02,0.5,1,2022,0.3394
CA-2021-102339,CG-10754,FUR-TAB-10129,2022-02-23,200.62,7,70.63,0.0,2,2022,0.3521
CA-2021-102340,CG-10341,FUR-BOO-10359,2022-12-17,1801.36,5,30.82,0.4,12,2022,0.0171
CA-2021-102341,CG-10045,TEC-COP-10749,2021-07-15,1605.53,4,549.32,0.3,7,2021,0.3421
CA-2021-102342,CG-10143,TEC-MAC-10294,2021-09-10,89.9,2,14.13,0.0,9,2021,0.1572
CA-2021-102343,CG-10084,FUR-FUR-10819,2021-08-14,1996.7,4,-346.95,0.0,8,2021,-0.1738
CA-2021-102344,CG-10088,FUR-FUR-10428,2023-05-21,709.27,1,-47.52,0.0,5,2023,-0.067
CA-2021-102345,CG-10055,FUR-BOO-10765,2023-07-19,670.2,3,49.69,0.4,7,2023,0.0741
CA-2021-102346,CG-10436,FUR-FUR-10791,2022-10-06,25.36,6,3.29,0.4,10,2022,0.1297
CA-2021-102347,CG-10373,FUR-CHA-10017,2023-12-07,1700.29,8,486.48,0.1,12,2023,0.2861
CA-2021-102348,CG-10338,OFF-APP-10192,2023-12-21,1470.81,6,474.37,0.0,12,2023,0.3225
CA-2021-102349,CG-10643,FUR-TAB-10146,2021-03-07,550.11,7,26.05,0.2,3,2021,0.0474
CA-2021-102350,CG-10323,FUR-BOO-10291,2021-05-21,1551.88,2,350.81,0.3,5,2021,0.2261
CA-2021-102351,CG-10716,OFF-BIN-10002,2022-04-05,414.13,4,-4.38,0.0,4,2022,-0.0106
CA-2021-102352,CG-10033,TEC-MAC-10010,2021-09-02,1544.43,5,108.89,0.1,9,2021,0.0705
CA-2021-102353,CG-10217,OFF-PAP-10459,2021-05-06,1639.64,6,214.92,0.0,5,2021,0.1311
CA-2021-102354,CG-10618,TEC-MAC-10031,2023-02-19,225.8,7,5.64,0.5,2,2023,0.025
CA-2021-102355,CG-10253,TEC-PHO-10910,2021-04-28,700.85,6,185.49,0.0,4,2021,0.2647
CA-2021-102356,CG-10721,OFF-PAP-10757,2021-02-27,1208.29,5,-210.37,0.2,2,2021,-0.1741
CA-2021-102357,CG-10590,TEC-ACC-10550,2023-01-25,52.69,8,16.81,0.4,1,2023,0.319
CA-2021-102358,CG-10420,OFF-FAS-10806,2021-10-29,1884.17,3,-251.73,0.5,10,2021,-0.1336
CA-2021-102359,CG-10446,FUR-CHA-10864,2023-06-13,1722.87,1,-317.29,0.0,6,2023,-0.1842
CA-2021-102360,CG-10682,FUR-CHA-10476,2023-08-16,107.49,4,10.72,0.0,8,2023,0.0997
CA-2021-102361,CG-10102,OFF-LAB-10313,2021-06-23,1345.34,8,294.09,0.0,6,2021,0.2186
CA-2021-102362,CG-10607,FUR-FUR-10994,2023-07-10,1275.12,10,43.62,0.3,7,2023,0.0342
CA-2021-102363,CG-10360,OFF-FAS-10434,2022-05-07,1855.64,10,516.33,0.5,5,2022,0.2782
CA-2021-102364,CG-10748,TEC-MAC-10521,2023-12-12,1281.53,4,159.94,0.3,12,2023,0.1248
CA-2021-102365,CG-10221,OFF-PAP-10769,2023-07-13,485.13,10,93.52,0.3,7,2023,0.1928
CA-2021-102366,CG-10260,FUR-BOO-10390,2021-10-24,81.83,2,-13.34,0.1,10,2021,-0.163
CA-2021-102367,CG-10217,FUR-CHA-10570,2023-05-11,1154.64,4,-65.37,0.3,5,2023,-0.0566
CA-2021-102368,CG-10339,FUR-BOO-10139,2023-03-17,273.88,8,-16.63,0.3,3,2023,-0.0607
CA-2021-102369,CG-10412,TEC-MAC-10763,2023-10-03,965.31,2,-85.16,0.0,10,2023,-0.0882
CA-2021-102370,CG-10451,FUR-FUR-10927,2022-04-18,1947.37,3,287.05,0.0,4,2022,0.1474
CA-2021-102371,CG-10709,FUR-BOO-10469,2023-06-19,1674.63,1,-7.71,0.3,6,2023,-0.0046
CA-2021-102372,CG-10514,FUR-CHA-10506,2021-09-15,609.52,5,-46.42,0.3,9,2021,-0.0762
CA-2021-102373,CG-10389,FUR-TAB-10427,2023-07-30,109.83,5,26.34,0.0,7,2023,0.2398
CA-2021-102374,CG-10004,TEC-MAC-10409,2022-02-08,1157.47,7,386.53,0.4,2,2022,0.3339
CA-2021-102375,CG-10498,OFF-BIN-10357,2022-07-13,1605.71,1,-306.07,0.0,7,2022,-0.1906
CA-2021-102376,CG-10625,TEC-ACC-10780,2021-08-23,222.54,9,22.91,0.0,8,2021,0.1029
CA-2021-102377,CG-10103,TEC-ACC-10875,2023-01-28,1942.55,6,227.67,0.1,1,2023,0.1172
CA-2021-102378,CG-10393,OFF-PAP-10426,2023-01-27,115.89,2,-3.27,0.4,1,2023,-0.0282
CA-2021-102379,CG-10147,FUR-TAB-10501,2021-09-10,468.72,5,81.46,0.4,9,2021,0.1738
CA-2021-102380,CG-10265,OFF-BIN-10427,2022-08-28,559.63,7,196.43,0.0,8,2022,0.351
CA-2021-102381,CG-10136,FUR-CHA-10757,2021-04-16,1160.4,6,40.28,0.0,4,2021,0.0347
CA-2021-102382,CG-10526,FUR-TAB-10680,2021-12-05,1269.88,8,50.31,0.3,12,2021,0.0396
CA-2021-102383,CG-10143,TEC-MAC-10926,2022-07-07,391.57,4,13.8,0.4,7,2022,0.0352
CA-2021-102384,CG-10579,TEC-MAC-10606,2021-08-27,1297.13,2,306.4,0.3,8,2021,0.2362
CA-2021-102385,CG-10515,FUR-CHA-10769,2021-08-26,1374.29,5,195.5,0.0,8,2021,0.1423
CA-2021-102386,CG-10422,FUR-BOO-10840,2023-03-24,1166.35,10,-34.17,0.0,3,2023,-0.0293
CA-2021-102387,CG-10718,FUR-CHA-10412,2023-07-12,1781.16,3,305.59,0.0,7,2023,0.1716
CA-2021-102388,CG-10253,TEC-MAC-10972,2021-06-01,1089.5,8,396.25,0.0,6,2021,0.3637
CA-2021-102389,CG-10195,FUR-FUR-10913,2022-10-02,1390.76,10,553.09,0.0,10,2022,0.3977
CA-2021-102390,CG-10546,FUR-TAB-10556,2021-05-07,636.14,3,-88.17,0.1,5,2021,-0.1386
CA-2021-102391,CG-10488,TEC-PHO-10142,2021-09-14,1764.0,5,-168.47,0.4,9,2021,-0.0955
CA-2021-102392,CG-10394,FUR-BOO-10667,2021-11-22,1078.42,8,310.72,0.0,11,2021,0.2881
CA-2021-102393,CG-10498,TEC-COP-10182,2023-05-24,796.33,8,-134.51,0.2,5,2023,-0.1689
CA-2021-102394,CG-10704,TEC-PHO-10290,2021-02-11,1666.79,1,521.18,0.3,2,2021,0.3127
CA-2021-102395,CG-10607,FUR-BOO-10594,2022-07-21,870.2,5,54.06,0.0,7,2022,0.0621
CA-2021-102396,CG-10390,OFF-ART-10795,2022-03-26,1318.55,9,365.27,0.0,3,2022,0.277
CA-2021-102397,CG-10360,TEC-COP-10592,2023-11-23,961.43,1,-88.08,0.2,11,2023,-0.0916
CA-2021-102398,CG-10255,FUR-CHA-10354,2023-05-24,1161.41,3,221.23,0.0,5,2023,0.1905
CA-2021-102399,CG-10202,OFF-LAB-10721,2023-10-13,756.16,9,105.72,0.2,10,2023,0.1398
CA-2021-102400,CG-10565,FUR-CHA-10166,2022-05-02,1869.38,6,-292.04,0.3,5,2022,-0.1562
CA-2021-102401,CG-10359,TEC-MAC-10675,2022-11-21,400.33,4,98.28,0.0,11,2022,0.2455
CA-2021-102402,CG-10439,OFF-STO-10965,2021-07-23,1197.33,8,6.68,0.2,7,2021,0.0056
CA-2021-102403,CG-10137,TEC-PHO-10889,2022-05-31,987.56,8,-114.16,0.0,5,2022,-0.1156
CA-2021-102404,CG-10451,TEC-ACC-10361,2021-12-20,1270.27,9,-147.41,0.0,12,2021,-0.116
CA-2021-102405,CG-10767,TEC-COP-10912,2022-10-18,1908.89,2,652.64,0.0,10,2022,0.3419
CA-2021-102406,CG-10016,FUR-CHA-10055,2022-09-19,1684.11,4,664.08,0.1,9,2022,0.3943
CA-2021-102407,CG-10521,TEC-MAC-10560,2022-06-16,1662.74,1,479.57,0.1,6,2022,0.2884
CA-2021-102408,CG-10024,TEC-PHO-10530,2021-03-18,266.69,9,-4.61,0.0,3,2021,-0.0173
CA-2021-102409,CG-10188,OFF-STO-10882,2023-05-20,1104.8,9,204.3,0.5,5,2023,0.1849
CA-2021-102410,CG-10314,FUR-TAB-10369,2021-02-12,383.54,5,-17.84,0.5,2,2021,-0.0465
CA-2021-102411,CG-10204,FUR-CHA-10983,2022-08-26,796.25,2,141.26,0.0,8,2022,0.1774
CA-2021-102412,CG-10433,OFF-APP-10500,2021-09-30,1444.3,3,299.56,0.0,9,2021,0.2074
CA-2021-102413,CG-10512,FUR-FUR-10808,2023-07-19,852.8,8,271.92,0.3,7,2023,0.3189
CA-2021-102414,CG-10230,TEC-PHO-10326,2023-12-28,454.18,8,-79.47,0.0,12,2023,-0.175
CA-2021-102415,CG-10510,TEC-COP-10253,2023-11-11,1659.78,8,-52.57,0.1,11,2023,-0.0317
CA-2021-102416,CG-10785,TEC-PHO-10737,2022-12-14,1611.67,9,277.03,0.3,12,2022,0.1719
CA-2021-102417,CG-10083,FUR-BOO-10965,2022-07-26,618.28,4,92.81,0.1,7,2022,0.1501
CA-2021-102418,CG-10786,FUR-BOO-10190,2023-05-12,26.78,1,10.13,0.5,5,2023,0.3783
CA-2021-102419,CG-10289,TEC-MAC-10466,2023-01-06,1301.27,6,265.8,0.1,1,2023,0.2043
CA-2021-102420,CG-10695,TEC-ACC-10506,2021-10-05,220.65,1,16.18,0.0,10,2021,0.0733
CA-2021-102421,CG-10286,FUR-CHA-10418,2021-12-22,811.04,8,163.18,0.3,12,2021,0.2012
CA-2021-102422,CG-10509,FUR-FUR-10481,2022-06-11,306.38,7,80.2,0.0,6,2022,0.2618
CA-2021-102423,CG-10474,FUR-CHA-10229,2021-08-29,931.74,1,-50.95,0.1,8,2021,-0.0547
CA-2021-102424,CG-10673,FUR-FUR-10654,2022-05-16,622.84,7,164.18,0.4,5,2022,0.2636
CA-2021-102425,CG-10267,FUR-BOO-10022,2022-04-12,1965.4,8,343.15,0.5,4,2022,0.1746
CA-2021-102426,CG-10250,TEC-PHO-10705,2021-08-04,391.38,2,102.03,0.4,8,2021,0.2607
CA-2021-102427,CG-10058,OFF-STO-10277,2023-11-11,258.15,8,40.48,0.3,11,2023,0.1568
CA-2021-102428,CG-10215,TEC-ACC-10210,2022-12-27,1614.07,8,-295.37,0.2,12,2022,-0.183
CA-2021-102429,CG-10388,FUR-BOO-10665,2022-06-13,1277.61,2,235.14,0.0,6,2022,0.184
CA-2021-102430,CG-10271,FUR-CHA-10766,2021-03-09,1743.58,3,674.18,0.0,3,2021,0.3867
CA-2021-102431,CG-10111,OFF-BIN-10276,2022-06-28,280.82,7,-35.32,0.0,6,2022,-0.1258
CA-2021-102432,CG-10548,FUR-FUR-10061,2021-06-24,557.67,6,-41.38,0.3,6,2021,-0.0742
CA-2021-102433,CG-10607,FUR-BOO-10971,2022-09-29,374.12,4,-31.08,0.0,9,2022,-0.0831
CA-2021-102434,CG-10323,TEC-MAC-10599,2021-12-18,1040.56,6,370.06,0.0,12,2021,0.3556
CA-2021-102435,CG-10720,TEC-COP-10259,2022-03-10,525.9,5,7.82,0.0,3,2022,0.0149
CA-2021-102436,CG-10049,OFF-FAS-10399,2022-06-26,1178.73,1,66.34,0.2,6,2022,0.0563
CA-2021-102437,CG-10473,TEC-COP-10668,2021-09-15,1346.48,6,378.89,0.3,9,2021,0.2814
CA-2021-102438,CG-10259,FUR-CHA-10044,2021-10-14,54.06,5,4.36,0.0,10,2021,0.0807
CA-2021-102439,CG-10406,OFF-LAB-10303,2022-04-01,1686.39,5,-305.83,0.5,4,2022,-0.1814
CA-2021-102440,CG-10252,FUR-FUR-10970,2021-04-27,272.08,1,67.94,0.1,4,2021,0.2497
CA-2021-102441,CG-10605,FUR-FUR-10344,2023-01-03,1374.5,4,-200.01,0.4,1,2023,-0.1455
CA-2021-102442,CG-10743,TEC-MAC-10449,2022-12-27,918.27,9,-88.17,0.0,12,2022,-0.096
CA-2021-102443,CG-10403,FUR-TAB-10472,2021-09-29,298.68,5,-30.81,0.0,9,2021,-0.1032
CA-2021-102444,CG-10082,OFF-LAB-10979,2022-07-21,563.55,7,111.73,0.3,7,2022,0.1983
CA-2021-102445,CG-10695,FUR-BOO-10812,2021-01-14,1417.63,3,-251.32,0.0,1,2021,-0.1773
CA-2021-102446,CG-10186,TEC-ACC-10222,2023-06-25,1863.19,7,165.66,0.5,6,2023,0.0889
CA-2021-102447,CG-10081,FUR-FUR-10388,2022-02-01,1577.2,8,259.84,0.1,2,2022,0.1647
CA-2021-102448,CG-10351,OFF-PAP-10487,2021-12-05,522.34,5,195.28,0.4,12,2021,0.3739
CA-2021-102449,CG-10227,FUR-CHA-10487,2022-12-31,18.56,10,-2.98,0.1,12,2022,-0.1606
CA-2021-102450,CG-10197,FUR-TAB-10052,2023-08-15,1701.48,4,662.63,0.0,8,2023,0.3894
CA-2021-102451,CG-10000,FUR-FUR-10028,2023-02-04,1281.41,1,60.46,0.0,2,2023,0.0472
CA-2021-102452,CG-10610,TEC-COP-10790,2021-06-24,321.68,2,2.67,0.2,6,2021,0.0083
CA-2021-102453,CG-10471,FUR-TAB-10171,2022-03-06,1627.59,10,598.38,0.5,3,2022,0.3676
CA-2021-102454,CG-10344,FUR-CHA-10969,2023-06-08,16.02,10,5.82,0.2,6,2023,0.3633
CA-2021-102455,CG-10332,FUR-CHA-10601,2023-06-28,1254.29,7,238.03,0.5,6,2023,0.1898
CA-2021-102456,CG-10400,TEC-PHO-10131,2022-09-14,95.76,10,-9.04,0.5,9,2022,-0.0944
CA-2021-102457,CG-10040,FUR-FUR-10783,2022-11-26,1084.95,2,282.42,0.2,11,2022,0.2603
CA-2021-102458,CG-10302,OFF-LAB-10435,2022-06-15,301.01,8,-13.1,0.4,6,2022,-0.0435
CA-2021-102459,CG-10545,OFF-PAP-10980,2022-06-10,888.82,9,122.82,0.4,6,2022,0.1382
CA-2021-102460,CG-10296,FUR-CHA-10668,2023-03-21,1623.98,7,299.89,0.5,3,2023,0.1847
CA-2021-102461,CG-10588,OFF-SUP-10364,2022-10-12,914.48,1,347.69,0.0,10,2022,0.3802
CA-2021-102462,CG-10299,TEC-ACC-10398,2022-06-14,1973.27,8,-74.5,0.0,6,2022,-0.0378
CA-2021-102463,CG-10775,FUR-FUR-10480,2023-02-04,1574.87,3,535.39,0.4,2,2023,0.34
CA-2021-102464,CG-10255,OFF-PAP-10675,2021-08-30,734.77,8,289.06,0.0,8,2021,0.3934
CA-2021-102465,CG-10389,TEC-MAC-10896,2021-08-24,475.92,5,2.02,0.0,8,2021,0.0042
CA-2021-102466,CG-10074,OFF-SUP-10128,2022-03-12,1310.19,1,-237.81,0.1,3,2022,-0.1815
CA-2021-102467,CG-10028,TEC-MAC-10025,2023-06-08,1873.06,5,598.34,0.5,6,2023,0.3194
CA-2021-102468,CG-10052,OFF-FAS-10316,2021-07-23,563.21,4,181.99,0.1,7,2021,0.3231
CA-2021-102469,CG-10447,FUR-FUR-10819,2023-06-16,1324.03,7,135.37,0.1,6,2023,0.1022
CA-2021-102470,CG-10297,FUR-BOO-10068,2022-06-07,1668.35,7,-211.61,0.4,6,2022,-0.1268
CA-2021-102471,CG-10177,FUR-FUR-10084,2023-11-03,1765.93,2,-237.88,0.2,11,2023,-0.1347
CA-2021-102472,CG-10014,FUR-TAB-10677,2022-02-24,445.42,10,-56.3,0.0,2,2022,-0.1264
CA-2021-102473,CG-10072,FUR-BOO-10665,2022-07-14,524.55,6,37.78,0.4,7,2022,0.072
CA-2021-102474,CG-10411,OFF-FAS-10668,2021-01-15,638.14,9,93.19,0.1,1,2021,0.146
CA-2021-102475,CG-10492,OFF-PAP-10008,2023-03-30,1634.68,7,66.24,0.4,3,2023,0.0405
CA-2021-102476,CG-10502,TEC-MAC-10541,2021-10-14,877.22,6,312.24,0.3,10,2021,0.3559
CA-2021-102477,CG-10078,TEC-COP-10424,2021-10-22,727.58,5,-72.78,0.0,10,2021,-0.1
CA-2021-102478,CG-10143,FUR-FUR-10251,2022-04-21,1057.11,5,-172.29,0.0,4,2022,-0.163
CA-2021-102479,CG-10247,FUR-BOO-10684,2022-05-22,396.02,9,158.37,0.1,5,2022,0.3999
CA-2021-102480,CG-10713,OFF-ENV-10106,2022-05-31,1068.24,6,-8.69,0.5,5,2022,-0.0081
CA-2021-102481,CG-10324,FUR-BOO-10665,2022-01-30,1221.14,5,89.01,0.3,1,2022,0.0729
CA-2021-102482,CG-10253,OFF-STO-10727,2022-05-10,704.7,7,245.46,0.4,5,2022,0.3483
CA-2021-102483,CG-10047,TEC-COP-10793,2022-05-28,933.31,9,-3.53,0.0,5,2022,-0.0038
CA-2021-102484,CG-10720,OFF-ART-10140,2022-06-25,854.89,10,154.13,0.2,6,2022,0.1803
CA-2021-102485,CG-10092,TEC-MAC-10621,2021-08-28,1932.54,8,116.85,0.1,8,2021,0.0605
CA-2021-102486,CG-10127,FUR-BOO-10649,2021-09-18,27.97,9,-2.93,0.5,9,2021,-0.1048
CA-2021-102487,CG-10036,OFF-FAS-10222,2021-12-18,616.44,5,131.41,0.4,12,2021,0.2132
CA-2021-102488,CG-10131,FUR-TAB-10977,2022-12-24,1048.63,5,250.7,0.1,12,2022,0.2391
CA-2021-102489,CG-10163,FUR-TAB-10194,2021-04-20,994.09,6,-159.72,0.2,4,2021,-0.1607
CA-2021-102490,CG-10188,OFF-LAB-10025,2023-09-27,744.45,10,180.53,0.1,9,2023,0.2425
CA-2021-102491,CG-10479,OFF-APP-10241,2021-01-09,1856.47,4,-344.51,0.0,1,2021,-0.1856
CA-2021-102492,CG-10351,OFF-BIN-10130,2021-09-22,1741.0,8,163.15,0.1,9,2021,0.0937
CA-2021-102493,CG-10184,OFF-PAP-10912,2022-04-07,647.78,9,-17.58,0.0,4,2022,-0.0271
CA-2021-102494,CG-10354,FUR-TAB-10850,2021-09-19,539.85,8,161.61,0.0,9,2021,0.2994
CA-2021-102495,CG-10457,TEC-ACC-10851,2021-04-14,323.62,10,33.19,0.3,4,2021,0.1026
CA-2021-102496,CG-10354,TEC-PHO-10322,2022-03-29,1838.73,10,-204.42,0.0,3,2022,-0.1112
CA-2021-102497,CG-10181,TEC-PHO-10612,2022-08-13,369.71,2,134.67,0.4,8,2022,0.3643
CA-2021-102498,CG-10273,FUR-CHA-10602,2022-07-20,510.34,7,166.34,0.2,7,2022,0.3259
CA-2021-102499,CG-10169,OFF-ART-10326,2021-11-17,1522.69,1,118.82,0.0,11,2021,0.078
CA-2021-102500,CG-10057,OFF-SUP-10223,2021-04-07,1258.13,8,253.13,0.3,4,2021,0.2012
CA-2021-102501,CG-10660,FUR-CHA-10378,2021-03-30,1334.55,4,7.02,0.0,3,2021,0.0053
CA-2021-102502,CG-10296,OFF-STO-10188,2023-09-09,1109.95,5,213.7,0.5,9,2023,0.1925
CA-2021-102503,CG-10342,OFF-FAS-10340,2022-12-26,1580.02,7,573.49,0.2,12,2022,0.363
CA-2021-102504,CG-10405,OFF-ENV-10935,2023-10-11,634.03,2,-85.64,0.3,10,2023,-0.1351
CA-2021-102505,CG-10157,OFF-ENV-10528,2023-04-24,93.13,4,6.39,0.1,4,2023,0.0686
CA-2021-102506,CG-10346,TEC-ACC-10859,2021-06-30,1132.27,3,-4.94,0.0,6,2021,-0.0044
CA-2021-102507,CG-10147,FUR-FUR-10633,2021-09-25,974.5,7,-35.27,0.0,9,2021,-0.0362
CA-2021-102508,CG-10370,FUR-CHA-10620,2022-03-28,978.51,3,-124.16,0.0,3,2022,-0.1269
CA-2021-102509,CG-10026,FUR-BOO-10202,2021-03-09,1435.44,5,486.13,0.4,3,2021,0.3387
CA-2021-102510,CG-10051,FUR-FUR-10408,2022-03-12,1997.46,5,83.34,0.5,3,2022,0.0417
CA-2021-102511,CG-10215,OFF-FAS-10927,2022-09-25,1128.4,7,234.71,0.0,9,2022,0.208
CA-2021-102512,CG-10386,FUR-BOO-10335,2022-11-18,369.73,7,52.69,0.0,11,2022,0.1425
CA-2021-102513,CG-10484,TEC-ACC-10181,2023-09-27,1267.69,5,447.61,0.4,9,2023,0.3531
CA-2021-102514,CG-10361,TEC-ACC-10089,2022-06-03,510.3,7,19.73,0.4,6,2022,0.0387
CA-2021-102515,CG-10630,FUR-FUR-10910,2023-11-18,345.92,9,88.09,0.4,11,2023,0.2547
CA-2021-102516,CG-10235,FUR-BOO-10712,2021-06-20,1914.58,10,96.21,0.3,6,2021,0.0503
CA-2021-102517,CG-10599,FUR-CHA-10988,2022-05-23,65.04,7,-2.56,0.1,5,2022,-0.0394
CA-2021-102518,CG-10078,TEC-ACC-10184,2021-01-05,1554.03,3,556.7,0.0,1,2021,0.3582
CA-2021-102519,CG-10248,FUR-TAB-10298,2022-05-08,207.82,3,-32.44,0.1,5,2022,-0.1561
CA-2021-102520,CG-10495,FUR-TAB-10618,2021-06-12,975.22,3,-123.54,0.1,6,2021,-0.1267
CA-2021-102521,CG-10706,FUR-CHA-10974,2023-07-24,1274.85,7,-249.0,0.0,7,2023,-0.1953
CA-2021-102522,CG-10223,OFF-ENV-10320,2022-03-12,1517.94,5,178.75,0.2,3,2022,0.1178
CA-2021-102523,CG-10732,TEC-COP-10494,2022-09-16,1241.42,2,478.97,0.5,9,2022,0.3858
CA-2021-102524,CG-10558,TEC-ACC-10183,2021-03-09,516.49,1,100.24,0.1,3,2021,0.1941
CA-2021-102525,CG-10182,FUR-CHA-10142,2023-02-19,1365.71,1,432.48,0.3,2,2023,0.3167
CA-2021-102526,CG-10167,TEC-MAC-10478,2022-01-18,907.23,3,-101.13,0.3,1,2022,-0.1115
CA-2021-102527,CG-10695,OFF-APP-10456,2021-12-06,1909.59,4,638.42,0.0,12,2021,0.3343
CA-2021-102528,CG-10183,FUR-CHA-10895,2023-06-06,1591.38,9,385.29,0.4,6,2023,0.2421
CA-2021-102529,CG-10085,FUR-FUR-10289,2023-06-26,1561.63,3,-274.1,0.0,6,2023,-0.1755
CA-2021-102530,CG-10028,FUR-BOO-10513,2022-02-09,1220.59,5,-199.7,0.0,2,2022,-0.1636
CA-2021-102531,CG-10462,FUR-BOO-10572,2023-04-26,898.7,4,92.14,0.5,4,2023,0.1025
CA-2021-102532,CG-10522,TEC-ACC-10086,2021-02-18,904.52,5,269.97,0.2,2,2021,0.2985
CA-2021-102533,CG-10561,FUR-FUR-10133,2021-12-09,1286.07,8,460.3,0.1,12,2021,0.3579
CA-2021-102534,CG-10392,OFF-STO-10372,2021-07-04,323.72,4,-59.37,0.2,7,2021,-0.1834
CA-2021-102535,CG-10486,FUR-BOO-10684,2021-03-26,636.45,2,116.36,0.5,3,2021,0.1828
CA-2021-102536,CG-10199,OFF-SUP-10849,2022-12-22,1717.04,10,596.53,0.4,12,2022,0.3474
CA-2021-102537,CG-10591,OFF-LAB-10715,2022-09-23,602.55,2,75.59,0.1,9,2022,0.1255
CA-2021-102538,CG-10755,OFF-FAS-10809,2023-08-10,838.02,2,-102.62,0.3,8,2023,-0.1225
CA-2021-102539,CG-10132,OFF-FAS-10257,2022-09-20,159.45,8,40.66,0.5,9,2022,0.255
CA-2021-102540,CG-10330,OFF-BIN-10651,2022-09-18,1014.56,3,77.38,0.5,9,2022,0.0763
CA-2021-102541,CG-10725,TEC-ACC-10634,2023-12-26,1053.03,9,284.64,0.5,12,2023,0.2703
CA-2021-102542,CG-10030,FUR-TAB-10681,2022-11-27,950.47,1,209.12,0.0,11,2022,0.22
CA-2021-102543,CG-10599,FUR-BOO-10815,2023-02-26,1072.09,5,221.28,0.0,2,2023,0.2064
CA-2021-102544,CG-10170,OFF-ART-10850,2022-05-07,164.11,9,32.31,0.4,5,2022,0.1969
CA-2021-102545,CG-10276,OFF-LAB-10094,2023-03-11,324.49,2,17.68,0.4,3,2023,0.0545
CA-2021-102546,CG-10540,OFF-BIN-10373,2022-06-08,1970.05,3,-143.68,0.4,6,2022,-0.0729
CA-2021-102547,CG-10150,FUR-BOO-10271,2022-07-20,733.97,2,-57.23,0.2,7,2022,-0.078
CA-2021-102548,CG-10183,OFF-APP-10920,2022-11-12,1286.67,3,230.4,0.0,11,2022,0.1791
CA-2021-102549,CG-10257,FUR-TAB-10177,2021-08-16,1957.62,7,492.26,0.2,8,2021,0.2515
CA-2021-102550,CG-10368,OFF-BIN-10828,2022-10-24,1307.11,10,32.41,0.5,10,2022,0.0248
CA-2021-102551,CG-10703,OFF-ENV-10266,2021-06-04,1062.77,5,350.78,0.5,6,2021,0.3301
CA-2021-102552,CG-10244,TEC-ACC-10962,2021-06-06,1451.19,2,-71.69,0.0,6,2021,-0.0494
CA-2021-102553,CG-10754,OFF-BIN-10386,2021-04-08,1275.02,5,-244.87,0.4,4,2021,-0.1921
CA-2021-102554,CG-10065,TEC-COP-10395,2022-05-12,897.29,5,294.82,0.0,5,2022,0.3286
CA-2021-102555,CG-10104,FUR-FUR-10744,2021-06-08,1547.76,8,15.47,0.0,6,2021,0.01
CA-2021-102556,CG-10169,FUR-FUR-10654,2021-04-01,1820.45,1,630.27,0.0,4,2021,0.3462
CA-2021-102557,CG-10144,FUR-TAB-10781,2021-05-04,788.31,2,195.91,0.2,5,2021,0.2485
CA-2021-102558,CG-10276,TEC-COP-10228,2023-11-01,336.21,1,-9.56,0.0,11,2023,-0.0284
CA-2021-102559,CG-10757,FUR-TAB-10998,2023-12-29,144.78,6,-14.22,0.3,12,2023,-0.0982
CA-2021-102560,CG-10348,TEC-COP-10675,2023-06-14,1791.83,8,279.2,0.0,6,2023,0.1558
CA-2021-102561,CG-10041,TEC-ACC-10747,2023-03-10,874.75,8,202.88,0.2,3,2023,0.2319
CA-2021-102562,CG-10444,TEC-PHO-10785,2022-10-11,1546.04,4,595.45,0.0,10,2022,0.3851
CA-2021-102563,CG-10692,TEC-COP-10865,2023-02-24,1436.21,10,-105.01,0.4,2,2023,-0.0731
CA-2021-102564,CG-10388,FUR-CHA-10897,2021-04-27,1005.81,3,-101.47,0.4,4,2021,-0.1009
CA-2021-102565,CG-10246,OFF-ENV-10481,2022-08-24,1008.4,10,-7.07,0.1,8,2022,-0.007
CA-2021-102566,CG-10469,OFF-ENV-10744,2021-03-19,900.05,7,237.67,0.3,3,2021,0.2641
CA-2021-102567,CG-10084,FUR-BOO-10872,2021-06-05,349.36,6,18.02,0.2,6,2021,0.0516
CA-2021-102568,CG-10639,TEC-ACC-10145,2022-07-15,1374.45,7,448.65,0.3,7,2022,0.3264
CA-2021-102569,CG-10584,FUR-BOO-10424,2022-07-06,880.94,1,225.31,0.2,7,2022,0.2558
CA-2021-102570,CG-10691,TEC-MAC-10341,2023-08-21,450.54,9,-71.4,0.3,8,2023,-0.1585
CA-2021-102571,CG-10523,TEC-MAC-10209,2023-05-05,631.46,7,-118.05,0.0,5,2023,-0.1869
CA-2021-102572,CG-10533,OFF-STO-10674,2021-05-22,1201.65,9,-104.17,0.5,5,2021,-0.0867
CA-2021-102573,CG-10049,TEC-PHO-10062,2022-08-11,1426.68,10,126.37,0.0,8,2022,0.0886
CA-2021-102574,CG-10055,OFF-APP-10089,2022-07-31,1062.99,5,55.05,0.1,7,2022,0.0518
CA-2021-102575,CG-10497,OFF-SUP-10801,2021-04-09,325.11,2,48.18,0.0,4,2021,0.1482
CA-2021-102576,CG-10305,OFF-BIN-10921,2023-05-03,1532.84,8,-20.4,0.4,5,2023,-0.0133
CA-2021-102577,CG-10390,FUR-BOO-10210,2022-05-28,722.87,2,246.53,0.0,5,2022,0.341
CA-2021-102578,CG-10318,FUR-TAB-10475,2022-01-29,506.48,2,9.69,0.1,1,2022,0.0191
CA-2021-102579,CG-10734,FUR-FUR-10313,2022-05-28,870.01,7,27.24,0.0,5,2022,0.0313
CA-2021-102580,CG-10752,OFF-FAS-10255,2021-11-18,1865.77,7,256.53,0.2,11,2021,0.1375
CA-2021-102581,CG-10161,FUR-BOO-10464,2021-04-20,1137.9,8,7.88,0.0,4,2021,0.0069
CA-2021-102582,CG-10617,FUR-TAB-10639,2023-02-06,369.67,5,57.32,0.0,2,2023,0.1551
CA-2021-102583,CG-10147,FUR-BOO-10074,2022-10-05,1634.83,5,97.33,0.2,10,2022,0.0595
CA-2021-102584,CG-10261,FUR-BOO-10780,2021-11-16,1477.45,7,181.74,0.5,11,2021,0.123
CA-2021-102585,CG-10766,TEC-MAC-10146,2021-04-03,1787.65,5,126.67,0.4,4,2021,0.0709
CA-2021-102586,CG-10682,TEC-MAC-10848,2021-04-02,265.07,9,-43.9,0.0,4,2021,-0.1656
CA-2021-102587,CG-10226,OFF-BIN-10601,2022-07-07,1702.72,1,-232.41,0.1,7,2022,-0.1365
CA-2021-102588,CG-10663,FUR-CHA-10890,2023-03-01,706.6,6,65.49,0.0,3,2023,0.0927
CA-2021-102589,CG-10433,TEC-COP-10367,2023-10-01,1799.23,6,675.94,0.0,10,2023,0.3757
CA-2021-102590,CG-10573,OFF-STO-10430,2022-10-28,1673.34,7,528.38,0.0,10,2022,0.3158
CA-2021-102591,CG-10119,FUR-FUR-10425,2022-05-29,1282.06,6,-15.19,0.3,5,2022,-0.0118
CA-2021-102592,CG-10068,FUR-TAB-10925,2022-06-19,1862.9,9,44.55,0.0,6,2022,0.0239
CA-2021-102593,CG-10757,OFF-APP-10059,2023-03-06,977.31,5,139.4,0.5,3,2023,0.1426
CA-2021-102594,CG-10576,FUR-FUR-10240,2021-04-15,1420.16,7,-130.29,0.0,4,2021,-0.0917
CA-2021-102595,CG-10110,FUR-TAB-10249,2023-09-16,816.68,1,75.72,0.0,9,2023,0.0927
CA-2021-102596,CG-10177,TEC-PHO-10427,2023-12-10,1338.04,4,-264.05,0.4,12,2023,-0.1973
CA-2021-102597,CG-10066,FUR-BOO-10222,2023-10-02,753.69,10,-75.58,0.2,10,2023,-0.1003
CA-2021-102598,CG-10726,FUR-FUR-10766,2022-02-21,443.82,3,115.48,0.2,2,2022,0.2602
CA-2021-102599,CG-10553,FUR-TAB-10517,2022-12-01,832.18,2,-160.01,0.0,12,2022,-0.1923
CA-2021-102600,CG-10514,OFF-ART-10828,2021-05-18,676.33,2,-97.17,0.0,5,2021,-0.1437
CA-2021-102601,CG-10665,TEC-COP-10344,2023-05-19,792.56,7,69.82,0.2,5,2023,0.0881
CA-2021-102602,CG-10230,FUR-TAB-10682,2023-10-04,108.0,3,42.42,0.2,10,2023,0.3928
CA-2021-102603,CG-10705,FUR-TAB-10048,2021-11-15,509.36,6,156.5,0.0,11,2021,0.3072
CA-2021-102604,CG-10128,FUR-CHA-10869,2023-01-27,1007.64,9,74.21,0.0,1,2023,0.0736
CA-2021-102605,CG-10004,OFF-SUP-10601,2021-05-28,717.52,10,75.06,0.1,5,2021,0.1046
CA-2021-102606,CG-10360,OFF-PAP-10981,2023-04-28,1152.94,4,271.55,0.4,4,2023,0.2355
CA-2021-102607,CG-10134,TEC-COP-10194,2021-08-11,1139.32,6,256.42,0.2,8,2021,0.2251
CA-2021-102608,CG-10555,TEC-MAC-10016,2022-10-18,965.71,7,-148.63,0.4,10,2022,-0.1539
CA-2021-102609,CG-10145,TEC-PHO-10982,2021-07-05,741.33,6,183.03,0.4,7,2021,0.2469
CA-2021-102610,CG-10031,TEC-ACC-10687,2023-02-25,40.38,2,-5.97,0.2,2,2023,-0.1478
CA-2021-102611,CG-10029,OFF-LAB-10966,2023-12-24,1074.47,8,-214.43,0.0,12,2023,-0.1996
CA-2021-102612,CG-10204,FUR-CHA-10515,2023-05-25,1706.33,7,112.15,0.1,5,2023,0.0657
CA-2021-102613,CG-10502,OFF-ENV-10489,2023-05-12,11.91,2,0.1,0.0,5,2023,0.0084
CA-2021-102614,CG-10743,OFF-APP-10277,2023-03-12,906.68,10,-140.05,0.1,3,2023,-0.1545
CA-2021-102615,CG-10164,TEC-COP-10432,2022-05-09,1325.55,6,159.44,0.4,5,2022,0.1203
CA-2021-102616,CG-10313,FUR-BOO-10851,2022-07-12,1556.94,1,215.06,0.0,7,2022,0.1381
CA-2021-102617,CG-10461,TEC-COP-10401,2021-01-27,60.9,10,23.12,0.0,1,2021,0.3796
CA-2021-102618,CG-10587,TEC-ACC-10107,2022-09-25,997.33,4,251.27,0.4,9,2022,0.2519
CA-2021-102619,CG-10358,FUR-BOO-10670,2023-02-14,144.69,4,-19.46,0.0,2,2023,-0.1345
CA-2021-102620,CG-10615,FUR-BOO-10170,2021-05-19,182.31,10,-14.99,0.0,5,2021,-0.0822
CA-2021-102621,CG-10746,TEC-MAC-10695,2021-05-10,371.07,10,64.15,0.5,5,2021,0.1729
CA-2021-102622,CG-10072,OFF-FAS-10577,2023-06-01,1987.55,7,606.06,0.0,6,2023,0.3049
CA-2021-102623,CG-10522,OFF-SUP-10648,2022-03-23,927.66,5,-173.65,0.1,3,2022,-0.1872
CA-2021-102624,CG-10483,TEC-COP-10564,2021-01-18,775.81,7,82.14,0.1,1,2021,0.1059
CA-2021-102625,CG-10349,FUR-TAB-10073,2022-04-03,1735.57,2,183.3,0.5,4,2022,0.1056
CA-2021-102626,CG-10276,FUR-TAB-10243,2021-03-10,463.06,3,-3.82,0.5,3,2021,-0.0082
CA-2021-102627,CG-10272,FUR-TAB-10387,2023-05-06,762.36,8,-101.81,0.5,5,2023,-0.1335
CA-2021-102628,CG-10714,OFF-PAP-10323,2021-05-12,1847.62,5,158.85,0.4,5,2021,0.086
CA-2021-102629,CG-10330,OFF-ENV-10724,2021-12-30,892.37,5,184.5,0.2,12,2021,0.2068
CA-2021-102630,CG-10255,TEC-MAC-10470,2021-08-02,1851.73,2,447.17,0.3,8,2021,0.2415
CA-2021-102631,CG-10623,OFF-FAS-10069,2023-10-10,1301.53,1,326.09,0.4,10,2023,0.2505
CA-2021-102632,CG-10052,FUR-BOO-10385,2023-06-08,1408.07,3,-11.23,0.5,6,2023,-0.008
CA-2021-102633,CG-10141,TEC-ACC-10078,2022-02-28,1085.56,3,-21.29,0.1,2,2022,-0.0196
CA-2021-102634,CG-10170,OFF-PAP-10090,2023-12-23,275.62,4,81.12,0.0,12,2023,0.2943
CA-2021-102635,CG-10753,FUR-FUR-10975,2021-11-26,1860.05,9,275.29,0.4,11,2021,0.148
CA-2021-102636,CG-10770,TEC-COP-10584,2021-02-20,1372.21,6,112.18,0.2,2,2021,0.0818
CA-2021-102637,CG-10718,FUR-TAB-10887,2022-01-02,1148.1,5,302.11,0.0,1,2022,0.2631
CA-2021-102638,CG-10281,OFF-ART-10325,2022-12-15,1373.55,5,476.43,0.0,12,2022,0.3469
CA-2021-102639,CG-10028,TEC-ACC-10486,2021-06-25,1533.99,1,12.72,0.1,6,2021,0.0083
CA-2021-102640,CG-10436,OFF-APP-10094,2021-01-19,1967.87,10,31.83,0.4,1,2021,0.0162
CA-2021-102641,CG-10395,FUR-BOO-10395,2021-05-03,841.47,9,289.75,0.4,5,2021,0.3443
CA-2021-102642,CG-10404,TEC-ACC-10079,2022-03-08,1157.47,6,-108.51,0.5,3,2022,-0.0937
CA-2021-102643,CG-10762,FUR-TAB-10967,2021-02-03,1112.68,7,-153.69,0.0,2,2021,-0.1381
CA-2021-102644,CG-10646,TEC-COP-10879,2022-10-01,107.71,5,-3.36,0.5,10,2022,-0.0312
CA-2021-102645,CG-10441,FUR-TAB-10857,2021-07-14,1429.53,2,67.52,0.4,7,2021,0.0472
CA-2021-102646,CG-10155,OFF-STO-10649,2022-08-18,15.29,6,2.59,0.5,8,2022,0.1694
CA-2021-102647,CG-10187,TEC-MAC-10652,2023-12-16,168.8,7,41.94,0.4,12,2023,0.2485
CA-2021-102648,CG-10137,OFF-APP-10398,2022-11-19,1027.11,10,354.77,0.0,11,2022,0.3454
CA-2021-102649,CG-10357,OFF-SUP-10918,2022-08-13,1973.63,4,681.9,0.0,8,2022,0.3455
CA-2021-102650,CG-10657,TEC-ACC-10024,2022-12-11,1487.65,1,-229.46,0.5,12,2022,-0.1542
CA-2021-102651,CG-10258,FUR-CHA-10794,2022-12-10,1860.96,1,112.09,0.4,12,2022,0.0602
CA-2021-102652,CG-10174,OFF-STO-10771,2022-06-06,1154.07,6,-53.92,0.3,6,2022,-0.0467
CA-2021-102653,CG-10048,TEC-ACC-10113,2021-11-17,1643.17,3,22.88,0.0,11,2021,0.0139
CA-2021-102654,CG-10342,OFF-SUP-10729,2021-01-08,1944.66,3,319.64,0.4,1,2021,0.1644
CA-2021-102655,CG-10374,OFF-STO-10614,2022-04-20,597.74,1,173.94,0.1,4,2022,0.291
CA-2021-102656,CG-10493,FUR-TAB-10610,2022-04-17,1920.96,5,490.25,0.0,4,2022,0.2552
CA-2021-102657,CG-10535,TEC-MAC-10569,2021-11-13,1465.37,6,-125.07,0.0,11,2021,-0.0854
CA-2021-102658,CG-10058,TEC-ACC-10676,2021-09-20,1301.21,9,373.82,0.3,9,2021,0.2873
CA-2021-102659,CG-10060,OFF-LAB-10263,2022-10-08,1118.62,4,103.96,0.5,10,2022,0.0929
CA-2021-102660,CG-10030,TEC-ACC-10540,2021-08-08,152.73,2,55.56,0.5,8,2021,0.3638
CA-2021-102661,CG-10613,TEC-MAC-10138,2023-12-22,665.81,8,58.14,0.1,12,2023,0.0873
CA-2021-102662,CG-10571,OFF-FAS-10529,2021-04-29,591.45,8,-81.55,0.2,4,2021,-0.1379
CA-2021-102663,CG-10594,FUR-TAB-10140,2022-12-30,1716.6,9,-338.43,0.2,12,2022,-0.1972
CA-2021-102664,CG-10222,TEC-MAC-10409,2023-09-17,753.2,7,102.72,0.4,9,2023,0.1364
CA-2021-102665,CG-10499,TEC-PHO-10774,2023-07-31,307.44,9,-15.65,0.0,7,2023,-0.0509
CA-2021-102666,CG-10758,FUR-CHA-10192,2022-03-05,1528.12,6,243.96,0.1,3,2022,0.1596
CA-2021-102667,CG-10737,TEC-COP-10206,2022-04-30,1412.58,1,-211.25,0.0,4,2022,-0.1495
CA-2021-102668,CG-10469,TEC-COP-10842,2023-08-07,558.16,10,81.24,0.0,8,2023,0.1455
CA-2021-102669,CG-10021,OFF-PAP-10944,2023-07-13,1223.1,2,242.17,0.0,7,2023,0.198
CA-2021-102670,CG-10219,TEC-PHO-10919,2022-08-24,227.92,8,13.13,0.3,8,2022,0.0576
CA-2021-102671,CG-10185,TEC-COP-10121,2023-07-19,146.03,7,4.72,0.0,7,2023,0.0323
CA-2021-102672,CG-10148,OFF-SUP-10562,2022-11-11,1993.49,7,717.31,0.5,11,2022,0.3598
CA-2021-102673,CG-10264,TEC-ACC-10026,2021-08-29,1700.5,9,590.21,0.3,8,2021,0.3471
CA-2021-102674,CG-10476,TEC-MAC-10219,2021-07-24,1394.42,9,453.75,0.3,7,2021,0.3254
CA-2021-102675,CG-10504,OFF-BIN-10560,2021-09-11,648.52,10,248.1,0.4,9,2021,0.3826
CA-2021-102676,CG-10420,FUR-BOO-10744,2022-09-18,19.51,5,5.28,0.0,9,2022,0.2706
CA-2021-102677,CG-10180,OFF-LAB-10767,2023-06-30,1983.78,8,298.73,0.0,6,2023,0.1506
CA-2021-102678,CG-10383,FUR-FUR-10831,2022-02-27,542.08,10,78.84,0.5,2,2022,0.1454
CA-2021-102679,CG-10682,OFF-ENV-10192,2022-07-19,1468.2,6,443.09,0.5,7,2022,0.3018
CA-2021-102680,CG-10470,TEC-ACC-10002,2022-12-28,1430.75,1,308.93,0.4,12,2022,0.2159
CA-2021-102681,CG-10358,TEC-PHO-10205,2023-09-01,1857.49,1,-303.22,0.2,9,2023,-0.1632
CA-2021-102682,CG-10458,OFF-FAS-10105,2023-10-10,710.72,8,44.56,0.0,10,2023,0.0627
CA-2021-102683,CG-10161,OFF-BIN-10215,2022-10-30,826.77,5,330.5,0.0,10,2022,0.3997
CA-2021-102684,CG-10448,TEC-PHO-10252,2023-09-25,820.33,7,295.12,0.0,9,2023,0.3598
CA-2021-102685,CG-10343,OFF-BIN-10912,2021-05-17,1025.45,7,339.91,0.2,5,2021,0.3315
CA-2021-102686,CG-10033,FUR-CHA-10263,2022-02-23,1244.51,7,-9.75,0.0,2,2022,-0.0078
CA-2021-102687,CG-10393,TEC-COP-10671,2022-04-09,1731.62,3,501.0,0.0,4,2022,0.2893
CA-2021-102688,CG-10226,OFF-BIN-10935,2022-01-02,321.98,2,124.51,0.4,1,2022,0.3867
CA-2021-102689,CG-10340,OFF-SUP-10387,2021-01-25,1112.5,2,428.98,0.1,1,2021,0.3856
CA-2021-102690,CG-10122,OFF-SUP-10681,2023-02-28,720.23,6,32.6,0.0,2,2023,0.0453
CA-2021-102691,CG-10273,OFF-LAB-10950,2023-01-16,1249.56,6,171.54,0.0,1,2023,0.1373
CA-2021-102692,CG-10321,TEC-COP-10342,2021-12-21,1127.02,10,365.78,0.0,12,2021,0.3246
CA-2021-102693,CG-10077,OFF-STO-10602,2023-01-20,970.31,10,210.43,0.5,1,2023,0.2169
CA-2021-102694,CG-10542,FUR-CHA-10433,2021-12-20,1607.2,5,456.99,0.2,12,2021,0.2843
CA-2021-102695,CG-10078,FUR-CHA-10254,2022-02-09,839.58,2,-28.26,0.4,2,2022,-0.0337
CA-2021-102696,CG-10109,FUR-TAB-10596,2022-06-20,904.81,9,351.19,0.0,6,2022,0.3881
CA-2021-102697,CG-10567,OFF-STO-10828,2022-07-13,1551.04,9,-81.03,0.2,7,2022,-0.0522
CA-2021-102698,CG-10533,OFF-SUP-10337,2021-08-14,1510.61,10,-294.61,0.1,8,2021,-0.195
CA-2021-102699,CG-10348,TEC-PHO-10347,2021-09-05,42.0,4,9.55,0.2,9,2021,0.2274
CA-2021-102700,CG-10241,TEC-ACC-10582,2022-11-30,1041.24,7,188.32,0.0,11,2022,0.1809
CA-2021-102701,CG-10264,OFF-LAB-10579,2021-10-08,159.42,5,60.21,0.4,10,2021,0.3777
CA-2021-102702,CG-10613,FUR-FUR-10000,2021-11-22,919.5,5,138.73,0.2,11,2021,0.1509
CA-2021-102703,CG-10777,FUR-CHA-10216,2022-06-16,871.14,7,84.73,0.3,6,2022,0.0973
CA-2021-102704,CG-10407,OFF-ENV-10147,2021-04-28,477.89,9,-12.22,0.4,4,2021,-0.0256
CA-2021-102705,CG-10277,TEC-MAC-10096,2022-01-25,1776.5,3,-330.82,0.1,1,2022,-0.1862
CA-2021-102706,CG-10557,OFF-STO-10704,2022-03-22,1734.15,6,163.02,0.3,3,2022,0.094
CA-2021-102707,CG-10144,TEC-ACC-10578,2022-05-18,1770.18,1,37.87,0.1,5,2022,0.0214
CA-2021-102708,CG-10182,TEC-PHO-10974,2021-12-19,872.41,7,24.89,0.3,12,2021,0.0285
CA-2021-102709,CG-10348,OFF-ART-10627,2021-10-12,834.49,4,236.76,0.0,10,2021,0.2837
CA-2021-102710,CG-10526,TEC-MAC-10694,2022-11-26,1980.34,9,-204.77,0.0,11,2022,-0.1034
CA-2021-102711,CG-10273,OFF-ART-10284,2022-08-30,1736.42,1,432.96,0.0,8,2022,0.2493
CA-2021-102712,CG-10541,TEC-MAC-10877,2022-05-21,155.71,4,57.59,0.0,5,2022,0.3699
CA-2021-102713,CG-10769,TEC-PHO-10302,2023-05-20,1283.06,5,114.5,0.5,5,2023,0.0892
CA-2021-102714,CG-10657,TEC-ACC-10804,2023-11-10,501.33,8,18.33,0.0,11,2023,0.0366
CA-2021-102715,CG-10605,OFF-BIN-10131,2022-01-21,1867.06,5,-224.14,0.0,1,2022,-0.12
CA-2021-102716,CG-10049,OFF-PAP-10191,2023-07-13,371.1,8,6.41,0.2,7,2023,0.0173
CA-2021-102717,CG-10543,FUR-BOO-10555,2023-12-14,869.63,1,197.05,0.1,12,2023,0.2266
CA-2021-102718,CG-10377,OFF-ART-10770,2021-02-02,1498.68,5,-1.9,0.5,2,2021,-0.0013
CA-2021-102719,CG-10153,FUR-FUR-10729,2022-05-16,1183.59,9,-65.32,0.3,5,2022,-0.0552
CA-2021-102720,CG-10532,TEC-COP-10734,2022-08-17,1494.8,8,172.21,0.5,8,2022,0.1152
CA-2021-102721,CG-10599,TEC-PHO-10766,2022-04-06,1152.64,10,309.09,0.2,4,2022,0.2682
CA-2021-102722,CG-10499,FUR-TAB-10517,2022-11-12,112.8,10,8.62,0.2,11,2022,0.0764
CA-2021-102723,CG-10724,OFF-ENV-10829,2022-08-22,1920.27,10,398.23,0.5,8,2022,0.2074
CA-2021-102724,CG-10683,FUR-CHA-10327,2021-09-10,1580.1,2,-147.35,0.2,9,2021,-0.0933
CA-2021-102725,CG-10455,OFF-PAP-10679,2022-10-25,686.99,5,95.52,0.0,10,2022,0.139
CA-2021-102726,CG-10160,FUR-CHA-10897,2022-06-28,1880.74,9,639.69,0.5,6,2022,0.3401
CA-2021-102727,CG-10045,TEC-COP-10159,2023-05-18,1410.5,3,408.58,0.2,5,2023,0.2897
CA-2021-102728,CG-10335,OFF-STO-10696,2022-01-04,442.12,5,112.88,0.1,1,2022,0.2553
CA-2021-102729,CG-10544,OFF-PAP-10009,2022-03-12,1807.37,3,505.16,0.4,3,2022,0.2795
CA-2021-102730,CG-10522,TEC-COP-10492,2021-07-08,12.01,8,2.13,0.0,7,2021,0.1774
CA-2021-102731,CG-10470,OFF-FAS-10399,2023-04-25,1528.26,5,-166.68,0.5,4,2023,-0.1091
CA-2021-102732,CG-10732,TEC-ACC-10745,2021-04-14,315.74,4,113.08,0.4,4,2021,0.3581
CA-2021-102733,CG-10180,OFF-PAP-10831,2022-02-28,1461.3,8,361.92,0.0,2,2022,0.2477
CA-2021-102734,CG-10266,OFF-APP-10672,2023-05-01,1360.07,2,282.78,0.0,5,2023,0.2079
CA-2021-102735,CG-10261,TEC-ACC-10065,2021-08-08,1150.49,3,0.28,0.5,8,2021,0.0002
CA-2021-102736,CG-10399,TEC-MAC-10695,2023-03-17,443.25,1,84.73,0.0,3,2023,0.1912
CA-2021-102737,CG-10092,OFF-APP-10894,2021-04-26,1025.73,1,311.38,0.2,4,2021,0.3036
CA-2021-102738,CG-10783,TEC-COP-10451,2022-05-20,837.08,3,295.61,0.5,5,2022,0.3531
CA-2021-102739,CG-10710,OFF-LAB-10333,2022-11-17,603.42,10,51.0,0.0,11,2022,0.0845
CA-2021-102740,CG-10217,TEC-ACC-10482,2023-09-07,108.76,3,-7.6,0.1,9,2023,-0.0699
CA-2021-102741,CG-10493,OFF-LAB-10538,2021-11-17,506.93,9,-78.35,0.2,11,2021,-0.1546
CA-2021-102742,CG-10344,FUR-BOO-10709,2021-05-10,1184.97,7,99.24,0.0,5,2021,0.0837
CA-2021-102743,CG-10786,OFF-ART-10816,2022-10-24,985.59,1,-81.83,0.4,10,2022,-0.083
CA-2021-102744,CG-10359,OFF-ART-10965,2023-06-18,1228.81,2,289.65,0.3,6,2023,0.2357
CA-2021-102745,CG-10328,OFF-SUP-10105,2022-09-27,1477.66,5,-49.96,0.4,9,2022,-0.0338
CA-2021-102746,CG-10323,FUR-CHA-10765,2022-12-25,1371.75,9,494.9,0.0,12,2022,0.3608
CA-2021-102747,CG-10498,OFF-SUP-10445,2021-08-16,33.84,9,-4.56,0.0,8,2021,-0.1348
CA-2021-102748,CG-10649,TEC-ACC-10239,2023-07-04,1624.52,9,42.49,0.4,7,2023,0.0262
CA-2021-102749,CG-10159,OFF-PAP-10630,2022-07-21,1152.41,4,428.24,0.1,7,2022,0.3716
CA-2021-102750,CG-10051,OFF-LAB-10008,2022-01-07,975.0,4,-51.75,0.5,1,2022,-0.0531
CA-2021-102751,CG-10167,TEC-PHO-10461,2022-06-02,269.82,7,47.11,0.0,6,2022,0.1746
CA-2021-102752,CG-10449,OFF-FAS-10398,2021-02-02,1069.94,6,175.36,0.0,2,2021,0.1639
CA-2021-102753,CG-10670,OFF-BIN-10818,2023-06-23,1062.15,6,301.38,0.5,6,2023,0.2837
CA-2021-102754,CG-10248,TEC-MAC-10256,2022-06-22,1916.61,10,-309.13,0.4,6,2022,-0.1613
CA-2021-102755,CG-10527,OFF-PAP-10804,2022-07-23,882.79,3,-101.55,0.0,7,2022,-0.115
CA-2021-102756,CG-10608,FUR-FUR-10603,2022-11-12,990.62,9,-122.74,0.1,11,2022,-0.1239
CA-2021-102757,CG-10291,OFF-APP-10585,2022-12-20,235.49,4,-1.59,0.4,12,2022,-0.0068
CA-2021-102758,CG-10624,OFF-APP-10242,2022-01-14,823.41,8,319.82,0.0,1,2022,0.3884
CA-2021-102759,CG-10515,OFF-BIN-10938,2023-01-25,1890.33,6,268.79,0.0,1,2023,0.1422
CA-2021-102760,CG-10194,TEC-COP-10466,2023-09-29,1262.12,8,336.94,0.0,9,2023,0.267
CA-2021-102761,CG-10515,TEC-ACC-10284,2023-06-15,775.79,1,150.82,0.5,6,2023,0.1944
CA-2021-102762,CG-10702,TEC-PHO-10727,2023-06-28,289.59,7,106.31,0.0,6,2023,0.3671
CA-2021-102763,CG-10243,TEC-ACC-10755,2023-04-09,303.96,9,2.24,0.0,4,2023,0.0074
CA-2021-102764,CG-10168,OFF-PAP-10733,2021-09-05,923.04,6,138.85,0.1,9,2021,0.1504
CA-2021-102765,CG-10783,TEC-COP-10200,2021-03-12,1345.8,5,130.42,0.0,3,2021,0.0969
CA-2021-102766,CG-10758,OFF-ENV-10872,2023-09-05,880.38,4,-158.52,0.3,9,2023,-0.1801
CA-2021-102767,CG-10566,OFF-FAS-10229,2023-07-08,139.0,3,-1.31,0.0,7,2023,-0.0094
CA-2021-102768,CG-10484,TEC-ACC-10705,2021-08-17,1957.26,10,-27.19,0.0,8,2021,-0.0139
CA-2021-102769,CG-10435,TEC-PHO-10165,2023-12-20,1066.08,1,144.52,0.4,12,2023,0.1356
CA-2021-102770,CG-10358,TEC-COP-10297,2023-05-22,1336.75,1,113.47,0.4,5,2023,0.0849
CA-2021-102771,CG-10040,FUR-BOO-10026,2023-06-25,1801.4,3,695.94,0.3,6,2023,0.3863
CA-2021-102772,CG-10774,TEC-MAC-10539,2022-10-29,900.63,4,81.65,0.3,10,2022,0.0907
CA-2021-102773,CG-10752,FUR-BOO-10415,2021-08-22,1588.01,2,-261.13,0.3,8,2021,-0.1644
CA-2021-102774,CG-10644,FUR-CHA-10017,2023-05-27,1364.26,2,8.14,0.0,5,2023,0.006
CA-2021-102775,CG-10656,OFF-PAP-10023,2022-12-31,93.76,5,12.3,0.3,12,2022,0.1312
CA-2021-102776,CG-10756,TEC-PHO-10807,2023-02-27,1217.89,5,-0.95,0.1,2,2023,-0.0008
CA-2021-102777,CG-10789,OFF-BIN-10536,2022-03-22,592.83,3,-10.29,0.0,3,2022,-0.0174
CA-2021-102778,CG-10411,FUR-TAB-10788,2022-12-17,1566.87,5,-68.35,0.0,12,2022,-0.0436
CA-2021-102779,CG-10507,TEC-PHO-10010,2022-06-17,431.32,9,-15.56,0.0,6,2022,-0.0361
CA-2021-102780,CG-10014,TEC-COP-10982,2021-08-13,880.68,10,-64.77,0.5,8,2021,-0.0735
CA-2021-102781,CG-10695,TEC-PHO-10103,2022-04-02,467.35,9,13.01,0.2,4,2022,0.0278
CA-2021-102782,CG-10158,OFF-ENV-10451,2022-06-19,776.26,3,49.3,0.3,6,2022,0.0635
CA-2021-102783,CG-10500,TEC-COP-10646,2023-03-20,1542.85,3,550.38,0.3,3,2023,0.3567
CA-2021-102784,CG-10096,TEC-COP-10960,2021-09-03,1808.45,4,461.28,0.0,9,2021,0.2551
CA-2021-102785,CG-10784,OFF-APP-10290,2023-07-07,1794.34,6,554.27,0.0,7,2023,0.3089
CA-2021-102786,CG-10224,TEC-ACC-10609,2023-04-29,1196.18,6,-177.29,0.2,4,2023,-0.1482
CA-2021-102787,CG-10333,OFF-FAS-10686,2021-10-04,1209.85,9,80.51,0.1,10,2021,0.0665
CA-2021-102788,CG-10003,FUR-FUR-10360,2022-07-31,1354.99,5,-58.38,0.4,7,2022,-0.0431
CA-2021-102789,CG-10737,OFF-ART-10961,2022-10-29,689.56,2,-78.59,0.1,10,2022,-0.114
CA-2021-102790,CG-10643,TEC-MAC-10376,2022-12-07,1686.51,10,-60.88,0.3,12,2022,-0.0361
CA-2021-102791,CG-10160,TEC-PHO-10210,2023-11-12,1297.99,9,283.32,0.0,11,2023,0.2183
CA-2021-102792,CG-10162,FUR-TAB-10128,2022-03-10,1063.7,2,-116.08,0.1,3,2022,-0.1091
CA-2021-102793,CG-10594,OFF-FAS-10655,2023-06-19,874.49,10,303.37,0.3,6,2023,0.3469
CA-2021-102794,CG-10427,OFF-APP-10887,2021-11-06,586.16,10,159.68,0.1,11,2021,0.2724
CA-2021-102795,CG-10235,OFF-FAS-10781,2023-10-31,1421.54,10,491.7,0.0,10,2023,0.3459
CA-2021-102796,CG-10349,FUR-TAB-10193,2021-06-04,255.65,4,23.06,0.0,6,2021,0.0902
CA-2021-102797,CG-10161,FUR-BOO-10889,2021-07-16,41.29,7,-1.33,0.4,7,2021,-0.0322
CA-2021-102798,CG-10112,TEC-ACC-10557,2023-10-23,1674.73,10,624.71,0.3,10,2023,0.373
CA-2021-102799,CG-10793,OFF-PAP-10241,2022-05-19,1620.15,6,-303.14,0.0,5,2022,-0.1871
CA-2021-102800,CG-10146,OFF-ENV-10148,2021-05-03,800.38,3,278.3,0.4,5,2021,0.3477
CA-2021-102801,CG-10128,FUR-TAB-10079,2023-05-23,207.61,4,-36.15,0.3,5,2023,-0.1741
CA-2021-102802,CG-10657,OFF-PAP-10428,2021-02-06,280.54,10,-49.85,0.0,2,2021,-0.1777
CA-2021-102803,CG-10453,FUR-TAB-10084,2023-05-08,194.96,7,-25.69,0.0,5,2023,-0.1318
CA-2021-102804,CG-10756,FUR-CHA-10493,2022-02-04,29.92,3,10.41,0.0,2,2022,0.3479
CA-2021-102805,CG-10064,TEC-ACC-10911,2022-08-06,577.98,6,100.7,0.5,8,2022,0.1742
CA-2021-102806,CG-10262,FUR-TAB-10563,2022-03-01,279.02,8,105.59,0.0,3,2022,0.3784
CA-2021-102807,CG-10614,OFF-PAP-10486,2023-01-24,477.1,2,129.98,0.4,1,2023,0.2724
CA-2021-102808,CG-10489,TEC-ACC-10663,2022-07-07,862.72,7,338.35,0.4,7,2022,0.3922
CA-2021-102809,CG-10765,OFF-ENV-10749,2022-05-15,990.75,1,321.7,0.0,5,2022,0.3247
CA-2021-102810,CG-10289,FUR-FUR-10689,2021-10-24,1264.0,2,328.05,0.1,10,2021,0.2595
CA-2021-102811,CG-10632,TEC-COP-10007,2022-06-26,239.91,2,10.42,0.2,6,2022,0.0434
CA-2021-102812,CG-10133,FUR-TAB-10119,2023-02-24,1376.29,4,542.0,0.0,2,2023,0.3938
CA-2021-102813,CG-10087,FUR-BOO-10324,2021-04-18,1907.34,4,-372.54,0.0,4,2021,-0.1953
CA-2021-102814,CG-10612,TEC-MAC-10789,2021-04-05,1527.2,10,-279.01,0.3,4,2021,-0.1827
CA-2021-102815,CG-10483,FUR-BOO-10112,2021-11-19,840.22,4,133.48,0.3,11,2021,0.1589
CA-2021-102816,CG-10055,TEC-PHO-10022,2021-11-04,379.58,9,33.16,0.4,11,2021,0.0874
CA-2021-102817,CG-10593,OFF-ART-10345,2022-01-31,1768.41,8,-48.58,0.5,1,2022,-0.0275
CA-2021-102818,CG-10167,FUR-TAB-10966,2023-10-13,1367.72,10,296.06,0.5,10,2023,0.2165
CA-2021-102819,CG-10324,TEC-PHO-10740,2023-04-02,1460.11,4,126.17,0.0,4,2023,0.0864
CA-2021-102820,CG-10450,FUR-TAB-10076,2022-08-23,1613.87,5,535.97,0.3,8,2022,0.3321
CA-2021-102821,CG-10317,OFF-APP-10487,2021-07-09,1783.8,1,73.8,0.4,7,2021,0.0414
CA-2021-102822,CG-10472,FUR-TAB-10116,2022-06-05,1786.63,2,75.02,0.5,6,2022,0.042
CA-2021-102823,CG-10250,TEC-ACC-10977,2023-07-15,1069.19,2,78.1,0.0,7,2023,0.073
CA-2021-102824,CG-10740,OFF-LAB-10872,2021-03-04,1143.78,6,358.54,0.2,3,2021,0.3135
CA-2021-102825,CG-10125,FUR-CHA-10965,2023-05-13,567.52,5,-10.34,0.0,5,2023,-0.0182
CA-2021-102826,CG-10129,FUR-BOO-10409,2023-12-18,262.59,1,88.42,0.4,12,2023,0.3367
CA-2021-102827,CG-10400,FUR-BOO-10434,2021-07-20,1406.37,10,-80.39,0.0,7,2021,-0.0572
CA-2021-102828,CG-10331,OFF-BIN-10487,2022-04-24,1893.66,5,-367.88,0.3,4,2022,-0.1943
CA-2021-102829,CG-10508,FUR-TAB-10548,2022-08-19,856.33,4,217.64,0.0,8,2022,0.2542
CA-2021-102830,CG-10109,TEC-MAC-10654,2023-07-17,757.72,2,295.78,0.1,7,2023,0.3904
CA-2021-102831,CG-10254,OFF-APP-10680,2023-10-18,483.85,4,189.4,0.3,10,2023,0.3914
CA-2021-102832,CG-10327,TEC-MAC-10485,2021-11-16,1902.82,4,379.53,0.0,11,2021,0.1995
CA-2021-102833,CG-10755,FUR-CHA-10335,2023-11-28,1246.54,9,-48.37,0.5,11,2023,-0.0388
CA-2021-102834,CG-10457,TEC-MAC-10406,2021-03-08,706.7,10,71.6,0.0,3,2021,0.1013
CA-2021-102835,CG-10036,TEC-ACC-10181,2022-08-13,857.78,2,135.61,0.0,8,2022,0.1581
CA-2021-102836,CG-10091,OFF-SUP-10471,2021-02-23,1954.38,1,198.14,0.4,2,2021,0.1014
CA-2021-102837,CG-10189,OFF-ART-10354,2021-11-01,1653.74,3,-91.2,0.1,11,2021,-0.0551
CA-2021-102838,CG-10716,TEC-ACC-10810,2023-11-30,694.63,7,38.05,0.0,11,2023,0.0548
CA-2021-102839,CG-10184,OFF-PAP-10012,2022-01-22,411.08,8,90.32,0.1,1,2022,0.2197
CA-2021-102840,CG-10067,OFF-ART-10350,2021-03-13,1191.9,8,-158.33,0.2,3,2021,-0.1328
CA-2021-102841,CG-10784,TEC-MAC-10506,2021-10-06,1918.92,6,712.68,0.1,10,2021,0.3714
CA-2021-102842,CG-10464,TEC-ACC-10432,2023-03-21,1346.1,3,-98.92,0.5,3,2023,-0.0735
CA-2021-102843,CG-10245,FUR-TAB-10486,2021-11-01,486.31,2,95.23,0.0,11,2021,0.1958
CA-2021-102844,CG-10728,FUR-BOO-10842,2021-04-01,1738.23,7,648.02,0.2,4,2021,0.3728
CA-2021-102845,CG-10720,FUR-TAB-10212,2022-04-13,348.55,1,94.53,0.5,4,2022,0.2712
CA-2021-102846,CG-10491,FUR-TAB-10434,2023-09-11,1968.12,6,738.58,0.5,9,2023,0.3753
CA-2021-102847,CG-10457,TEC-ACC-10076,2021-10-15,1302.51,9,221.9,0.0,10,2021,0.1704
CA-2021-102848,CG-10454,TEC-MAC-10556,2022-07-07,1201.15,9,149.17,0.1,7,2022,0.1242
CA-2021-102849,CG-10375,FUR-TAB-10903,2022-03-04,131.79,5,4.93,0.2,3,2022,0.0374
CA-2021-102850,CG-10565,FUR-BOO-10683,2022-04-22,650.6,9,203.27,0.0,4,2022,0.3124
CA-2021-102851,CG-10348,FUR-TAB-10475,2023-11-26,125.34,3,11.94,0.2,11,2023,0.0953
CA-2021-102852,CG-10790,OFF-FAS-10062,2022-08-27,649.04,4,159.73,0.1,8,2022,0.2461
CA-2021-102853,CG-10735,TEC-COP-10345,2022-03-13,1811.79,2,260.61,0.0,3,2022,0.1438
CA-2021-102854,CG-10235,FUR-CHA-10008,2022-05-17,419.07,2,-19.54,0.1,5,2022,-0.0466
CA-2021-102855,CG-10293,FUR-FUR-10147,2022-03-09,834.2,9,273.18,0.0,3,2022,0.3275
CA-2021-102856,CG-10489,OFF-ART-10786,2022-07-08,1947.81,5,-40.65,0.0,7,2022,-0.0209
CA-2021-102857,CG-10639,OFF-ART-10162,2021-02-19,1435.84,4,408.12,0.4,2,2021,0.2842
CA-2021-102858,CG-10712,TEC-PHO-10582,2022-12-09,1101.98,10,339.7,0.0,12,2022,0.3083
CA-2021-102859,CG-10746,OFF-SUP-10993,2022-06-23,650.45,6,259.75,0.5,6,2022,0.3993
CA-2021-102860,CG-10009,OFF-LAB-10661,2023-01-11,1947.75,6,101.08,0.3,1,2023,0.0519
CA-2021-102861,CG-10357,OFF-BIN-10645,2021-03-14,152.39,5,-2.75,0.0,3,2021,-0.018
CA-2021-102862,CG-10005,FUR-CHA-10023,2022-06-06,1572.54,7,-22.65,0.3,6,2022,-0.0144
CA-2021-102863,CG-10302,TEC-COP-10369,2022-06-06,723.98,10,22.46,0.5,6,2022,0.031
CA-2021-102864,CG-10061,FUR-BOO-10616,2021-10-18,571.22,7,-5.85,0.0,10,2021,-0.0102
CA-2021-102865,CG-10061,TEC-PHO-10616,2021-07-02,233.09,2,2.74,0.4,7,2021,0.0118
CA-2021-102866,CG-10072,OFF-BIN-10972,2021-08-11,1880.77,8,499.4,0.0,8,2021,0.2655
CA-2021-102867,CG-10160,TEC-COP-10411,2022-01-22,1542.94,2,330.91,0.0,1,2022,0.2145
CA-2021-102868,CG-10284,FUR-TAB-10779,2023-01-12,1927.18,2,204.16,0.4,1,2023,0.1059
CA-2021-102869,CG-10090,TEC-ACC-10964,2022-05-30,623.54,9,-55.41,0.1,5,2022,-0.0889
CA-2021-102870,CG-10588,TEC-MAC-10020,2023-10-07,1195.44,3,297.54,0.5,10,2023,0.2489
CA-2021-102871,CG-10593,TEC-MAC-10573,2023-02-27,1702.96,9,575.98,0.2,2,2023,0.3382
CA-2021-102872,CG-10210,TEC-COP-10280,2022-05-15,800.62,8,225.52,0.4,5,2022,0.2817
CA-2021-102873,CG-10313,OFF-STO-10710,2021-07-24,1080.66,2,-133.92,0.4,7,2021,-0.1239
CA-2021-102874,CG-10129,FUR-CHA-10115,2021-09-04,387.56,6,10.98,0.0,9,2021,0.0283
CA-2021-102875,CG-10026,OFF-PAP-10815,2021-02-01,1589.16,7,-14.09,0.5,2,2021,-0.0089
CA-2021-102876,CG-10113,TEC-COP-10967,2023-09-21,1326.53,5,114.72,0.5,9,2023,0.0865
CA-2021-102877,CG-10036,FUR-BOO-10469,2021-02-07,180.25,6,-8.36,0.2,2,2021,-0.0464
CA-2021-102878,CG-10365,FUR-BOO-10399,2023-03-09,440.77,5,158.8,0.2,3,2023,0.3603
CA-2021-102879,CG-10027,TEC-COP-10164,2022-03-08,1657.87,5,-328.37,0.0,3,2022,-0.1981
CA-2021-102880,CG-10688,TEC-COP-10861,2021-09-25,1253.8,3,41.93,0.5,9,2021,0.0334
CA-2021-102881,CG-10475,TEC-COP-10656,2023-04-06,477.16,7,130.16,0.0,4,2023,0.2728
CA-2021-102882,CG-10105,TEC-MAC-10891,2022-02-07,727.11,1,117.71,0.5,2,2022,0.1619
CA-2021-102883,CG-10600,OFF-SUP-10595,2022-06-09,563.61,2,223.33,0.4,6,2022,0.3962
CA-2021-102884,CG-10357,FUR-FUR-10491,2021-12-22,1218.7,6,-171.27,0.0,12,2021,-0.1405
CA-2021-102885,CG-10220,TEC-ACC-10144,2022-03-03,961.72,1,109.95,0.0,3,2022,0.1143
CA-2021-102886,CG-10638,OFF-APP-10713,2022-04-20,1664.09,7,423.9,0.0,4,2022,0.2547
CA-2021-102887,CG-10040,TEC-MAC-10566,2021-08-30,1293.27,3,67.66,0.2,8,2021,0.0523
CA-2021-102888,CG-10669,TEC-PHO-10376,2022-06-23,1830.54,10,-260.79,0.3,6,2022,-0.1425
CA-2021-102889,CG-10193,OFF-FAS-10365,2023-06-06,1163.53,3,167.98,0.1,6,2023,0.1444
CA-2021-102890,CG-10247,TEC-MAC-10054,2021-11-22,1006.81,7,85.0,0.1,11,2021,0.0844
CA-2021-102891,CG-10076,FUR-CHA-10360,2022-01-03,902.62,3,358.58,0.0,1,2022,0.3973
CA-2021-102892,CG-10707,FUR-FUR-10780,2023-06-28,1216.59,5,249.82,0.2,6,2023,0.2053
CA-2021-102893,CG-10453,OFF-BIN-10509,2023-11-11,1057.73,5,297.01,0.0,11,2023,0.2808
CA-2021-102894,CG-10321,OFF-STO-10497,2021-04-17,45.84,7,7.25,0.0,4,2021,0.1582
CA-2021-102895,CG-10471,FUR-CHA-10255,2021-10-16,578.47,5,128.78,0.0,10,2021,0.2226
CA-2021-102896,CG-10227,FUR-FUR-10378,2021-04-26,850.44,8,-21.55,0.0,4,2021,-0.0253
CA-2021-102897,CG-10230,FUR-CHA-10741,2021-03-04,1441.36,9,31.17,0.2,3,2021,0.0216
CA-2021-102898,CG-10511,TEC-PHO-10218,2023-08-03,1138.78,2,17.85,0.5,8,2023,0.0157
CA-2021-102899,CG-10100,FUR-TAB-10160,2023-09-13,1270.9,1,387.47,0.0,9,2023,0.3049
CA-2021-102900,CG-10079,TEC-ACC-10866,2021-11-23,1357.76,5,529.11,0.0,11,2021,0.3897
CA-2021-102901,CG-10255,TEC-COP-10848,2023-04-06,350.43,6,135.09,0.0,4,2023,0.3855
CA-2021-102902,CG-10764,FUR-CHA-10625,2021-03-05,74.76,5,-12.59,0.3,3,2021,-0.1684
CA-2021-102903,CG-10496,OFF-LAB-10262,2021-11-06,818.41,4,227.53,0.2,11,2021,0.278
CA-2021-102904,CG-10410,OFF-FAS-10678,2021-11-03,949.67,1,-93.56,0.2,11,2021,-0.0985
CA-2021-102905,CG-10756,TEC-COP-10812,2021-08-13,1460.53,8,455.16,0.3,8,2021,0.3116
CA-2021-102906,CG-10687,OFF-SUP-10411,2021-07-18,120.48,9,44.38,0.0,7,2021,0.3684
CA-2021-102907,CG-10764,TEC-COP-10505,2022-10-30,532.68,5,181.85,0.0,10,2022,0.3414
CA-2021-102908,CG-10789,FUR-CHA-10044,2022-12-11,96.82,6,-6.16,0.0,12,2022,-0.0636
CA-2021-102909,CG-10455,FUR-BOO-10669,2021-05-09,1453.98,9,-33.6,0.0,5,2021,-0.0231
CA-2021-102910,CG-10157,FUR-FUR-10400,2024-01-01,1804.33,4,28.81,0.4,1,2024,0.016
CA-2021-102911,CG-10506,TEC-PHO-10356,2021-04-08,510.63,8,-3.34,0.0,4,2021,-0.0065
CA-2021-102912,CG-10376,FUR-CHA-10943,2021-01-12,1826.05,9,-169.07,0.2,1,2021,-0.0926
CA-2021-102913,CG-10566,OFF-LAB-10265,2023-06-07,981.33,2,273.82,0.0,6,2023,0.279
CA-2021-102914,CG-10200,FUR-TAB-10916,2021-08-15,325.3,3,56.37,0.3,8,2021,0.1733
CA-2021-102915,CG-10643,TEC-PHO-10092,2021-12-16,1543.02,6,439.58,0.2,12,2021,0.2849
CA-2021-102916,CG-10098,TEC-ACC-10152,2022-12-02,815.96,3,97.32,0.0,12,2022,0.1193
CA-2021-102917,CG-10735,OFF-LAB-10949,2021-05-24,812.83,3,196.0,0.0,5,2021,0.2411
CA-2021-102918,CG-10722,TEC-MAC-10554,2021-08-05,255.27,8,64.32,0.4,8,2021,0.252
CA-2021-102919,CG-10525,TEC-ACC-10182,2023-03-02,1973.88,3,-106.43,0.3,3,2023,-0.0539
CA-2021-102920,CG-10627,OFF-ENV-10933,2021-04-05,1103.66,1,186.15,0.4,4,2021,0.1687
CA-2021-102921,CG-10552,TEC-ACC-10977,2022-08-12,1511.79,1,94.05,0.0,8,2022,0.0622
CA-2021-102922,CG-10039,FUR-BOO-10481,2023-06-01,458.04,6,-91.25,0.4,6,2023,-0.1992
CA-2021-102923,CG-10765,TEC-PHO-10015,2022-08-06,940.28,10,170.45,0.0,8,2022,0.1813
CA-2021-102924,CG-10004,OFF-SUP-10918,2021-02-18,1699.04,7,35.67,0.2,2,2021,0.021
CA-2021-102925,CG-10496,TEC-MAC-10513,2023-10-03,604.58,4,75.67,0.0,10,2023,0.1252
CA-2021-102926,CG-10549,FUR-FUR-10119,2021-12-02,636.32,3,14.17,0.0,12,2021,0.0223
CA-2021-102927,CG-10013,OFF-ART-10898,2022-06-02,170.44,8,34.68,0.5,6,2022,0.2035
CA-2021-102928,CG-10730,TEC-MAC-11000,2021-06-29,58.78,2,-8.16,0.2,6,2021,-0.1388
CA-2021-102929,CG-10484,TEC-MAC-10575,2021-05-19,861.36,10,-60.5,0.1,5,2021,-0.0702
CA-2021-102930,CG-10690,TEC-MAC-10384,2023-07-07,1026.75,10,-179.45,0.1,7,2023,-0.1748
CA-2021-102931,CG-10208,OFF-FAS-10140,2022-02-11,1624.29,8,-179.93,0.0,2,2022,-0.1108
CA-2021-102932,CG-10441,OFF-SUP-10086,2021-05-23,451.44,7,66.43,0.4,5,2021,0.1472
CA-2021-102933,CG-10111,OFF-ENV-10546,2022-07-28,1905.13,9,39.81,0.0,7,2022,0.0209
CA-2021-102934,CG-10159,TEC-COP-10106,2023-04-22,464.25,1,-37.56,0.0,4,2023,-0.0809
CA-2021-102935,CG-10005,TEC-COP-10951,2021-01-09,298.9,1,29.11,0.0,1,2021,0.0974
CA-2021-102936,CG-10475,OFF-SUP-10975,2022-09-13,89.81,8,2.98,0.0,9,2022,0.0332
CA-2021-102937,CG-10206,FUR-FUR-10095,2023-10-29,720.28,8,84.96,0.1,10,2023,0.118
CA-2021-102938,CG-10141,TEC-ACC-10859,2022-08-27,1004.97,8,-141.13,0.3,8,2022,-0.1404
CA-2021-102939,CG-10011,OFF-PAP-10896,2023-12-17,356.0,2,45.09,0.4,12,2023,0.1267
CA-2021-102940,CG-10386,OFF-LAB-10693,2022-10-01,1732.52,6,219.3,0.0,10,2022,0.1266
CA-2021-102941,CG-10008,TEC-ACC-10543,2021-11-18,578.11,10,228.96,0.5,11,2021,0.396
CA-2021-102942,CG-10564,OFF-SUP-10197,2021-01-09,1096.68,6,-49.96,0.2,1,2021,-0.0456
CA-2021-102943,CG-10221,OFF-ENV-10432,2023-02-12,921.16,3,-151.14,0.4,2,2023,-0.1641
CA-2021-102944,CG-10227,OFF-FAS-10862,2022-09-02,647.15,10,117.29,0.5,9,2022,0.1812
CA-2021-102945,CG-10428,FUR-FUR-10294,2023-12-10,1845.47,6,116.8,0.1,12,2023,0.0633
CA-2021-102946,CG-10205,OFF-ENV-10860,2023-09-24,1901.41,2,340.44,0.1,9,2023,0.179
CA-2021-102947,CG-10252,TEC-MAC-10460,2023-03-06,547.5,10,207.66,0.2,3,2023,0.3793
CA-2021-102948,CG-10540,TEC-PHO-10732,2022-12-22,1729.4,8,105.18,0.4,12,2022,0.0608
CA-2021-102949,CG-10119,OFF-LAB-10862,2021-08-24,890.01,5,340.26,0.4,8,2021,0.3823
CA-2021-102950,CG-10411,OFF-ART-10474,2022-10-10,1331.34,5,-56.13,0.0,10,2022,-0.0422
CA-2021-102951,CG-10106,FUR-FUR-10570,2023-08-26,549.9,7,-77.35,0.0,8,2023,-0.1407
CA-2021-102952,CG-10662,TEC-ACC-10191,2022-04-30,278.57,4,-32.68,0.4,4,2022,-0.1173
CA-2021-102953,CG-10572,OFF-FAS-10722,2021-06-27,461.04,7,45.34,0.3,6,2021,0.0983
CA-2021-102954,CG-10053,TEC-ACC-10882,2023-04-21,967.27,6,182.35,0.0,4,2023,0.1885
CA-2021-102955,CG-10440,OFF-LAB-10316,2023-06-08,576.64,1,-113.13,0.0,6,2023,-0.1962
CA-2021-102956,CG-10670,OFF-BIN-10823,2021-03-21,201.21,9,62.88,0.2,3,2021,0.3125
CA-2021-102957,CG-10057,TEC-MAC-10406,2022-01-06,1431.03,6,303.25,0.5,1,2022,0.2119
CA-2021-102958,CG-10120,OFF-STO-10000,2021-04-04,900.39,9,225.64,0.4,4,2021,0.2506
CA-2021-102959,CG-10263,FUR-BOO-10781,2021-03-10,820.22,3,317.63,0.0,3,2021,0.3872
CA-2021-102960,CG-10291,OFF-ENV-10083,2021-10-15,1350.67,6,416.57,0.0,10,2021,0.3084
CA-2021-102961,CG-10351,FUR-TAB-10945,2023-11-08,1405.23,6,323.53,0.1,11,2023,0.2302
CA-2021-102962,CG-10781,TEC-ACC-10746,2021-05-02,1450.04,6,-147.63,0.3,5,2021,-0.1018
CA-2021-102963,CG-10232,FUR-TAB-10353,2021-10-02,1919.51,8,-44.25,0.2,10,2021,-0.0231
CA-2021-102964,CG-10465,OFF-SUP-10736,2023-05-28,1389.52,5,-32.01,0.0,5,2023,-0.023
CA-2021-102965,CG-10105,TEC-COP-10022,2021-11-04,1737.03,9,342.02,0.1,11,2021,0.1969
CA-2021-102966,CG-10067,TEC-COP-10131,2022-08-21,1968.74,10,290.12,0.0,8,2022,0.1474
CA-2021-102967,CG-10784,FUR-FUR-10001,2022-12-30,703.82,10,268.69,0.5,12,2022,0.3818
CA-2021-102968,CG-10234,TEC-MAC-10984,2023-08-20,1150.22,2,299.3,0.3,8,2023,0.2602
CA-2021-102969,CG-10708,TEC-ACC-10072,2022-04-02,417.1,5,-69.44,0.2,4,2022,-0.1665
CA-2021-102970,CG-10760,FUR-BOO-10159,2022-08-22,652.13,8,204.85,0.2,8,2022,0.3141
CA-2021-102971,CG-10675,FUR-CHA-10786,2021-07-26,152.03,7,27.74,0.2,7,2021,0.1825
CA-2021-102972,CG-10454,TEC-ACC-10653,2023-08-10,1943.46,1,-320.78,0.5,8,2023,-0.1651
CA-2021-102973,CG-10133,FUR-FUR-10980,2022-03-22,893.13,3,203.88,0.2,3,2022,0.2283
CA-2021-102974,CG-10451,OFF-SUP-10166,2021-04-18,1480.03,1,159.92,0.5,4,2021,0.1081
CA-2021-102975,CG-10370,TEC-ACC-10519,2023-06-10,1670.32,7,478.47,0.0,6,2023,0.2865
CA-2021-102976,CG-10107,OFF-ART-10169,2023-12-16,805.54,3,-112.48,0.0,12,2023,-0.1396
CA-2021-102977,CG-10072,OFF-PAP-10812,2023-10-09,728.62,6,-61.32,0.1,10,2023,-0.0842
CA-2021-102978,CG-10388,FUR-BOO-10821,2023-10-11,1794.52,2,448.03,0.4,10,2023,0.2497
CA-2021-102979,CG-10057,FUR-CHA-10964,2021-12-18,1061.4,5,353.11,0.3,12,2021,0.3327
CA-2021-102980,CG-10392,FUR-CHA-10648,2023-05-14,200.15,1,68.09,0.3,5,2023,0.3402
CA-2021-102981,CG-10324,TEC-ACC-10167,2023-10-17,1354.29,7,-125.42,0.0,10,2023,-0.0926
CA-2021-102982,CG-10750,OFF-BIN-10669,2023-10-05,1719.9,1,-8.42,0.5,10,2023,-0.0049
CA-2021-102983,CG-10685,OFF-STO-10785,2023-02-09,547.63,10,-51.76,0.4,2,2023,-0.0945
CA-2021-102984,CG-10662,OFF-STO-10917,2022-12-28,1708.91,4,199.54,0.4,12,2022,0.1168
CA-2021-102985,CG-10463,FUR-BOO-10280,2021-07-01,1816.68,1,-265.62,0.1,7,2021,-0.1462
CA-2021-102986,CG-10702,TEC-MAC-10055,2023-04-29,1903.02,2,539.72,0.4,4,2023,0.2836
CA-2021-102987,CG-10350,OFF-BIN-10379,2022-07-12,1539.71,1,54.39,0.0,7,2022,0.0353
CA-2021-102988,CG-10491,TEC-COP-10443,2023-01-13,921.38,4,140.76,0.0,1,2023,0.1528
CA-2021-102989,CG-10779,OFF-LAB-10651,2021-11-08,494.89,10,165.65,0.2,11,2021,0.3347
CA-2021-102990,CG-10329,OFF-STO-10973,2023-02-08,675.49,8,203.87,0.1,2,2023,0.3018
CA-2021-102991,CG-10490,TEC-PHO-10406,2023-05-06,1161.77,1,-154.68,0.4,5,2023,-0.1331
CA-2021-102992,CG-10121,FUR-TAB-10453,2023-06-07,1741.43,1,253.74,0.3,6,2023,0.1457
CA-2021-102993,CG-10689,OFF-BIN-10847,2021-08-01,1154.76,5,76.1,0.4,8,2021,0.0659
CA-2021-102994,CG-10576,FUR-TAB-10796,2023-11-14,46.61,8,10.59,0.2,11,2023,0.2272
CA-2021-102995,CG-10259,OFF-ENV-10893,2023-04-06,1484.22,9,590.33,0.4,4,2023,0.3977
CA-2021-102996,CG-10779,FUR-FUR-10067,2021-05-13,522.11,6,-99.42,0.3,5,2021,-0.1904
CA-2021-102997,CG-10300,OFF-PAP-10656,2023-12-05,561.28,9,192.95,0.0,12,2023,0.3438
CA-2021-102998,CG-10679,OFF-STO-10654,2023-05-11,658.84,10,133.13,0.2,5,2023,0.2021
CA-2021-102999,CG-10726,OFF-SUP-10282,2021-06-25,453.2,10,8.5,0.0,6,2021,0.0188
CA-2021-103000,CG-10698,TEC-PHO-10631,2022-09-15,1469.98,5,-241.09,0.2,9,2022,-0.164
CA-2021-103001,CG-10021,FUR-FUR-10655,2021-07-10,1409.61,2,85.15,0.0,7,2021,0.0604
CA-2021-103002,CG-10098,TEC-PHO-10855,2022-08-20,1721.67,7,555.5,0.4,8,2022,0.3227
CA-2021-103003,CG-10350,OFF-ART-10286,2021-01-05,1778.27,8,238.77,0.0,1,2021,0.1343
CA-2021-103004,CG-10291,FUR-BOO-10085,2023-09-10,1426.26,10,315.2,0.3,9,2023,0.221
CA-2021-103005,CG-10702,FUR-FUR-10429,2021-07-09,701.62,9,-65.36,0.4,7,2021,-0.0932
CA-2021-103006,CG-10077,TEC-PHO-10139,2022-07-08,1930.88,6,-176.31,0.1,7,2022,-0.0913
CA-2021-103007,CG-10714,FUR-TAB-10591,2022-06-22,1671.77,3,587.81,0.5,6,2022,0.3516
CA-2021-103008,CG-10203,TEC-ACC-10093,2023-05-16,352.88,10,86.4,0.3,5,2023,0.2448
CA-2021-103009,CG-10102,TEC-PHO-10377,2021-08-29,633.57,6,27.4,0.5,8,2021,0.0432
CA-2021-103010,CG-10327,FUR-TAB-10150,2023-08-22,37.71,4,-2.06,0.5,8,2023,-0.0546
CA-2021-103011,CG-10589,FUR-BOO-10502,2021-10-24,1480.14,10,412.38,0.3,10,2021,0.2786
CA-2021-103012,CG-10312,FUR-BOO-10487,2021-02-08,846.43,5,222.42,0.3,2,2021,0.2628
CA-2021-103013,CG-10750,TEC-ACC-10645,2023-11-30,382.49,6,95.28,0.5,11,2023,0.2491
CA-2021-103014,CG-10692,OFF-SUP-10995,2023-08-07,443.0,1,9.0,0.0,8,2023,0.0203
CA-2021-103015,CG-10765,OFF-ENV-10959,2021-02-11,177.87,4,32.29,0.0,2,2021,0.1815
CA-2021-103016,CG-10091,OFF-ENV-10008,2023-02-17,1398.95,9,-102.23,0.4,2,2023,-0.0731
CA-2021-103017,CG-10670,FUR-BOO-10463,2022-05-24,376.78,10,105.07,0.0,5,2022,0.2789
CA-2021-103018,CG-10116,TEC-MAC-10961,2022-02-04,1293.86,7,367.28,0.2,2,2022,0.2839
CA-2021-103019,CG-10602,FUR-CHA-10214,2022-02-25,568.45,7,117.08,0.2,2,2022,0.206
CA-2021-103020,CG-10583,FUR-FUR-10348,2021-06-03,1358.78,7,474.89,0.0,6,2021,0.3495
CA-2021-103021,CG-10596,FUR-FUR-10710,2023-12-20,1042.21,3,-164.29,0.0,12,2023,-0.1576
CA-2021-103022,CG-10649,OFF-SUP-10666,2023-02-04,995.78,2,-52.5,0.0,2,2023,-0.0527
CA-2021-103023,CG-10143,OFF-ART-10693,2022-10-10,78.78,10,13.24,0.4,10,2022,0.1681
CA-2021-103024,CG-10209,TEC-COP-10523,2021-03-05,146.49,1,-20.56,0.5,3,2021,-0.1404
CA-2021-103025,CG-10137,TEC-MAC-10507,2023-11-02,529.53,5,148.97,0.1,11,2023,0.2813
CA-2021-103026,CG-10524,FUR-TAB-10583,2021-05-29,1178.81,9,330.8,0.0,5,2021,0.2806
CA-2021-103027,CG-10067,OFF-FAS-10170,2023-11-16,1576.34,3,209.96,0.0,11,2023,0.1332
CA-2021-103028,CG-10316,FUR-TAB-10702,2021-08-03,327.38,7,56.14,0.3,8,2021,0.1715
CA-2021-103029,CG-10143,FUR-TAB-10893,2021-05-28,1060.37,8,-15.85,0.0,5,2021,-0.0149
CA-2021-103030,CG-10133,TEC-MAC-10009,2021-12-08,834.87,1,-108.69,0.2,12,2021,-0.1302
CA-2021-103031,CG-10775,OFF-BIN-10159,2021-07-18,47.02,2,7.58,0.5,7,2021,0.1612
CA-2021-103032,CG-10611,TEC-PHO-10630,2021-06-03,1328.38,1,-241.85,0.0,6,2021,-0.1821
CA-2021-103033,CG-10037,FUR-TAB-10712,2023-04-06,1871.99,8,630.28,0.0,4,2023,0.3367
CA-2021-103034,CG-10371,TEC-PHO-10431,2023-06-08,1686.55,4,-105.89,0.3,6,2023,-0.0628
CA-2021-103035,CG-10496,OFF-STO-10829,2021-03-15,1687.74,10,45.1,0.2,3,2021,0.0267
CA-2021-103036,CG-10600,OFF-STO-10095,2022-02-28,1318.48,1,86.86,0.4,2,2022,0.0659
CA-2021-103037,CG-10230,FUR-BOO-10205,2023-05-10,681.49,4,-45.4,0.0,5,2023,-0.0666
CA-2021-103038,CG-10104,TEC-PHO-10369,2022-10-18,1013.7,1,281.04,0.0,10,2022,0.2772
CA-2021-103039,CG-10018,FUR-BOO-10888,2023-06-01,489.92,2,17.05,0.2,6,2023,0.0348
CA-2021-103040,CG-10781,TEC-MAC-10173,2023-03-07,1488.35,3,-210.44,0.0,3,2023,-0.1414
CA-2021-103041,CG-10608,FUR-FUR-10992,2022-12-14,1204.09,9,52.48,0.0,12,2022,0.0436
CA-2021-103042,CG-10410,FUR-TAB-10689,2023-03-10,1808.18,8,508.91,0.3,3,2023,0.2814
CA-2021-103043,CG-10168,TEC-MAC-10082,2022-02-06,1212.15,7,66.65,0.3,2,2022,0.055
CA-2021-103044,CG-10146,FUR-FUR-10702,2022-11-27,575.77,7,-84.62,0.2,11,2022,-0.147
CA-2021-103045,CG-10015,OFF-APP-10436,2022-11-22,138.21,5,20.49,0.3,11,2022,0.1483
CA-2021-103046,CG-10138,TEC-MAC-10208,2022-09-17,399.64,6,138.58,0.4,9,2022,0.3468
CA-2021-103047,CG-10660,TEC-PHO-10680,2021-03-19,1224.3,10,-53.08,0.0,3,2021,-0.0434
CA-2021-103048,CG-10060,OFF-LAB-10173,2021-11-05,404.24,1,-9.15,0.5,11,2021,-0.0226
CA-2021-103049,CG-10559,OFF-BIN-10503,2021-06-14,516.67,2,27.26,0.5,6,2021,0.0528
CA-2021-103050,CG-10567,OFF-LAB-10628,2021-07-17,502.18,8,5.32,0.0,7,2021,0.0106
CA-2021-103051,CG-10667,FUR-FUR-10831,2021-07-31,1524.07,9,427.98,0.0,7,2021,0.2808
CA-2021-103052,CG-10391,OFF-APP-10943,2023-03-03,1444.5,8,-63.81,0.4,3,2023,-0.0442
CA-2021-103053,CG-10594,FUR-CHA-10008,2022-09-19,1590.65,10,21.81,0.0,9,2022,0.0137
CA-2021-103054,CG-10330,TEC-MAC-10190,2022-11-17,1667.04,5,195.42,0.1,11,2022,0.1172
CA-2021-103055,CG-10357,TEC-COP-10870,2022-11-22,1133.19,9,358.84,0.0,11,2022,0.3167
CA-2021-103056,CG-10575,FUR-CHA-10652,2023-06-06,446.43,1,128.18,0.1,6,2023,0.2871
CA-2021-103057,CG-10013,OFF-FAS-10616,2021-10-19,1380.37,2,332.22,0.0,10,2021,0.2407
CA-2021-103058,CG-10316,OFF-APP-10212,2022-09-20,1873.05,5,580.27,0.0,9,2022,0.3098
CA-2021-103059,CG-10622,TEC-MAC-10576,2022-05-19,1545.7,6,74.03,0.3,5,2022,0.0479
CA-2021-103060,CG-10500,FUR-FUR-10584,2022-04-10,1434.83,4,542.33,0.0,4,2022,0.378
CA-2021-103061,CG-10315,FUR-BOO-10153,2023-04-18,1531.93,2,-248.58,0.2,4,2023,-0.1623
CA-2021-103062,CG-10738,TEC-COP-10811,2023-02-27,1393.39,2,-250.76,0.4,2,2023,-0.18
CA-2021-103063,CG-10473,FUR-BOO-10993,2022-01-17,483.11,4,-24.05,0.5,1,2022,-0.0498
CA-2021-103064,CG-10767,TEC-MAC-10111,2022-01-30,159.39,6,36.57,0.5,1,2022,0.2294
CA-2021-103065,CG-10768,OFF-PAP-10287,2023-02-21,60.09,4,4.61,0.2,2,2023,0.0767
CA-2021-103066,CG-10524,OFF-FAS-10412,2022-09-18,1806.4,4,345.28,0.0,9,2022,0.1911
CA-2021-103067,CG-10046,OFF-LAB-10485,2021-01-29,1737.67,9,-114.42,0.2,1,2021,-0.0658
CA-2021-103068,CG-10070,TEC-PHO-10288,2023-04-09,1804.93,1,602.89,0.0,4,2023,0.334
CA-2021-103069,CG-10034,OFF-ART-10080,2023-12-16,349.24,2,-26.84,0.5,12,2023,-0.0769
CA-2021-103070,CG-10532,TEC-ACC-10665,2021-07-11,179.91,8,46.39,0.0,7,2021,0.2579
CA-2021-103071,CG-10261,FUR-TAB-10574,2022-07-22,232.77,2,-6.58,0.4,7,2022,-0.0283
CA-2021-103072,CG-10650,OFF-SUP-10372,2021-07-16,1756.8,8,584.72,0.0,7,2021,0.3328
CA-2021-103073,CG-10204,FUR-TAB-10667,2023-01-18,1012.67,4,364.07,0.0,1,2023,0.3595
CA-2021-103074,CG-10523,FUR-BOO-10163,2021-05-29,952.39,9,40.19,0.5,5,2021,0.0422
CA-2021-103075,CG-10427,TEC-MAC-10454,2023-12-23,151.2,6,-7.72,0.0,12,2023,-0.0511
CA-2021-103076,CG-10458,TEC-ACC-10585,2022-11-05,1138.98,1,432.04,0.0,11,2022,0.3793
CA-2021-103077,CG-10043,FUR-BOO-10101,2022-05-17,1550.25,10,-84.05,0.0,5,2022,-0.0542
CA-2021-103078,CG-10510,FUR-BOO-10394,2023-06-04,1779.88,3,704.9,0.1,6,2023,0.396
CA-2021-103079,CG-10107,FUR-CHA-10131,2022-07-22,1967.41,3,-92.09,0.0,7,2022,-0.0468
CA-2021-103080,CG-10719,TEC-COP-10470,2022-09-22,666.16,3,193.03,0.1,9,2022,0.2898
CA-2021-103081,CG-10570,FUR-FUR-10791,2022-01-21,1753.25,6,391.92,0.0,1,2022,0.2235
CA-2021-103082,CG-10691,OFF-STO-10799,2023-04-26,1102.07,4,47.17,0.4,4,2023,0.0428
CA-2021-103083,CG-10576,TEC-MAC-10517,2022-12-26,691.88,8,158.22,0.5,12,2022,0.2287
CA-2021-103084,CG-10194,OFF-STO-10133,2023-11-17,391.78,5,48.89,0.2,11,2023,0.1248
CA-2021-103085,CG-10123,OFF-ENV-10808,2021-01-09,709.3,7,130.69,0.5,1,2021,0.1843
CA-2021-103086,CG-10213,TEC-PHO-10228,2023-03-27,225.77,1,14.2,0.1,3,2023,0.0629
CA-2021-103087,CG-10524,TEC-PHO-10015,2022-09-15,986.79,2,61.4,0.0,9,2022,0.0622
CA-2021-103088,CG-10694,OFF-STO-10033,2023-08-06,1734.59,9,303.18,0.1,8,2023,0.1748
CA-2021-103089,CG-10382,TEC-COP-10308,2023-01-22,588.95,6,-94.48,0.0,1,2023,-0.1604
CA-2021-103090,CG-10349,OFF-BIN-10215,2021-11-01,151.77,1,30.62,0.5,11,2021,0.2018
CA-2021-103091,CG-10119,TEC-MAC-10198,2021-08-26,1148.77,1,284.69,0.0,8,2021,0.2478
CA-2021-103092,CG-10385,OFF-FAS-10522,2023-04-12,1610.97,3,-40.08,0.2,4,2023,-0.0249
CA-2021-103093,CG-10370,OFF-BIN-10274,2022-04-17,1384.04,7,-4.31,0.5,4,2022,-0.0031
CA-2021-103094,CG-10622,FUR-FUR-10386,2021-02-13,396.77,9,114.16,0.0,2,2021,0.2877
CA-2021-103095,CG-10654,FUR-CHA-10539,2023-11-19,1518.02,9,-40.88,0.0,11,2023,-0.0269
CA-2021-103096,CG-10460,OFF-ENV-10900,2021-08-04,1605.97,7,553.57,0.0,8,2021,0.3447
CA-2021-103097,CG-10281,TEC-MAC-10941,2022-08-26,1888.07,2,-281.59,0.0,8,2022,-0.1491
CA-2021-103098,CG-10058,OFF-ART-10457,2022-12-03,780.85,9,-94.74,0.5,12,2022,-0.1213
CA-2021-103099,CG-10408,FUR-FUR-10620,2021-05-31,1365.21,2,-39.74,0.0,5,2021,-0.0291
CA-2021-103100,CG-10081,TEC-ACC-10798,2021-09-21,1904.81,5,166.98,0.4,9,2021,0.0877
CA-2021-103101,CG-10167,TEC-PHO-10923,2021-09-28,1676.6,5,-69.77,0.3,9,2021,-0.0416
CA-2021-103102,CG-10691,FUR-TAB-10861,2023-02-12,1180.13,7,440.87,0.2,2,2023,0.3736
CA-2021-103103,CG-10304,TEC-COP-10598,2021-01-17,1534.36,9,-93.34,0.4,1,2021,-0.0608
CA-2021-103104,CG-10469,TEC-MAC-10279,2021-04-19,570.09,5,45.54,0.2,4,2021,0.0799
CA-2021-103105,CG-10562,TEC-ACC-10092,2023-09-11,829.81,1,-40.22,0.3,9,2023,-0.0485
CA-2021-103106,CG-10233,FUR-CHA-10692,2022-06-02,1597.72,4,204.0,0.5,6,2022,0.1277
CA-2021-103107,CG-10195,TEC-MAC-10858,2024-01-01,965.81,1,14.43,0.5,1,2024,0.0149
CA-2021-103108,CG-10791,TEC-ACC-10796,2022-10-23,1937.13,8,416.42,0.5,10,2022,0.215
CA-2021-103109,CG-10231,FUR-FUR-10247,2022-01-07,818.71,8,-129.36,0.4,1,2022,-0.158
CA-2021-103110,CG-10412,FUR-TAB-10463,2023-04-20,613.06,10,-11.1,0.4,4,2023,-0.0181
CA-2021-103111,CG-10294,OFF-BIN-10389,2023-03-19,545.36,4,206.96,0.2,3,2023,0.3795
CA-2021-103112,CG-10545,FUR-CHA-10842,2021-06-06,361.5,9,122.2,0.1,6,2021,0.338
CA-2021-103113,CG-10613,OFF-BIN-10897,2023-03-01,61.51,6,7.06,0.4,3,2023,0.1148
CA-2021-103114,CG-10320,FUR-CHA-10711,2022-10-10,1614.23,1,541.42,0.2,10,2022,0.3354
CA-2021-103115,CG-10247,OFF-FAS-10926,2023-11-26,1952.36,2,172.25,0.0,11,2023,0.0882
CA-2021-103116,CG-10424,FUR-CHA-10054,2022-07-03,1595.08,8,602.77,0.4,7,2022,0.3779
CA-2021-103117,CG-10251,OFF-APP-10846,2021-05-14,435.47,9,-70.63,0.2,5,2021,-0.1622
CA-2021-103118,CG-10130,FUR-BOO-10755,2023-05-27,1405.27,6,81.07,0.2,5,2023,0.0577
CA-2021-103119,CG-10722,OFF-ART-10847,2023-06-12,612.4,1,198.18,0.0,6,2023,0.3236
CA-2021-103120,CG-10765,FUR-BOO-10855,2022-06-21,368.53,7,109.69,0.0,6,2022,0.2976
CA-2021-103121,CG-10793,FUR-BOO-10515,2023-07-21,672.85,2,163.76,0.1,7,2023,0.2434
CA-2021-103122,CG-10687,OFF-LAB-10079,2023-02-06,1755.11,3,-296.48,0.2,2,2023,-0.1689
CA-2021-103123,CG-10789,FUR-FUR-10159,2021-02-17,1258.39,7,-179.41,0.0,2,2021,-0.1426
CA-2021-103124,CG-10277,FUR-CHA-10260,2022-04-21,638.03,5,-9.17,0.4,4,2022,-0.0144
CA-2021-103125,CG-10483,FUR-CHA-10700,2021-12-04,1822.92,4,264.31,0.0,12,2021,0.145
CA-2021-103126,CG-10397,TEC-PHO-10787,2021-03-19,1520.42,4,376.46,0.0,3,2021,0.2476
CA-2021-103127,CG-10393,OFF-ENV-10854,2023-02-23,303.86,9,49.89,0.2,2,2023,0.1642
CA-2021-103128,CG-10780,TEC-ACC-10804,2022-08-16,152.56,10,-23.24,0.3,8,2022,-0.1523
CA-2021-103129,CG-10012,FUR-BOO-10833,2023-09-15,1454.82,9,236.26,0.1,9,2023,0.1624
CA-2021-103130,CG-10429,TEC-MAC-10655,2023-04-08,1589.0,1,400.76,0.5,4,2023,0.2522
CA-2021-103131,CG-10336,FUR-TAB-10035,2021-11-17,207.82,9,2.91,0.5,11,2021,0.014
CA-2021-103132,CG-10213,OFF-ART-10941,2021-04-04,806.77,10,267.85,0.0,4,2021,0.332
CA-2021-103133,CG-10275,OFF-PAP-10587,2023-10-11,1231.62,1,-26.2,0.0,10,2023,-0.0213
CA-2021-103134,CG-10625,FUR-CHA-10633,2021-09-05,369.94,4,34.4,0.4,9,2021,0.093
CA-2021-103135,CG-10495,OFF-ART-10354,2023-06-07,1957.81,7,386.42,0.4,6,2023,0.1974
CA-2021-103136,CG-10011,OFF-ENV-10081,2023-05-11,279.0,1,-37.99,0.1,5,2023,-0.1362
CA-2021-103137,CG-10302,TEC-ACC-10215,2022-01-01,667.75,10,-109.75,0.0,1,2022,-0.1644
CA-2021-103138,CG-10143,TEC-COP-10287,2021-02-19,600.56,9,-85.37,0.1,2,2021,-0.1422
CA-2021-103139,CG-10503,FUR-CHA-10074,2023-02-19,1583.55,1,114.86,0.4,2,2023,0.0725
CA-2021-103140,CG-10482,FUR-CHA-10671,2021-03-22,923.67,10,94.46,0.0,3,2021,0.1023
CA-2021-103141,CG-10465,OFF-LAB-10907,2022-12-08,787.51,8,192.25,0.4,12,2022,0.2441
CA-2021-103142,CG-10021,TEC-ACC-10760,2023-03-28,927.72,6,242.07,0.2,3,2023,0.2609
CA-2021-103143,CG-10198,TEC-MAC-10026,2023-04-04,332.85,1,-8.85,0.0,4,2023,-0.0266
CA-2021-103144,CG-10355,FUR-CHA-10808,2021-02-18,791.37,8,2.0,0.3,2,2021,0.0025
CA-2021-103145,CG-10649,FUR-FUR-10091,2022-03-08,287.61,2,23.77,0.0,3,2022,0.0826
CA-2021-103146,CG-10566,FUR-FUR-10901,2022-04-07,503.91,1,135.89,0.0,4,2022,0.2697
CA-2021-103147,CG-10061,FUR-CHA-10129,2021-12-07,741.0,1,-12.8,0.2,12,2021,-0.0173
CA-2021-103148,CG-10675,FUR-TAB-10131,2023-07-01,1407.71,9,-280.87,0.0,7,2023,-0.1995
CA-2021-103149,CG-10783,OFF-ART-10280,2023-05-07,411.93,8,-64.42,0.0,5,2023,-0.1564
CA-2021-103150,CG-10437,TEC-MAC-10298,2021-07-26,950.59,4,308.87,0.3,7,2021,0.3249
CA-2021-103151,CG-10696,OFF-ART-10034,2022-10-13,894.07,7,206.06,0.5,10,2022,0.2305
CA-2021-103152,CG-10629,TEC-ACC-10815,2022-05-26,966.04,1,-39.59,0.0,5,2022,-0.041
CA-2021-103153,CG-10666,FUR-BOO-10734,2021-07-19,1223.74,7,-141.34,0.1,7,2021,-0.1155
CA-2021-103154,CG-10235,OFF-STO-10946,2021-07-07,1280.88,10,271.57,0.3,7,2021,0.212
CA-2021-103155,CG-10407,TEC-PHO-10359,2023-06-09,1099.61,9,-8.19,0.0,6,2023,-0.0074
CA-2021-103156,CG-10445,TEC-ACC-10453,2022-06-23,555.48,10,24.69,0.1,6,2022,0.0444
CA-2021-103157,CG-10396,TEC-ACC-10247,2022-08-06,298.5,5,66.36,0.0,8,2022,0.2223
CA-2021-103158,CG-10746,TEC-COP-10597,2022-08-09,609.83,10,-70.72,0.1,8,2022,-0.116
CA-2021-103159,CG-10386,FUR-FUR-10104,2021-12-12,1422.02,1,12.9,0.2,12,2021,0.0091
CA-2021-103160,CG-10228,OFF-SUP-10998,2021-07-16,1344.1,9,48.4,0.5,7,2021,0.036
CA-2021-103161,CG-10528,OFF-APP-10068,2023-08-16,688.74,3,-12.39,0.0,8,2023,-0.018
CA-2021-103162,CG-10029,OFF-STO-10362,2023-08-03,502.6,3,-1.7,0.2,8,2023,-0.0034
CA-2021-103163,CG-10117,OFF-ENV-10183,2023-12-15,974.55,7,117.73,0.2,12,2023,0.1208
CA-2021-103164,CG-10652,OFF-LAB-10845,2023-10-12,1548.32,4,253.91,0.3,10,2023,0.164
CA-2021-103165,CG-10110,TEC-PHO-10417,2023-03-04,40.78,4,11.59,0.3,3,2023,0.2842
CA-2021-103166,CG-10689,OFF-STO-10644,2021-07-31,1533.61,2,295.18,0.0,7,2021,0.1925
CA-2021-103167,CG-10469,TEC-ACC-10714,2022-10-04,508.3,9,103.96,0.0,10,2022,0.2045
CA-2021-103168,CG-10697,OFF-FAS-10014,2023-10-25,397.32,10,119.13,0.0,10,2023,0.2998
CA-2021-103169,CG-10412,FUR-TAB-10333,2021-02-28,1606.21,9,-160.71,0.0,2,2021,-0.1001
CA-2021-103170,CG-10129,TEC-MAC-10989,2021-03-09,1392.12,4,73.04,0.5,3,2021,0.0525
CA-2021-103171,CG-10044,TEC-PHO-10685,2021-12-12,1104.77,7,57.3,0.3,12,2021,0.0519
CA-2021-103172,CG-10550,TEC-PHO-10644,2021-01-15,502.38,1,179.17,0.3,1,2021,0.3566
CA-2021-103173,CG-10781,TEC-ACC-10209,2021-04-15,1997.14,1,-314.92,0.5,4,2021,-0.1577
CA-2021-103174,CG-10713,TEC-COP-10002,2023-02-15,789.26,2,-30.41,0.3,2,2023,-0.0385
CA-2021-103175,CG-10678,TEC-ACC-10313,2023-07-20,276.84,3,85.64,0.2,7,2023,0.3093
CA-2021-103176,CG-10630,FUR-FUR-10624,2022-02-15,1169.43,9,218.59,0.5,2,2022,0.1869
CA-2021-103177,CG-10527,TEC-ACC-10663,2022-05-07,732.85,9,53.74,0.3,5,2022,0.0733
CA-2021-103178,CG-10374,TEC-PHO-10601,2023-06-10,1328.6,1,-9.69,0.3,6,2023,-0.0073
CA-2021-103179,CG-10579,FUR-BOO-10191,2021-04-27,1751.74,10,-282.57,0.2,4,2021,-0.1613
CA-2021-103180,CG-10484,TEC-PHO-10801,2022-07-17,1703.11,9,486.67,0.0,7,2022,0.2858
CA-2021-103181,CG-10430,OFF-SUP-10752,2023-09-18,1177.94,1,171.73,0.0,9,2023,0.1458
CA-2021-103182,CG-10082,FUR-FUR-10457,2022-01-15,1658.18,9,22.05,0.0,1,2022,0.0133
CA-2021-103183,CG-10434,TEC-ACC-10347,2021-09-21,694.25,6,69.52,0.4,9,2021,0.1001
CA-2021-103184,CG-10635,TEC-PHO-10004,2021-09-19,430.02,3,95.56,0.2,9,2021,0.2222
CA-2021-103185,CG-10435,OFF-STO-10919,2021-03-23,1793.59,8,-26.98,0.0,3,2021,-0.015
CA-2021-103186,CG-10702,OFF-SUP-10685,2023-09-09,584.8,7,217.3,0.1,9,2023,0.3716
CA-2021-103187,CG-10255,TEC-PHO-10517,2021-07-13,1570.96,1,360.8,0.0,7,2021,0.2297
CA-2021-103188,CG-10352,OFF-ART-10953,2021-04-04,316.42,4,-3.28,0.0,4,2021,-0.0104
CA-2021-103189,CG-10570,OFF-FAS-10742,2022-12-06,726.24,6,-84.77,0.3,12,2022,-0.1167
CA-2021-103190,CG-10114,OFF-APP-10351,2023-10-23,1055.04,7,342.76,0.2,10,2023,0.3249
CA-2021-103191,CG-10139,OFF-FAS-10294,2022-06-27,1698.53,4,113.52,0.2,6,2022,0.0668
CA-2021-103192,CG-10217,FUR-BOO-10617,2021-08-31,1401.31,6,-3.69,0.0,8,2021,-0.0026
CA-2021-103193,CG-10372,TEC-PHO-10167,2021-05-15,217.85,7,-17.71,0.0,5,2021,-0.0813
CA-2021-103194,CG-10473,TEC-PHO-10881,2022-01-27,1770.16,3,-272.72,0.2,1,2022,-0.1541
CA-2021-103195,CG-10558,TEC-COP-10618,2023-06-24,1569.71,5,43.03,0.1,6,2023,0.0274
CA-2021-103196,CG-10651,OFF-STO-10732,2022-06-13,1372.06,10,112.78,0.2,6,2022,0.0822
CA-2021-103197,CG-10314,OFF-STO-10552,2023-03-12,1477.24,9,418.21,0.5,3,2023,0.2831
CA-2021-103198,CG-10655,FUR-CHA-10137,2023-04-29,642.95,2,194.39,0.5,4,2023,0.3023
CA-2021-103199,CG-10344,FUR-BOO-10586,2022-10-15,1693.33,5,-196.49,0.0,10,2022,-0.116
CA-2021-103200,CG-10461,OFF-STO-10356,2021-12-16,1036.54,4,101.16,0.0,12,2021,0.0976
CA-2021-103201,CG-10206,OFF-STO-10987,2021-12-17,479.53,5,71.83,0.3,12,2021,0.1498
CA-2021-103202,CG-10716,FUR-BOO-10932,2022-12-13,1675.02,2,434.69,0.0,12,2022,0.2595
CA-2021-103203,CG-10210,TEC-ACC-10132,2023-11-20,829.19,3,182.84,0.5,11,2023,0.2205
CA-2021-103204,CG-10280,TEC-PHO-10002,2021-04-02,15.73,8,-0.95,0.4,4,2021,-0.0604
CA-2021-103205,CG-10653,TEC-COP-10038,2022-03-03,1451.88,7,-226.05,0.2,3,2022,-0.1557
CA-2021-103206,CG-10359,OFF-ART-10684,2021-07-13,1444.98,2,298.83,0.2,7,2021,0.2068
CA-2021-103207,CG-10648,TEC-MAC-10294,2021-03-31,1463.14,5,-143.85,0.3,3,2021,-0.0983
CA-2021-103208,CG-10046,OFF-ART-10627,2021-12-12,80.71,6,22.73,0.3,12,2021,0.2816
CA-2021-103209,CG-10201,FUR-BOO-10770,2023-01-19,1066.35,10,89.53,0.0,1,2023,0.084
CA-2021-103210,CG-10604,OFF-SUP-10904,2022-04-07,675.59,6,-37.89,0.4,4,2022,-0.0561
CA-2021-103211,CG-10733,TEC-COP-10929,2022-09-01,1582.51,10,-274.92,0.0,9,2022,-0.1737
CA-2021-103212,CG-10466,FUR-FUR-10015,2021-09-15,1263.03,1,-245.0,0.2,9,2021,-0.194
CA-2021-103213,CG-10547,OFF-FAS-10167,2022-12-12,653.25,10,122.36,0.0,12,2022,0.1873
CA-2021-103214,CG-10587,FUR-BOO-10858,2022-01-08,511.59,1,20.25,0.0,1,2022,0.0396
CA-2021-103215,CG-10308,TEC-ACC-10111,2023-02-21,491.94,10,126.46,0.0,2,2023,0.2571
CA-2021-103216,CG-10651,FUR-TAB-10267,2021-11-20,828.2,2,-164.66,0.2,11,2021,-0.1988
CA-2021-103217,CG-10015,TEC-ACC-10539,2021-12-16,487.32,3,104.68,0.1,12,2021,0.2148
CA-2021-103218,CG-10343,FUR-TAB-10119,2022-06-27,479.23,1,67.24,0.5,6,2022,0.1403
CA-2021-103219,CG-10384,OFF-FAS-10469,2022-01-12,568.55,9,25.44,0.2,1,2022,0.0447
CA-2021-103220,CG-10040,OFF-BIN-10385,2023-02-09,1811.16,1,-361.94,0.1,2,2023,-0.1998
CA-2021-103221,CG-10431,FUR-FUR-10191,2022-01-20,1445.43,6,118.42,0.4,1,2022,0.0819
CA-2021-103222,CG-10200,FUR-BOO-10198,2022-10-20,1200.45,9,269.64,0.5,10,2022,0.2246
CA-2021-103223,CG-10542,FUR-CHA-10201,2022-07-27,340.69,3,-30.1,0.0,7,2022,-0.0884
CA-2021-103224,CG-10789,OFF-ART-10284,2021-12-01,682.32,1,-77.29,0.4,12,2021,-0.1133
CA-2021-103225,CG-10397,FUR-TAB-10589,2022-09-30,1849.64,3,-90.66,0.0,9,2022,-0.049
CA-2021-103226,CG-10285,FUR-BOO-10212,2021-03-12,835.82,3,-68.56,0.1,3,2021,-0.082
CA-2021-103227,CG-10348,TEC-COP-10348,2023-11-08,1887.11,6,450.68,0.0,11,2023,0.2388
CA-2021-103228,CG-10132,OFF-ENV-10014,2022-12-09,1022.45,3,291.58,0.3,12,2022,0.2852
CA-2021-103229,CG-10515,OFF-LAB-10477,2023-05-13,1778.08,9,287.7,0.4,5,2023,0.1618
CA-2021-103230,CG-10371,TEC-MAC-10680,2021-12-11,1243.35,5,303.34,0.1,12,2021,0.244
CA-2021-103231,CG-10113,OFF-LAB-10756,2021-12-20,1639.34,6,549.81,0.2,12,2021,0.3354
CA-2021-103232,CG-10662,FUR-BOO-10582,2021-05-27,851.41,7,44.72,0.5,5,2021,0.0525
CA-2021-103233,CG-10777,OFF-PAP-10327,2021-03-14,408.75,5,124.6,0.0,3,2021,0.3048
CA-2021-103234,CG-10712,TEC-ACC-10152,2021-10-15,1271.5,5,-26.67,0.1,10,2021,-0.021
CA-2021-103235,CG-10633,OFF-BIN-10765,2021-09-03,1221.31,6,146.68,0.4,9,2021,0.1201
CA-2021-103236,CG-10448,FUR-BOO-10666,2021-12-01,1721.22,7,261.41,0.2,12,2021,0.1519
CA-2021-103237,CG-10471,TEC-COP-10750,2022-08-18,335.02,7,-59.56,0.1,8,2022,-0.1778
CA-2021-103238,CG-10131,FUR-TAB-10314,2022-08-26,1940.16,9,44.92,0.0,8,2022,0.0232
CA-2021-103239,CG-10449,TEC-PHO-10749,2021-02-22,519.79,2,101.22,0.0,2,2021,0.1947
CA-2021-103240,CG-10296,TEC-ACC-10060,2021-03-05,1141.2,4,259.93,0.0,3,2021,0.2278
CA-2021-103241,CG-10090,FUR-BOO-10562,2022-02-28,68.15,6,18.5,0.3,2,2022,0.2715
CA-2021-103242,CG-10118,FUR-FUR-10340,2023-05-01,1543.83,8,291.0,0.3,5,2023,0.1885
CA-2021-103243,CG-10066,FUR-BOO-10107,2021-09-04,1441.56,8,-243.55,0.5,9,2021,-0.1689
CA-2021-103244,CG-10631,FUR-CHA-10107,2021-06-12,874.51,8,-40.55,0.0,6,2021,-0.0464
CA-2021-103245,CG-10220,OFF-ENV-10511,2021-01-22,516.96,8,190.36,0.0,1,2021,0.3682
CA-2021-103246,CG-10307,FUR-TAB-10757,2021-01-15,298.61,1,-2.23,0.2,1,2021,-0.0075
CA-2021-103247,CG-10596,OFF-ART-10800,2022-10-13,1891.06,4,-333.99,0.4,10,2022,-0.1766
CA-2021-103248,CG-10724,TEC-PHO-10528,2022-07-05,127.25,10,-12.87,0.0,7,2022,-0.1011
CA-2021-103249,CG-10651,OFF-APP-10152,2021-06-07,1422.86,5,398.85,0.0,6,2021,0.2803
CA-2021-103250,CG-10561,OFF-APP-10975,2021-12-22,493.27,7,149.91,0.4,12,2021,0.3039
CA-2021-103251,CG-10482,FUR-TAB-10466,2023-08-18,1640.19,4,396.2,0.0,8,2023,0.2416
CA-2021-103252,CG-10648,TEC-PHO-10195,2021-01-24,16.06,3,6.04,0.2,1,2021,0.3761
CA-2021-103253,CG-10394,FUR-BOO-10016,2023-07-20,365.05,9,74.14,0.0,7,2023,0.2031
CA-2021-103254,CG-10059,OFF-ART-10794,2022-10-29,243.1,3,45.37,0.4,10,2022,0.1866
CA-2021-103255,CG-10674,FUR-CHA-10221,2022-07-09,1350.08,10,331.27,0.0,7,2022,0.2454
CA-2021-103256,CG-10045,OFF-LAB-10438,2023-12-19,464.77,4,134.66,0.1,12,2023,0.2897
CA-2021-103257,CG-10695,TEC-MAC-10426,2022-12-27,1056.99,1,4.08,0.0,12,2022,0.0039
CA-2021-103258,CG-10441,TEC-ACC-10793,2023-01-09,1386.76,10,15.1,0.0,1,2023,0.0109
CA-2021-103259,CG-10610,FUR-BOO-10408,2022-03-09,141.01,1,-27.11,0.3,3,2022,-0.1923
CA-2021-103260,CG-10624,TEC-PHO-10453,2023-10-31,1486.53,5,71.11,0.1,10,2023,0.0478
CA-2021-103261,CG-10285,TEC-PHO-10755,2021-09-01,961.69,8,21.94,0.3,9,2021,0.0228
CA-2021-103262,CG-10733,OFF-PAP-10928,2022-12-27,1879.91,3,324.24,0.0,12,2022,0.1725
CA-2021-103263,CG-10405,TEC-PHO-10909,2022-03-13,996.45,9,65.03,0.4,3,2022,0.0653
CA-2021-103264,CG-10174,FUR-BOO-10212,2023-10-09,411.86,3,-82.12,0.5,10,2023,-0.1994
CA-2021-103265,CG-10263,TEC-PHO-10590,2021-01-05,16.09,3,1.64,0.0,1,2021,0.1019
CA-2021-103266,CG-10086,OFF-PAP-10319,2023-12-02,1615.21,6,536.21,0.0,12,2023,0.332
CA-2021-103267,CG-10662,TEC-PHO-10706,2022-07-29,1570.31,5,361.98,0.4,7,2022,0.2305
CA-2021-103268,CG-10763,FUR-FUR-10364,2021-08-03,687.55,1,161.23,0.0,8,2021,0.2345
CA-2021-103269,CG-10256,OFF-ART-10281,2021-07-06,1065.5,6,132.72,0.4,7,2021,0.1246
CA-2021-103270,CG-10086,FUR-CHA-10749,2023-12-27,360.69,9,48.29,0.2,12,2023,0.1339
CA-2021-103271,CG-10347,FUR-FUR-10453,2022-04-20,1544.56,1,165.66,0.0,4,2022,0.1073
CA-2021-103272,CG-10013,FUR-CHA-10550,2023-12-19,443.46,5,100.35,0.0,12,2023,0.2263
CA-2021-103273,CG-10114,FUR-TAB-10840,2022-08-28,1451.65,2,-229.89,0.3,8,2022,-0.1584
CA-2021-103274,CG-10514,TEC-COP-10752,2021-04-01,49.27,7,5.09,0.3,4,2021,0.1033
CA-2021-103275,CG-10643,OFF-ENV-10018,2021-09-25,1157.5,9,-57.5,0.3,9,2021,-0.0497
CA-2021-103276,CG-10617,FUR-FUR-10301,2022-02-01,1768.32,4,46.34,0.2,2,2022,0.0262
CA-2021-103277,CG-10703,TEC-COP-10678,2021-03-31,1213.99,7,477.01,0.3,3,2021,0.3929
CA-2021-103278,CG-10528,FUR-FUR-10527,2021-02-04,1785.14,2,495.48,0.0,2,2021,0.2776
CA-2021-103279,CG-10617,TEC-ACC-10771,2022-05-04,1620.65,2,265.31,0.0,5,2022,0.1637
CA-2021-103280,CG-10770,TEC-ACC-10468,2022-02-13,997.39,9,-17.36,0.0,2,2022,-0.0174
CA-2021-103281,CG-10453,FUR-TAB-10342,2021-04-04,408.0,6,77.61,0.0,4,2021,0.1902
CA-2021-103282,CG-10463,FUR-BOO-10185,2022-01-25,644.18,7,123.29,0.0,1,2022,0.1914
CA-2021-103283,CG-10630,OFF-APP-10656,2021-06-23,1531.32,2,368.67,0.4,6,2021,0.2408
CA-2021-103284,CG-10712,TEC-ACC-10485,2022-06-26,491.73,5,-76.16,0.3,6,2022,-0.1549
CA-2021-103285,CG-10784,FUR-FUR-10919,2021-05-20,1742.11,7,-264.77,0.0,5,2021,-0.152
CA-2021-103286,CG-10614,FUR-CHA-10640,2021-11-14,830.51,9,284.83,0.1,11,2021,0.343
CA-2021-103287,CG-10780,OFF-PAP-10462,2023-09-08,663.68,1,-43.37,0.0,9,2023,-0.0653
CA-2021-103288,CG-10350,TEC-PHO-10490,2021-09-19,1298.51,3,377.96,0.4,9,2021,0.2911
CA-2021-103289,CG-10598,OFF-ART-10369,2023-07-20,1525.67,6,-292.43,0.2,7,2023,-0.1917
CA-2021-103290,CG-10448,OFF-ENV-10886,2022-05-01,1316.84,3,278.52,0.0,5,2022,0.2115
CA-2021-103291,CG-10394,OFF-SUP-10063,2022-02-16,1326.52,1,486.73,0.0,2,2022,0.3669
CA-2021-103292,CG-10787,FUR-BOO-10230,2021-10-28,1742.49,8,541.52,0.0,10,2021,0.3108
CA-2021-103293,CG-10159,FUR-FUR-10715,2022-05-07,642.66,5,181.15,0.0,5,2022,0.2819
CA-2021-103294,CG-10672,TEC-COP-10824,2021-04-06,1427.23,7,475.31,0.1,4,2021,0.333
CA-2021-103295,CG-10349,FUR-CHA-10758,2022-12-20,1104.24,4,297.29,0.5,12,2022,0.2692
CA-2021-103296,CG-10020,FUR-FUR-10407,2023-08-29,180.75,9,-14.73,0.5,8,2023,-0.0815
CA-2021-103297,CG-10176,OFF-STO-10319,2023-05-19,628.32,7,55.11,0.4,5,2023,0.0877
CA-2021-103298,CG-10104,TEC-ACC-10531,2021-09-15,993.13,9,63.54,0.4,9,2021,0.064
CA-2021-103299,CG-10323,TEC-MAC-10803,2023-08-01,290.48,8,62.49,0.3,8,2023,0.2151
CA-2022-103300,CG-10292,FUR-BOO-10530,2021-05-24,1556.86,4,7.27,0.2,5,2021,0.0047
CA-2022-103301,CG-10461,FUR-CHA-10998,2021-08-20,1135.92,2,-164.43,0.5,8,2021,-0.1448
CA-2022-103302,CG-10197,TEC-ACC-10008,2021-08-28,203.41,7,-2.52,0.2,8,2021,-0.0124
CA-2022-103303,CG-10345,OFF-BIN-10787,2022-05-13,1837.33,3,-331.02,0.0,5,2022,-0.1802
CA-2022-103304,CG-10719,FUR-BOO-10378,2023-01-04,1145.97,8,-200.12,0.5,1,2023,-0.1746
CA-2022-103305,CG-10197,FUR-TAB-10447,2021-03-26,1798.95,4,-28.84,0.3,3,2021,-0.016
CA-2022-103306,CG-10031,OFF-BIN-10880,2023-05-09,1704.92,5,394.88,0.2,5,2023,0.2316
CA-2022-103307,CG-10150,FUR-TAB-10628,2021-02-25,1643.17,1,-190.01,0.2,2,2021,-0.1156
CA-2022-103308,CG-10554,OFF-PAP-10514,2022-06-22,1288.17,6,75.38,0.0,6,2022,0.0585
CA-2022-103309,CG-10601,FUR-CHA-10910,2021-07-13,1862.79,4,435.85,0.0,7,2021,0.234
CA-2022-103310,CG-10740,TEC-MAC-10039,2022-12-17,985.24,7,59.85,0.0,12,2022,0.0607
CA-2022-103311,CG-10717,TEC-PHO-10939,2021-01-13,1945.12,5,218.8,0.4,1,2021,0.1125
CA-2022-103312,CG-10122,OFF-LAB-10591,2023-01-03,531.36,3,128.17,0.0,1,2023,0.2412
CA-2022-103313,CG-10240,TEC-COP-10324,2021-08-09,764.07,10,123.29,0.0,8,2021,0.1614
CA-2022-103314,CG-10407,TEC-ACC-10844,2021-02-07,1655.11,10,207.25,0.2,2,2021,0.1252
CA-2022-103315,CG-10298,FUR-CHA-10670,2021-06-18,1788.75,4,-338.38,0.4,6,2021,-0.1892
CA-2022-103316,CG-10380,TEC-COP-10367,2022-03-02,127.05,10,-22.87,0.4,3,2022,-0.18
CA-2022-103317,CG-10610,FUR-BOO-10564,2023-06-04,353.85,5,112.7,0.0,6,2023,0.3185
CA-2022-103318,CG-10032,OFF-ENV-10102,2022-12-31,1369.48,10,-139.97,0.1,12,2022,-0.1022
CA-2022-103319,CG-10710,TEC-ACC-10639,2023-01-27,1137.94,1,122.73,0.1,1,2023,0.1079
CA-2022-103320,CG-10267,OFF-ART-10604,2021-05-29,1828.6,6,216.48,0.4,5,2021,0.1184
CA-2022-103321,CG-10623,FUR-TAB-10024,2022-10-31,1824.17,9,164.98,0.3,10,2022,0.0904
CA-2022-103322,CG-10580,OFF-PAP-10210,2022-02-27,174.27,1,66.27,0.3,2,2022,0.3803
CA-2022-103323,CG-10022,FUR-FUR-10946,2022-06-01,922.92,9,260.51,0.0,6,2022,0.2823
CA-2022-103324,CG-10076,FUR-BOO-10527,2021-04-28,153.07,2,34.63,0.1,4,2021,0.2262
CA-2022-103325,CG-10694,OFF-STO-10716,2021-10-04,392.68,5,-76.56,0.0,10,2021,-0.195
CA-2022-103326,CG-10679,OFF-ART-10062,2022-10-24,728.68,2,-28.16,0.2,10,2022,-0.0386
CA-2022-103327,CG-10112,FUR-TAB-10161,2021-09-22,673.32,10,-91.08,0.2,9,2021,-0.1353
CA-2022-103328,CG-10126,TEC-PHO-10528,2023-04-12,692.15,3,199.35,0.4,4,2023,0.288
CA-2022-103329,CG-10125,TEC-PHO-10377,2021-01-04,137.92,4,53.28,0.1,1,2021,0.3863
CA-2022-103330,CG-10300,OFF-PAP-10179,2022-05-19,450.58,4,46.39,0.4,5,2022,0.103
CA-2022-103331,CG-10350,FUR-FUR-10165,2022-06-25,1209.47,1,470.29,0.3,6,2022,0.3888
CA-2022-103332,CG-10183,TEC-PHO-10189,2023-06-12,470.55,3,174.84,0.3,6,2023,0.3716
CA-2022-103333,CG-10758,OFF-STO-10382,2021-04-14,1876.48,10,656.42,0.0,4,2021,0.3498
CA-2022-103334,CG-10252,OFF-STO-10495,2022-10-01,721.0,6,125.18,0.0,10,2022,0.1736
CA-2022-103335,CG-10679,FUR-BOO-10658,2021-10-17,1556.0,8,217.71,0.0,10,2021,0.1399
CA-2022-103336,CG-10640,FUR-FUR-10109,2022-10-06,221.67,4,-24.97,0.2,10,2022,-0.1126
CA-2022-103337,CG-10287,OFF-FAS-10115,2021-10-08,752.03,1,-123.12,0.1,10,2021,-0.1637
CA-2022-103338,CG-10657,FUR-BOO-10987,2023-05-19,1667.35,3,-51.36,0.0,5,2023,-0.0308
CA-2022-103339,CG-10576,OFF-ART-10627,2021-09-30,1931.9,1,109.06,0.0,9,2021,0.0565
CA-2022-103340,CG-10079,TEC-COP-10707,2022-01-12,811.66,10,153.22,0.4,1,2022,0.1888
CA-2022-103341,CG-10518,OFF-FAS-10630,2023-07-15,1404.16,7,-97.36,0.1,7,2023,-0.0693
CA-2022-103342,CG-10067,OFF-ENV-10145,2021-04-08,1898.13,6,-233.69,0.0,4,2021,-0.1231
CA-2022-103343,CG-10311,TEC-MAC-10441,2022-04-03,1301.4,3,336.25,0.1,4,2022,0.2584
CA-2022-103344,CG-10114,TEC-COP-10919,2022-09-22,621.72,7,-109.55,0.5,9,2022,-0.1762
CA-2022-103345,CG-10201,FUR-CHA-10958,2023-01-28,1094.85,8,-61.39,0.0,1,2023,-0.0561
CA-2022-103346,CG-10347,OFF-LAB-10758,2022-01-08,609.84,4,196.4,0.4,1,2022,0.3221
CA-2022-103347,CG-10531,FUR-FUR-10642,2021-05-22,569.5,9,4.46,0.5,5,2021,0.0078
CA-2022-103348,CG-10266,FUR-FUR-10282,2023-12-19,1267.94,5,-207.6,0.0,12,2023,-0.1637
CA-2022-103349,CG-10752,FUR-FUR-10416,2022-02-24,785.56,1,-11.21,0.2,2,2022,-0.0143
CA-2022-103350,CG-10295,TEC-ACC-10383,2023-10-01,886.66,4,260.84,0.2,10,2023,0.2942
CA-2022-103351,CG-10334,FUR-FUR-10642,2022-04-27,1975.47,2,-18.59,0.0,4,2022,-0.0094
CA-2022-103352,CG-10487,TEC-MAC-10345,2022-12-05,881.99,8,206.68,0.0,12,2022,0.2343
CA-2022-103353,CG-10359,FUR-CHA-10588,2021-05-26,399.72,5,-43.64,0.0,5,2021,-0.1092
CA-2022-103354,CG-10661,TEC-MAC-10480,2023-02-22,1384.4,5,27.74,0.0,2,2023,0.02
CA-2022-103355,CG-10221,TEC-MAC-10800,2023-06-02,320.47,7,111.37,0.2,6,2023,0.3475
CA-2022-103356,CG-10042,FUR-TAB-10731,2021-09-18,557.65,1,-13.64,0.4,9,2021,-0.0245
CA-2022-103357,CG-10449,TEC-PHO-10164,2022-07-25,928.04,1,65.75,0.4,7,2022,0.0708
CA-2022-103358,CG-10383,TEC-MAC-10042,2023-03-10,1680.52,10,459.68,0.1,3,2023,0.2735
CA-2022-103359,CG-10129,TEC-COP-10073,2021-08-21,1444.42,6,-52.69,0.2,8,2021,-0.0365
CA-2022-103360,CG-10503,TEC-PHO-10970,2021-03-10,1778.45,3,218.15,0.0,3,2021,0.1227
CA-2022-103361,CG-10484,FUR-TAB-10345,2022-01-17,1674.65,2,-18.38,0.5,1,2022,-0.011
CA-2022-103362,CG-10033,OFF-ENV-10808,2022-04-25,1899.15,4,644.37,0.2,4,2022,0.3393
CA-2022-103363,CG-10518,FUR-FUR-10954,2023-07-26,340.28,9,-16.24,0.5,7,2023,-0.0477
CA-2022-103364,CG-10218,FUR-FUR-10065,2021-03-09,977.43,7,196.08,0.5,3,2021,0.2006
CA-2022-103365,CG-10168,FUR-BOO-10045,2021-12-19,1869.16,3,220.15,0.1,12,2021,0.1178
CA-2022-103366,CG-10562,OFF-SUP-10948,2021-03-03,1309.44,3,-42.96,0.2,3,2021,-0.0328
CA-2022-103367,CG-10478,FUR-FUR-10057,2021-08-03,1450.68,6,259.09,0.3,8,2021,0.1786
CA-2022-103368,CG-10074,FUR-BOO-10269,2023-02-20,1485.11,10,-19.13,0.0,2,2023,-0.0129
CA-2022-103369,CG-10469,FUR-CHA-10423,2022-06-28,983.67,1,167.98,0.0,6,2022,0.1708
CA-2022-103370,CG-10406,FUR-TAB-10087,2023-07-13,381.82,5,76.57,0.4,7,2023,0.2005
CA-2022-103371,CG-10496,TEC-PHO-10520,2023-04-09,1507.94,4,477.84,0.0,4,2023,0.3169
CA-2022-103372,CG-10415,FUR-TAB-10901,2022-12-13,1425.73,8,396.22,0.0,12,2022,0.2779
CA-2022-103373,CG-10399,FUR-BOO-10165,2022-05-21,521.92,9,-0.93,0.5,5,2022,-0.0018
CA-2022-103374,CG-10511,TEC-MAC-10048,2023-01-16,1046.4,9,64.46,0.1,1,2023,0.0616
CA-2022-103375,CG-10398,FUR-TAB-10555,2023-08-25,444.1,2,133.2,0.3,8,2023,0.2999
CA-2022-103376,CG-10496,OFF-ENV-10674,2023-05-05,484.78,1,-42.73,0.0,5,2023,-0.0881
CA-2022-103377,CG-10089,OFF-PAP-10823,2021-01-12,319.22,1,107.54,0.1,1,2021,0.3369
CA-2022-103378,CG-10741,OFF-PAP-10266,2021-12-28,1657.39,4,295.87,0.0,12,2021,0.1785
CA-2022-103379,CG-10144,OFF-FAS-10178,2021-09-15,500.29,4,119.36,0.4,9,2021,0.2386
CA-2022-103380,CG-10603,FUR-BOO-10269,2023-10-26,1264.94,7,251.57,0.0,10,2023,0.1989
CA-2022-103381,CG-10337,TEC-ACC-10139,2022-04-19,1449.12,8,575.54,0.0,4,2022,0.3972
CA-2022-103382,CG-10104,OFF-BIN-10051,2021-10-02,1410.44,8,-125.22,0.0,10,2021,-0.0888
CA-2022-103383,CG-10087,FUR-FUR-10432,2022-01-20,1748.77,10,-83.66,0.5,1,2022,-0.0478
CA-2022-103384,CG-10204,TEC-COP-10972,2021-12-22,1918.65,10,627.87,0.3,12,2021,0.3272
CA-2022-103385,CG-10490,OFF-PAP-10217,2022-10-25,306.39,10,11.36,0.4,10,2022,0.0371
CA-2022-103386,CG-10550,TEC-PHO-10793,2023-07-18,394.68,10,59.11,0.0,7,2023,0.1498
CA-2022-103387,CG-10664,FUR-FUR-10964,2023-11-08,1993.82,2,149.29,0.4,11,2023,0.0749
CA-2022-103388,CG-10313,OFF-FAS-10867,2023-06-26,132.27,3,-10.79,0.0,6,2023,-0.0816
CA-2022-103389,CG-10428,FUR-FUR-10479,2021-01-10,545.16,5,-11.96,0.0,1,2021,-0.0219
CA-2022-103390,CG-10733,OFF-APP-10684,2021-10-30,298.8,3,-36.24,0.2,10,2021,-0.1213
CA-2022-103391,CG-10677,TEC-PHO-10746,2022-04-22,893.08,2,-3.57,0.5,4,2022,-0.004
CA-2022-103392,CG-10321,OFF-LAB-10325,2023-11-03,419.52,3,-58.45,0.5,11,2023,-0.1393
CA-2022-103393,CG-10389,OFF-BIN-10643,2022-08-27,140.22,8,22.89,0.0,8,2022,0.1632
CA-2022-103394,CG-10496,TEC-MAC-10033,2022-06-18,1982.19,4,-11.52,0.0,6,2022,-0.0058
CA-2022-103395,CG-10354,TEC-ACC-10586,2022-06-06,1547.27,1,553.23,0.0,6,2022,0.3576
CA-2022-103396,CG-10329,FUR-CHA-10205,2023-05-25,360.23,5,-48.97,0.1,5,2023,-0.1359
CA-2022-103397,CG-10441,TEC-COP-10246,2021-08-16,453.84,8,140.34,0.2,8,2021,0.3092
CA-2022-103398,CG-10510,OFF-LAB-10620,2023-09-19,1339.7,4,109.55,0.4,9,2023,0.0818
CA-2022-103399,CG-10636,OFF-BIN-10457,2021-06-09,224.95,9,70.58,0.2,6,2021,0.3138
CA-2022-103400,CG-10660,FUR-BOO-10321,2021-07-02,865.77,10,-139.29,0.1,7,2021,-0.1609
CA-2022-103401,CG-10653,TEC-COP-10997,2022-06-13,1929.5,1,317.44,0.0,6,2022,0.1645
CA-2022-103402,CG-10554,OFF-LAB-10128,2022-06-18,1677.48,7,-38.62,0.0,6,2022,-0.023
CA-2022-103403,CG-10264,OFF-ENV-10401,2022-07-31,885.61,10,132.06,0.0,7,2022,0.1491
CA-2022-103404,CG-10194,OFF-LAB-10497,2022-03-23,666.88,6,69.53,0.0,3,2022,0.1043
CA-2022-103405,CG-10793,FUR-BOO-10524,2022-02-20,1076.21,6,347.48,0.0,2,2022,0.3229
CA-2022-103406,CG-10200,TEC-ACC-10099,2021-10-18,1428.12,5,132.31,0.1,10,2021,0.0926
CA-2022-103407,CG-10620,OFF-STO-10514,2023-06-15,1723.82,6,14.24,0.3,6,2023,0.0083
CA-2022-103408,CG-10333,TEC-ACC-10594,2022-06-24,831.88,1,184.95,0.5,6,2022,0.2223
CA-2022-103409,CG-10364,TEC-MAC-10473,2022-03-26,631.34,10,-26.53,0.0,3,2022,-0.042
CA-2022-103410,CG-10023,FUR-BOO-10651,2021-10-20,1908.4,6,-82.02,0.5,10,2021,-0.043
CA-2022-103411,CG-10051,OFF-LAB-10328,2022-02-16,510.46,8,14.4,0.4,2,2022,0.0282
CA-2022-103412,CG-10023,TEC-PHO-10105,2021-02-27,1410.95,6,243.92,0.0,2,2021,0.1729
CA-2022-103413,CG-10577,TEC-PHO-10842,2022-07-11,1427.16,2,-242.73,0.5,7,2022,-0.1701
CA-2022-103414,CG-10311,FUR-TAB-10631,2021-02-28,366.88,6,-59.28,0.0,2,2021,-0.1616
CA-2022-103415,CG-10258,FUR-BOO-10320,2023-01-29,261.83,8,56.7,0.1,1,2023,0.2166
CA-2022-103416,CG-10649,TEC-MAC-10350,2022-08-04,1651.14,4,-121.45,0.1,8,2022,-0.0736
CA-2022-103417,CG-10091,TEC-PHO-10415,2022-03-01,589.0,4,79.8,0.0,3,2022,0.1355
CA-2022-103418,CG-10121,OFF-APP-10208,2021-03-26,738.62,10,239.8,0.1,3,2021,0.3247
CA-2022-103419,CG-10102,TEC-ACC-10686,2021-03-28,1410.05,8,180.81,0.0,3,2021,0.1282
CA-2022-103420,CG-10691,OFF-BIN-10157,2021-12-04,143.39,7,56.62,0.5,12,2021,0.3949
CA-2022-103421,CG-10460,TEC-ACC-10317,2023-03-29,1363.05,1,379.81,0.0,3,2023,0.2786
CA-2022-103422,CG-10710,TEC-PHO-10166,2021-05-23,1314.41,4,-32.61,0.3,5,2021,-0.0248
CA-2022-103423,CG-10486,FUR-TAB-10328,2022-04-20,1407.76,10,-232.92,0.0,4,2022,-0.1655
CA-2022-103424,CG-10630,TEC-PHO-10025,2021-02-18,390.58,6,-45.67,0.5,2,2021,-0.1169
CA-2022-103425,CG-10221,TEC-COP-10879,2022-04-09,434.01,9,28.99,0.0,4,2022,0.0668
CA-2022-103426,CG-10560,TEC-MAC-10027,2023-03-09,1047.06,10,-61.48,0.0,3,2023,-0.0587
CA-2022-103427,CG-10004,FUR-CHA-10817,2023-01-16,627.1,5,59.43,0.2,1,2023,0.0948
CA-2022-103428,CG-10467,TEC-COP-10352,2021-01-29,1360.26,3,317.68,0.0,1,2021,0.2335
CA-2022-103429,CG-10108,OFF-SUP-10134,2022-05-09,158.14,4,-31.04,0.0,5,2022,-0.1963
CA-2022-103430,CG-10334,FUR-CHA-10474,2021-11-04,1763.86,8,277.39,0.0,11,2021,0.1573
CA-2022-103431,CG-10162,TEC-PHO-10447,2023-10-09,1218.43,4,269.48,0.1,10,2023,0.2212
CA-2022-103432,CG-10219,TEC-ACC-10575,2021-08-30,983.31,7,-138.46,0.0,8,2021,-0.1408
CA-2022-103433,CG-10612,TEC-MAC-10895,2023-03-26,801.54,2,127.25,0.0,3,2023,0.1588
CA-2022-103434,CG-10779,FUR-BOO-10957,2023-10-18,1837.93,8,565.32,0.4,10,2023,0.3076
CA-2022-103435,CG-10693,TEC-MAC-10120,2023-05-28,1990.33,7,298.82,0.4,5,2023,0.1501
CA-2022-103436,CG-10068,OFF-ENV-10320,2021-04-18,933.28,10,330.41,0.4,4,2021,0.354
CA-2022-103437,CG-10625,FUR-BOO-10804,2023-04-26,918.17,5,50.36,0.0,4,2023,0.0548
CA-2022-103438,CG-10516,OFF-FAS-10427,2023-04-15,23.39,7,2.44,0.1,4,2023,0.1043
CA-2022-103439,CG-10184,OFF-ENV-10574,2021-01-01,1599.27,3,293.69,0.0,1,2021,0.1836
CA-2022-103440,CG-10736,FUR-BOO-10604,2022-06-28,1642.02,3,44.04,0.5,6,2022,0.0268
CA-2022-103441,CG-10747,TEC-PHO-10339,2022-10-08,204.11,10,-7.05,0.3,10,2022,-0.0345
CA-2022-103442,CG-10146,TEC-MAC-10081,2021-05-17,1184.88,4,418.68,0.3,5,2021,0.3534
CA-2022-103443,CG-10125,FUR-CHA-10214,2021-05-15,188.73,5,-9.5,0.5,5,2021,-0.0503
CA-2022-103444,CG-10650,FUR-CHA-10063,2021-04-21,1342.21,5,218.91,0.3,4,2021,0.1631
CA-2022-103445,CG-10366,TEC-MAC-10016,2023-10-03,1555.32,4,539.15,0.2,10,2023,0.3466
CA-2022-103446,CG-10558,OFF-ART-10853,2021-02-04,1022.76,5,333.27,0.0,2,2021,0.3259
CA-2022-103447,CG-10620,TEC-COP-10854,2021-12-23,664.61,6,-85.3,0.2,12,2021,-0.1283
CA-2022-103448,CG-10094,OFF-LAB-10216,2023-06-26,1570.14,7,615.76,0.0,6,2023,0.3922
CA-2022-103449,CG-10368,OFF-STO-10474,2021-12-18,1088.53,9,30.4,0.1,12,2021,0.0279
CA-2022-103450,CG-10612,FUR-FUR-10509,2021-09-27,837.56,2,27.81,0.3,9,2021,0.0332
CA-2022-103451,CG-10638,FUR-CHA-10597,2021-01-23,1426.17,6,277.84,0.0,1,2021,0.1948
CA-2022-103452,CG-10205,OFF-PAP-10606,2022-02-25,529.23,5,72.76,0.1,2,2022,0.1375
CA-2022-103453,CG-10644,FUR-TAB-10122,2023-08-28,1062.2,1,145.2,0.0,8,2023,0.1367
CA-2022-103454,CG-10240,FUR-TAB-10012,2023-08-28,658.34,3,-51.86,0.1,8,2023,-0.0788
CA-2022-103455,CG-10777,OFF-STO-10196,2021-10-24,1011.42,10,-56.65,0.4,10,2021,-0.056
CA-2022-103456,CG-10288,FUR-TAB-10882,2021-04-14,1019.91,3,334.03,0.0,4,2021,0.3275
CA-2022-103457,CG-10600,FUR-FUR-10995,2023-11-21,1754.75,9,86.39,0.0,11,2023,0.0492
CA-2022-103458,CG-10783,TEC-MAC-10552,2021-02-04,1409.57,3,-143.16,0.2,2,2021,-0.1016
CA-2022-103459,CG-10060,TEC-ACC-10340,2021-07-15,993.9,5,-45.26,0.1,7,2021,-0.0455
CA-2022-103460,CG-10778,TEC-PHO-10877,2023-10-17,453.7,6,-27.41,0.0,10,2023,-0.0604
CA-2022-103461,CG-10394,TEC-COP-10168,2023-05-07,742.35,5,-70.22,0.4,5,2023,-0.0946
CA-2022-103462,CG-10443,TEC-ACC-10683,2021-08-05,274.11,1,83.29,0.5,8,2021,0.3039
CA-2022-103463,CG-10107,OFF-ART-10554,2021-09-19,1515.15,4,-263.19,0.3,9,2021,-0.1737
CA-2022-103464,CG-10520,TEC-MAC-10684,2021-02-25,273.84,10,83.55,0.0,2,2021,0.3051
CA-2022-103465,CG-10295,TEC-MAC-10458,2023-06-19,710.08,8,138.63,0.0,6,2023,0.1952
CA-2022-103466,CG-10308,OFF-BIN-10496,2022-06-11,13.77,5,-0.06,0.4,6,2022,-0.0044
CA-2022-103467,CG-10305,TEC-PHO-10916,2022-08-22,643.22,6,142.79,0.0,8,2022,0.222
CA-2022-103468,CG-10229,OFF-BIN-10348,2021-06-18,1857.58,5,-286.32,0.0,6,2021,-0.1541
CA-2022-103469,CG-10257,TEC-ACC-10324,2022-03-16,974.94,3,236.61,0.5,3,2022,0.2427
CA-2022-103470,CG-10184,FUR-TAB-10304,2023-12-16,429.02,2,-11.68,0.0,12,2023,-0.0272
CA-2022-103471,CG-10165,TEC-COP-10960,2022-12-09,1647.97,1,516.7,0.0,12,2022,0.3135
CA-2022-103472,CG-10655,FUR-TAB-10992,2023-02-03,202.97,1,70.97,0.3,2,2023,0.3497
CA-2022-103473,CG-10783,FUR-TAB-10540,2021-06-29,1211.2,6,286.27,0.0,6,2021,0.2364
CA-2022-103474,CG-10421,FUR-BOO-10347,2022-01-07,249.01,9,-7.18,0.1,1,2022,-0.0288
CA-2022-103475,CG-10130,OFF-BIN-10189,2022-01-20,1132.04,8,295.68,0.0,1,2022,0.2612
CA-2022-103476,CG-10697,FUR-BOO-10197,2022-02-06,1257.03,1,210.86,0.0,2,2022,0.1677
CA-2022-103477,CG-10514,FUR-BOO-10121,2022-04-11,1318.74,8,-21.8,0.0,4,2022,-0.0165
CA-2022-103478,CG-10051,FUR-TAB-10482,2023-01-20,1242.65,9,448.25,0.4,1,2023,0.3607
CA-2022-103479,CG-10364,FUR-BOO-10956,2022-08-19,1250.74,3,80.54,0.0,8,2022,0.0644
CA-2022-103480,CG-10109,TEC-COP-10303,2023-10-07,1156.76,2,50.22,0.4,10,2023,0.0434
CA-2022-103481,CG-10347,FUR-FUR-10019,2023-06-16,127.6,3,-18.07,0.1,6,2023,-0.1416
CA-2022-103482,CG-10561,OFF-FAS-10821,2022-12-16,1723.27,4,682.82,0.5,12,2022,0.3962
CA-2022-103483,CG-10548,TEC-PHO-10995,2023-03-07,1723.37,3,-164.72,0.0,3,2023,-0.0956
CA-2022-103484,CG-10772,OFF-STO-10156,2021-07-11,1195.55,9,294.54,0.0,7,2021,0.2464
CA-2022-103485,CG-10692,OFF-LAB-10333,2023-01-14,773.35,8,103.78,0.2,1,2023,0.1342
CA-2022-103486,CG-10379,OFF-ENV-10346,2022-07-25,758.36,2,122.21,0.4,7,2022,0.1612
CA-2022-103487,CG-10447,OFF-APP-10171,2021-11-21,1863.29,8,732.09,0.0,11,2021,0.3929
CA-2022-103488,CG-10769,TEC-COP-10708,2023-03-10,991.09,8,-33.2,0.0,3,2023,-0.0335
CA-2022-103489,CG-10278,OFF-FAS-10040,2022-06-18,738.78,10,88.24,0.5,6,2022,0.1194
CA-2022-103490,CG-10070,TEC-ACC-10389,2022-08-18,1503.96,9,522.65,0.5,8,2022,0.3475
CA-2022-103491,CG-10004,FUR-BOO-10218,2022-01-15,200.78,6,57.64,0.2,1,2022,0.2871
CA-2022-103492,CG-10360,OFF-LAB-10328,2023-12-11,1677.11,1,5.1,0.1,12,2023,0.003
CA-2022-103493,CG-10751,TEC-COP-10748,2023-02-04,1229.73,10,-54.15,0.5,2,2023,-0.044
CA-2022-103494,CG-10599,OFF-BIN-10826,2023-02-27,343.48,8,14.48,0.3,2,2023,0.0422
CA-2022-103495,CG-10341,OFF-SUP-10534,2023-06-02,967.61,3,-58.5,0.3,6,2023,-0.0605
CA-2022-103496,CG-10290,TEC-MAC-10475,2023-02-04,223.97,10,46.5,0.1,2,2023,0.2076
CA-2022-103497,CG-10627,FUR-TAB-10820,2023-06-19,50.34,1,11.93,0.0,6,2023,0.237
CA-2022-103498,CG-10385,TEC-COP-10066,2022-12-20,120.62,4,-21.12,0.0,12,2022,-0.1751
CA-2022-103499,CG-10072,OFF-FAS-10335,2022-07-15,1930.62,10,-203.43,0.5,7,2022,-0.1054
CA-2022-103500,CG-10467,FUR-FUR-10028,2022-03-31,1421.23,9,-250.3,0.2,3,2022,-0.1761
CA-2022-103501,CG-10714,OFF-STO-10998,2023-12-20,830.1,8,108.85,0.0,12,2023,0.1311
CA-2022-103502,CG-10086,TEC-ACC-10481,2023-07-06,1223.14,8,59.04,0.2,7,2023,0.0483
CA-2022-103503,CG-10390,FUR-CHA-10096,2023-08-05,135.35,4,3.01,0.0,8,2023,0.0222
CA-2022-103504,CG-10102,TEC-MAC-10173,2022-05-15,913.0,1,-148.44,0.5,5,2022,-0.1626
CA-2022-103505,CG-10124,OFF-SUP-10579,2022-03-23,1957.78,10,-17.27,0.0,3,2022,-0.0088
CA-2022-103506,CG-10066,OFF-STO-10081,2021-01-11,770.24,8,130.63,0.4,1,2021,0.1696
CA-2022-103507,CG-10263,OFF-BIN-10124,2022-01-03,308.14,3,-40.91,0.3,1,2022,-0.1328
CA-2022-103508,CG-10334,OFF-ART-10334,2021-08-11,1797.5,8,576.24,0.0,8,2021,0.3206
CA-2022-103509,CG-10651,FUR-BOO-10970,2021-11-17,176.42,9,61.67,0.0,11,2021,0.3496
CA-2022-103510,CG-10383,TEC-MAC-10644,2021-01-05,595.85,5,30.6,0.0,1,2021,0.0514
CA-2022-103511,CG-10410,OFF-SUP-10014,2023-06-26,1886.62,4,-374.63,0.0,6,2023,-0.1986
CA-2022-103512,CG-10182,FUR-FUR-10510,2023-07-10,1665.09,8,-26.09,0.2,7,2023,-0.0157
CA-2022-103513,CG-10427,TEC-PHO-10032,2021-03-31,1797.99,10,-111.05,0.4,3,2021,-0.0618
CA-2022-103514,CG-10125,FUR-FUR-10850,2022-10-01,1223.79,2,-56.04,0.0,10,2022,-0.0458
CA-2022-103515,CG-10113,TEC-MAC-10514,2022-09-16,694.9,8,-36.78,0.0,9,2022,-0.0529
CA-2022-103516,CG-10479,TEC-ACC-10774,2021-12-24,1818.75,8,-204.4,0.1,12,2021,-0.1124
CA-2022-103517,CG-10350,TEC-MAC-10913,2021-09-20,1723.88,10,669.67,0.2,9,2021,0.3885
CA-2022-103518,CG-10774,FUR-CHA-10220,2021-11-15,209.25,5,6.45,0.1,11,2021,0.0308
CA-2022-103519,CG-10135,FUR-BOO-10835,2022-11-13,496.95,6,25.02,0.4,11,2022,0.0503
CA-2022-103520,CG-10716,OFF-ENV-10238,2022-09-14,1804.24,3,692.68,0.0,9,2022,0.3839
CA-2022-103521,CG-10101,OFF-FAS-10766,2021-05-30,1226.87,6,109.31,0.5,5,2021,0.0891
CA-2022-103522,CG-10164,TEC-PHO-10896,2023-02-19,315.99,2,-17.06,0.3,2,2023,-0.054
CA-2022-103523,CG-10652,OFF-ENV-10123,2021-03-21,1553.81,7,526.77,0.1,3,2021,0.339
CA-2022-103524,CG-10036,FUR-CHA-10768,2021-07-09,70.55,10,-1.63,0.2,7,2021,-0.0231
CA-2022-103525,CG-10566,TEC-COP-10884,2022-11-19,1136.06,3,211.25,0.5,11,2022,0.1859
CA-2022-103526,CG-10764,FUR-FUR-10080,2023-07-01,1475.81,2,-21.2,0.0,7,2023,-0.0144
CA-2022-103527,CG-10385,FUR-BOO-10288,2022-01-16,1445.2,5,224.23,0.0,1,2022,0.1552
CA-2022-103528,CG-10707,TEC-ACC-10893,2023-11-03,1494.5,7,-29.47,0.5,11,2023,-0.0197
CA-2022-103529,CG-10136,OFF-SUP-10341,2022-08-06,954.4,4,88.89,0.2,8,2022,0.0931
CA-2022-103530,CG-10027,OFF-SUP-10021,2022-01-01,1852.28,5,12.77,0.3,1,2022,0.0069
CA-2022-103531,CG-10380,FUR-BOO-10738,2023-03-30,227.94,8,26.45,0.5,3,2023,0.116
CA-2022-103532,CG-10242,OFF-SUP-10033,2023-02-18,1867.69,7,578.52,0.0,2,2023,0.3098
CA-2022-103533,CG-10654,TEC-ACC-10862,2022-12-11,708.98,4,224.32,0.3,12,2022,0.3164
CA-2022-103534,CG-10032,TEC-ACC-10064,2021-08-05,1636.11,3,28.29,0.2,8,2021,0.0173
CA-2022-103535,CG-10576,OFF-STO-10347,2023-10-02,1337.4,6,62.53,0.1,10,2023,0.0468
CA-2022-103536,CG-10236,TEC-MAC-10917,2022-09-30,1110.86,9,-175.57,0.5,9,2022,-0.158
CA-2022-103537,CG-10738,TEC-PHO-10203,2021-04-26,1569.08,5,-2.39,0.0,4,2021,-0.0015
CA-2022-103538,CG-10676,FUR-CHA-10571,2023-06-01,1536.82,1,553.26,0.0,6,2023,0.36
CA-2022-103539,CG-10048,FUR-FUR-10036,2023-09-13,214.77,4,41.75,0.4,9,2023,0.1944
CA-2022-103540,CG-10298,OFF-STO-10210,2021-09-21,1097.58,7,152.81,0.3,9,2021,0.1392
CA-2022-103541,CG-10174,FUR-CHA-10402,2022-10-18,1516.0,9,-19.24,0.3,10,2022,-0.0127
CA-2022-103542,CG-10757,TEC-PHO-10608,2022-05-18,1954.11,4,-120.1,0.0,5,2022,-0.0615
CA-2022-103543,CG-10635,FUR-FUR-10523,2022-12-27,195.61,1,47.1,0.5,12,2022,0.2408
CA-2022-103544,CG-10345,TEC-MAC-10942,2022-07-09,1848.25,4,-365.24,0.0,7,2022,-0.1976
CA-2022-103545,CG-10411,FUR-BOO-10879,2023-05-11,1683.24,6,169.76,0.0,5,2023,0.1009
CA-2022-103546,CG-10413,TEC-COP-10023,2022-02-08,671.71,6,142.74,0.5,2,2022,0.2125
CA-2022-103547,CG-10728,TEC-COP-10525,2023-05-26,98.78,7,-18.61,0.3,5,2023,-0.1884
CA-2022-103548,CG-10508,OFF-ENV-10065,2022-12-10,1696.3,4,53.09,0.0,12,2022,0.0313
CA-2022-103549,CG-10527,TEC-MAC-10007,2021-01-29,1507.59,5,213.0,0.1,1,2021,0.1413
CA-2022-103550,CG-10606,FUR-TAB-10488,2021-01-16,981.66,7,116.52,0.1,1,2021,0.1187
CA-2022-103551,CG-10618,TEC-PHO-10099,2023-11-03,1155.65,4,430.08,0.0,11,2023,0.3722
CA-2022-103552,CG-10729,FUR-FUR-10129,2023-01-12,847.76,1,90.58,0.0,1,2023,0.1068
CA-2022-103553,CG-10413,FUR-BOO-10970,2021-06-27,266.11,9,-26.39,0.1,6,2021,-0.0992
CA-2022-103554,CG-10245,FUR-CHA-10692,2022-02-27,1693.04,8,239.76,0.2,2,2022,0.1416
CA-2022-103555,CG-10095,FUR-BOO-10641,2022-12-03,501.61,8,98.09,0.4,12,2022,0.1956
CA-2022-103556,CG-10257,OFF-STO-10547,2023-02-25,1196.32,8,97.24,0.0,2,2023,0.0813
CA-2022-103557,CG-10411,TEC-ACC-10865,2022-08-12,476.2,6,-41.57,0.0,8,2022,-0.0873
CA-2022-103558,CG-10725,TEC-COP-10222,2022-10-30,610.03,5,134.15,0.4,10,2022,0.2199
CA-2022-103559,CG-10482,TEC-ACC-10787,2021-08-05,262.92,6,27.89,0.3,8,2021,0.1061
CA-2022-103560,CG-10330,OFF-STO-10706,2022-03-02,1530.65,7,-256.64,0.3,3,2022,-0.1677
CA-2022-103561,CG-10169,FUR-FUR-10269,2022-06-30,963.85,8,-60.64,0.0,6,2022,-0.0629
CA-2022-103562,CG-10375,FUR-FUR-10837,2023-01-25,922.86,3,48.86,0.5,1,2023,0.0529
CA-2022-103563,CG-10465,TEC-PHO-10207,2022-04-29,473.86,7,148.31,0.5,4,2022,0.313
CA-2022-103564,CG-10036,OFF-STO-10488,2021-08-18,380.16,1,-26.34,0.0,8,2021,-0.0693
CA-2022-103565,CG-10447,TEC-PHO-10098,2023-09-22,1378.09,3,-101.02,0.0,9,2023,-0.0733
CA-2022-103566,CG-10358,OFF-PAP-10634,2023-11-08,1021.34,10,118.04,0.5,11,2023,0.1156
CA-2022-103567,CG-10426,OFF-PAP-10603,2023-09-05,206.92,10,15.49,0.0,9,2023,0.0749
CA-2022-103568,CG-10401,FUR-TAB-10149,2022-12-27,51.29,4,13.19,0.0,12,2022,0.2572
CA-2022-103569,CG-10324,FUR-TAB-10773,2022-01-19,1879.25,6,347.45,0.0,1,2022,0.1849
CA-2022-103570,CG-10614,FUR-FUR-10729,2023-04-14,1689.37,4,4.03,0.1,4,2023,0.0024
CA-2022-103571,CG-10055,TEC-COP-10555,2021-05-25,1084.49,10,274.48,0.0,5,2021,0.2531
CA-2022-103572,CG-10116,OFF-STO-10413,2021-10-21,1504.59,8,142.26,0.4,10,2021,0.0946
CA-2022-103573,CG-10571,FUR-BOO-10250,2022-04-10,249.78,4,52.55,0.1,4,2022,0.2104
CA-2022-103574,CG-10179,FUR-CHA-10220,2021-03-07,1534.27,10,-19.81,0.0,3,2021,-0.0129
CA-2022-103575,CG-10648,TEC-MAC-10126,2022-01-11,1598.46,4,-245.24,0.1,1,2022,-0.1534
CA-2022-103576,CG-10745,TEC-COP-10035,2023-03-17,1691.63,8,276.29,0.5,3,2023,0.1633
CA-2022-103577,CG-10491,OFF-ART-10700,2023-10-13,1088.54,3,245.05,0.0,10,2023,0.2251
CA-2022-103578,CG-10637,OFF-BIN-10094,2021-06-14,296.1,1,45.03,0.2,6,2021,0.1521
CA-2022-103579,CG-10324,OFF-FAS-10166,2021-12-18,192.89,6,-32.62,0.5,12,2021,-0.1691
CA-2022-103580,CG-10125,FUR-FUR-10874,2023-11-14,1395.63,8,-198.29,0.5,11,2023,-0.1421
CA-2022-103581,CG-10652,TEC-PHO-10591,2023-10-06,1445.41,8,288.38,0.0,10,2023,0.1995
CA-2022-103582,CG-10716,FUR-BOO-10512,2022-09-19,374.25,9,138.25,0.2,9,2022,0.3694
CA-2022-103583,CG-10674,FUR-FUR-10615,2022-08-11,1797.19,6,436.13,0.2,8,2022,0.2427
CA-2022-103584,CG-10170,TEC-COP-10026,2022-07-11,1423.53,3,-105.75,0.0,7,2022,-0.0743
CA-2022-103585,CG-10335,TEC-ACC-10219,2023-08-22,750.59,8,203.92,0.3,8,2023,0.2717
CA-2022-103586,CG-10227,TEC-ACC-10379,2022-06-18,1907.1,5,-360.75,0.1,6,2022,-0.1892
CA-2022-103587,CG-10748,OFF-STO-10378,2021-10-10,848.91,5,182.79,0.1,10,2021,0.2153
CA-2022-103588,CG-10432,TEC-COP-10448,2022-04-21,580.08,10,113.52,0.0,4,2022,0.1957
CA-2022-103589,CG-10062,FUR-TAB-10279,2021-11-08,1363.91,9,121.08,0.0,11,2021,0.0888
CA-2022-103590,CG-10773,TEC-COP-10741,2022-05-06,1209.98,7,195.81,0.5,5,2022,0.1618
CA-2022-103591,CG-10353,TEC-COP-10989,2023-05-30,1029.61,9,116.55,0.4,5,2023,0.1132
CA-2022-103592,CG-10491,FUR-FUR-10136,2022-12-15,1488.13,4,-264.46,0.3,12,2022,-0.1777
CA-2022-103593,CG-10213,TEC-PHO-10058,2023-02-11,518.75,10,-94.26,0.4,2,2023,-0.1817
CA-2022-103594,CG-10460,OFF-PAP-10825,2021-11-12,316.98,7,38.28,0.0,11,2021,0.1208
CA-2022-103595,CG-10623,TEC-COP-10271,2023-06-27,1426.89,10,-220.97,0.5,6,2023,-0.1549
CA-2022-103596,CG-10161,TEC-ACC-10726,2022-03-21,729.49,8,-127.12,0.2,3,2022,-0.1743
CA-2022-103597,CG-10540,FUR-TAB-10772,2022-07-27,1388.91,8,46.83,0.1,7,2022,0.0337
CA-2022-103598,CG-10186,FUR-TAB-10487,2021-10-17,609.28,7,223.39,0.1,10,2021,0.3666
CA-2022-103599,CG-10232,FUR-FUR-10537,2023-12-08,78.7,8,10.36,0.0,12,2023,0.1316
CA-2022-103600,CG-10660,FUR-CHA-10892,2023-11-13,873.04,10,236.14,0.0,11,2023,0.2705
CA-2022-103601,CG-10383,TEC-PHO-10390,2022-09-28,1513.51,4,351.89,0.3,9,2022,0.2325
CA-2022-103602,CG-10164,TEC-COP-10747,2021-07-25,132.38,8,9.78,0.5,7,2021,0.0739
CA-2022-103603,CG-10471,FUR-BOO-10824,2022-05-11,1900.11,1,186.34,0.0,5,2022,0.0981
CA-2022-103604,CG-10246,OFF-FAS-10119,2022-05-14,1079.67,1,-145.8,0.3,5,2022,-0.135
CA-2022-103605,CG-10055,TEC-PHO-10973,2021-11-14,1913.59,1,10.0,0.5,11,2021,0.0052
CA-2022-103606,CG-10262,OFF-SUP-10217,2022-12-11,445.9,10,142.23,0.0,12,2022,0.319
CA-2022-103607,CG-10194,FUR-CHA-10931,2022-09-14,1945.43,10,-62.67,0.2,9,2022,-0.0322
CA-2022-103608,CG-10601,OFF-BIN-10612,2022-03-04,484.55,2,29.25,0.3,3,2022,0.0604
CA-2022-103609,CG-10143,TEC-PHO-10065,2021-01-27,868.45,4,297.07,0.4,1,2021,0.3421
CA-2022-103610,CG-10135,FUR-CHA-10138,2023-02-09,1591.69,4,-252.2,0.0,2,2023,-0.1584
CA-2022-103611,CG-10076,TEC-ACC-10885,2021-01-16,1287.09,9,-213.86,0.2,1,2021,-0.1662
CA-2022-103612,CG-10762,TEC-ACC-10627,2021-08-07,200.94,7,-8.52,0.0,8,2021,-0.0424
CA-2022-103613,CG-10470,FUR-BOO-10703,2022-07-12,1192.53,4,14.22,0.4,7,2022,0.0119
CA-2022-103614,CG-10230,OFF-SUP-10006,2023-07-26,1063.68,1,41.98,0.3,7,2023,0.0395
CA-2022-103615,CG-10141,TEC-MAC-10427,2022-07-12,788.76,2,-152.78,0.3,7,2022,-0.1937
CA-2022-103616,CG-10523,TEC-MAC-10438,2023-02-10,1674.3,6,654.16,0.0,2,2023,0.3907
CA-2022-103617,CG-10499,OFF-SUP-10721,2022-03-12,1610.81,10,241.92,0.1,3,2022,0.1502
CA-2022-103618,CG-10606,OFF-ART-10928,2021-06-19,1583.57,10,451.03,0.4,6,2021,0.2848
CA-2022-103619,CG-10647,OFF-STO-10780,2022-09-24,509.82,4,-77.29,0.0,9,2022,-0.1516
CA-2022-103620,CG-10007,FUR-TAB-10378,2023-09-21,392.37,9,105.81,0.0,9,2023,0.2697
CA-2022-103621,CG-10755,FUR-FUR-10822,2023-12-30,1592.68,4,50.21,0.2,12,2023,0.0315
CA-2022-103622,CG-10567,OFF-ENV-10929,2023-04-07,791.45,9,196.87,0.0,4,2023,0.2487
CA-2022-103623,CG-10094,TEC-MAC-10464,2022-03-17,240.52,8,76.75,0.3,3,2022,0.3191
CA-2022-103624,CG-10355,FUR-CHA-10437,2023-09-12,1245.78,5,348.15,0.0,9,2023,0.2795
CA-2022-103625,CG-10372,FUR-BOO-10549,2022-06-02,913.75,1,292.95,0.0,6,2022,0.3206
CA-2022-103626,CG-10435,OFF-APP-10633,2022-10-05,671.74,7,66.22,0.1,10,2022,0.0986
CA-2022-103627,CG-10438,FUR-TAB-10522,2022-04-14,570.33,3,191.88,0.1,4,2022,0.3364
CA-2022-103628,CG-10413,TEC-PHO-10675,2023-12-15,790.24,5,262.28,0.4,12,2023,0.3319
CA-2022-103629,CG-10353,FUR-TAB-10167,2021-06-27,727.93,4,150.34,0.0,6,2021,0.2065
CA-2022-103630,CG-10232,TEC-MAC-10781,2023-08-31,601.24,8,40.5,0.1,8,2023,0.0674
CA-2022-103631,CG-10677,FUR-FUR-10712,2021-11-25,699.03,9,139.64,0.3,11,2021,0.1998
CA-2022-103632,CG-10199,TEC-COP-10106,2022-09-16,1060.17,5,-37.83,0.5,9,2022,-0.0357
CA-2022-103633,CG-10758,OFF-ENV-10088,2023-04-15,884.18,10,27.34,0.0,4,2023,0.0309
CA-2022-103634,CG-10132,FUR-BOO-10006,2022-06-18,633.32,10,-16.7,0.0,6,2022,-0.0264
CA-2022-103635,CG-10311,OFF-STO-10705,2023-07-14,1782.6,7,292.53,0.2,7,2023,0.1641
CA-2022-103636,CG-10388,FUR-CHA-10233,2021-07-17,725.23,10,-24.91,0.0,7,2021,-0.0343
CA-2022-103637,CG-10644,OFF-FAS-10498,2023-11-27,24.34,10,-1.92,0.0,11,2023,-0.0789
CA-2022-103638,CG-10101,TEC-MAC-10334,2023-09-14,213.24,5,-29.64,0.3,9,2023,-0.139
CA-2022-103639,CG-10743,FUR-FUR-10247,2022-03-12,1102.6,8,172.95,0.0,3,2022,0.1569
CA-2022-103640,CG-10200,TEC-PHO-10466,2023-02-23,1086.35,9,341.72,0.0,2,2023,0.3146
CA-2022-103641,CG-10687,OFF-FAS-10690,2022-07-19,687.37,4,135.96,0.0,7,2022,0.1978
CA-2022-103642,CG-10181,TEC-PHO-10827,2023-11-14,1678.89,8,-123.23,0.1,11,2023,-0.0734
CA-2022-103643,CG-10149,FUR-TAB-10266,2022-02-28,997.53,7,-164.04,0.3,2,2022,-0.1644
CA-2022-103644,CG-10266,FUR-BOO-10984,2022-03-08,1688.27,3,429.79,0.4,3,2022,0.2546
CA-2022-103645,CG-10303,OFF-BIN-10843,2022-09-18,744.61,4,212.67,0.3,9,2022,0.2856
CA-2022-103646,CG-10117,TEC-PHO-10718,2023-07-28,939.43,1,-137.32,0.3,7,2023,-0.1462
CA-2022-103647,CG-10438,OFF-ENV-10171,2023-05-10,1437.2,3,509.52,0.3,5,2023,0.3545
CA-2022-103648,CG-10586,TEC-MAC-10159,2022-02-22,1703.36,10,208.94,0.1,2,2022,0.1227
CA-2022-103649,CG-10363,FUR-FUR-10527,2022-07-25,977.42,3,169.68,0.2,7,2022,0.1736
CA-2022-103650,CG-10791,TEC-MAC-10080,2023-06-12,1076.78,7,48.14,0.5,6,2023,0.0447
CA-2022-103651,CG-10656,FUR-CHA-10294,2022-05-18,1291.58,9,17.9,0.5,5,2022,0.0139
CA-2022-103652,CG-10633,TEC-ACC-10370,2022-11-19,1355.04,6,-36.42,0.5,11,2022,-0.0269
CA-2022-103653,CG-10177,OFF-APP-10696,2022-03-17,1250.28,4,267.0,0.3,3,2022,0.2136
CA-2022-103654,CG-10481,OFF-FAS-10912,2021-02-13,870.78,9,333.75,0.0,2,2021,0.3833
CA-2022-103655,CG-10732,FUR-CHA-10109,2021-06-07,1603.64,1,-148.01,0.0,6,2021,-0.0923
CA-2022-103656,CG-10268,FUR-FUR-10422,2023-11-15,281.43,3,97.58,0.3,11,2023,0.3467
CA-2022-103657,CG-10273,TEC-ACC-10556,2021-08-22,535.52,4,-72.92,0.5,8,2021,-0.1362
CA-2022-103658,CG-10213,OFF-SUP-10200,2023-10-22,74.16,2,13.6,0.0,10,2023,0.1834
CA-2022-103659,CG-10212,TEC-COP-10088,2022-01-25,717.11,5,119.4,0.4,1,2022,0.1665
CA-2022-103660,CG-10362,OFF-PAP-10990,2021-06-19,915.43,3,203.15,0.1,6,2021,0.2219
CA-2022-103661,CG-10337,TEC-COP-10014,2023-06-15,1558.61,7,510.74,0.0,6,2023,0.3277
CA-2022-103662,CG-10507,TEC-COP-10683,2023-11-09,1956.65,10,-376.71,0.3,11,2023,-0.1925
CA-2022-103663,CG-10240,FUR-CHA-10036,2022-08-18,1940.36,8,64.55,0.2,8,2022,0.0333
CA-2022-103664,CG-10215,OFF-STO-10035,2023-01-12,235.03,6,80.76,0.4,1,2023,0.3436
CA-2022-103665,CG-10217,TEC-COP-10060,2023-04-17,1008.23,9,290.45,0.3,4,2023,0.2881
CA-2022-103666,CG-10472,TEC-COP-10700,2022-12-28,1698.13,2,374.38,0.2,12,2022,0.2205
CA-2022-103667,CG-10209,TEC-ACC-10338,2021-06-10,686.43,8,-109.94,0.5,6,2021,-0.1602
CA-2022-103668,CG-10208,OFF-LAB-10580,2022-11-09,772.26,8,303.65,0.1,11,2022,0.3932
CA-2022-103669,CG-10658,OFF-ART-10564,2021-07-27,697.78,9,-120.56,0.4,7,2021,-0.1728
CA-2022-103670,CG-10763,TEC-MAC-10571,2021-04-08,1152.75,10,-11.32,0.0,4,2021,-0.0098
CA-2022-103671,CG-10224,FUR-CHA-10823,2022-05-11,539.82,5,206.3,0.0,5,2022,0.3822
CA-2022-103672,CG-10614,OFF-PAP-10259,2021-10-05,1387.26,4,-39.91,0.0,10,2021,-0.0288
CA-2022-103673,CG-10584,TEC-PHO-10769,2023-07-18,1418.6,5,29.01,0.0,7,2023,0.0204
CA-2022-103674,CG-10169,FUR-FUR-10958,2023-06-05,1713.73,1,220.81,0.0,6,2023,0.1288
CA-2022-103675,CG-10621,FUR-CHA-10850,2023-09-27,331.18,10,50.39,0.5,9,2023,0.1522
CA-2022-103676,CG-10138,OFF-STO-10612,2021-06-03,689.74,4,-89.4,0.1,6,2021,-0.1296
CA-2022-103677,CG-10563,FUR-FUR-10088,2021-04-16,1797.26,4,463.7,0.5,4,2021,0.258
CA-2022-103678,CG-10344,FUR-CHA-10781,2021-08-24,468.53,4,-91.63,0.0,8,2021,-0.1956
CA-2022-103679,CG-10624,FUR-TAB-10144,2022-04-29,1846.71,6,289.76,0.0,4,2022,0.1569
CA-2022-103680,CG-10211,TEC-COP-10252,2022-02-09,742.23,4,115.64,0.0,2,2022,0.1558
CA-2022-103681,CG-10410,OFF-FAS-10085,2022-12-03,1719.14,7,167.93,0.4,12,2022,0.0977
CA-2022-103682,CG-10703,OFF-ENV-10742,2021-12-12,1034.93,3,-120.55,0.1,12,2021,-0.1165
CA-2022-103683,CG-10322,TEC-COP-10180,2022-03-10,518.76,7,199.26,0.3,3,2022,0.3841
CA-2022-103684,CG-10200,TEC-COP-10287,2021-01-01,781.25,1,-21.05,0.4,1,2021,-0.0269
CA-2022-103685,CG-10109,FUR-BOO-10981,2022-06-20,1011.04,1,337.67,0.5,6,2022,0.334
CA-2022-103686,CG-10205,TEC-MAC-10747,2021-08-24,213.39,1,-26.63,0.3,8,2021,-0.1248
CA-2022-103687,CG-10521,FUR-FUR-10674,2022-06-20,633.45,5,20.59,0.1,6,2022,0.0325
CA-2022-103688,CG-10707,OFF-PAP-10629,2022-01-16,1195.76,7,-235.73,0.1,1,2022,-0.1971
CA-2022-103689,CG-10123,TEC-ACC-10877,2021-07-13,909.89,3,181.77,0.4,7,2021,0.1998
CA-2022-103690,CG-10425,OFF-STO-10597,2022-12-22,623.31,8,33.34,0.3,12,2022,0.0535
CA-2022-103691,CG-10579,TEC-ACC-10797,2023-03-27,1640.06,9,499.25,0.0,3,2023,0.3044
CA-2022-103692,CG-10161,FUR-FUR-10932,2023-02-23,1348.1,6,232.4,0.0,2,2023,0.1724
CA-2022-103693,CG-10292,TEC-MAC-10080,2021-03-30,1141.22,4,329.1,0.0,3,2021,0.2884
CA-2022-103694,CG-10653,FUR-TAB-10606,2023-08-19,58.79,3,19.05,0.1,8,2023,0.324
CA-2022-103695,CG-10227,FUR-CHA-10069,2023-08-10,302.86,1,-16.5,0.1,8,2023,-0.0545
CA-2022-103696,CG-10249,TEC-PHO-10449,2022-05-09,1531.43,10,394.89,0.5,5,2022,0.2579
CA-2022-103697,CG-10186,OFF-FAS-10106,2023-06-16,1645.03,4,-321.42,0.4,6,2023,-0.1954
CA-2022-103698,CG-10158,OFF-APP-10692,2023-11-09,684.23,5,-127.14,0.1,11,2023,-0.1858
CA-2022-103699,CG-10064,TEC-MAC-10243,2021-09-10,1016.42,8,-172.57,0.0,9,2021,-0.1698
CA-2022-103700,CG-10717,FUR-CHA-10914,2022-08-17,1162.61,9,294.0,0.0,8,2022,0.2529
CA-2022-103701,CG-10289,FUR-BOO-10584,2021-01-03,1508.55,5,-253.92,0.3,1,2021,-0.1683
CA-2022-103702,CG-10088,TEC-PHO-10828,2021-10-18,1044.97,5,290.2,0.0,10,2021,0.2777
CA-2022-103703,CG-10238,OFF-LAB-10501,2023-12-01,1057.2,6,387.64,0.0,12,2023,0.3667
CA-2022-103704,CG-10162,TEC-MAC-10125,2023-09-16,1332.81,2,-72.32,0.0,9,2023,-0.0543
CA-2022-103705,CG-10239,OFF-ART-10421,2023-01-08,1072.78,9,-160.7,0.3,1,2023,-0.1498
CA-2022-103706,CG-10701,OFF-FAS-10852,2023-04-21,1005.86,8,295.58,0.0,4,2023,0.2939
CA-2022-103707,CG-10538,TEC-PHO-10393,2022-11-25,1547.01,6,469.42,0.0,11,2022,0.3034
CA-2022-103708,CG-10099,FUR-TAB-10709,2023-01-30,1781.09,10,188.12,0.4,1,2023,0.1056
CA-2022-103709,CG-10463,OFF-FAS-10474,2022-04-12,172.35,8,6.4,0.4,4,2022,0.0371
CA-2022-103710,CG-10544,TEC-MAC-10765,2023-08-18,1545.23,8,196.51,0.0,8,2023,0.1272
CA-2022-103711,CG-10642,OFF-STO-10964,2021-01-26,1637.93,5,-99.0,0.5,1,2021,-0.0604
CA-2022-103712,CG-10757,FUR-CHA-10778,2021-06-11,603.15,9,-8.07,0.0,6,2021,-0.0134
CA-2022-103713,CG-10226,OFF-FAS-10604,2023-08-10,1257.3,5,349.33,0.0,8,2023,0.2778
CA-2022-103714,CG-10091,OFF-SUP-10219,2022-04-09,560.75,1,-25.24,0.0,4,2022,-0.045
CA-2022-103715,CG-10569,OFF-FAS-10815,2023-03-11,958.65,7,31.3,0.0,3,2023,0.0327
CA-2022-103716,CG-10587,FUR-FUR-10260,2021-09-17,625.95,9,67.06,0.0,9,2021,0.1071
CA-2022-103717,CG-10084,FUR-BOO-10156,2023-01-28,292.95,5,74.3,0.5,1,2023,0.2536
CA-2022-103718,CG-10753,TEC-PHO-10064,2023-04-16,1901.17,5,705.87,0.2,4,2023,0.3713
CA-2022-103719,CG-10102,FUR-FUR-10862,2023-05-18,1058.79,7,307.74,0.1,5,2023,0.2907
CA-2022-103720,CG-10710,TEC-MAC-10397,2021-04-15,1610.32,8,430.61,0.0,4,2021,0.2674
CA-2022-103721,CG-10343,OFF-APP-10039,2021-07-26,862.49,7,44.64,0.4,7,2021,0.0518
CA-2022-103722,CG-10502,FUR-CHA-10370,2023-12-06,1317.7,6,341.45,0.1,12,2023,0.2591
CA-2022-103723,CG-10192,OFF-ART-10548,2022-12-08,847.85,6,192.34,0.0,12,2022,0.2269
CA-2022-103724,CG-10209,TEC-COP-10553,2021-05-15,867.92,9,217.94,0.1,5,2021,0.2511
CA-2022-103725,CG-10009,FUR-TAB-10253,2021-09-11,1382.97,2,-94.87,0.1,9,2021,-0.0686
CA-2022-103726,CG-10043,OFF-ENV-10151,2022-09-26,1473.38,10,-200.94,0.0,9,2022,-0.1364
CA-2022-103727,CG-10146,OFF-SUP-10277,2023-09-28,1348.42,10,224.4,0.0,9,2023,0.1664
CA-2022-103728,CG-10786,FUR-FUR-10389,2021-05-20,1193.81,10,131.08,0.0,5,2021,0.1098
CA-2022-103729,CG-10068,OFF-FAS-10612,2021-06-12,1403.94,7,285.09,0.5,6,2021,0.2031
CA-2022-103730,CG-10552,TEC-MAC-10098,2022-01-04,775.61,2,242.58,0.3,1,2022,0.3128
CA-2022-103731,CG-10546,FUR-BOO-10440,2022-11-03,336.07,8,-60.07,0.5,11,2022,-0.1787
CA-2022-103732,CG-10025,OFF-APP-10538,2023-12-31,1091.51,9,71.1,0.4,12,2023,0.0651
CA-2022-103733,CG-10283,FUR-FUR-10565,2022-07-25,1433.45,5,-267.81,0.0,7,2022,-0.1868
CA-2022-103734,CG-10703,FUR-CHA-10220,2022-09-29,592.99,3,50.32,0.2,9,2022,0.0849
CA-2022-103735,CG-10303,TEC-ACC-10822,2023-09-14,472.88,9,-25.94,0.0,9,2023,-0.0549
CA-2022-103736,CG-10575,FUR-CHA-10058,2021-03-28,1831.61,6,686.83,0.2,3,2021,0.375
CA-2022-103737,CG-10069,TEC-PHO-10120,2021-06-05,1742.04,10,66.33,0.2,6,2021,0.0381
CA-2022-103738,CG-10136,FUR-TAB-10145,2022-12-21,1460.88,3,130.69,0.3,12,2022,0.0895
CA-2022-103739,CG-10056,FUR-BOO-10352,2023-07-19,1831.52,10,44.27,0.3,7,2023,0.0242
CA-2022-103740,CG-10191,OFF-BIN-10553,2021-03-26,1456.87,3,34.64,0.5,3,2021,0.0238
CA-2022-103741,CG-10725,FUR-TAB-10189,2021-02-14,395.83,1,97.6,0.0,2,2021,0.2466
CA-2022-103742,CG-10232,TEC-ACC-10503,2021-11-09,565.68,10,168.87,0.1,11,2021,0.2985
CA-2022-103743,CG-10119,TEC-MAC-10428,2023-02-09,1732.06,6,516.94,0.1,2,2023,0.2985
CA-2022-103744,CG-10692,TEC-PHO-10841,2023-09-24,724.41,5,199.87,0.4,9,2023,0.2759
CA-2022-103745,CG-10668,OFF-STO-10408,2022-01-03,283.72,10,-11.57,0.1,1,2022,-0.0408
CA-2022-103746,CG-10492,FUR-TAB-10280,2023-12-04,1950.97,4,-263.93,0.3,12,2023,-0.1353
CA-2022-103747,CG-10018,TEC-COP-10873,2023-09-21,608.15,7,91.54,0.1,9,2023,0.1505
CA-2022-103748,CG-10448,FUR-FUR-10974,2023-09-24,1141.36,7,370.86,0.0,9,2023,0.3249
CA-2022-103749,CG-10414,OFF-LAB-10544,2022-10-27,1074.63,5,-101.8,0.4,10,2022,-0.0947
CA-2022-103750,CG-10692,OFF-ENV-10638,2021-08-21,473.11,3,-11.43,0.0,8,2021,-0.0242
CA-2022-103751,CG-10054,TEC-COP-10580,2023-11-09,636.7,2,39.49,0.2,11,2023,0.062
CA-2022-103752,CG-10188,TEC-COP-10269,2023-08-07,222.96,6,47.98,0.3,8,2023,0.2152
CA-2022-103753,CG-10200,OFF-ENV-10142,2021-11-12,1319.61,10,304.77,0.3,11,2021,0.231
CA-2022-103754,CG-10146,FUR-TAB-10032,2023-08-07,257.43,4,25.82,0.0,8,2023,0.1003
CA-2022-103755,CG-10252,TEC-MAC-10573,2023-06-26,636.94,6,43.31,0.3,6,2023,0.068
CA-2022-103756,CG-10638,FUR-CHA-10536,2022-01-21,1988.56,2,98.5,0.1,1,2022,0.0495
CA-2022-103757,CG-10437,OFF-SUP-10477,2023-10-16,285.04,8,30.3,0.3,10,2023,0.1063
CA-2022-103758,CG-10616,TEC-ACC-10478,2022-06-16,790.82,10,6.81,0.2,6,2022,0.0086
CA-2022-103759,CG-10514,FUR-CHA-10181,2023-05-04,1844.62,7,79.85,0.2,5,2023,0.0433
CA-2022-103760,CG-10593,OFF-APP-10701,2023-03-08,173.39,9,48.2,0.2,3,2023,0.278
CA-2022-103761,CG-10141,FUR-CHA-10215,2021-06-13,285.39,3,1.35,0.0,6,2021,0.0047
CA-2022-103762,CG-10235,TEC-MAC-10510,2021-03-07,588.4,2,118.58,0.4,3,2021,0.2015
CA-2022-103763,CG-10027,OFF-STO-10245,2021-04-21,102.02,3,38.6,0.0,4,2021,0.3784
CA-2022-103764,CG-10213,OFF-PAP-10830,2022-06-10,626.06,5,-96.05,0.1,6,2022,-0.1534
CA-2022-103765,CG-10635,FUR-FUR-10558,2023-06-10,479.88,6,58.95,0.3,6,2023,0.1228
CA-2022-103766,CG-10513,FUR-BOO-10705,2022-02-26,1823.95,2,24.49,0.0,2,2022,0.0134
CA-2022-103767,CG-10461,FUR-FUR-10861,2021-09-02,231.02,6,-43.33,0.5,9,2021,-0.1876
CA-2022-103768,CG-10071,OFF-ENV-10819,2022-09-08,1653.19,8,318.16,0.3,9,2022,0.1925
CA-2022-103769,CG-10324,OFF-BIN-10989,2021-08-28,92.57,5,2.99,0.0,8,2021,0.0323
CA-2022-103770,CG-10196,TEC-MAC-10138,2023-01-31,435.31,2,121.97,0.0,1,2023,0.2802
CA-2022-103771,CG-10398,FUR-TAB-10177,2023-08-28,78.59,3,14.17,0.5,8,2023,0.1803
CA-2022-103772,CG-10424,TEC-COP-10042,2021-11-29,1037.43,9,96.66,0.0,11,2021,0.0932
CA-2022-103773,CG-10225,TEC-MAC-10423,2021-01-06,1470.54,2,290.9,0.4,1,2021,0.1978
CA-2022-103774,CG-10005,FUR-BOO-10183,2021-02-24,155.56,2,51.27,0.0,2,2021,0.3296
CA-2022-103775,CG-10392,FUR-BOO-10298,2022-04-28,1502.1,1,218.58,0.1,4,2022,0.1455
CA-2022-103776,CG-10269,OFF-STO-10787,2023-07-05,1673.23,1,-47.51,0.0,7,2023,-0.0284
CA-2022-103777,CG-10473,OFF-BIN-10970,2021-04-01,790.41,6,191.07,0.0,4,2021,0.2417
CA-2022-103778,CG-10348,FUR-FUR-10803,2021-02-10,1660.01,6,-178.89,0.0,2,2021,-0.1078
CA-2022-103779,CG-10784,TEC-MAC-10390,2021-11-13,1816.16,2,299.76,0.4,11,2021,0.1651
CA-2022-103780,CG-10284,OFF-FAS-10017,2023-08-15,1548.77,5,260.84,0.4,8,2023,0.1684
CA-2022-103781,CG-10500,FUR-CHA-10519,2022-03-10,1882.15,8,-160.32,0.2,3,2022,-0.0852
CA-2022-103782,CG-10789,FUR-TAB-10737,2021-10-29,1695.69,9,-112.05,0.1,10,2021,-0.0661
CA-2022-103783,CG-10472,OFF-ENV-10715,2021-04-01,691.2,2,66.55,0.5,4,2021,0.0963
CA-2022-103784,CG-10511,FUR-CHA-10980,2021-02-08,1200.93,2,-122.97,0.4,2,2021,-0.1024
CA-2022-103785,CG-10088,TEC-PHO-10692,2022-08-08,265.51,10,100.44,0.4,8,2022,0.3783
CA-2022-103786,CG-10112,FUR-CHA-10960,2023-10-28,747.37,6,-2.17,0.5,10,2023,-0.0029
CA-2022-103787,CG-10646,OFF-LAB-10732,2022-07-30,519.68,9,-98.78,0.3,7,2022,-0.1901
CA-2022-103788,CG-10464,OFF-STO-10234,2022-09-25,1236.12,3,301.5,0.4,9,2022,0.2439
CA-2022-103789,CG-10741,TEC-PHO-10591,2021-05-17,850.25,4,-147.49,0.4,5,2021,-0.1735
CA-2022-103790,CG-10793,FUR-CHA-10444,2023-12-30,1758.03,3,141.92,0.5,12,2023,0.0807
CA-2022-103791,CG-10393,FUR-BOO-10563,2021-08-26,872.98,7,145.29,0.0,8,2021,0.1664
CA-2022-103792,CG-10022,FUR-CHA-10707,2021-02-05,633.29,7,-43.3,0.2,2,2021,-0.0684
CA-2022-103793,CG-10528,FUR-CHA-10327,2022-06-21,1731.06,3,680.47,0.4,6,2022,0.3931
CA-2022-103794,CG-10286,OFF-SUP-10426,2023-06-04,508.18,6,141.86,0.2,6,2023,0.2792
CA-2022-103795,CG-10547,TEC-ACC-10377,2022-11-24,692.82,4,-134.06,0.0,11,2022,-0.1935
CA-2022-103796,CG-10238,TEC-ACC-10915,2022-06-05,586.79,2,61.13,0.0,6,2022,0.1042
CA-2022-103797,CG-10596,FUR-FUR-10961,2021-12-02,1692.87,8,-45.48,0.1,12,2021,-0.0269
CA-2022-103798,CG-10006,FUR-FUR-10987,2023-08-29,1798.22,8,358.35,0.5,8,2023,0.1993
CA-2022-103799,CG-10514,FUR-FUR-10811,2021-05-16,628.7,8,-85.95,0.2,5,2021,-0.1367
CA-2022-103800,CG-10261,FUR-CHA-10854,2021-07-04,485.21,3,-16.61,0.0,7,2021,-0.0342
CA-2022-103801,CG-10786,TEC-ACC-10660,2021-08-12,1324.4,9,196.19,0.0,8,2021,0.1481
CA-2022-103802,CG-10382,TEC-COP-10211,2022-08-15,761.06,9,42.44,0.2,8,2022,0.0558
CA-2022-103803,CG-10759,OFF-PAP-10886,2022-09-26,1769.08,10,-44.4,0.0,9,2022,-0.0251
CA-2022-103804,CG-10547,FUR-TAB-10138,2023-12-06,1687.21,7,89.82,0.3,12,2023,0.0532
CA-2022-103805,CG-10463,OFF-FAS-10712,2021-08-31,1462.01,10,346.82,0.0,8,2021,0.2372
CA-2022-103806,CG-10614,OFF-PAP-10708,2022-08-31,1469.34,6,96.08,0.5,8,2022,0.0654
CA-2022-103807,CG-10486,TEC-PHO-10478,2021-03-22,643.03,7,-54.47,0.0,3,2021,-0.0847
CA-2022-103808,CG-10053,OFF-STO-10267,2021-12-26,1002.53,9,290.29,0.4,12,2021,0.2896
CA-2022-103809,CG-10003,FUR-BOO-10818,2021-11-15,1946.37,4,-311.37,0.0,11,2021,-0.16
CA-2022-103810,CG-10407,TEC-PHO-10510,2021-12-03,1553.7,3,0.31,0.3,12,2021,0.0002
CA-2022-103811,CG-10701,FUR-FUR-10230,2021-05-21,1392.98,10,70.29,0.0,5,2021,0.0505
CA-2022-103812,CG-10554,OFF-APP-10720,2021-06-11,1655.01,5,-327.97,0.5,6,2021,-0.1982
CA-2022-103813,CG-10432,FUR-BOO-10106,2023-12-19,639.23,10,-35.95,0.4,12,2023,-0.0562
CA-2022-103814,CG-10058,FUR-FUR-10381,2023-07-22,539.33,9,-54.81,0.4,7,2023,-0.1016
CA-2022-103815,CG-10475,OFF-PAP-10733,2021-05-07,1357.06,10,144.51,0.0,5,2021,0.1065
CA-2022-103816,CG-10107,OFF-STO-10320,2023-11-23,1220.4,1,-117.79,0.0,11,2023,-0.0965
CA-2022-103817,CG-10494,FUR-BOO-10855,2023-02-28,1737.41,2,-99.46,0.5,2,2023,-0.0572
CA-2022-103818,CG-10372,OFF-APP-10357,2022-11-03,1615.07,3,509.76,0.1,11,2022,0.3156
CA-2022-103819,CG-10732,OFF-FAS-10055,2022-02-01,1383.61,7,-83.55,0.1,2,2022,-0.0604
CA-2022-103820,CG-10423,OFF-APP-10020,2022-03-04,366.92,6,-59.23,0.0,3,2022,-0.1614
CA-2022-103821,CG-10212,TEC-COP-10280,2023-05-25,1618.12,8,168.87,0.5,5,2023,0.1044
CA-2022-103822,CG-10584,TEC-COP-10752,2022-07-17,1172.12,6,8.98,0.1,7,2022,0.0077
CA-2022-103823,CG-10652,FUR-BOO-10148,2021-03-22,1877.07,10,301.51,0.0,3,2021,0.1606
CA-2022-103824,CG-10784,FUR-CHA-10728,2021-03-12,1240.28,10,396.11,0.0,3,2021,0.3194
CA-2022-103825,CG-10244,TEC-PHO-10837,2021-11-21,44.21,1,17.52,0.0,11,2021,0.3963
CA-2022-103826,CG-10113,FUR-BOO-10587,2022-03-27,1743.66,7,163.48,0.3,3,2022,0.0938
CA-2022-103827,CG-10177,FUR-TAB-10933,2023-11-13,1490.53,4,492.29,0.0,11,2023,0.3303
CA-2022-103828,CG-10125,TEC-ACC-10503,2022-07-04,240.72,8,23.14,0.0,7,2022,0.0961
CA-2022-103829,CG-10578,FUR-CHA-10211,2023-08-26,1229.75,3,-77.43,0.1,8,2023,-0.063
CA-2022-103830,CG-10362,OFF-BIN-10588,2022-12-23,343.46,9,79.59,0.5,12,2022,0.2317
CA-2022-103831,CG-10079,FUR-BOO-10395,2023-07-04,997.89,7,118.86,0.0,7,2023,0.1191
CA-2022-103832,CG-10657,FUR-CHA-10899,2023-03-31,757.04,10,-149.63,0.5,3,2023,-0.1977
CA-2022-103833,CG-10463,FUR-TAB-10162,2022-03-22,1916.42,5,601.08,0.0,3,2022,0.3136
CA-2022-103834,CG-10488,OFF-STO-10476,2022-08-25,1998.43,9,729.1,0.5,8,2022,0.3648
CA-2022-103835,CG-10469,TEC-PHO-10395,2023-06-26,631.25,5,-96.72,0.2,6,2023,-0.1532
CA-2022-103836,CG-10678,OFF-ART-10121,2022-12-18,361.42,4,-14.15,0.0,12,2022,-0.0392
CA-2022-103837,CG-10505,TEC-MAC-10684,2022-10-16,1509.45,10,135.39,0.5,10,2022,0.0897
CA-2022-103838,CG-10191,FUR-FUR-10454,2023-05-18,699.09,1,156.28,0.0,5,2023,0.2235
CA-2022-103839,CG-10176,OFF-APP-10330,2023-09-02,570.69,5,32.98,0.0,9,2023,0.0578
CA-2022-103840,CG-10741,OFF-SUP-10175,2021-10-01,112.15,9,11.8,0.0,10,2021,0.1052
CA-2022-103841,CG-10650,TEC-ACC-10216,2022-12-31,1255.97,1,327.03,0.2,12,2022,0.2604
CA-2022-103842,CG-10023,TEC-ACC-10612,2023-10-01,1559.31,3,-155.13,0.0,10,2023,-0.0995
CA-2022-103843,CG-10216,FUR-BOO-10860,2023-08-08,1951.83,10,-0.44,0.1,8,2023,-0.0002
CA-2022-103844,CG-10790,OFF-LAB-10050,2021-01-10,1301.11,8,-250.43,0.0,1,2021,-0.1925
CA-2022-103845,CG-10690,TEC-MAC-10086,2021-10-31,768.64,9,225.29,0.3,10,2021,0.2931
CA-2022-103846,CG-10706,FUR-TAB-10797,2023-11-11,1833.61,1,693.53,0.0,11,2023,0.3782
CA-2022-103847,CG-10713,FUR-BOO-10772,2021-05-08,817.45,9,-41.8,0.5,5,2021,-0.0511
CA-2022-103848,CG-10577,FUR-BOO-10643,2023-05-23,565.78,4,144.86,0.2,5,2023,0.256
CA-2022-103849,CG-10496,FUR-BOO-10052,2022-10-02,1722.17,10,351.14,0.3,10,2022,0.2039
CA-2022-103850,CG-10411,OFF-STO-10640,2021-06-20,1291.98,1,25.71,0.1,6,2021,0.0199
CA-2022-103851,CG-10430,FUR-TAB-10682,2022-06-29,1915.75,2,-14.71,0.3,6,2022,-0.0077
CA-2022-103852,CG-10115,TEC-COP-10626,2021-04-26,228.73,6,-25.74,0.2,4,2021,-0.1125
CA-2022-103853,CG-10238,TEC-PHO-10561,2021-10-30,1422.83,6,-184.18,0.3,10,2021,-0.1294
CA-2022-103854,CG-10716,OFF-BIN-10845,2021-06-30,1580.15,5,623.73,0.0,6,2021,0.3947
CA-2022-103855,CG-10355,FUR-FUR-10082,2022-05-23,337.61,5,-19.88,0.2,5,2022,-0.0589
CA-2022-103856,CG-10612,TEC-PHO-10593,2023-09-25,1311.31,6,-211.07,0.3,9,2023,-0.161
CA-2022-103857,CG-10631,FUR-TAB-10034,2022-07-07,1208.87,5,-221.02,0.1,7,2022,-0.1828
CA-2022-103858,CG-10087,OFF-ENV-10818,2023-04-01,1086.46,10,-94.6,0.1,4,2023,-0.0871
CA-2022-103859,CG-10671,OFF-LAB-10061,2022-05-02,105.89,6,0.22,0.0,5,2022,0.0021
CA-2022-103860,CG-10333,OFF-STO-10336,2021-04-28,218.07,10,4.74,0.4,4,2021,0.0217
CA-2022-103861,CG-10537,TEC-COP-10262,2022-08-16,550.35,6,86.06,0.1,8,2022,0.1564
CA-2022-103862,CG-10007,FUR-BOO-10721,2023-08-05,220.93,3,24.37,0.4,8,2023,0.1103
CA-2022-103863,CG-10023,TEC-ACC-10756,2021-12-27,171.04,8,30.26,0.0,12,2021,0.1769
CA-2022-103864,CG-10169,FUR-TAB-10903,2021-12-20,677.48,9,-101.0,0.0,12,2021,-0.1491
CA-2022-103865,CG-10445,FUR-CHA-10823,2023-07-11,1720.72,5,-72.35,0.0,7,2023,-0.042
CA-2022-103866,CG-10558,TEC-COP-10089,2023-04-23,998.94,3,-45.98,0.3,4,2023,-0.046
CA-2022-103867,CG-10675,OFF-STO-10342,2022-06-05,1708.98,10,653.15,0.0,6,2022,0.3822
CA-2022-103868,CG-10431,TEC-MAC-10836,2022-09-30,1147.22,3,-129.86,0.3,9,2022,-0.1132
CA-2022-103869,CG-10262,TEC-ACC-10106,2021-04-09,1802.35,7,165.17,0.4,4,2021,0.0916
CA-2022-103870,CG-10284,OFF-PAP-10446,2023-10-09,814.72,6,-112.85,0.0,10,2023,-0.1385
CA-2022-103871,CG-10122,OFF-LAB-10877,2023-05-14,1028.04,2,406.15,0.0,5,2023,0.3951
CA-2022-103872,CG-10177,TEC-ACC-10857,2023-01-04,1808.29,1,138.64,0.0,1,2023,0.0767
CA-2022-103873,CG-10084,FUR-FUR-10661,2021-07-21,677.58,5,199.92,0.0,7,2021,0.2951
CA-2022-103874,CG-10482,FUR-CHA-10557,2021-04-16,655.35,4,-22.78,0.0,4,2021,-0.0348
CA-2022-103875,CG-10331,TEC-MAC-10347,2022-03-27,235.25,2,9.92,0.3,3,2022,0.0422
CA-2022-103876,CG-10113,TEC-PHO-10259,2023-11-09,1090.42,4,29.68,0.1,11,2023,0.0272
CA-2022-103877,CG-10135,TEC-COP-10477,2021-05-10,774.16,10,178.98,0.1,5,2021,0.2312
CA-2022-103878,CG-10137,FUR-TAB-10557,2021-06-21,1404.56,6,131.49,0.3,6,2021,0.0936
CA-2022-103879,CG-10607,FUR-TAB-10644,2022-08-18,1711.21,2,248.17,0.5,8,2022,0.145
CA-2022-103880,CG-10462,OFF-FAS-10044,2023-03-07,1512.86,7,9.52,0.0,3,2023,0.0063
CA-2022-103881,CG-10213,OFF-ENV-10182,2023-09-10,544.1,8,15.44,0.3,9,2023,0.0284
CA-2022-103882,CG-10753,FUR-FUR-10641,2021-07-07,1982.75,5,778.88,0.1,7,2021,0.3928
CA-2022-103883,CG-10630,FUR-CHA-10431,2021-05-16,640.3,10,41.72,0.0,5,2021,0.0652
CA-2022-103884,CG-10076,OFF-APP-10031,2021-09-15,1272.41,2,126.22,0.0,9,2021,0.0992
CA-2022-103885,CG-10396,OFF-FAS-10091,2021-03-15,1643.23,3,-21.68,0.0,3,2021,-0.0132
CA-2022-103886,CG-10587,FUR-BOO-10348,2022-03-08,1374.43,3,103.94,0.0,3,2022,0.0756
CA-2022-103887,CG-10612,FUR-BOO-10484,2022-07-03,1092.15,1,288.08,0.5,7,2022,0.2638
CA-2022-103888,CG-10262,OFF-APP-10350,2022-03-13,711.49,10,94.26,0.0,3,2022,0.1325
CA-2022-103889,CG-10695,FUR-BOO-10148,2023-07-18,1168.11,2,51.08,0.0,7,2023,0.0437
CA-2022-103890,CG-10548,FUR-BOO-10796,2022-07-10,1150.23,5,83.34,0.2,7,2022,0.0725
CA-2022-103891,CG-10474,TEC-MAC-10262,2022-09-09,169.95,5,-21.95,0.0,9,2022,-0.1292
CA-2022-103892,CG-10451,OFF-LAB-10964,2023-09-10,446.64,10,-17.02,0.0,9,2023,-0.0381
CA-2022-103893,CG-10212,FUR-TAB-10451,2022-12-22,535.22,3,125.58,0.3,12,2022,0.2346
CA-2022-103894,CG-10261,TEC-ACC-10731,2021-05-04,1925.46,8,-106.44,0.0,5,2021,-0.0553
CA-2022-103895,CG-10529,OFF-BIN-10904,2021-08-26,1202.75,10,155.64,0.1,8,2021,0.1294
CA-2022-103896,CG-10037,OFF-LAB-10701,2023-06-26,1248.59,5,4.79,0.3,6,2023,0.0038
CA-2022-103897,CG-10164,OFF-FAS-10691,2021-09-30,1938.68,6,507.42,0.4,9,2021,0.2617
CA-2022-103898,CG-10419,TEC-ACC-10351,2022-09-27,1637.86,2,-63.09,0.2,9,2022,-0.0385
CA-2022-103899,CG-10332,TEC-PHO-10671,2021-05-23,526.59,4,66.59,0.1,5,2021,0.1265
CA-2022-103900,CG-10054,FUR-CHA-10024,2023-12-04,1920.69,5,-148.5,0.0,12,2023,-0.0773
CA-2022-103901,CG-10436,TEC-ACC-10891,2022-01-15,1427.38,3,465.59,0.2,1,2022,0.3262
CA-2022-103902,CG-10682,FUR-TAB-10226,2021-12-04,1417.9,8,-232.22,0.2,12,2021,-0.1638
CA-2022-103903,CG-10144,TEC-MAC-10053,2023-04-19,737.04,10,114.05,0.3,4,2023,0.1547
CA-2022-103904,CG-10439,FUR-BOO-10486,2022-03-31,1372.3,4,325.67,0.4,3,2022,0.2373
CA-2022-103905,CG-10122,OFF-FAS-10975,2022-09-04,55.51,2,6.05,0.2,9,2022,0.109
CA-2022-103906,CG-10166,TEC-COP-10900,2022-01-05,1780.58,6,-13.96,0.3,1,2022,-0.0078
CA-2022-103907,CG-10361,OFF-LAB-10473,2021-11-12,1649.35,10,460.29,0.2,11,2021,0.2791
CA-2022-103908,CG-10100,FUR-BOO-10963,2022-02-13,308.06,9,100.39,0.4,2,2022,0.3259
CA-2022-103909,CG-10676,TEC-ACC-10888,2023-12-22,577.34,5,-104.39,0.1,12,2023,-0.1808
CA-2022-103910,CG-10722,FUR-FUR-10054,2022-04-24,895.88,8,87.76,0.0,4,2022,0.098
CA-2022-103911,CG-10048,TEC-MAC-10960,2021-01-10,1144.55,4,96.38,0.5,1,2021,0.0842
CA-2022-103912,CG-10315,TEC-PHO-10006,2023-01-05,537.82,5,61.11,0.5,1,2023,0.1136
CA-2022-103913,CG-10624,TEC-COP-10957,2023-09-27,1157.0,6,-6.99,0.0,9,2023,-0.006
CA-2022-103914,CG-10715,FUR-FUR-10011,2021-03-11,135.5,9,27.72,0.2,3,2021,0.2046
CA-2022-103915,CG-10670,TEC-MAC-10478,2023-08-23,1285.84,2,-178.11,0.2,8,2023,-0.1385
CA-2022-103916,CG-10752,OFF-PAP-10210,2022-07-24,872.52,4,-27.96,0.5,7,2022,-0.032
CA-2022-103917,CG-10530,OFF-STO-10072,2023-02-13,480.74,2,-68.92,0.0,2,2023,-0.1434
CA-2022-103918,CG-10279,FUR-FUR-10089,2023-12-06,608.6,9,-6.87,0.0,12,2023,-0.0113
CA-2022-103919,CG-10585,FUR-CHA-10086,2021-02-25,1319.47,9,285.24,0.1,2,2021,0.2162
CA-2022-103920,CG-10320,TEC-ACC-10602,2021-04-04,172.51,8,13.88,0.2,4,2021,0.0805
CA-2022-103921,CG-10268,FUR-TAB-10767,2023-10-23,380.33,2,-17.29,0.0,10,2023,-0.0455
CA-2022-103922,CG-10419,FUR-TAB-10182,2023-08-03,1291.08,6,-49.66,0.5,8,2023,-0.0385
CA-2022-103923,CG-10408,OFF-PAP-10943,2021-05-05,778.48,2,229.13,0.3,5,2021,0.2943
CA-2022-103924,CG-10026,OFF-ART-10847,2023-07-30,271.77,4,63.08,0.0,7,2023,0.2321
CA-2022-103925,CG-10704,TEC-MAC-10717,2022-12-19,1168.52,6,151.16,0.0,12,2022,0.1294
CA-2022-103926,CG-10429,TEC-PHO-10632,2021-10-11,613.29,1,43.2,0.0,10,2021,0.0704
CA-2022-103927,CG-10240,FUR-BOO-10915,2023-07-27,119.91,5,-0.51,0.5,7,2023,-0.0043
CA-2022-103928,CG-10011,FUR-FUR-10608,2021-02-13,1542.85,3,324.11,0.1,2,2021,0.2101
CA-2022-103929,CG-10321,TEC-PHO-10152,2023-05-13,968.63,9,170.01,0.0,5,2023,0.1755
CA-2022-103930,CG-10549,FUR-CHA-10170,2021-09-19,1099.72,7,-84.81,0.0,9,2021,-0.0771
CA-2022-103931,CG-10569,FUR-TAB-10775,2022-09-17,284.99,2,88.29,0.4,9,2022,0.3098
CA-2022-103932,CG-10435,TEC-MAC-10083,2021-12-08,336.52,4,-31.68,0.0,12,2021,-0.0941
CA-2022-103933,CG-10770,TEC-PHO-10082,2023-11-09,401.65,2,74.67,0.1,11,2023,0.1859
CA-2022-103934,CG-10731,OFF-ENV-10821,2023-01-02,610.82,8,-65.6,0.0,1,2023,-0.1074
CA-2022-103935,CG-10259,OFF-ART-10802,2021-12-25,693.04,8,-125.37,0.1,12,2021,-0.1809
CA-2022-103936,CG-10002,OFF-BIN-10764,2021-10-25,110.28,1,21.53,0.4,10,2021,0.1952
CA-2022-103937,CG-10744,OFF-PAP-10231,2023-01-15,717.9,9,246.16,0.5,1,2023,0.3429
CA-2022-103938,CG-10691,OFF-BIN-10695,2023-10-25,1002.65,10,-89.63,0.0,10,2023,-0.0894
CA-2022-103939,CG-10472,OFF-STO-10553,2021-12-12,1878.83,9,-202.85,0.0,12,2021,-0.108
CA-2022-103940,CG-10460,TEC-MAC-10080,2021-11-21,531.74,3,-1.79,0.5,11,2021,-0.0034
CA-2022-103941,CG-10470,TEC-PHO-10044,2021-05-11,897.95,6,194.07,0.3,5,2021,0.2161
CA-2022-103942,CG-10127,OFF-APP-10531,2022-09-01,1386.39,10,376.12,0.0,9,2022,0.2713
CA-2022-103943,CG-10009,TEC-PHO-10919,2022-04-27,1622.09,5,-111.17,0.0,4,2022,-0.0685
CA-2022-103944,CG-10056,OFF-STO-10275,2022-10-18,632.83,1,107.72,0.1,10,2022,0.1702
CA-2022-103945,CG-10793,FUR-TAB-10789,2023-06-23,447.89,3,124.33,0.3,6,2023,0.2776
CA-2022-103946,CG-10657,TEC-COP-10636,2023-01-18,1697.04,10,-106.97,0.5,1,2023,-0.063
CA-2022-103947,CG-10283,FUR-TAB-10929,2023-03-23,1749.71,2,90.51,0.0,3,2023,0.0517
CA-2022-103948,CG-10040,FUR-CHA-10867,2023-03-05,144.13,10,18.33,0.2,3,2023,0.1272
CA-2022-103949,CG-10684,OFF-APP-10909,2021-05-12,1095.96,2,-149.63,0.0,5,2021,-0.1365
CA-2022-103950,CG-10179,FUR-CHA-10949,2021-07-29,1496.32,9,-177.55,0.5,7,2021,-0.1187
CA-2022-103951,CG-10247,OFF-ENV-10294,2021-11-21,1377.62,3,368.03,0.5,11,2021,0.2671
CA-2022-103952,CG-10596,TEC-COP-10112,2023-02-25,475.38,3,36.7,0.4,2,2023,0.0772
CA-2022-103953,CG-10653,TEC-MAC-10811,2023-04-15,711.55,5,249.84,0.4,4,2023,0.3511
CA-2022-103954,CG-10774,FUR-BOO-10781,2023-12-30,1564.77,10,-224.84,0.5,12,2023,-0.1437
CA-2022-103955,CG-10087,OFF-BIN-10553,2023-03-09,48.69,4,16.97,0.0,3,2023,0.3485
CA-2022-103956,CG-10695,FUR-TAB-10325,2023-04-17,958.43,5,145.78,0.0,4,2023,0.1521
CA-2022-103957,CG-10664,TEC-PHO-10743,2022-02-12,1253.72,3,106.37,0.0,2,2022,0.0848
CA-2022-103958,CG-10693,OFF-PAP-10319,2021-11-25,1042.2,8,-26.99,0.0,11,2021,-0.0259
CA-2022-103959,CG-10697,OFF-FAS-10439,2023-03-05,1141.22,10,-142.2,0.2,3,2023,-0.1246
CA-2022-103960,CG-10030,TEC-ACC-10614,2022-01-27,757.91,9,-7.36,0.0,1,2022,-0.0097
CA-2022-103961,CG-10374,FUR-CHA-10983,2021-12-27,1885.72,7,-19.53,0.1,12,2021,-0.0104
CA-2022-103962,CG-10133,FUR-TAB-10498,2022-10-27,1676.47,2,-142.17,0.1,10,2022,-0.0848
CA-2022-103963,CG-10059,FUR-TAB-10576,2023-10-22,65.84,2,0.85,0.0,10,2023,0.0129
CA-2022-103964,CG-10674,TEC-ACC-10026,2023-10-22,1302.97,3,115.81,0.2,10,2023,0.0889
CA-2022-103965,CG-10358,FUR-FUR-10543,2021-12-14,1494.02,1,486.05,0.1,12,2021,0.3253
CA-2022-103966,CG-10638,OFF-STO-10636,2023-02-19,1131.09,2,325.63,0.2,2,2023,0.2879
CA-2022-103967,CG-10552,OFF-ENV-10710,2022-05-27,1030.55,2,-181.87,0.2,5,2022,-0.1765
CA-2022-103968,CG-10168,FUR-CHA-10048,2021-04-07,928.98,3,208.74,0.5,4,2021,0.2247
CA-2022-103969,CG-10381,FUR-BOO-10951,2022-05-24,1625.41,3,609.95,0.0,5,2022,0.3753
CA-2022-103970,CG-10257,TEC-PHO-10633,2022-05-22,36.59,10,4.67,0.3,5,2022,0.1276
CA-2022-103971,CG-10206,OFF-PAP-10414,2023-12-02,1131.44,8,380.57,0.3,12,2023,0.3364
CA-2022-103972,CG-10173,OFF-APP-10280,2021-01-27,1392.12,1,-104.17,0.5,1,2021,-0.0748
CA-2022-103973,CG-10609,FUR-TAB-10019,2023-03-31,578.56,6,-28.64,0.2,3,2023,-0.0495
CA-2022-103974,CG-10335,OFF-SUP-10138,2022-07-30,608.5,5,173.26,0.0,7,2022,0.2847
CA-2022-103975,CG-10553,FUR-BOO-10401,2021-05-12,1329.72,5,-114.85,0.4,5,2021,-0.0864
CA-2022-103976,CG-10082,OFF-LAB-10554,2022-06-23,681.19,2,16.86,0.5,6,2022,0.0248
CA-2022-103977,CG-10106,OFF-ENV-10540,2023-03-25,1849.33,2,125.97,0.2,3,2023,0.0681
CA-2022-103978,CG-10551,TEC-COP-10527,2023-01-08,1016.21,6,338.02,0.1,1,2023,0.3326
CA-2022-103979,CG-10722,FUR-FUR-10655,2022-11-07,218.73,9,-6.23,0.5,11,2022,-0.0285
CA-2022-103980,CG-10533,TEC-MAC-10565,2022-08-24,928.14,8,-172.63,0.5,8,2022,-0.186
CA-2022-103981,CG-10170,TEC-ACC-10997,2022-10-02,1584.78,7,398.85,0.2,10,2022,0.2517
CA-2022-103982,CG-10392,TEC-MAC-10552,2023-05-23,309.17,8,107.63,0.0,5,2023,0.3481
CA-2022-103983,CG-10407,OFF-ART-10954,2023-07-12,1179.89,1,159.23,0.0,7,2023,0.135
CA-2022-103984,CG-10496,OFF-LAB-10527,2023-03-30,809.65,5,256.86,0.1,3,2023,0.3172
CA-2022-103985,CG-10292,FUR-TAB-10513,2022-04-10,186.91,10,35.61,0.1,4,2022,0.1905
CA-2022-103986,CG-10714,FUR-CHA-10021,2023-03-18,875.2,4,87.52,0.2,3,2023,0.1
CA-2022-103987,CG-10477,TEC-PHO-10815,2021-01-01,48.97,3,1.93,0.4,1,2021,0.0394
CA-2022-103988,CG-10749,OFF-STO-10776,2023-03-13,1907.25,8,14.14,0.4,3,2023,0.0074
CA-2022-103989,CG-10492,FUR-TAB-10929,2021-08-27,1913.7,6,141.43,0.1,8,2021,0.0739
CA-2022-103990,CG-10685,OFF-ART-10449,2022-08-15,1216.01,4,143.87,0.1,8,2022,0.1183
CA-2022-103991,CG-10499,OFF-APP-10097,2023-03-23,1083.06,5,-44.19,0.4,3,2023,-0.0408
CA-2022-103992,CG-10177,FUR-TAB-10859,2021-08-25,644.52,4,102.56,0.2,8,2021,0.1591
CA-2022-103993,CG-10711,TEC-ACC-10940,2023-07-16,218.13,2,-6.95,0.4,7,2023,-0.0319
CA-2022-103994,CG-10712,TEC-COP-10943,2022-01-30,270.02,9,-48.8,0.4,1,2022,-0.1807
CA-2022-103995,CG-10132,TEC-PHO-10242,2021-05-20,142.1,10,-6.04,0.0,5,2021,-0.0425
CA-2022-103996,CG-10262,FUR-FUR-10266,2023-01-18,1142.86,8,2.33,0.0,1,2023,0.002
CA-2022-103997,CG-10074,FUR-CHA-10868,2021-01-10,84.77,4,-16.87,0.5,1,2021,-0.199
CA-2022-103998,CG-10623,FUR-CHA-10919,2021-10-17,1610.94,1,-45.46,0.0,10,2021,-0.0282
CA-2022-103999,CG-10145,TEC-MAC-10826,2023-06-03,606.17,6,136.12,0.3,6,2023,0.2246
CA-2022-104000,CG-10634,OFF-STO-10476,2023-08-01,45.2,7,-3.21,0.5,8,2023,-0.071
CA-2022-104001,CG-10575,OFF-APP-10084,2023-11-24,990.02,4,252.7,0.3,11,2023,0.2552
CA-2022-104002,CG-10714,OFF-ART-10473,2021-04-22,934.64,1,-15.23,0.0,4,2021,-0.0163
CA-2022-104003,CG-10159,FUR-BOO-10059,2022-12-04,1096.87,8,-77.22,0.2,12,2022,-0.0704
CA-2022-104004,CG-10266,FUR-BOO-10949,2023-12-21,916.37,3,287.84,0.1,12,2023,0.3141
CA-2022-104005,CG-10554,FUR-TAB-10598,2023-12-22,1589.96,6,539.8,0.2,12,2023,0.3395
CA-2022-104006,CG-10372,FUR-CHA-10837,2021-09-05,1863.07,5,-130.74,0.2,9,2021,-0.0702
CA-2022-104007,CG-10413,TEC-ACC-10382,2022-06-05,1330.58,7,-222.33,0.0,6,2022,-0.1671
CA-2022-104008,CG-10478,TEC-MAC-10319,2021-11-15,709.57,8,24.19,0.5,11,2021,0.0341
CA-2022-104009,CG-10133,TEC-ACC-10140,2023-10-10,689.14,2,-77.28,0.1,10,2023,-0.1121
CA-2022-104010,CG-10281,FUR-CHA-10185,2023-05-20,125.46,6,-10.72,0.0,5,2023,-0.0854
CA-2022-104011,CG-10051,FUR-TAB-10728,2022-10-14,1763.56,8,-225.52,0.1,10,2022,-0.1279
CA-2022-104012,CG-10204,OFF-ART-10222,2022-04-15,1840.55,6,-142.73,0.3,4,2022,-0.0775
CA-2022-104013,CG-10364,TEC-COP-10353,2022-10-18,718.52,3,236.74,0.5,10,2022,0.3295
CA-2022-104014,CG-10540,TEC-COP-10652,2022-03-25,66.78,4,16.82,0.5,3,2022,0.2519
CA-2022-104015,CG-10324,TEC-ACC-10970,2023-04-17,940.25,2,71.45,0.0,4,2023,0.076
CA-2022-104016,CG-10773,OFF-ENV-10568,2021-07-18,992.52,5,136.41,0.0,7,2021,0.1374
CA-2022-104017,CG-10008,TEC-PHO-10657,2021-05-12,153.1,9,45.98,0.5,5,2021,0.3003
CA-2022-104018,CG-10654,OFF-FAS-10427,2021-12-12,1747.64,3,59.78,0.0,12,2021,0.0342
CA-2022-104019,CG-10752,FUR-BOO-10085,2022-06-29,674.06,3,219.6,0.4,6,2022,0.3258
CA-2022-104020,CG-10252,TEC-PHO-10123,2021-09-26,502.09,8,-90.73,0.0,9,2021,-0.1807
CA-2022-104021,CG-10209,FUR-CHA-10661,2022-02-20,605.61,10,-3.16,0.0,2,2022,-0.0052
CA-2022-104022,CG-10016,OFF-FAS-10547,2022-03-06,1627.9,2,418.62,0.4,3,2022,0.2572
CA-2022-104023,CG-10227,OFF-LAB-10003,2022-10-17,1844.91,6,-248.05,0.1,10,2022,-0.1345
CA-2022-104024,CG-10350,TEC-COP-10260,2022-01-31,1647.94,4,314.38,0.3,1,2022,0.1908
CA-2022-104025,CG-10194,OFF-STO-10566,2023-02-27,268.49,10,-22.79,0.2,2,2023,-0.0849
CA-2022-104026,CG-10682,FUR-FUR-10055,2021-10-01,54.86,8,13.04,0.2,10,2021,0.2377
CA-2022-104027,CG-10433,FUR-TAB-10181,2023-06-28,972.1,7,-118.81,0.0,6,2023,-0.1222
CA-2022-104028,CG-10415,TEC-ACC-10066,2022-08-05,1805.52,6,410.39,0.0,8,2022,0.2273
CA-2022-104029,CG-10105,FUR-TAB-10171,2021-01-31,425.11,5,-34.03,0.2,1,2021,-0.08
CA-2022-104030,CG-10579,OFF-ENV-10532,2022-07-07,1624.4,8,4.17,0.1,7,2022,0.0026
CA-2022-104031,CG-10458,TEC-ACC-10197,2021-12-06,1796.68,4,-331.02,0.3,12,2021,-0.1842
CA-2022-104032,CG-10703,TEC-MAC-10166,2023-10-05,230.26,8,0.85,0.0,10,2023,0.0037
CA-2022-104033,CG-10136,FUR-TAB-10655,2021-04-03,1470.53,1,-104.59,0.0,4,2021,-0.0711
CA-2022-104034,CG-10099,TEC-MAC-10556,2023-02-03,1688.44,6,466.52,0.0,2,2023,0.2763
CA-2022-104035,CG-10748,OFF-FAS-10555,2023-05-01,566.85,4,183.01,0.4,5,2023,0.3229
CA-2022-104036,CG-10253,OFF-STO-10509,2022-03-27,1290.12,5,362.25,0.2,3,2022,0.2808
CA-2022-104037,CG-10111,OFF-ENV-10833,2022-10-01,1777.63,9,-260.88,0.1,10,2022,-0.1468
CA-2022-104038,CG-10620,FUR-CHA-10682,2021-06-17,684.95,2,72.87,0.4,6,2021,0.1064
CA-2022-104039,CG-10406,FUR-CHA-10700,2022-06-18,1887.76,7,350.74,0.3,6,2022,0.1858
CA-2022-104040,CG-10266,TEC-MAC-10226,2021-02-05,719.37,4,-100.12,0.3,2,2021,-0.1392
CA-2022-104041,CG-10053,TEC-MAC-10350,2023-05-15,668.13,6,-71.55,0.0,5,2023,-0.1071
CA-2022-104042,CG-10235,OFF-PAP-10391,2023-04-17,1639.96,7,-162.91,0.0,4,2023,-0.0993
CA-2022-104043,CG-10293,TEC-COP-10771,2022-02-24,1178.3,6,363.65,0.0,2,2022,0.3086
CA-2022-104044,CG-10458,TEC-ACC-10853,2021-04-08,1869.41,2,413.28,0.0,4,2021,0.2211
CA-2022-104045,CG-10631,OFF-BIN-10403,2021-09-26,920.45,9,354.74,0.0,9,2021,0.3854
CA-2022-104046,CG-10233,TEC-COP-10274,2021-06-18,1432.74,8,326.81,0.0,6,2021,0.2281
CA-2022-104047,CG-10672,OFF-APP-10399,2021-06-08,138.53,10,31.96,0.2,6,2021,0.2307
CA-2022-104048,CG-10170,OFF-ART-10665,2021-10-18,627.49,5,-94.67,0.3,10,2021,-0.1509
CA-2022-104049,CG-10569,FUR-CHA-10661,2021-04-12,479.44,8,-31.51,0.2,4,2021,-0.0657
CA-2022-104050,CG-10265,FUR-BOO-10922,2023-04-04,1669.92,2,209.15,0.0,4,2023,0.1252
CA-2022-104051,CG-10447,OFF-BIN-10755,2021-07-25,676.54,9,-132.11,0.0,7,2021,-0.1953
CA-2022-104052,CG-10227,OFF-PAP-10407,2021-02-07,651.17,1,-24.41,0.4,2,2021,-0.0375
CA-2022-104053,CG-10082,TEC-PHO-10035,2023-05-08,1932.41,9,-298.52,0.2,5,2023,-0.1545
CA-2022-104054,CG-10142,TEC-ACC-10091,2023-10-21,1415.04,3,-161.43,0.5,10,2023,-0.1141
CA-2022-104055,CG-10509,FUR-FUR-10987,2021-04-29,647.44,2,-66.67,0.4,4,2021,-0.103
CA-2022-104056,CG-10526,TEC-PHO-10739,2023-06-01,829.6,5,119.47,0.4,6,2023,0.144
CA-2022-104057,CG-10539,FUR-FUR-10314,2023-05-16,683.75,7,265.12,0.5,5,2023,0.3877
CA-2022-104058,CG-10128,OFF-ENV-10114,2022-03-18,426.34,4,153.18,0.4,3,2022,0.3593
CA-2022-104059,CG-10754,OFF-PAP-10081,2022-08-08,1736.16,4,210.14,0.4,8,2022,0.121
CA-2022-104060,CG-10119,FUR-FUR-10345,2022-10-22,1761.82,1,-51.2,0.5,10,2022,-0.0291
CA-2022-104061,CG-10213,OFF-FAS-10215,2022-10-13,785.77,7,27.07,0.1,10,2022,0.0345
CA-2022-104062,CG-10658,OFF-ART-10510,2021-07-18,469.51,10,160.68,0.0,7,2021,0.3422
CA-2022-104063,CG-10725,FUR-CHA-10183,2021-12-24,409.76,8,100.02,0.1,12,2021,0.2441
CA-2022-104064,CG-10328,FUR-TAB-10050,2021-11-13,145.18,4,-27.77,0.5,11,2021,-0.1913
CA-2022-104065,CG-10421,OFF-APP-10559,2021-06-10,1964.12,10,241.85,0.0,6,2021,0.1231
CA-2022-104066,CG-10255,OFF-SUP-10765,2022-04-05,484.79,1,110.8,0.0,4,2022,0.2286
CA-2022-104067,CG-10078,FUR-FUR-10927,2021-05-24,1441.64,1,143.25,0.2,5,2021,0.0994
CA-2022-104068,CG-10677,TEC-MAC-10065,2021-08-09,231.3,2,8.97,0.0,8,2021,0.0388
CA-2022-104069,CG-10042,TEC-COP-10940,2023-10-31,1426.92,6,266.19,0.1,10,2023,0.1865
CA-2022-104070,CG-10531,OFF-ART-10273,2022-04-16,1457.38,3,-29.15,0.5,4,2022,-0.02
CA-2022-104071,CG-10298,FUR-TAB-10826,2022-09-21,1881.13,5,6.72,0.0,9,2022,0.0036
CA-2022-104072,CG-10519,TEC-MAC-10617,2022-06-23,1500.01,1,-106.37,0.0,6,2022,-0.0709
CA-2022-104073,CG-10787,OFF-PAP-10921,2021-05-21,1733.56,1,320.26,0.2,5,2021,0.1847
CA-2022-104074,CG-10385,FUR-TAB-10288,2022-09-09,702.91,6,-54.82,0.4,9,2022,-0.078
CA-2022-104075,CG-10437,TEC-COP-10576,2023-08-17,869.51,9,-128.3,0.4,8,2023,-0.1476
CA-2022-104076,CG-10059,FUR-CHA-10739,2022-09-10,1539.1,8,424.57,0.3,9,2022,0.2759
CA-2022-104077,CG-10118,TEC-ACC-10917,2022-12-06,1274.57,4,40.97,0.0,12,2022,0.0321
CA-2022-104078,CG-10025,OFF-ART-10382,2023-11-01,62.03,1,10.26,0.2,11,2023,0.1654
CA-2022-104079,CG-10050,TEC-MAC-10911,2022-11-16,1999.78,8,697.16,0.0,11,2022,0.3486
CA-2022-104080,CG-10302,OFF-SUP-10329,2023-06-23,1858.01,7,-192.05,0.1,6,2023,-0.1034
CA-2022-104081,CG-10015,TEC-PHO-10555,2021-12-25,1845.51,1,162.76,0.1,12,2021,0.0882
CA-2022-104082,CG-10484,FUR-BOO-10519,2021-02-18,356.11,5,87.24,0.0,2,2021,0.245
CA-2022-104083,CG-10730,FUR-BOO-10860,2021-07-16,208.84,4,63.39,0.3,7,2021,0.3035
CA-2022-104084,CG-10236,OFF-ENV-10682,2023-07-16,579.84,7,135.71,0.2,7,2023,0.234
CA-2022-104085,CG-10440,TEC-MAC-10751,2021-06-16,245.4,9,-14.3,0.3,6,2021,-0.0583
CA-2022-104086,CG-10243,TEC-MAC-10713,2021-05-10,1312.89,5,86.57,0.1,5,2021,0.0659
CA-2022-104087,CG-10009,OFF-ENV-10557,2022-11-20,1553.72,6,486.82,0.0,11,2022,0.3133
CA-2022-104088,CG-10405,OFF-PAP-10899,2021-11-10,1192.16,2,375.61,0.1,11,2021,0.3151
CA-2022-104089,CG-10746,FUR-BOO-10018,2023-06-10,1262.56,1,300.62,0.0,6,2023,0.2381
CA-2022-104090,CG-10575,OFF-PAP-10824,2021-06-04,1378.02,7,-192.93,0.0,6,2021,-0.14
CA-2022-104091,CG-10631,OFF-FAS-10335,2022-02-20,199.71,6,38.01,0.1,2,2022,0.1903
CA-2022-104092,CG-10033,TEC-COP-10859,2021-07-24,378.01,3,151.02,0.2,7,2021,0.3995
CA-2022-104093,CG-10764,OFF-SUP-10380,2021-06-21,463.66,1,-41.25,0.0,6,2021,-0.089
CA-2022-104094,CG-10724,OFF-SUP-10651,2022-06-19,281.35,4,-42.58,0.3,6,2022,-0.1513
CA-2022-104095,CG-10292,TEC-ACC-10496,2023-12-27,1025.96,2,239.22,0.4,12,2023,0.2332
CA-2022-104096,CG-10375,TEC-COP-10832,2022-02-12,1346.75,3,10.19,0.0,2,2022,0.0076
CA-2022-104097,CG-10580,TEC-ACC-10528,2022-04-19,586.01,5,78.03,0.2,4,2022,0.1332
CA-2022-104098,CG-10146,OFF-APP-10558,2022-03-28,1349.33,4,519.22,0.0,3,2022,0.3848
CA-2022-104099,CG-10382,TEC-PHO-10073,2022-03-31,190.71,2,-36.72,0.2,3,2022,-0.1925
CA-2022-104100,CG-10218,FUR-BOO-10913,2023-11-03,1481.57,5,538.47,0.1,11,2023,0.3634
CA-2022-104101,CG-10238,FUR-TAB-10700,2022-04-15,299.52,9,106.19,0.0,4,2022,0.3545
CA-2022-104102,CG-10228,TEC-PHO-10445,2023-10-02,1584.59,3,-200.89,0.5,10,2023,-0.1268
CA-2022-104103,CG-10770,OFF-BIN-10244,2023-06-29,114.62,3,13.2,0.1,6,2023,0.1152
CA-2022-104104,CG-10375,OFF-APP-10123,2021-02-28,765.71,6,130.36,0.3,2,2021,0.1702
CA-2022-104105,CG-10259,TEC-PHO-10485,2023-10-30,1298.94,9,377.54,0.0,10,2023,0.2907
CA-2022-104106,CG-10739,OFF-APP-10153,2021-04-05,1150.69,5,455.03,0.5,4,2021,0.3954
CA-2022-104107,CG-10483,TEC-MAC-10773,2023-04-18,472.4,6,29.62,0.2,4,2023,0.0627
CA-2022-104108,CG-10474,TEC-COP-10765,2022-01-27,1264.42,2,-165.96,0.2,1,2022,-0.1313
CA-2022-104109,CG-10545,OFF-ART-10108,2021-10-22,1326.96,4,64.29,0.4,10,2021,0.0484
CA-2022-104110,CG-10595,FUR-TAB-10499,2023-07-07,641.04,8,15.31,0.2,7,2023,0.0239
CA-2022-104111,CG-10382,FUR-TAB-10100,2023-08-31,1382.36,4,-37.21,0.4,8,2023,-0.0269
CA-2022-104112,CG-10263,OFF-BIN-10245,2021-04-19,129.49,1,15.31,0.3,4,2021,0.1182
CA-2022-104113,CG-10617,FUR-TAB-10333,2023-04-07,1379.11,8,118.93,0.2,4,2023,0.0862
CA-2022-104114,CG-10286,FUR-FUR-10272,2021-02-02,501.84,1,174.13,0.0,2,2021,0.347
CA-2022-104115,CG-10398,TEC-COP-10153,2022-07-27,1612.21,10,29.51,0.1,7,2022,0.0183
CA-2022-104116,CG-10062,OFF-ART-10422,2023-04-28,1692.0,9,605.53,0.0,4,2023,0.3579
CA-2022-104117,CG-10068,OFF-BIN-10024,2022-01-17,293.41,8,115.25,0.5,1,2022,0.3928
CA-2022-104118,CG-10612,OFF-ENV-10408,2022-04-07,1948.8,8,298.7,0.4,4,2022,0.1533
CA-2022-104119,CG-10603,OFF-BIN-10654,2023-04-19,1812.01,7,-320.44,0.1,4,2023,-0.1768
CA-2022-104120,CG-10637,TEC-PHO-10567,2023-08-29,986.38,4,313.92,0.3,8,2023,0.3183
CA-2022-104121,CG-10757,FUR-FUR-10217,2021-10-18,1288.99,10,80.78,0.5,10,2021,0.0627
CA-2022-104122,CG-10631,OFF-FAS-10599,2023-12-08,1613.09,1,277.66,0.0,12,2023,0.1721
CA-2022-104123,CG-10583,TEC-COP-10749,2021-07-23,1711.6,3,216.99,0.0,7,2021,0.1268
CA-2022-104124,CG-10486,OFF-PAP-10369,2023-05-26,1250.78,7,397.95,0.1,5,2023,0.3182
CA-2022-104125,CG-10512,FUR-BOO-10324,2021-01-19,1122.19,2,417.54,0.1,1,2021,0.3721
CA-2022-104126,CG-10656,TEC-ACC-10126,2021-01-10,1971.31,8,771.13,0.0,1,2021,0.3912
CA-2022-104127,CG-10565,FUR-BOO-10148,2023-04-29,146.56,7,-25.78,0.2,4,2023,-0.1759
CA-2022-104128,CG-10715,FUR-BOO-10187,2022-08-26,781.99,2,-3.56,0.4,8,2022,-0.0046
CA-2022-104129,CG-10202,OFF-PAP-10637,2021-04-18,1814.79,9,-148.31,0.1,4,2021,-0.0817
CA-2022-104130,CG-10589,TEC-PHO-10171,2022-01-19,796.81,10,58.26,0.0,1,2022,0.0731
CA-2022-104131,CG-10307,FUR-BOO-10443,2022-06-21,1361.38,8,318.01,0.0,6,2022,0.2336
CA-2022-104132,CG-10513,OFF-ENV-10553,2021-10-18,1901.4,8,648.95,0.2,10,2021,0.3413
CA-2022-104133,CG-10481,OFF-BIN-10183,2021-08-23,1889.29,1,662.33,0.0,8,2021,0.3506
CA-2022-104134,CG-10139,FUR-CHA-10030,2022-05-27,1403.57,5,-97.82,0.0,5,2022,-0.0697
CA-2022-104135,CG-10151,OFF-STO-10832,2021-12-05,1943.86,7,349.94,0.0,12,2021,0.18
CA-2022-104136,CG-10163,FUR-BOO-10795,2021-08-05,1769.21,10,-0.04,0.4,8,2021,-0.0
CA-2022-104137,CG-10417,OFF-FAS-10692,2022-03-28,613.34,10,-113.06,0.3,3,2022,-0.1843
CA-2022-104138,CG-10103,FUR-CHA-10963,2022-01-28,1799.64,5,563.48,0.1,1,2022,0.3131
CA-2022-104139,CG-10565,TEC-MAC-10061,2023-07-17,1203.43,10,58.64,0.0,7,2023,0.0487
CA-2022-104140,CG-10394,OFF-LAB-10551,2023-10-11,1317.16,4,-62.77,0.4,10,2023,-0.0477
CA-2022-104141,CG-10340,FUR-CHA-10217,2021-10-19,1606.42,8,2.9,0.0,10,2021,0.0018
CA-2022-104142,CG-10207,OFF-ART-10926,2023-07-14,1904.41,4,455.49,0.5,7,2023,0.2392
CA-2022-104143,CG-10008,OFF-BIN-10034,2021-12-04,1816.34,7,329.49,0.2,12,2021,0.1814
CA-2022-104144,CG-10536,TEC-COP-10918,2023-01-17,756.54,4,-33.5,0.1,1,2023,-0.0443
CA-2022-104145,CG-10224,FUR-BOO-10111,2023-06-16,572.5,8,180.27,0.3,6,2023,0.3149
CA-2022-104146,CG-10746,OFF-STO-10485,2023-07-24,1730.44,3,-111.31,0.2,7,2023,-0.0643
CA-2022-104147,CG-10724,TEC-COP-10126,2021-08-22,555.02,4,101.01,0.3,8,2021,0.182
CA-2022-104148,CG-10119,FUR-FUR-10934,2022-03-07,120.99,10,34.6,0.5,3,2022,0.286
CA-2022-104149,CG-10045,FUR-BOO-10211,2021-04-23,1894.49,10,-229.43,0.0,4,2021,-0.1211
CA-2022-104150,CG-10168,FUR-BOO-10142,2022-10-22,1403.25,4,537.5,0.4,10,2022,0.383
CA-2022-104151,CG-10690,OFF-BIN-10341,2022-07-16,255.75,10,75.64,0.3,7,2022,0.2958
CA-2022-104152,CG-10200,OFF-PAP-10834,2022-05-11,765.04,1,64.04,0.0,5,2022,0.0837
CA-2022-104153,CG-10325,OFF-FAS-10713,2021-07-15,1064.5,1,174.25,0.4,7,2021,0.1637
CA-2022-104154,CG-10734,OFF-BIN-10772,2021-06-11,1714.7,6,489.69,0.4,6,2021,0.2856
CA-2022-104155,CG-10008,FUR-BOO-10641,2021-05-29,1994.79,3,357.33,0.0,5,2021,0.1791
CA-2022-104156,CG-10513,OFF-PAP-10615,2023-03-31,1380.91,6,523.36,0.2,3,2023,0.379
CA-2022-104157,CG-10636,TEC-PHO-10405,2023-03-04,110.1,4,12.0,0.5,3,2023,0.109
CA-2022-104158,CG-10107,FUR-FUR-10191,2021-03-13,1275.11,10,-217.94,0.2,3,2021,-0.1709
CA-2022-104159,CG-10166,OFF-PAP-10816,2023-10-19,111.65,9,-0.24,0.0,10,2023,-0.0021
CA-2022-104160,CG-10103,OFF-LAB-10806,2022-12-09,1133.08,10,13.66,0.0,12,2022,0.0121
CA-2022-104161,CG-10311,FUR-BOO-10281,2022-03-28,288.41,6,75.65,0.2,3,2022,0.2623
CA-2022-104162,CG-10317,FUR-CHA-10693,2021-09-21,1655.34,2,-32.03,0.3,9,2021,-0.0193
CA-2022-104163,CG-10104,OFF-STO-10237,2021-02-07,1385.63,7,454.57,0.0,2,2021,0.3281
CA-2022-104164,CG-10176,TEC-MAC-10963,2021-07-15,614.02,7,41.82,0.0,7,2021,0.0681
CA-2022-104165,CG-10434,OFF-LAB-10204,2022-08-05,1849.42,2,-286.3,0.0,8,2022,-0.1548
CA-2022-104166,CG-10244,FUR-BOO-10438,2022-11-22,1650.1,2,264.1,0.0,11,2022,0.1601
CA-2022-104167,CG-10781,OFF-ENV-10416,2023-02-25,804.77,10,23.89,0.1,2,2023,0.0297
CA-2022-104168,CG-10034,OFF-BIN-10903,2021-06-24,1798.25,10,382.45,0.0,6,2021,0.2127
CA-2022-104169,CG-10472,TEC-ACC-10286,2023-09-03,1645.22,10,-65.94,0.0,9,2023,-0.0401
CA-2022-104170,CG-10647,OFF-LAB-10872,2023-11-07,1039.34,3,-119.72,0.1,11,2023,-0.1152
CA-2022-104171,CG-10261,TEC-MAC-10664,2023-07-07,1644.63,4,-83.1,0.0,7,2023,-0.0505
CA-2022-104172,CG-10413,FUR-TAB-10933,2021-10-11,1896.88,7,209.06,0.0,10,2021,0.1102
CA-2022-104173,CG-10391,OFF-ENV-10204,2021-02-25,1445.6,7,288.78,0.3,2,2021,0.1998
CA-2022-104174,CG-10173,FUR-CHA-10446,2021-11-16,684.54,1,-5.46,0.0,11,2021,-0.008
CA-2022-104175,CG-10322,OFF-APP-10056,2021-04-30,302.8,2,-33.95,0.2,4,2021,-0.1121
CA-2022-104176,CG-10402,OFF-APP-10073,2022-05-20,1758.54,1,-182.67,0.5,5,2022,-0.1039
CA-2022-104177,CG-10504,TEC-COP-10790,2023-12-20,929.79,8,25.94,0.4,12,2023,0.0279
CA-2022-104178,CG-10655,FUR-BOO-10436,2021-12-12,1024.81,2,315.57,0.0,12,2021,0.3079
CA-2022-104179,CG-10596,FUR-BOO-10181,2023-08-04,1222.44,10,238.66,0.2,8,2023,0.1952
CA-2022-104180,CG-10146,OFF-FAS-10533,2021-07-04,31.27,1,2.61,0.4,7,2021,0.0835
CA-2022-104181,CG-10644,FUR-FUR-10913,2021-11-24,925.69,7,323.63,0.3,11,2021,0.3496
CA-2022-104182,CG-10513,FUR-TAB-10116,2021-02-22,533.04,6,54.05,0.0,2,2021,0.1014
CA-2022-104183,CG-10503,TEC-COP-10213,2021-10-11,1771.03,3,-149.01,0.1,10,2021,-0.0841
CA-2022-104184,CG-10374,TEC-MAC-10318,2023-03-04,283.82,4,-6.59,0.3,3,2023,-0.0232
CA-2022-104185,CG-10347,TEC-COP-10764,2022-03-25,1107.12,10,-129.79,0.3,3,2022,-0.1172
CA-2022-104186,CG-10656,TEC-COP-10344,2023-02-20,820.78,6,120.82,0.0,2,2023,0.1472
CA-2022-104187,CG-10421,TEC-ACC-10164,2021-11-30,1894.33,8,-187.28,0.0,11,2021,-0.0989
CA-2022-104188,CG-10672,TEC-ACC-10565,2023-12-11,196.49,10,68.22,0.4,12,2023,0.3472
CA-2022-104189,CG-10227,OFF-APP-10604,2022-01-21,1608.3,2,-88.81,0.3,1,2022,-0.0552
CA-2022-104190,CG-10560,OFF-PAP-10749,2022-08-01,114.37,5,6.65,0.0,8,2022,0.0581
CA-2022-104191,CG-10314,FUR-BOO-10869,2022-12-19,1128.91,2,397.39,0.4,12,2022,0.352
CA-2022-104192,CG-10766,OFF-LAB-10299,2021-06-05,1865.88,3,582.04,0.4,6,2021,0.3119
CA-2022-104193,CG-10601,TEC-PHO-10404,2021-11-03,1201.14,3,-94.42,0.5,11,2021,-0.0786
CA-2022-104194,CG-10200,FUR-CHA-10862,2023-09-01,1750.76,7,233.78,0.3,9,2023,0.1335
CA-2022-104195,CG-10355,TEC-PHO-10350,2023-03-14,554.52,5,44.22,0.3,3,2023,0.0797
CA-2022-104196,CG-10192,OFF-PAP-10877,2023-08-19,270.77,2,96.9,0.3,8,2023,0.3579
CA-2022-104197,CG-10211,OFF-FAS-10696,2022-03-18,1791.21,7,478.54,0.2,3,2022,0.2672
CA-2022-104198,CG-10690,OFF-ENV-10594,2023-04-17,1970.33,8,236.3,0.0,4,2023,0.1199
CA-2022-104199,CG-10289,FUR-FUR-10120,2022-12-06,183.21,8,9.44,0.3,12,2022,0.0515
CA-2022-104200,CG-10491,TEC-PHO-10219,2023-02-24,1577.95,3,266.6,0.4,2,2023,0.169
CA-2022-104201,CG-10311,FUR-FUR-10772,2022-03-02,406.91,10,113.12,0.4,3,2022,0.278
CA-2022-104202,CG-10123,FUR-CHA-10741,2023-06-01,1117.1,10,-117.55,0.5,6,2023,-0.1052
CA-2022-104203,CG-10702,OFF-LAB-10395,2021-05-30,1241.12,9,460.73,0.1,5,2021,0.3712
CA-2022-104204,CG-10205,OFF-STO-10480,2022-12-21,12.3,7,4.28,0.3,12,2022,0.348
CA-2022-104205,CG-10756,TEC-COP-10662,2023-12-30,1602.85,10,-176.28,0.0,12,2023,-0.11
CA-2022-104206,CG-10215,OFF-STO-10751,2022-09-01,279.7,1,29.25,0.0,9,2022,0.1046
CA-2022-104207,CG-10657,OFF-ART-10818,2021-05-19,64.62,7,7.43,0.4,5,2021,0.115
CA-2022-104208,CG-10041,TEC-COP-10903,2021-10-18,170.33,7,-22.96,0.5,10,2021,-0.1348
CA-2022-104209,CG-10558,OFF-SUP-10719,2021-01-05,1488.67,2,300.83,0.4,1,2021,0.2021
CA-2022-104210,CG-10021,FUR-TAB-10850,2021-03-20,758.55,2,-88.28,0.0,3,2021,-0.1164
CA-2022-104211,CG-10006,TEC-MAC-10712,2023-09-21,396.41,5,86.03,0.0,9,2023,0.217
CA-2022-104212,CG-10115,OFF-LAB-10868,2023-08-18,1384.07,5,-18.75,0.1,8,2023,-0.0135
CA-2022-104213,CG-10117,FUR-FUR-10040,2022-01-16,452.81,4,78.03,0.0,1,2022,0.1723
CA-2022-104214,CG-10153,FUR-TAB-10893,2021-07-29,685.95,9,263.51,0.0,7,2021,0.3842
CA-2022-104215,CG-10617,OFF-STO-10404,2021-08-23,456.51,9,163.41,0.1,8,2021,0.358
CA-2022-104216,CG-10089,OFF-ART-10163,2021-06-18,1884.5,1,-230.93,0.2,6,2021,-0.1225
CA-2022-104217,CG-10190,FUR-CHA-10946,2021-06-10,1104.22,7,354.89,0.3,6,2021,0.3214
CA-2022-104218,CG-10594,TEC-PHO-10185,2022-05-24,1037.44,2,-147.77,0.0,5,2022,-0.1424
CA-2022-104219,CG-10442,TEC-ACC-10710,2022-07-10,1585.19,5,364.96,0.0,7,2022,0.2302
CA-2022-104220,CG-10766,FUR-CHA-10301,2023-10-02,776.06,5,-124.54,0.4,10,2023,-0.1605
CA-2022-104221,CG-10352,FUR-CHA-10565,2021-08-23,970.47,5,25.68,0.3,8,2021,0.0265
CA-2022-104222,CG-10452,FUR-FUR-10910,2023-11-18,1057.3,2,4.32,0.1,11,2023,0.0041
CA-2022-104223,CG-10489,OFF-PAP-10862,2021-05-02,454.32,6,67.36,0.3,5,2021,0.1483
CA-2022-104224,CG-10745,TEC-ACC-10491,2021-01-04,530.95,7,179.47,0.0,1,2021,0.338
CA-2022-104225,CG-10054,FUR-FUR-10038,2021-05-27,983.44,7,-89.95,0.5,5,2021,-0.0915
CA-2022-104226,CG-10782,OFF-ART-10652,2021-07-19,1073.66,1,322.78,0.1,7,2021,0.3006
CA-2022-104227,CG-10723,TEC-ACC-10493,2022-06-07,142.31,6,56.01,0.1,6,2022,0.3936
CA-2022-104228,CG-10472,FUR-TAB-10144,2023-08-06,1140.0,9,330.44,0.5,8,2023,0.2899
CA-2022-104229,CG-10690,TEC-COP-10161,2023-03-29,1794.12,10,-343.7,0.0,3,2023,-0.1916
CA-2022-104230,CG-10786,OFF-PAP-10872,2021-03-12,1769.52,9,-195.52,0.3,3,2021,-0.1105
CA-2022-104231,CG-10715,FUR-TAB-10968,2021-09-08,1432.93,5,175.25,0.2,9,2021,0.1223
CA-2022-104232,CG-10339,TEC-ACC-10648,2022-02-25,518.47,3,119.56,0.3,2,2022,0.2306
CA-2022-104233,CG-10616,OFF-STO-10690,2021-01-03,1332.16,5,-71.89,0.3,1,2021,-0.054
CA-2022-104234,CG-10510,TEC-PHO-10762,2023-07-08,278.11,6,27.71,0.2,7,2023,0.0996
CA-2022-104235,CG-10011,OFF-SUP-10997,2022-04-06,387.85,5,44.38,0.5,4,2022,0.1144
CA-2022-104236,CG-10712,TEC-COP-10294,2022-06-08,1996.53,7,-291.48,0.1,6,2022,-0.146
CA-2022-104237,CG-10295,FUR-CHA-10389,2023-10-08,1268.31,5,-165.39,0.3,10,2023,-0.1304
CA-2022-104238,CG-10165,OFF-STO-10063,2021-01-29,962.8,5,-97.85,0.2,1,2021,-0.1016
CA-2022-104239,CG-10546,TEC-MAC-10743,2023-09-26,1378.2,1,16.01,0.5,9,2023,0.0116
CA-2022-104240,CG-10760,FUR-BOO-10250,2023-01-10,479.08,4,163.84,0.0,1,2023,0.342
CA-2022-104241,CG-10672,OFF-FAS-10315,2022-03-26,718.38,7,94.09,0.5,3,2022,0.131
CA-2022-104242,CG-10755,TEC-COP-10426,2021-09-05,1030.5,5,81.64,0.0,9,2021,0.0792
CA-2022-104243,CG-10272,OFF-ENV-10758,2022-03-23,1202.23,3,-227.1,0.2,3,2022,-0.1889
CA-2022-104244,CG-10165,TEC-MAC-10005,2022-09-20,841.47,9,-92.82,0.2,9,2022,-0.1103
CA-2022-104245,CG-10581,TEC-PHO-10942,2021-05-31,1298.81,9,-123.5,0.5,5,2021,-0.0951
CA-2022-104246,CG-10681,FUR-CHA-10417,2022-12-26,1257.98,6,417.28,0.5,12,2022,0.3317
CA-2022-104247,CG-10706,FUR-CHA-10800,2023-05-30,1167.33,4,240.85,0.4,5,2023,0.2063
CA-2022-104248,CG-10362,TEC-PHO-10601,2023-11-15,627.73,5,216.56,0.5,11,2023,0.345
CA-2022-104249,CG-10235,OFF-STO-10228,2023-03-06,373.26,9,4.77,0.3,3,2023,0.0128
CA-2022-104250,CG-10547,FUR-CHA-10075,2023-10-17,1151.72,3,-148.94,0.0,10,2023,-0.1293
CA-2022-104251,CG-10683,FUR-FUR-10249,2021-06-25,45.11,9,-1.84,0.0,6,2021,-0.0408
CA-2022-104252,CG-10743,FUR-BOO-10817,2023-07-29,1484.33,8,548.47,0.4,7,2023,0.3695
CA-2022-104253,CG-10212,OFF-SUP-10746,2021-11-15,655.16,7,248.74,0.1,11,2021,0.3797
CA-2022-104254,CG-10374,OFF-PAP-10930,2021-07-22,1338.56,3,-39.28,0.1,7,2021,-0.0293
CA-2022-104255,CG-10137,TEC-PHO-10548,2022-08-14,1506.52,2,-178.32,0.0,8,2022,-0.1184
CA-2022-104256,CG-10045,TEC-MAC-10655,2021-07-20,778.97,7,148.63,0.4,7,2021,0.1908
CA-2022-104257,CG-10328,OFF-BIN-10129,2023-07-23,741.08,5,17.97,0.1,7,2023,0.0242
CA-2022-104258,CG-10314,TEC-MAC-10389,2023-07-28,1849.05,7,-307.25,0.0,7,2023,-0.1662
CA-2022-104259,CG-10637,TEC-ACC-10343,2023-02-04,205.33,2,-29.17,0.2,2,2023,-0.1421
CA-2022-104260,CG-10473,FUR-BOO-10251,2023-03-03,744.21,5,255.73,0.3,3,2023,0.3436
CA-2022-104261,CG-10025,FUR-CHA-10440,2021-06-17,1398.43,3,234.13,0.0,6,2021,0.1674
CA-2022-104262,CG-10043,TEC-MAC-10191,2021-12-16,205.5,2,-24.24,0.5,12,2021,-0.118
CA-2022-104263,CG-10216,TEC-ACC-10983,2022-09-01,1993.7,10,155.38,0.3,9,2022,0.0779
CA-2022-104264,CG-10399,FUR-TAB-10260,2021-03-22,1408.73,4,134.98,0.3,3,2021,0.0958
CA-2022-104265,CG-10252,OFF-SUP-10122,2023-01-07,1490.72,6,-11.09,0.0,1,2023,-0.0074
CA-2022-104266,CG-10130,OFF-STO-10571,2022-08-21,847.8,1,-47.52,0.2,8,2022,-0.0561
CA-2022-104267,CG-10371,OFF-LAB-10592,2023-05-23,533.66,2,-10.59,0.2,5,2023,-0.0198
CA-2022-104268,CG-10017,FUR-FUR-10586,2022-11-11,976.7,1,-4.06,0.0,11,2022,-0.0042
CA-2022-104269,CG-10352,TEC-MAC-10420,2022-11-12,700.94,6,267.33,0.0,11,2022,0.3814
CA-2022-104270,CG-10538,TEC-PHO-10468,2022-12-27,798.8,4,-133.78,0.3,12,2022,-0.1675
CA-2022-104271,CG-10021,OFF-APP-10389,2023-10-02,115.25,5,38.17,0.0,10,2023,0.3312
CA-2022-104272,CG-10770,FUR-BOO-10398,2021-03-14,1753.87,2,-67.88,0.0,3,2021,-0.0387
CA-2022-104273,CG-10447,OFF-ENV-10384,2022-01-20,1273.04,4,219.14,0.0,1,2022,0.1721
CA-2022-104274,CG-10652,OFF-ENV-10197,2023-10-07,1927.05,10,-83.7,0.0,10,2023,-0.0434
CA-2022-104275,CG-10698,TEC-ACC-10195,2021-06-01,319.5,2,42.55,0.0,6,2021,0.1332
CA-2022-104276,CG-10565,TEC-PHO-10964,2021-03-10,1484.06,9,467.95,0.0,3,2021,0.3153
CA-2022-104277,CG-10230,TEC-MAC-10143,2022-02-14,400.52,2,-3.1,0.4,2,2022,-0.0077
CA-2022-104278,CG-10286,TEC-PHO-10489,2021-08-10,1826.36,1,-31.17,0.3,8,2021,-0.0171
CA-2022-104279,CG-10738,FUR-BOO-10682,2022-05-24,639.95,4,-59.67,0.5,5,2022,-0.0932
CA-2022-104280,CG-10036,TEC-MAC-10388,2023-04-27,1732.01,1,-156.76,0.1,4,2023,-0.0905
CA-2022-104281,CG-10372,TEC-COP-10845,2021-05-04,229.88,4,-1.39,0.3,5,2021,-0.006
CA-2022-104282,CG-10421,OFF-FAS-10644,2021-07-07,326.84,7,-7.35,0.0,7,2021,-0.0225
CA-2022-104283,CG-10282,TEC-PHO-10264,2021-06-27,1007.53,1,187.95,0.0,6,2021,0.1865
CA-2022-104284,CG-10092,TEC-MAC-10371,2023-04-09,287.92,3,0.94,0.5,4,2023,0.0033
CA-2022-104285,CG-10202,FUR-FUR-10632,2021-12-25,826.07,7,278.03,0.1,12,2021,0.3366
CA-2022-104286,CG-10473,FUR-CHA-10382,2021-02-20,509.0,1,143.62,0.0,2,2021,0.2822
CA-2022-104287,CG-10513,TEC-MAC-10808,2023-08-23,949.97,5,-134.63,0.0,8,2023,-0.1417
CA-2022-104288,CG-10570,OFF-ART-10442,2021-06-09,1247.75,1,486.08,0.2,6,2021,0.3896
CA-2022-104289,CG-10241,FUR-FUR-10900,2021-05-24,840.92,5,151.11,0.0,5,2021,0.1797
CA-2022-104290,CG-10783,OFF-STO-10047,2022-09-20,1294.2,6,199.72,0.0,9,2022,0.1543
CA-2022-104291,CG-10060,TEC-ACC-10284,2022-07-16,348.17,10,86.93,0.3,7,2022,0.2497
CA-2022-104292,CG-10346,OFF-FAS-10014,2022-03-06,1321.18,7,117.02,0.2,3,2022,0.0886
CA-2022-104293,CG-10553,OFF-ART-10816,2021-12-05,157.3,9,1.68,0.0,12,2021,0.0107
CA-2022-104294,CG-10380,TEC-COP-10727,2023-02-26,1021.35,9,-61.98,0.0,2,2023,-0.0607
CA-2022-104295,CG-10081,FUR-BOO-10057,2022-06-26,1367.88,5,95.41,0.3,6,2022,0.0698
CA-2022-104296,CG-10299,TEC-ACC-10366,2021-11-21,944.95,8,-156.87,0.1,11,2021,-0.166
CA-2022-104297,CG-10775,OFF-ENV-10346,2022-07-15,1519.48,2,388.7,0.5,7,2022,0.2558
CA-2022-104298,CG-10754,OFF-SUP-10343,2023-07-22,744.05,9,279.05,0.0,7,2023,0.375
CA-2022-104299,CG-10444,TEC-PHO-10960,2023-06-18,1568.44,7,-168.6,0.2,6,2023,-0.1075
CA-2022-104300,CG-10577,FUR-TAB-10288,2021-09-15,1925.95,5,-153.57,0.3,9,2021,-0.0797
CA-2022-104301,CG-10680,FUR-CHA-10799,2022-11-14,1712.87,1,403.9,0.3,11,2022,0.2358
CA-2022-104302,CG-10337,TEC-COP-10103,2021-08-08,1230.49,1,190.26,0.5,8,2021,0.1546
CA-2022-104303,CG-10341,TEC-COP-10432,2021-02-15,1330.45,9,148.47,0.5,2,2021,0.1116
CA-2022-104304,CG-10121,FUR-FUR-10206,2022-10-19,949.52,10,55.31,0.4,10,2022,0.0583
CA-2022-104305,CG-10295,OFF-ART-10408,2023-11-23,941.53,5,-151.03,0.0,11,2023,-0.1604
CA-2022-104306,CG-10547,TEC-MAC-10572,2021-07-03,1091.0,2,30.89,0.0,7,2021,0.0283
CA-2022-104307,CG-10712,OFF-STO-10143,2022-06-01,1791.82,7,44.27,0.5,6,2022,0.0247
CA-2022-104308,CG-10601,FUR-TAB-10832,2022-08-12,1375.86,9,230.9,0.1,8,2022,0.1678
CA-2022-104309,CG-10172,TEC-MAC-10226,2023-08-09,100.42,7,0.86,0.2,8,2023,0.0086
CA-2022-104310,CG-10052,OFF-SUP-10755,2022-01-23,413.98,2,98.65,0.2,1,2022,0.2383
CA-2022-104311,CG-10172,FUR-TAB-10204,2021-11-05,1563.53,10,-122.23,0.3,11,2021,-0.0782
CA-2022-104312,CG-10280,TEC-COP-10219,2021-09-23,1605.85,1,61.25,0.4,9,2021,0.0381
CA-2022-104313,CG-10518,FUR-FUR-10735,2022-10-25,491.08,5,191.35,0.3,10,2022,0.3897
CA-2022-104314,CG-10499,TEC-ACC-10737,2022-06-18,254.8,8,-8.42,0.0,6,2022,-0.033
CA-2022-104315,CG-10149,FUR-CHA-10218,2023-05-29,1922.66,8,-343.33,0.0,5,2023,-0.1786
CA-2022-104316,CG-10323,OFF-PAP-10273,2021-01-06,1127.41,8,-199.09,0.5,1,2021,-0.1766
CA-2022-104317,CG-10413,FUR-CHA-10602,2021-04-01,1245.06,4,-178.31,0.0,4,2021,-0.1432
CA-2022-104318,CG-10558,TEC-MAC-10936,2022-06-24,998.85,10,-135.13,0.1,6,2022,-0.1353
CA-2022-104319,CG-10505,FUR-BOO-10530,2022-03-21,1865.54,5,-345.23,0.3,3,2022,-0.1851
CA-2022-104320,CG-10559,TEC-PHO-10993,2023-10-08,1017.46,5,196.67,0.4,10,2023,0.1933
CA-2022-104321,CG-10299,FUR-BOO-10936,2021-01-18,821.05,8,294.76,0.0,1,2021,0.359
CA-2022-104322,CG-10102,OFF-FAS-10853,2021-06-23,547.08,1,-86.38,0.0,6,2021,-0.1579
CA-2022-104323,CG-10625,FUR-CHA-10094,2023-04-19,918.04,3,-170.95,0.0,4,2023,-0.1862
CA-2022-104324,CG-10319,TEC-MAC-10263,2023-08-19,1464.98,3,40.74,0.0,8,2023,0.0278
CA-2022-104325,CG-10762,FUR-BOO-10810,2022-09-01,1332.18,7,-38.32,0.4,9,2022,-0.0288
CA-2022-104326,CG-10316,OFF-ART-10453,2023-10-05,425.23,9,-75.59,0.5,10,2023,-0.1778
CA-2022-104327,CG-10288,OFF-ENV-10148,2023-09-01,1157.76,2,240.64,0.4,9,2023,0.2078
CA-2022-104328,CG-10319,FUR-BOO-10058,2021-02-20,1315.67,2,499.14,0.1,2,2021,0.3794
CA-2022-104329,CG-10058,TEC-ACC-10131,2022-08-21,929.97,4,-106.22,0.2,8,2022,-0.1142
CA-2022-104330,CG-10513,OFF-PAP-10120,2021-07-19,1451.37,5,400.87,0.0,7,2021,0.2762
CA-2022-104331,CG-10512,FUR-BOO-10394,2023-01-15,622.41,7,100.9,0.1,1,2023,0.1621
CA-2022-104332,CG-10323,FUR-BOO-10387,2023-10-09,1276.95,10,219.33,0.5,10,2023,0.1718
CA-2022-104333,CG-10402,OFF-PAP-10170,2023-02-12,1871.66,5,-127.56,0.0,2,2023,-0.0682
CA-2022-104334,CG-10695,FUR-TAB-10122,2021-08-15,1987.46,5,-159.47,0.3,8,2021,-0.0802
CA-2022-104335,CG-10054,OFF-STO-10432,2021-01-28,575.27,9,-6.19,0.1,1,2021,-0.0108
CA-2022-104336,CG-10492,FUR-BOO-10590,2023-03-31,124.05,10,15.15,0.0,3,2023,0.1221
CA-2022-104337,CG-10509,FUR-CHA-10673,2022-10-20,1981.09,4,-287.77,0.2,10,2022,-0.1453
CA-2022-104338,CG-10179,OFF-APP-10599,2023-02-02,426.87,7,-75.8,0.2,2,2023,-0.1776
CA-2022-104339,CG-10588,FUR-TAB-10934,2021-07-24,1586.25,2,3.4,0.3,7,2021,0.0021
CA-2022-104340,CG-10120,FUR-FUR-10785,2021-08-16,788.93,6,21.65,0.1,8,2021,0.0274
CA-2022-104341,CG-10072,FUR-TAB-10481,2021-04-01,505.25,6,61.83,0.1,4,2021,0.1224
CA-2022-104342,CG-10301,FUR-CHA-10118,2023-05-07,155.78,9,50.6,0.0,5,2023,0.3248
CA-2022-104343,CG-10358,OFF-BIN-10949,2023-09-07,354.28,6,45.01,0.1,9,2023,0.127
CA-2022-104344,CG-10739,FUR-CHA-10388,2022-02-12,223.45,2,63.01,0.1,2,2022,0.282
CA-2022-104345,CG-10606,OFF-ART-10078,2021-08-16,1844.94,7,-282.35,0.0,8,2021,-0.153
CA-2022-104346,CG-10263,OFF-STO-10435,2021-09-26,692.99,9,109.2,0.2,9,2021,0.1576
CA-2022-104347,CG-10710,FUR-FUR-10891,2022-08-30,226.95,4,4.92,0.1,8,2022,0.0217
CA-2022-104348,CG-10344,OFF-STO-10518,2023-10-24,1350.54,8,43.1,0.3,10,2023,0.0319
CA-2022-104349,CG-10004,TEC-COP-10492,2021-06-30,405.46,6,67.25,0.5,6,2021,0.1659
CA-2022-104350,CG-10198,TEC-MAC-10766,2023-12-20,778.87,4,43.34,0.4,12,2023,0.0556
CA-2022-104351,CG-10120,TEC-COP-10201,2022-05-21,1094.19,8,-16.8,0.3,5,2022,-0.0154
CA-2022-104352,CG-10545,OFF-BIN-10760,2022-04-11,526.54,8,56.36,0.0,4,2022,0.107
CA-2022-104353,CG-10019,OFF-LAB-10245,2022-08-25,359.55,8,-6.11,0.2,8,2022,-0.017
CA-2022-104354,CG-10133,OFF-SUP-10220,2021-11-21,1694.84,3,540.7,0.2,11,2021,0.319
CA-2022-104355,CG-10432,TEC-ACC-10635,2022-04-02,1659.3,10,-305.47,0.4,4,2022,-0.1841
CA-2022-104356,CG-10368,TEC-ACC-10880,2022-08-29,1845.52,9,-60.6,0.5,8,2022,-0.0328
CA-2022-104357,CG-10611,TEC-PHO-10620,2023-04-23,1794.34,7,268.25,0.3,4,2023,0.1495
CA-2022-104358,CG-10618,OFF-APP-10113,2022-10-22,1044.18,3,101.58,0.5,10,2022,0.0973
CA-2022-104359,CG-10555,FUR-FUR-10816,2022-09-02,1361.69,8,200.26,0.0,9,2022,0.1471
CA-2022-104360,CG-10361,OFF-LAB-10704,2021-12-29,185.18,10,-24.78,0.4,12,2021,-0.1338
CA-2022-104361,CG-10626,TEC-ACC-10118,2023-06-25,1281.86,9,-52.84,0.0,6,2023,-0.0412
CA-2022-104362,CG-10768,FUR-FUR-10127,2022-09-19,1826.83,5,653.71,0.5,9,2022,0.3578
CA-2022-104363,CG-10671,FUR-FUR-10804,2021-02-18,922.84,3,293.49,0.1,2,2021,0.318
CA-2022-104364,CG-10789,FUR-CHA-10084,2021-10-09,1856.33,4,201.65,0.3,10,2021,0.1086
CA-2022-104365,CG-10518,TEC-COP-10609,2022-01-08,535.28,3,-97.0,0.2,1,2022,-0.1812
CA-2022-104366,CG-10034,TEC-MAC-10363,2023-01-04,1699.59,10,283.55,0.0,1,2023,0.1668
CA-2022-104367,CG-10182,OFF-ENV-10458,2022-08-07,323.92,1,-7.56,0.3,8,2022,-0.0233
CA-2022-104368,CG-10003,FUR-BOO-10989,2022-04-28,66.92,7,-7.52,0.1,4,2022,-0.1124
CA-2022-104369,CG-10129,OFF-FAS-10276,2022-01-22,1194.87,6,42.77,0.0,1,2022,0.0358
CA-2022-104370,CG-10217,TEC-COP-10683,2022-02-25,572.5,8,-33.17,0.0,2,2022,-0.0579
CA-2022-104371,CG-10020,FUR-TAB-10339,2023-03-02,1027.61,2,0.15,0.5,3,2023,0.0001
CA-2022-104372,CG-10160,OFF-ART-10251,2022-01-17,1033.33,8,248.3,0.4,1,2022,0.2403
CA-2022-104373,CG-10028,FUR-CHA-10603,2023-02-05,1126.14,9,318.18,0.0,2,2023,0.2825
CA-2022-104374,CG-10676,OFF-PAP-10655,2022-06-13,40.04,1,-6.81,0.5,6,2022,-0.1701
CA-2022-104375,CG-10640,TEC-MAC-10810,2022-04-14,582.89,7,-82.67,0.0,4,2022,-0.1418
CA-2022-104376,CG-10526,OFF-SUP-10113,2022-01-13,235.96,9,-30.98,0.0,1,2022,-0.1313
CA-2022-104377,CG-10563,OFF-ENV-10803,2021-09-10,1609.6,3,-68.03,0.1,9,2021,-0.0423
CA-2022-104378,CG-10673,TEC-ACC-10054,2023-09-27,1905.21,7,542.36,0.4,9,2023,0.2847
CA-2022-104379,CG-10564,TEC-PHO-10675,2023-05-10,65.67,2,8.16,0.0,5,2023,0.1243
CA-2022-104380,CG-10328,TEC-MAC-10884,2021-03-25,1244.4,5,432.23,0.1,3,2021,0.3473
CA-2022-104381,CG-10068,OFF-STO-10141,2022-12-20,723.03,3,137.84,0.2,12,2022,0.1906
CA-2022-104382,CG-10483,TEC-ACC-10806,2023-02-27,1083.66,4,398.47,0.3,2,2023,0.3677
CA-2022-104383,CG-10522,TEC-MAC-10899,2023-04-16,1434.58,7,-7.14,0.2,4,2023,-0.005
CA-2022-104384,CG-10647,TEC-MAC-10838,2023-10-04,1335.12,7,185.74,0.3,10,2023,0.1391
CA-2022-104385,CG-10256,TEC-MAC-10828,2022-03-22,931.16,9,-2.49,0.2,3,2022,-0.0027
CA-2022-104386,CG-10703,FUR-CHA-10013,2023-09-11,1751.89,2,338.77,0.2,9,2023,0.1934
CA-2022-104387,CG-10711,FUR-TAB-10115,2023-06-30,1671.8,2,177.9,0.0,6,2023,0.1064
CA-2022-104388,CG-10261,FUR-BOO-10415,2023-07-30,1022.2,5,223.64,0.2,7,2023,0.2188
CA-2022-104389,CG-10007,FUR-CHA-10411,2021-05-12,1363.78,6,511.28,0.0,5,2021,0.3749
CA-2022-104390,CG-10696,TEC-ACC-10657,2021-05-26,689.45,2,195.33,0.2,5,2021,0.2833
CA-2022-104391,CG-10333,OFF-STO-10080,2022-09-24,921.12,8,-95.74,0.0,9,2022,-0.1039
CA-2022-104392,CG-10205,OFF-BIN-10605,2022-12-29,1077.22,2,250.63,0.0,12,2022,0.2327
CA-2022-104393,CG-10174,TEC-PHO-10878,2022-05-01,1915.28,8,-281.46,0.1,5,2022,-0.147
CA-2022-104394,CG-10040,FUR-TAB-10891,2022-11-08,634.23,6,111.28,0.0,11,2022,0.1755
CA-2022-104395,CG-10098,FUR-TAB-10875,2023-07-28,1249.37,9,-171.84,0.0,7,2023,-0.1375
CA-2022-104396,CG-10788,TEC-PHO-10708,2022-10-26,1959.25,10,656.77,0.3,10,2022,0.3352
CA-2022-104397,CG-10391,OFF-FAS-10219,2023-04-13,1433.38,3,477.12,0.3,4,2023,0.3329
CA-2022-104398,CG-10412,OFF-ART-10688,2022-03-05,66.63,8,25.69,0.0,3,2022,0.3856
CA-2022-104399,CG-10174,TEC-ACC-10297,2023-09-06,537.57,9,103.34,0.0,9,2023,0.1922
CA-2022-104400,CG-10638,FUR-FUR-10751,2023-11-03,1152.98,9,450.13,0.1,11,2023,0.3904
CA-2022-104401,CG-10426,OFF-APP-10319,2021-09-17,961.95,6,-19.44,0.1,9,2021,-0.0202
CA-2022-104402,CG-10093,FUR-BOO-10786,2021-02-20,1553.06,5,66.53,0.0,2,2021,0.0428
CA-2022-104403,CG-10263,OFF-STO-10766,2023-09-25,115.75,4,7.45,0.1,9,2023,0.0644
CA-2022-104404,CG-10428,OFF-FAS-10642,2021-02-13,1745.54,9,377.4,0.0,2,2021,0.2162
CA-2022-104405,CG-10018,FUR-CHA-10149,2023-06-18,290.05,3,25.07,0.0,6,2023,0.0864
CA-2022-104406,CG-10063,OFF-FAS-10045,2023-03-13,459.13,10,153.32,0.3,3,2023,0.3339
CA-2022-104407,CG-10069,OFF-SUP-10146,2022-10-23,549.36,2,117.49,0.2,10,2022,0.2139
CA-2022-104408,CG-10517,FUR-BOO-10143,2021-10-18,194.55,2,15.99,0.4,10,2021,0.0822
CA-2022-104409,CG-10224,FUR-FUR-10717,2022-06-07,1308.0,6,101.45,0.2,6,2022,0.0776
CA-2022-104410,CG-10310,TEC-COP-10657,2022-03-04,1113.22,2,-210.53,0.1,3,2022,-0.1891
CA-2022-104411,CG-10551,TEC-PHO-10003,2022-11-14,1905.81,10,-372.42,0.1,11,2022,-0.1954
CA-2022-104412,CG-10586,OFF-FAS-10093,2021-07-09,1680.27,1,640.74,0.4,7,2021,0.3813
CA-2022-104413,CG-10394,TEC-ACC-10686,2021-11-01,1395.43,7,-117.51,0.3,11,2021,-0.0842
CA-2022-104414,CG-10770,TEC-PHO-10181,2023-09-10,732.54,1,211.48,0.1,9,2023,0.2887
CA-2022-104415,CG-10133,FUR-BOO-10068,2021-12-07,1324.66,7,501.37,0.0,12,2021,0.3785
CA-2022-104416,CG-10240,FUR-TAB-10616,2022-03-11,914.78,1,191.85,0.0,3,2022,0.2097
CA-2022-104417,CG-10658,OFF-PAP-10378,2022-04-11,1487.81,8,91.35,0.3,4,2022,0.0614
CA-2022-104418,CG-10268,FUR-FUR-10242,2021-09-16,681.64,5,-57.38,0.0,9,2021,-0.0842
CA-2022-104419,CG-10128,TEC-MAC-10093,2022-10-17,320.01,3,-1.84,0.3,10,2022,-0.0057
CA-2022-104420,CG-10216,OFF-BIN-10356,2021-10-30,1763.16,9,553.73,0.4,10,2021,0.3141
CA-2022-104421,CG-10713,FUR-TAB-10523,2021-08-09,256.45,4,-29.8,0.5,8,2021,-0.1162
CA-2022-104422,CG-10078,TEC-PHO-10678,2022-03-09,1739.04,3,-268.08,0.0,3,2022,-0.1542
CA-2022-104423,CG-10645,FUR-FUR-10165,2022-03-13,421.16,10,-36.66,0.0,3,2022,-0.087
CA-2022-104424,CG-10241,TEC-ACC-10183,2023-04-14,1840.58,9,234.42,0.0,4,2023,0.1274
CA-2022-104425,CG-10512,FUR-BOO-10582,2023-11-02,1126.51,6,103.17,0.5,11,2023,0.0916
CA-2022-104426,CG-10278,FUR-BOO-10702,2022-08-05,529.92,3,102.62,0.1,8,2022,0.1937
CA-2022-104427,CG-10156,OFF-LAB-10092,2021-10-25,90.42,8,-4.21,0.3,10,2021,-0.0466
CA-2022-104428,CG-10365,OFF-FAS-10279,2022-03-01,809.31,10,1.23,0.0,3,2022,0.0015
CA-2022-104429,CG-10667,FUR-BOO-10266,2022-06-01,1926.74,6,101.79,0.1,6,2022,0.0528
CA-2022-104430,CG-10417,TEC-COP-10398,2021-04-30,1342.4,2,20.97,0.5,4,2021,0.0156
CA-2022-104431,CG-10044,TEC-MAC-10961,2021-05-01,1390.36,6,-175.55,0.5,5,2021,-0.1263
CA-2022-104432,CG-10533,FUR-TAB-10023,2022-11-27,1830.93,7,47.99,0.0,11,2022,0.0262
CA-2022-104433,CG-10737,TEC-MAC-10291,2022-08-15,875.47,5,105.31,0.2,8,2022,0.1203
CA-2022-104434,CG-10612,OFF-ENV-10933,2023-06-23,1051.29,3,200.62,0.4,6,2023,0.1908
CA-2022-104435,CG-10476,TEC-COP-10220,2022-04-25,1574.84,4,20.64,0.4,4,2022,0.0131
CA-2022-104436,CG-10211,OFF-LAB-10785,2023-07-24,647.74,6,-86.72,0.0,7,2023,-0.1339
CA-2022-104437,CG-10240,TEC-ACC-10915,2023-09-25,584.56,7,-83.03,0.1,9,2023,-0.142
CA-2022-104438,CG-10213,TEC-PHO-10480,2021-09-08,1493.18,6,42.81,0.0,9,2021,0.0287
CA-2022-104439,CG-10092,TEC-MAC-10481,2023-05-08,1932.97,6,-230.66,0.2,5,2023,-0.1193
CA-2022-104440,CG-10733,OFF-BIN-10841,2022-09-14,168.36,9,-5.1,0.0,9,2022,-0.0303
CA-2022-104441,CG-10538,TEC-ACC-10478,2023-08-07,1296.99,2,324.3,0.1,8,2023,0.25
CA-2022-104442,CG-10751,TEC-ACC-10652,2022-07-08,1592.84,5,-95.87,0.4,7,2022,-0.0602
CA-2022-104443,CG-10318,FUR-BOO-10962,2022-07-28,1930.76,8,-0.52,0.2,7,2022,-0.0003
CA-2022-104444,CG-10253,TEC-COP-10700,2022-02-18,1753.0,10,114.5,0.0,2,2022,0.0653
CA-2022-104445,CG-10462,TEC-PHO-10256,2022-11-11,548.0,3,34.72,0.1,11,2022,0.0634
CA-2022-104446,CG-10376,OFF-SUP-10911,2023-12-29,176.75,7,-14.71,0.2,12,2023,-0.0832
CA-2022-104447,CG-10289,OFF-PAP-10604,2022-10-19,685.19,5,-121.63,0.2,10,2022,-0.1775
CA-2022-104448,CG-10703,TEC-MAC-10505,2023-07-30,1422.87,2,327.13,0.4,7,2023,0.2299
CA-2022-104449,CG-10753,TEC-ACC-10832,2023-03-07,1432.25,8,327.62,0.0,3,2023,0.2287
CA-2022-104450,CG-10413,OFF-SUP-10083,2022-04-26,494.19,2,-66.78,0.0,4,2022,-0.1351
CA-2022-104451,CG-10421,OFF-ART-10148,2023-02-15,1552.99,8,504.57,0.2,2,2023,0.3249
CA-2022-104452,CG-10512,TEC-MAC-10268,2021-02-16,617.21,7,149.34,0.5,2,2021,0.242
CA-2022-104453,CG-10677,OFF-ART-10197,2021-01-16,263.94,10,-17.24,0.0,1,2021,-0.0653
CA-2022-104454,CG-10548,TEC-PHO-10621,2021-09-09,1821.58,8,357.03,0.0,9,2021,0.196
CA-2022-104455,CG-10111,OFF-ENV-10087,2023-10-04,1062.52,6,187.44,0.1,10,2023,0.1764
CA-2022-104456,CG-10236,TEC-PHO-10800,2022-11-07,20.94,3,-0.81,0.0,11,2022,-0.0387
CA-2022-104457,CG-10284,FUR-FUR-10334,2023-12-31,128.54,9,-24.92,0.2,12,2023,-0.1939
CA-2022-104458,CG-10673,FUR-FUR-10225,2022-01-22,1562.13,1,333.19,0.0,1,2022,0.2133
CA-2022-104459,CG-10592,TEC-COP-10280,2021-07-26,1028.43,6,-171.91,0.5,7,2021,-0.1672
CA-2022-104460,CG-10762,OFF-STO-10026,2021-09-11,281.62,3,-37.28,0.2,9,2021,-0.1324
CA-2022-104461,CG-10733,FUR-TAB-10191,2022-02-03,324.57,2,45.91,0.1,2,2022,0.1414
CA-2022-104462,CG-10053,FUR-BOO-10229,2021-03-16,283.63,5,10.08,0.0,3,2021,0.0355
CA-2022-104463,CG-10677,FUR-CHA-10651,2021-01-01,1225.26,9,490.09,0.2,1,2021,0.4
CA-2022-104464,CG-10022,FUR-BOO-10110,2021-09-08,1717.97,8,156.86,0.0,9,2021,0.0913
CA-2022-104465,CG-10112,OFF-BIN-10834,2021-08-22,875.67,8,-133.97,0.0,8,2021,-0.153
CA-2022-104466,CG-10647,OFF-APP-10785,2022-12-14,1905.1,1,323.28,0.0,12,2022,0.1697
CA-2022-104467,CG-10387,FUR-TAB-10633,2023-07-23,752.77,3,185.16,0.0,7,2023,0.246
CA-2022-104468,CG-10277,FUR-FUR-10356,2023-06-30,152.76,3,44.38,0.5,6,2023,0.2905
CA-2022-104469,CG-10044,OFF-ART-10569,2022-10-20,412.26,3,108.58,0.2,10,2022,0.2634
CA-2022-104470,CG-10711,TEC-COP-10046,2023-06-14,240.5,3,54.59,0.0,6,2023,0.227
CA-2022-104471,CG-10102,FUR-TAB-10169,2023-04-07,193.73,7,-1.59,0.2,4,2023,-0.0082
CA-2022-104472,CG-10660,TEC-MAC-10562,2023-11-28,1249.59,1,-240.06,0.4,11,2023,-0.1921
CA-2022-104473,CG-10693,OFF-PAP-10174,2021-03-14,1330.85,7,222.98,0.2,3,2021,0.1675
CA-2022-104474,CG-10213,TEC-PHO-10615,2022-10-05,495.21,5,-32.09,0.3,10,2022,-0.0648
CA-2022-104475,CG-10044,TEC-ACC-10629,2022-03-05,110.27,3,11.25,0.0,3,2022,0.102
CA-2022-104476,CG-10080,FUR-TAB-10794,2022-06-13,113.08,9,7.04,0.3,6,2022,0.0623
CA-2022-104477,CG-10607,OFF-LAB-10963,2022-05-30,1507.17,5,381.25,0.0,5,2022,0.253
CA-2022-104478,CG-10597,FUR-TAB-10144,2023-12-14,153.99,2,51.32,0.5,12,2023,0.3333
CA-2022-104479,CG-10759,TEC-MAC-10843,2023-10-23,1979.68,5,124.69,0.0,10,2023,0.063
CA-2022-104480,CG-10201,OFF-LAB-10013,2022-09-15,1067.61,7,-170.51,0.2,9,2022,-0.1597
CA-2022-104481,CG-10107,OFF-ART-10399,2022-12-14,336.66,2,9.66,0.2,12,2022,0.0287
CA-2022-104482,CG-10080,TEC-COP-10682,2022-04-01,106.24,5,-8.34,0.1,4,2022,-0.0785
CA-2022-104483,CG-10215,OFF-ENV-10739,2023-04-07,578.57,2,207.72,0.2,4,2023,0.359
CA-2022-104484,CG-10125,TEC-COP-10769,2021-11-01,1511.74,8,332.68,0.2,11,2021,0.2201
CA-2022-104485,CG-10117,OFF-FAS-10584,2022-09-27,800.94,4,11.65,0.4,9,2022,0.0145
CA-2022-104486,CG-10158,OFF-FAS-10615,2022-04-07,1771.89,3,593.46,0.2,4,2022,0.3349
CA-2022-104487,CG-10454,TEC-MAC-10754,2021-06-21,836.97,9,334.41,0.1,6,2021,0.3995
CA-2022-104488,CG-10489,FUR-TAB-10289,2023-04-30,1882.07,2,702.67,0.0,4,2023,0.3733
CA-2022-104489,CG-10316,OFF-LAB-10642,2022-02-24,1862.46,2,378.98,0.4,2,2022,0.2035
CA-2022-104490,CG-10462,OFF-STO-10872,2023-11-14,630.37,5,16.29,0.5,11,2023,0.0258
CA-2022-104491,CG-10100,FUR-TAB-10229,2022-08-03,1079.34,7,-100.21,0.4,8,2022,-0.0928
CA-2022-104492,CG-10500,OFF-ENV-10949,2023-06-11,919.52,10,24.57,0.0,6,2023,0.0267
CA-2022-104493,CG-10421,FUR-FUR-10426,2023-02-04,898.11,2,68.01,0.2,2,2023,0.0757
CA-2022-104494,CG-10347,FUR-TAB-10608,2021-11-20,228.95,3,-10.71,0.1,11,2021,-0.0468
CA-2022-104495,CG-10026,OFF-FAS-10525,2022-07-09,1438.41,3,-204.51,0.4,7,2022,-0.1422
CA-2022-104496,CG-10647,TEC-ACC-10782,2022-02-22,1279.23,1,507.77,0.5,2,2022,0.3969
CA-2022-104497,CG-10556,OFF-LAB-10706,2022-11-28,1651.19,1,-244.38,0.3,11,2022,-0.148
CA-2022-104498,CG-10013,OFF-SUP-10218,2023-01-16,1485.05,2,-258.77,0.0,1,2023,-0.1743
CA-2022-104499,CG-10405,TEC-PHO-10206,2022-06-14,1615.73,5,580.13,0.0,6,2022,0.3591
CA-2022-104500,CG-10297,OFF-BIN-10322,2022-11-03,1057.08,4,-155.51,0.4,11,2022,-0.1471
CA-2022-104501,CG-10173,OFF-APP-10068,2023-12-07,1426.02,6,383.9,0.2,12,2023,0.2692
CA-2022-104502,CG-10702,TEC-ACC-10350,2023-07-28,1380.01,6,350.25,0.2,7,2023,0.2538
CA-2022-104503,CG-10784,OFF-BIN-10655,2021-05-08,1186.98,10,-143.22,0.3,5,2021,-0.1207
CA-2022-104504,CG-10367,FUR-BOO-10200,2023-01-24,1283.83,7,77.97,0.1,1,2023,0.0607
CA-2022-104505,CG-10573,TEC-COP-10403,2022-04-14,1947.12,4,491.67,0.1,4,2022,0.2525
CA-2022-104506,CG-10722,TEC-MAC-10157,2023-07-06,1465.96,1,-3.59,0.0,7,2023,-0.0024
CA-2022-104507,CG-10378,FUR-TAB-10499,2022-10-21,376.53,4,108.79,0.2,10,2022,0.2889
CA-2022-104508,CG-10543,TEC-ACC-10034,2021-05-22,1283.47,7,35.85,0.0,5,2021,0.0279
CA-2022-104509,CG-10481,OFF-ENV-10489,2023-04-03,1598.73,6,534.6,0.1,4,2023,0.3344
CA-2022-104510,CG-10600,FUR-FUR-10942,2021-03-25,1152.34,8,-48.01,0.2,3,2021,-0.0417
CA-2022-104511,CG-10417,OFF-STO-10864,2023-01-13,1289.81,7,-67.68,0.1,1,2023,-0.0525
CA-2022-104512,CG-10163,TEC-ACC-10040,2022-03-13,367.84,1,122.96,0.1,3,2022,0.3343
CA-2022-104513,CG-10409,FUR-FUR-10747,2021-03-28,691.86,4,264.12,0.2,3,2021,0.3818
CA-2022-104514,CG-10643,TEC-PHO-10598,2022-07-17,590.79,9,170.29,0.3,7,2022,0.2882
CA-2022-104515,CG-10239,FUR-CHA-10387,2022-10-02,500.29,7,65.16,0.5,10,2022,0.1302
CA-2022-104516,CG-10483,OFF-FAS-10297,2023-12-24,1235.33,1,301.3,0.0,12,2023,0.2439
CA-2022-104517,CG-10031,OFF-BIN-10259,2023-11-06,689.91,9,16.01,0.0,11,2023,0.0232
CA-2022-104518,CG-10595,TEC-ACC-10794,2023-01-23,1028.63,8,-99.6,0.2,1,2023,-0.0968
CA-2022-104519,CG-10533,TEC-COP-10790,2022-06-25,1026.71,9,-201.28,0.1,6,2022,-0.196
CA-2022-104520,CG-10780,OFF-ENV-10185,2022-03-27,466.38,10,121.2,0.3,3,2022,0.2599
CA-2022-104521,CG-10782,FUR-TAB-10222,2023-04-23,1952.49,5,349.79,0.2,4,2023,0.1792
CA-2022-104522,CG-10263,FUR-BOO-10352,2023-06-28,1831.01,2,178.06,0.4,6,2023,0.0972
CA-2022-104523,CG-10268,TEC-MAC-10571,2022-05-28,1576.52,10,35.29,0.0,5,2022,0.0224
CA-2022-104524,CG-10354,OFF-ENV-10826,2021-12-21,1305.14,10,-184.47,0.1,12,2021,-0.1413
CA-2022-104525,CG-10064,TEC-MAC-10781,2023-02-18,1104.07,5,33.68,0.0,2,2023,0.0305
CA-2022-104526,CG-10283,TEC-PHO-10929,2021-03-03,808.31,4,37.94,0.0,3,2021,0.0469
CA-2022-104527,CG-10400,TEC-COP-10943,2023-04-29,1696.37,6,222.2,0.5,4,2023,0.131
CA-2022-104528,CG-10494,FUR-CHA-10705,2021-12-07,649.87,7,9.6,0.0,12,2021,0.0148
CA-2022-104529,CG-10759,FUR-BOO-10523,2021-05-16,1192.73,9,255.62,0.1,5,2021,0.2143
CA-2022-104530,CG-10231,FUR-FUR-10456,2021-08-13,753.69,7,289.97,0.0,8,2021,0.3847
CA-2022-104531,CG-10323,FUR-TAB-10105,2023-10-03,1920.94,3,-165.07,0.2,10,2023,-0.0859
CA-2022-104532,CG-10121,FUR-BOO-10854,2023-03-11,1232.53,8,125.86,0.0,3,2023,0.1021
CA-2022-104533,CG-10145,OFF-BIN-10901,2021-08-27,638.63,4,99.85,0.0,8,2021,0.1564
CA-2022-104534,CG-10791,FUR-CHA-10857,2023-11-28,1151.75,10,155.64,0.0,11,2023,0.1351
CA-2022-104535,CG-10383,OFF-LAB-10793,2023-11-17,672.43,9,-20.67,0.5,11,2023,-0.0307
CA-2022-104536,CG-10515,OFF-ART-10443,2021-01-03,1225.85,6,434.14,0.2,1,2021,0.3542
CA-2022-104537,CG-10660,OFF-BIN-10835,2023-12-03,823.9,9,-10.61,0.0,12,2023,-0.0129
CA-2022-104538,CG-10532,FUR-TAB-10293,2023-09-28,384.32,3,75.05,0.4,9,2023,0.1953
CA-2022-104539,CG-10585,TEC-PHO-10836,2021-10-26,1046.62,3,-62.61,0.5,10,2021,-0.0598
CA-2022-104540,CG-10012,TEC-MAC-10028,2023-12-24,1505.39,10,-229.46,0.4,12,2023,-0.1524
CA-2022-104541,CG-10643,FUR-CHA-10157,2023-02-11,1978.9,7,-215.08,0.3,2,2023,-0.1087
CA-2022-104542,CG-10434,OFF-BIN-10902,2023-08-03,1601.98,10,374.7,0.0,8,2023,0.2339
CA-2022-104543,CG-10052,TEC-COP-10795,2023-10-12,1845.43,8,117.94,0.0,10,2023,0.0639
CA-2022-104544,CG-10095,FUR-TAB-10874,2022-12-03,1404.31,9,298.65,0.2,12,2022,0.2127
CA-2022-104545,CG-10336,TEC-COP-10541,2021-08-07,134.54,8,13.55,0.0,8,2021,0.1007
CA-2022-104546,CG-10069,OFF-ART-10878,2022-04-29,418.72,9,-69.42,0.2,4,2022,-0.1658
CA-2022-104547,CG-10584,FUR-CHA-10917,2021-01-20,1658.7,5,371.77,0.5,1,2021,0.2241
CA-2022-104548,CG-10064,TEC-MAC-10055,2021-03-20,119.6,8,39.86,0.0,3,2021,0.3333
CA-2022-104549,CG-10141,OFF-APP-10004,2021-12-22,947.01,9,64.09,0.1,12,2021,0.0677
CA-2022-104550,CG-10412,FUR-FUR-10137,2021-02-06,746.7,7,297.86,0.0,2,2021,0.3989
CA-2022-104551,CG-10150,FUR-TAB-10514,2022-08-16,1738.55,5,108.28,0.5,8,2022,0.0623
CA-2022-104552,CG-10196,FUR-CHA-10255,2022-02-18,1180.28,9,-100.02,0.3,2,2022,-0.0847
CA-2022-104553,CG-10622,TEC-MAC-10218,2023-07-04,1837.83,9,-40.05,0.0,7,2023,-0.0218
CA-2022-104554,CG-10633,FUR-FUR-10313,2021-11-01,1525.89,9,283.59,0.0,11,2021,0.1859
CA-2022-104555,CG-10705,FUR-FUR-10187,2021-04-12,1846.27,5,-339.47,0.2,4,2021,-0.1839
CA-2022-104556,CG-10742,FUR-TAB-10284,2023-05-13,1242.96,8,345.45,0.0,5,2023,0.2779
CA-2022-104557,CG-10507,FUR-CHA-10937,2023-08-21,205.12,9,22.26,0.5,8,2023,0.1085
CA-2022-104558,CG-10508,FUR-BOO-10212,2022-10-04,1974.98,6,323.83,0.5,10,2022,0.164
CA-2022-104559,CG-10740,OFF-ENV-10958,2022-02-16,302.99,5,42.92,0.2,2,2022,0.1417
CA-2022-104560,CG-10354,OFF-BIN-10762,2023-05-03,332.77,1,49.21,0.0,5,2023,0.1479
CA-2022-104561,CG-10022,FUR-FUR-10210,2021-02-04,1846.32,6,193.04,0.1,2,2021,0.1046
CA-2022-104562,CG-10389,OFF-SUP-10006,2023-03-14,1004.51,3,303.34,0.4,3,2023,0.302
CA-2022-104563,CG-10026,TEC-ACC-10803,2021-08-17,1816.65,5,483.37,0.2,8,2021,0.2661
CA-2022-104564,CG-10472,OFF-APP-10040,2021-01-27,1525.09,4,79.15,0.3,1,2021,0.0519
CA-2022-104565,CG-10569,TEC-PHO-10006,2023-09-22,218.75,10,-11.64,0.3,9,2023,-0.0532
CA-2022-104566,CG-10371,TEC-MAC-10431,2023-08-28,888.42,4,240.01,0.0,8,2023,0.2702
CA-2022-104567,CG-10001,FUR-TAB-10870,2023-12-19,1043.89,4,320.01,0.4,12,2023,0.3066
CA-2022-104568,CG-10601,TEC-COP-10649,2021-10-09,1108.88,8,103.93,0.3,10,2021,0.0937
CA-2022-104569,CG-10665,TEC-ACC-10102,2021-04-17,883.9,6,262.77,0.5,4,2021,0.2973
CA-2022-104570,CG-10299,FUR-CHA-10499,2021-03-17,1695.44,4,-172.16,0.0,3,2021,-0.1015
CA-2022-104571,CG-10185,TEC-ACC-10611,2023-05-04,178.95,5,41.9,0.0,5,2023,0.2341
CA-2022-104572,CG-10236,FUR-CHA-10173,2021-12-28,630.92,10,189.27,0.0,12,2021,0.3
CA-2022-104573,CG-10353,OFF-ENV-10425,2023-12-14,1403.31,8,-133.65,0.5,12,2023,-0.0952
CA-2022-104574,CG-10435,FUR-TAB-10552,2022-04-01,657.52,4,200.66,0.0,4,2022,0.3052
CA-2022-104575,CG-10644,FUR-TAB-10640,2022-05-16,965.52,9,348.18,0.0,5,2022,0.3606
CA-2022-104576,CG-10654,TEC-COP-10720,2022-12-19,1900.0,2,-291.73,0.0,12,2022,-0.1535
CA-2022-104577,CG-10522,FUR-CHA-10857,2021-05-17,1260.99,8,-8.91,0.0,5,2021,-0.0071
CA-2022-104578,CG-10170,FUR-BOO-10404,2021-08-08,1654.3,6,502.07,0.0,8,2021,0.3035
CA-2022-104579,CG-10291,FUR-TAB-10032,2021-04-23,975.19,9,61.72,0.0,4,2021,0.0633
CA-2022-104580,CG-10769,OFF-STO-10568,2022-09-13,519.08,9,141.5,0.0,9,2022,0.2726
CA-2022-104581,CG-10427,OFF-SUP-10362,2022-05-06,1862.26,2,149.99,0.0,5,2022,0.0805
CA-2022-104582,CG-10364,FUR-TAB-10952,2022-09-23,681.81,10,229.25,0.0,9,2022,0.3362
CA-2022-104583,CG-10461,FUR-BOO-10863,2023-12-17,1016.93,2,129.36,0.0,12,2023,0.1272
CA-2022-104584,CG-10105,OFF-PAP-10021,2023-05-23,1819.69,8,-300.23,0.0,5,2023,-0.165
CA-2022-104585,CG-10549,FUR-BOO-10911,2022-04-25,787.15,3,-5.41,0.0,4,2022,-0.0069
CA-2022-104586,CG-10322,OFF-LAB-10264,2021-05-08,1046.23,4,239.04,0.2,5,2021,0.2285
CA-2022-104587,CG-10424,OFF-BIN-10599,2022-06-21,827.33,10,33.04,0.0,6,2022,0.0399
CA-2022-104588,CG-10081,TEC-PHO-10473,2022-04-13,1761.55,4,-57.11,0.1,4,2022,-0.0324
CA-2022-104589,CG-10023,OFF-PAP-10248,2021-07-02,745.33,10,-96.57,0.4,7,2021,-0.1296
CA-2022-104590,CG-10681,TEC-COP-10585,2023-10-25,144.32,9,28.15,0.5,10,2023,0.1951
CA-2022-104591,CG-10620,FUR-CHA-10026,2023-07-13,290.14,6,-49.56,0.2,7,2023,-0.1708
CA-2022-104592,CG-10186,OFF-FAS-10882,2023-02-26,795.71,6,39.6,0.0,2,2023,0.0498
CA-2022-104593,CG-10269,TEC-COP-10841,2022-02-09,1280.03,5,83.4,0.0,2,2022,0.0652
CA-2022-104594,CG-10779,OFF-STO-10922,2023-10-13,1997.52,4,283.75,0.5,10,2023,0.1421
CA-2022-104595,CG-10288,FUR-CHA-10758,2021-08-26,1185.95,6,366.18,0.0,8,2021,0.3088
CA-2022-104596,CG-10123,OFF-LAB-10840,2021-12-16,173.94,8,39.25,0.2,12,2021,0.2257
CA-2022-104597,CG-10446,FUR-BOO-10035,2021-03-05,973.58,9,325.81,0.1,3,2021,0.3347
CA-2022-104598,CG-10701,TEC-PHO-10320,2022-10-15,295.13,3,26.64,0.0,10,2022,0.0903
CA-2022-104599,CG-10446,OFF-STO-10960,2023-11-02,1771.38,8,36.19,0.0,11,2023,0.0204
CA-2022-104600,CG-10112,OFF-APP-10524,2021-10-31,1778.68,4,319.39,0.0,10,2021,0.1796
CA-2022-104601,CG-10709,FUR-TAB-10495,2022-11-07,922.52,10,142.63,0.0,11,2022,0.1546
CA-2022-104602,CG-10022,OFF-SUP-10079,2023-11-05,1056.39,9,297.98,0.1,11,2023,0.2821
CA-2022-104603,CG-10548,OFF-ENV-10276,2021-04-24,694.96,5,115.12,0.1,4,2021,0.1656
CA-2022-104604,CG-10607,OFF-APP-10463,2022-03-01,132.24,9,28.12,0.3,3,2022,0.2126
CA-2022-104605,CG-10199,OFF-ENV-10778,2023-06-14,1458.25,4,136.94,0.3,6,2023,0.0939
CA-2022-104606,CG-10238,FUR-TAB-10987,2021-05-05,940.7,4,-2.48,0.4,5,2021,-0.0026
CA-2022-104607,CG-10417,TEC-ACC-10835,2023-12-12,923.46,3,-39.43,0.0,12,2023,-0.0427
CA-2022-104608,CG-10134,OFF-PAP-10935,2023-02-21,202.35,2,46.17,0.0,2,2023,0.2282
CA-2022-104609,CG-10708,OFF-STO-10433,2021-10-13,787.14,3,251.72,0.0,10,2021,0.3198
CA-2022-104610,CG-10660,OFF-FAS-10198,2023-01-20,507.87,5,92.33,0.0,1,2023,0.1818
CA-2022-104611,CG-10622,OFF-ENV-10076,2023-04-30,1952.34,3,432.76,0.0,4,2023,0.2217
CA-2022-104612,CG-10538,OFF-PAP-10806,2021-10-06,1360.12,2,-70.0,0.0,10,2021,-0.0515
CA-2022-104613,CG-10788,FUR-FUR-10833,2023-06-06,1452.54,3,141.18,0.0,6,2023,0.0972
CA-2022-104614,CG-10619,TEC-ACC-10487,2022-01-22,831.28,10,242.31,0.2,1,2022,0.2915
CA-2022-104615,CG-10374,OFF-APP-10487,2023-10-02,346.73,5,24.59,0.3,10,2023,0.0709
CA-2022-104616,CG-10497,OFF-FAS-10278,2021-03-28,147.38,3,12.81,0.0,3,2021,0.0869
CA-2022-104617,CG-10317,FUR-TAB-10991,2023-02-15,1880.8,3,180.21,0.2,2,2023,0.0958
CA-2022-104618,CG-10392,TEC-MAC-10810,2023-08-20,338.79,1,-20.61,0.5,8,2023,-0.0608
CA-2022-104619,CG-10710,FUR-BOO-10591,2021-10-16,1241.16,10,227.3,0.5,10,2021,0.1831
CA-2022-104620,CG-10525,TEC-COP-10068,2022-11-29,1151.57,6,420.12,0.2,11,2022,0.3648
CA-2022-104621,CG-10109,TEC-PHO-10502,2022-04-21,546.52,8,120.95,0.0,4,2022,0.2213
CA-2022-104622,CG-10172,TEC-PHO-10140,2021-03-02,1385.17,4,429.07,0.5,3,2021,0.3098
CA-2022-104623,CG-10629,FUR-FUR-10840,2022-05-24,101.58,5,-2.9,0.4,5,2022,-0.0285
CA-2022-104624,CG-10333,FUR-CHA-10154,2021-05-28,738.54,1,114.65,0.2,5,2021,0.1552
CA-2022-104625,CG-10611,OFF-LAB-10608,2021-06-05,1591.44,6,-133.46,0.1,6,2021,-0.0839
CA-2022-104626,CG-10056,FUR-TAB-10168,2023-10-26,256.32,2,-8.51,0.5,10,2023,-0.0332
CA-2022-104627,CG-10327,TEC-MAC-10280,2022-03-11,1918.65,8,-335.99,0.4,3,2022,-0.1751
CA-2022-104628,CG-10513,OFF-PAP-10764,2021-12-19,285.43,7,102.56,0.2,12,2021,0.3593
CA-2022-104629,CG-10338,FUR-FUR-10540,2021-04-01,1772.89,4,-209.76,0.0,4,2021,-0.1183
CA-2022-104630,CG-10735,OFF-APP-10749,2021-05-27,918.19,1,218.99,0.0,5,2021,0.2385
CA-2022-104631,CG-10616,FUR-BOO-10152,2021-08-13,1700.75,10,661.09,0.4,8,2021,0.3887
CA-2022-104632,CG-10625,TEC-ACC-10850,2023-10-01,530.86,9,154.26,0.0,10,2023,0.2906
CA-2022-104633,CG-10144,OFF-ENV-10150,2022-12-05,1542.47,10,-45.55,0.2,12,2022,-0.0295
CA-2022-104634,CG-10380,TEC-ACC-10504,2021-12-02,469.96,5,-36.81,0.1,12,2021,-0.0783
CA-2022-104635,CG-10337,OFF-STO-10354,2022-04-20,399.84,2,127.55,0.0,4,2022,0.319
CA-2022-104636,CG-10095,TEC-COP-10930,2023-06-30,1680.14,1,145.52,0.3,6,2023,0.0866
CA-2022-104637,CG-10343,FUR-TAB-10723,2023-01-20,342.12,6,-64.91,0.3,1,2023,-0.1897
CA-2022-104638,CG-10024,FUR-BOO-10032,2021-06-20,1791.76,8,525.11,0.1,6,2021,0.2931
CA-2022-104639,CG-10551,OFF-BIN-10431,2021-12-25,260.92,7,98.37,0.0,12,2021,0.377
CA-2022-104640,CG-10233,FUR-FUR-10320,2021-02-03,1248.73,7,157.79,0.2,2,2021,0.1264
CA-2022-104641,CG-10131,TEC-PHO-10538,2021-12-13,1142.91,6,-169.33,0.0,12,2021,-0.1482
CA-2022-104642,CG-10621,OFF-LAB-10893,2022-05-17,1867.97,6,-229.57,0.1,5,2022,-0.1229
CA-2022-104643,CG-10201,TEC-ACC-10935,2021-04-24,1852.59,4,571.54,0.0,4,2021,0.3085
CA-2022-104644,CG-10300,FUR-CHA-10619,2023-02-12,625.12,2,2.11,0.0,2,2023,0.0034
CA-2022-104645,CG-10539,FUR-FUR-10203,2023-02-07,950.08,3,143.29,0.4,2,2023,0.1508
CA-2022-104646,CG-10576,FUR-FUR-10251,2021-03-24,35.51,9,11.2,0.2,3,2021,0.3154
CA-2022-104647,CG-10638,FUR-BOO-10165,2022-03-12,1040.33,10,-145.12,0.1,3,2022,-0.1395
CA-2022-104648,CG-10151,FUR-TAB-10729,2023-05-13,868.41,2,172.19,0.0,5,2023,0.1983
CA-2022-104649,CG-10775,FUR-CHA-10827,2021-09-16,1496.38,2,-211.85,0.0,9,2021,-0.1416
CA-2022-104650,CG-10689,OFF-PAP-10995,2021-02-23,1877.07,3,279.63,0.0,2,2021,0.149
CA-2022-104651,CG-10392,FUR-BOO-10081,2022-11-16,162.68,5,-19.41,0.0,11,2022,-0.1193
CA-2022-104652,CG-10469,OFF-ART-10929,2022-12-10,968.88,7,-79.81,0.0,12,2022,-0.0824
CA-2022-104653,CG-10075,OFF-SUP-10968,2022-03-31,996.18,5,393.94,0.1,3,2022,0.3955
CA-2022-104654,CG-10673,TEC-COP-10543,2022-04-03,71.59,8,5.66,0.1,4,2022,0.0791
CA-2022-104655,CG-10006,OFF-BIN-10177,2021-09-01,1650.41,2,449.95,0.1,9,2021,0.2726
CA-2022-104656,CG-10672,FUR-TAB-10427,2022-11-21,864.45,4,336.25,0.2,11,2022,0.389
CA-2022-104657,CG-10390,FUR-CHA-10012,2021-09-07,1275.44,3,429.11,0.1,9,2021,0.3364
CA-2022-104658,CG-10127,OFF-STO-10714,2021-11-06,1967.17,8,-112.41,0.2,11,2021,-0.0571
CA-2022-104659,CG-10784,FUR-TAB-10298,2021-07-25,1213.3,5,71.78,0.4,7,2021,0.0592
CA-2022-104660,CG-10117,TEC-MAC-10943,2021-08-16,1256.89,8,248.95,0.4,8,2021,0.1981
CA-2022-104661,CG-10612,TEC-MAC-10484,2023-07-24,857.28,7,301.55,0.0,7,2023,0.3518
CA-2022-104662,CG-10320,TEC-MAC-10830,2023-04-21,1950.67,5,-1.5,0.0,4,2023,-0.0008
CA-2022-104663,CG-10163,TEC-ACC-10240,2021-03-25,227.08,8,24.3,0.4,3,2021,0.107
CA-2022-104664,CG-10320,FUR-BOO-10345,2021-12-21,102.01,5,25.37,0.4,12,2021,0.2487
CA-2022-104665,CG-10148,FUR-FUR-10274,2023-10-11,1148.95,4,326.58,0.0,10,2023,0.2842
CA-2022-104666,CG-10091,FUR-CHA-10063,2023-09-22,1133.46,1,206.34,0.0,9,2023,0.182
CA-2022-104667,CG-10052,TEC-MAC-10291,2023-01-29,29.51,7,2.69,0.0,1,2023,0.0912
CA-2022-104668,CG-10143,TEC-PHO-10330,2023-06-04,905.42,7,202.47,0.2,6,2023,0.2236
CA-2022-104669,CG-10494,OFF-ENV-10804,2021-06-24,1991.45,6,693.97,0.2,6,2021,0.3485
CA-2022-104670,CG-10006,FUR-BOO-10057,2021-10-23,1114.29,8,310.42,0.5,10,2021,0.2786
CA-2022-104671,CG-10190,TEC-ACC-10992,2022-11-29,954.88,4,104.06,0.1,11,2022,0.109
CA-2022-104672,CG-10132,FUR-FUR-10456,2021-04-06,317.6,4,122.69,0.5,4,2021,0.3863
CA-2022-104673,CG-10445,OFF-BIN-10275,2023-03-22,1656.32,1,-241.26,0.1,3,2023,-0.1457
CA-2022-104674,CG-10587,TEC-COP-10668,2021-02-14,679.92,10,165.67,0.1,2,2021,0.2437
CA-2022-104675,CG-10426,OFF-STO-10940,2023-01-16,96.86,9,16.05,0.5,1,2023,0.1657
CA-2022-104676,CG-10444,OFF-APP-10272,2021-08-08,1824.16,6,205.77,0.0,8,2021,0.1128
CA-2022-104677,CG-10254,TEC-PHO-10546,2023-02-19,1822.4,10,-229.62,0.1,2,2023,-0.126
CA-2022-104678,CG-10522,OFF-BIN-10425,2022-01-22,1483.97,7,-49.84,0.2,1,2022,-0.0336
CA-2022-104679,CG-10308,OFF-ART-10584,2023-10-30,1107.64,6,18.81,0.0,10,2023,0.017
CA-2022-104680,CG-10063,OFF-LAB-10973,2023-05-18,1341.73,9,-156.31,0.0,5,2023,-0.1165
CA-2022-104681,CG-10337,OFF-SUP-10186,2023-06-16,631.04,1,58.63,0.4,6,2023,0.0929
CA-2022-104682,CG-10007,TEC-COP-10678,2023-07-02,1511.89,7,419.98,0.2,7,2023,0.2778
CA-2022-104683,CG-10422,FUR-FUR-10068,2022-11-30,148.0,5,6.96,0.4,11,2022,0.047
CA-2022-104684,CG-10511,FUR-CHA-10907,2021-12-25,1815.19,5,637.04,0.0,12,2021,0.3509
CA-2022-104685,CG-10751,FUR-FUR-10838,2023-12-17,1217.97,9,225.1,0.0,12,2023,0.1848
CA-2022-104686,CG-10108,TEC-ACC-10999,2023-07-11,282.73,2,-39.28,0.5,7,2023,-0.1389
CA-2022-104687,CG-10092,TEC-MAC-10434,2021-05-19,1996.3,7,49.99,0.0,5,2021,0.025
CA-2022-104688,CG-10111,OFF-SUP-10167,2021-05-22,1026.58,10,376.21,0.3,5,2021,0.3665
CA-2022-104689,CG-10318,FUR-TAB-10263,2021-09-07,629.09,3,-95.88,0.1,9,2021,-0.1524
CA-2022-104690,CG-10321,TEC-ACC-10775,2021-06-10,1725.27,3,47.03,0.0,6,2021,0.0273
CA-2022-104691,CG-10206,FUR-BOO-10269,2022-12-12,1292.28,3,156.94,0.1,12,2022,0.1214
CA-2022-104692,CG-10771,OFF-FAS-10903,2022-07-30,889.27,1,134.26,0.0,7,2022,0.151
CA-2022-104693,CG-10386,OFF-SUP-10553,2022-02-08,1503.97,3,-250.34,0.2,2,2022,-0.1665
CA-2022-104694,CG-10465,OFF-BIN-10441,2021-12-18,218.33,10,72.01,0.5,12,2021,0.3298
CA-2022-104695,CG-10051,OFF-LAB-10421,2022-11-16,729.72,6,-23.54,0.1,11,2022,-0.0323
CA-2022-104696,CG-10695,OFF-ART-10096,2023-07-26,641.85,10,-28.6,0.3,7,2023,-0.0446
CA-2022-104697,CG-10580,TEC-COP-10620,2023-11-26,1768.61,3,184.34,0.0,11,2023,0.1042
CA-2022-104698,CG-10417,FUR-BOO-10474,2023-04-26,1738.34,10,70.6,0.5,4,2023,0.0406
CA-2022-104699,CG-10236,TEC-PHO-10329,2021-07-11,50.47,10,-8.28,0.0,7,2021,-0.1641
CA-2022-104700,CG-10195,TEC-COP-10831,2021-08-25,678.57,6,-68.48,0.5,8,2021,-0.1009
CA-2022-104701,CG-10174,FUR-FUR-10965,2023-02-27,1953.73,4,-216.51,0.5,2,2023,-0.1108
CA-2022-104702,CG-10031,OFF-BIN-10639,2021-09-05,1545.92,6,305.47,0.0,9,2021,0.1976
CA-2022-104703,CG-10099,TEC-ACC-10465,2022-07-14,1854.1,7,-128.29,0.0,7,2022,-0.0692
CA-2022-104704,CG-10523,TEC-PHO-10231,2021-04-27,193.55,1,44.66,0.2,4,2021,0.2307
CA-2022-104705,CG-10634,TEC-MAC-10009,2022-10-22,658.2,5,84.32,0.4,10,2022,0.1281
CA-2022-104706,CG-10530,OFF-BIN-10963,2023-03-12,936.45,6,336.52,0.5,3,2023,0.3594
CA-2022-104707,CG-10709,OFF-PAP-10985,2022-04-09,1544.12,9,71.47,0.0,4,2022,0.0463
CA-2022-104708,CG-10572,OFF-ENV-10485,2022-03-31,132.6,1,52.36,0.0,3,2022,0.3949
CA-2022-104709,CG-10134,OFF-STO-10207,2022-07-14,1194.76,2,477.38,0.0,7,2022,0.3996
CA-2022-104710,CG-10427,OFF-APP-10821,2022-07-19,510.5,2,66.77,0.3,7,2022,0.1308
CA-2022-104711,CG-10280,OFF-APP-10139,2022-11-09,1555.89,9,472.73,0.1,11,2022,0.3038
CA-2022-104712,CG-10687,TEC-MAC-10678,2022-02-03,885.63,6,-120.24,0.0,2,2022,-0.1358
CA-2022-104713,CG-10638,TEC-PHO-10143,2021-05-07,612.27,2,181.3,0.5,5,2021,0.2961
CA-2022-104714,CG-10303,TEC-MAC-10813,2021-07-18,22.12,7,-4.01,0.5,7,2021,-0.1813
CA-2022-104715,CG-10451,TEC-COP-10150,2023-07-17,834.29,10,-30.23,0.5,7,2023,-0.0362
CA-2022-104716,CG-10731,TEC-COP-10972,2021-12-26,1299.4,3,210.79,0.5,12,2021,0.1622
CA-2022-104717,CG-10195,OFF-ART-10197,2023-12-28,1899.69,5,373.89,0.3,12,2023,0.1968
CA-2022-104718,CG-10481,FUR-CHA-10229,2022-03-17,583.78,10,-6.95,0.0,3,2022,-0.0119
CA-2022-104719,CG-10224,FUR-TAB-10725,2021-08-15,1493.63,7,-116.88,0.0,8,2021,-0.0783
CA-2022-104720,CG-10294,OFF-LAB-10639,2023-11-26,778.48,8,-140.03,0.2,11,2023,-0.1799
CA-2022-104721,CG-10570,TEC-COP-10462,2021-07-29,1865.43,10,232.11,0.0,7,2021,0.1244
CA-2022-104722,CG-10649,FUR-CHA-10191,2023-01-06,1816.71,8,402.17,0.3,1,2023,0.2214
CA-2022-104723,CG-10658,OFF-LAB-10576,2023-03-26,507.33,3,-42.42,0.0,3,2023,-0.0836
CA-2022-104724,CG-10468,FUR-CHA-10805,2021-06-18,62.42,4,2.03,0.4,6,2021,0.0325
CA-2022-104725,CG-10065,OFF-SUP-10594,2021-05-18,354.61,7,-50.8,0.5,5,2021,-0.1433
CA-2022-104726,CG-10087,FUR-CHA-10621,2023-07-01,1864.44,2,132.79,0.0,7,2023,0.0712
CA-2022-104727,CG-10567,FUR-FUR-10752,2022-03-25,1593.01,8,476.2,0.1,3,2022,0.2989
CA-2022-104728,CG-10131,OFF-SUP-10524,2022-07-27,654.85,9,232.43,0.3,7,2022,0.3549
CA-2022-104729,CG-10538,FUR-FUR-10568,2021-01-26,548.31,10,49.58,0.5,1,2021,0.0904
CA-2022-104730,CG-10429,TEC-ACC-10323,2023-01-03,1016.91,4,157.12,0.0,1,2023,0.1545
CA-2022-104731,CG-10490,FUR-TAB-10195,2023-03-12,1989.17,10,466.07,0.0,3,2023,0.2343
CA-2022-104732,CG-10431,TEC-ACC-10789,2023-10-03,1433.53,8,519.93,0.1,10,2023,0.3627
CA-2022-104733,CG-10497,OFF-BIN-10289,2021-02-26,531.61,3,2.22,0.1,2,2021,0.0042
CA-2022-104734,CG-10541,OFF-STO-10028,2023-04-12,1537.09,8,94.68,0.4,4,2023,0.0616
CA-2022-104735,CG-10741,OFF-FAS-10630,2022-05-29,466.63,1,19.18,0.4,5,2022,0.0411
CA-2022-104736,CG-10077,OFF-STO-10567,2022-02-19,715.89,7,114.97,0.0,2,2022,0.1606
CA-2022-104737,CG-10222,FUR-FUR-10486,2022-11-25,1191.34,6,448.77,0.0,11,2022,0.3767
CA-2022-104738,CG-10493,FUR-BOO-10290,2022-08-25,316.52,3,-61.39,0.4,8,2022,-0.194
CA-2022-104739,CG-10714,OFF-SUP-10653,2022-02-24,1629.85,10,375.04,0.2,2,2022,0.2301
CA-2022-104740,CG-10108,FUR-BOO-10689,2023-02-11,92.57,1,6.49,0.4,2,2023,0.0701
CA-2022-104741,CG-10017,OFF-LAB-10313,2023-10-12,553.69,2,140.36,0.3,10,2023,0.2535
CA-2022-104742,CG-10733,OFF-BIN-10297,2022-01-10,615.32,2,-8.4,0.4,1,2022,-0.0137
CA-2022-104743,CG-10725,OFF-STO-10930,2021-06-02,1883.31,7,-319.66,0.0,6,2021,-0.1697
CA-2022-104744,CG-10474,OFF-PAP-10550,2021-11-18,757.11,5,237.52,0.1,11,2021,0.3137
CA-2022-104745,CG-10627,TEC-COP-10868,2023-01-09,1303.07,9,-179.82,0.4,1,2023,-0.138
CA-2022-104746,CG-10731,FUR-FUR-10694,2023-08-09,731.14,5,-71.47,0.0,8,2023,-0.0978
CA-2022-104747,CG-10617,OFF-APP-10519,2023-08-30,151.36,7,29.61,0.2,8,2023,0.1956
CA-2022-104748,CG-10032,FUR-TAB-10744,2022-10-13,1404.07,8,-43.5,0.0,10,2022,-0.031
CA-2022-104749,CG-10219,TEC-PHO-10168,2021-11-05,1573.85,10,-98.37,0.3,11,2021,-0.0625
CA-2022-104750,CG-10770,OFF-FAS-10814,2021-12-31,100.14,9,3.53,0.3,12,2021,0.0353
CA-2022-104751,CG-10158,FUR-CHA-10737,2021-06-07,246.84,3,-36.06,0.0,6,2021,-0.1461
CA-2022-104752,CG-10533,OFF-PAP-10519,2021-07-06,553.19,1,193.86,0.2,7,2021,0.3504
CA-2022-104753,CG-10757,FUR-CHA-10283,2022-06-01,1389.93,3,-254.9,0.4,6,2022,-0.1834
CA-2022-104754,CG-10079,FUR-FUR-10968,2021-10-25,1534.95,2,-189.45,0.0,10,2021,-0.1234
CA-2022-104755,CG-10773,OFF-FAS-10337,2023-10-30,358.7,6,-14.08,0.3,10,2023,-0.0393
CA-2022-104756,CG-10290,OFF-ENV-10727,2023-09-29,1648.3,6,-191.68,0.4,9,2023,-0.1163
CA-2022-104757,CG-10578,FUR-CHA-10093,2023-05-23,1428.99,10,-133.18,0.4,5,2023,-0.0932
CA-2022-104758,CG-10127,OFF-STO-10037,2022-10-27,213.52,1,20.8,0.1,10,2022,0.0974
CA-2022-104759,CG-10394,TEC-COP-10508,2023-08-14,1371.67,8,23.44,0.0,8,2023,0.0171
CA-2022-104760,CG-10634,OFF-FAS-10122,2021-05-09,571.19,6,60.62,0.5,5,2021,0.1061
CA-2022-104761,CG-10131,TEC-PHO-10750,2022-10-03,1241.82,1,31.87,0.3,10,2022,0.0257
CA-2022-104762,CG-10232,FUR-TAB-10947,2021-07-18,1706.97,1,490.73,0.5,7,2021,0.2875
CA-2022-104763,CG-10637,OFF-FAS-10918,2023-07-02,20.55,5,-3.41,0.0,7,2023,-0.1659
CA-2022-104764,CG-10646,TEC-COP-10289,2023-10-12,360.17,9,3.88,0.3,10,2023,0.0108
CA-2022-104765,CG-10342,FUR-FUR-10857,2021-06-07,109.59,4,31.78,0.3,6,2021,0.29
CA-2022-104766,CG-10213,OFF-BIN-10738,2023-09-26,986.46,1,-74.11,0.4,9,2023,-0.0751
CA-2022-104767,CG-10275,OFF-BIN-10441,2022-05-31,169.18,2,-19.94,0.3,5,2022,-0.1179
CA-2022-104768,CG-10523,FUR-TAB-10144,2021-02-22,596.96,7,13.05,0.4,2,2021,0.0219
CA-2022-104769,CG-10093,OFF-BIN-10720,2022-05-23,134.27,3,-4.42,0.0,5,2022,-0.0329
CA-2022-104770,CG-10350,OFF-PAP-10838,2022-05-11,1418.32,5,384.86,0.0,5,2022,0.2713
CA-2022-104771,CG-10372,TEC-ACC-10645,2023-05-10,1159.79,8,95.15,0.0,5,2023,0.082
CA-2022-104772,CG-10009,TEC-COP-10308,2023-12-02,864.99,6,-120.89,0.2,12,2023,-0.1398
CA-2022-104773,CG-10213,FUR-FUR-10976,2023-09-30,1218.83,5,-143.8,0.0,9,2023,-0.118
CA-2022-104774,CG-10554,FUR-TAB-10250,2021-05-11,1242.08,2,-51.07,0.2,5,2021,-0.0411
CA-2022-104775,CG-10581,OFF-APP-10998,2021-07-30,517.2,5,-55.27,0.0,7,2021,-0.1069
CA-2022-104776,CG-10167,FUR-FUR-10134,2022-09-12,165.63,2,33.86,0.2,9,2022,0.2044
CA-2022-104777,CG-10444,TEC-MAC-10755,2022-10-24,1046.34,3,359.47,0.0,10,2022,0.3435
CA-2022-104778,CG-10376,TEC-ACC-10985,2023-05-17,1470.94,1,120.68,0.0,5,2023,0.082
CA-2022-104779,CG-10130,OFF-APP-10226,2021-03-27,130.24,5,24.15,0.1,3,2021,0.1854
CA-2022-104780,CG-10515,OFF-ART-10669,2022-09-01,623.27,6,204.11,0.0,9,2022,0.3275
CA-2022-104781,CG-10486,TEC-MAC-10776,2022-01-11,1798.39,3,-144.7,0.3,1,2022,-0.0805
CA-2022-104782,CG-10743,FUR-FUR-10330,2022-08-13,518.5,6,-14.52,0.0,8,2022,-0.028
CA-2022-104783,CG-10225,FUR-BOO-10280,2022-12-29,1087.5,6,261.52,0.0,12,2022,0.2405
CA-2022-104784,CG-10228,TEC-MAC-10920,2022-11-16,1411.43,2,355.75,0.0,11,2022,0.252
CA-2022-104785,CG-10777,FUR-FUR-10654,2021-07-27,1570.15,8,-182.71,0.4,7,2021,-0.1164
CA-2022-104786,CG-10001,FUR-TAB-10077,2022-03-24,295.53,6,56.69,0.0,3,2022,0.1918
CA-2022-104787,CG-10418,OFF-APP-10322,2023-12-07,83.83,4,-13.89,0.0,12,2023,-0.1657
CA-2022-104788,CG-10394,TEC-ACC-10581,2023-02-14,300.55,4,108.58,0.1,2,2023,0.3613
CA-2022-104789,CG-10535,OFF-FAS-10923,2023-01-07,1864.5,10,-355.99,0.0,1,2023,-0.1909
CA-2022-104790,CG-10169,FUR-BOO-10215,2023-08-07,184.3,3,59.21,0.0,8,2023,0.3213
CA-2022-104791,CG-10011,FUR-FUR-10046,2023-05-06,909.7,3,248.82,0.3,5,2023,0.2735
CA-2022-104792,CG-10606,OFF-SUP-10517,2023-11-15,269.36,8,55.91,0.0,11,2023,0.2076
CA-2022-104793,CG-10710,TEC-COP-10895,2022-02-25,115.7,6,14.35,0.1,2,2022,0.124
CA-2022-104794,CG-10207,TEC-ACC-10700,2023-06-25,1635.71,8,218.0,0.0,6,2023,0.1333
CA-2022-104795,CG-10201,TEC-MAC-10957,2021-03-09,380.74,6,44.08,0.5,3,2021,0.1158
CA-2022-104796,CG-10405,TEC-ACC-10813,2022-09-19,875.08,7,152.85,0.0,9,2022,0.1747
CA-2022-104797,CG-10388,OFF-APP-10600,2022-11-25,1467.44,5,147.83,0.0,11,2022,0.1007
CA-2022-104798,CG-10487,FUR-TAB-10615,2021-02-10,1200.84,5,281.9,0.2,2,2021,0.2348
CA-2022-104799,CG-10052,TEC-ACC-10990,2022-12-21,285.79,6,97.35,0.0,12,2022,0.3406
CA-2022-104800,CG-10255,OFF-FAS-10644,2021-04-14,357.2,9,-59.42,0.5,4,2021,-0.1663
CA-2022-104801,CG-10476,FUR-CHA-10298,2022-02-08,1735.51,3,199.34,0.3,2,2022,0.1149
CA-2022-104802,CG-10749,TEC-ACC-10731,2022-05-10,283.5,9,101.92,0.0,5,2022,0.3595
CA-2022-104803,CG-10086,FUR-CHA-10458,2023-03-10,1253.51,6,385.72,0.0,3,2023,0.3077
CA-2022-104804,CG-10303,FUR-FUR-10561,2022-06-02,1602.52,9,390.96,0.4,6,2022,0.244
CA-2022-104805,CG-10327,FUR-TAB-10225,2023-07-14,1700.96,5,140.69,0.0,7,2023,0.0827
CA-2022-104806,CG-10534,FUR-FUR-10242,2021-10-24,78.41,10,-2.29,0.0,10,2021,-0.0292
CA-2022-104807,CG-10143,TEC-ACC-10756,2021-08-14,1002.54,10,-179.57,0.0,8,2021,-0.1791
CA-2022-104808,CG-10304,TEC-MAC-10650,2021-09-01,1226.77,6,-101.38,0.0,9,2021,-0.0826
CA-2022-104809,CG-10566,FUR-BOO-10425,2021-12-13,50.09,6,9.41,0.5,12,2021,0.1879
CA-2022-104810,CG-10266,TEC-PHO-10103,2022-02-26,998.4,4,-159.98,0.5,2,2022,-0.1602
CA-2022-104811,CG-10701,TEC-MAC-10695,2023-09-28,1757.35,2,-152.38,0.0,9,2023,-0.0867
CA-2022-104812,CG-10174,TEC-MAC-10521,2023-04-05,1787.57,2,-44.43,0.0,4,2023,-0.0249
CA-2022-104813,CG-10172,OFF-LAB-10135,2021-11-25,1687.82,2,565.84,0.5,11,2021,0.3352
CA-2022-104814,CG-10529,OFF-ENV-10976,2022-06-10,1326.44,4,329.84,0.0,6,2022,0.2487
CA-2022-104815,CG-10069,OFF-FAS-10885,2023-01-14,869.26,8,75.32,0.0,1,2023,0.0866
CA-2022-104816,CG-10269,FUR-TAB-10329,2021-05-12,382.64,1,72.95,0.4,5,2021,0.1906
CA-2022-104817,CG-10259,TEC-ACC-10833,2021-01-14,1368.98,5,295.01,0.0,1,2021,0.2155
CA-2022-104818,CG-10187,OFF-BIN-10728,2023-08-10,1252.98,4,206.53,0.5,8,2023,0.1648
CA-2022-104819,CG-10362,OFF-PAP-10196,2021-02-20,1107.01,6,354.44,0.1,2,2021,0.3202
CA-2022-104820,CG-10137,OFF-SUP-10881,2023-12-29,191.6,3,4.61,0.0,12,2023,0.0241
CA-2022-104821,CG-10316,TEC-COP-10908,2021-09-10,36.13,2,-5.24,0.4,9,2021,-0.145
CA-2022-104822,CG-10724,TEC-ACC-10273,2023-02-28,109.35,1,23.39,0.4,2,2023,0.2139
CA-2022-104823,CG-10739,TEC-COP-10375,2023-06-18,60.22,5,-8.26,0.1,6,2023,-0.1372
CA-2022-104824,CG-10109,OFF-APP-10258,2021-03-02,689.83,5,-103.46,0.5,3,2021,-0.15
CA-2022-104825,CG-10333,FUR-TAB-10600,2022-06-21,790.35,7,-107.41,0.1,6,2022,-0.1359
CA-2022-104826,CG-10289,FUR-TAB-10825,2023-03-06,510.54,1,29.82,0.0,3,2023,0.0584
CA-2022-104827,CG-10244,FUR-CHA-10291,2023-07-12,422.64,2,-67.42,0.0,7,2023,-0.1595
CA-2022-104828,CG-10629,FUR-BOO-10796,2021-11-29,1118.56,10,291.22,0.4,11,2021,0.2604
CA-2022-104829,CG-10296,TEC-PHO-10642,2023-11-11,1292.32,9,-229.58,0.2,11,2023,-0.1776
CA-2022-104830,CG-10701,TEC-ACC-10337,2022-07-20,1241.18,9,278.66,0.4,7,2022,0.2245
CA-2022-104831,CG-10383,TEC-MAC-10907,2021-11-08,275.09,8,47.39,0.0,11,2021,0.1723
CA-2022-104832,CG-10279,TEC-MAC-10032,2022-04-25,1558.43,9,206.36,0.0,4,2022,0.1324
CA-2022-104833,CG-10667,TEC-COP-10226,2023-09-29,909.14,2,295.3,0.0,9,2023,0.3248
CA-2022-104834,CG-10409,FUR-CHA-10508,2021-11-03,992.4,1,-83.35,0.5,11,2021,-0.084
CA-2022-104835,CG-10013,OFF-APP-10605,2023-07-20,1652.56,10,136.08,0.4,7,2023,0.0823
CA-2022-104836,CG-10346,OFF-ART-10113,2023-06-10,701.08,6,150.73,0.3,6,2023,0.215
CA-2022-104837,CG-10767,FUR-CHA-10203,2023-01-03,1681.12,6,608.19,0.3,1,2023,0.3618
CA-2022-104838,CG-10620,TEC-ACC-10292,2023-12-24,324.16,8,27.63,0.0,12,2023,0.0852
CA-2022-104839,CG-10099,FUR-BOO-10206,2022-05-29,1804.73,3,384.36,0.1,5,2022,0.213
CA-2022-104840,CG-10787,TEC-PHO-10963,2021-09-08,868.04,10,109.49,0.1,9,2021,0.1261
CA-2022-104841,CG-10772,OFF-STO-10801,2021-10-01,1121.78,1,285.77,0.1,10,2021,0.2547
CA-2022-104842,CG-10334,OFF-STO-10987,2022-02-11,236.74,8,-28.91,0.1,2,2022,-0.1221
CA-2022-104843,CG-10248,FUR-TAB-10209,2022-09-17,61.47,6,22.52,0.1,9,2022,0.3664
CA-2022-104844,CG-10582,TEC-ACC-10331,2022-10-31,1053.47,6,176.48,0.0,10,2022,0.1675
CA-2022-104845,CG-10473,OFF-STO-10400,2022-12-18,826.96,5,-16.04,0.4,12,2022,-0.0194
CA-2022-104846,CG-10277,OFF-LAB-10635,2022-07-24,1052.65,1,316.66,0.2,7,2022,0.3008
CA-2022-104847,CG-10522,TEC-MAC-10249,2023-06-27,436.82,8,115.0,0.5,6,2023,0.2633
CA-2022-104848,CG-10755,FUR-FUR-10804,2023-05-31,31.75,5,4.82,0.0,5,2023,0.1518
CA-2022-104849,CG-10233,OFF-PAP-10497,2022-03-20,50.71,1,4.71,0.0,3,2022,0.0929
CA-2022-104850,CG-10631,OFF-STO-10443,2021-01-19,305.79,3,-39.71,0.0,1,2021,-0.1299
CA-2022-104851,CG-10163,OFF-LAB-10759,2022-09-24,1385.16,10,540.85,0.3,9,2022,0.3905
CA-2022-104852,CG-10204,TEC-MAC-10300,2022-12-19,1592.7,7,279.57,0.0,12,2022,0.1755
CA-2022-104853,CG-10276,OFF-ART-10603,2022-03-11,1377.5,2,113.88,0.0,3,2022,0.0827
CA-2022-104854,CG-10629,FUR-FUR-10451,2021-12-12,914.9,5,281.2,0.3,12,2021,0.3074
CA-2022-104855,CG-10748,FUR-TAB-10114,2023-09-12,641.5,3,-37.95,0.5,9,2023,-0.0592
CA-2022-104856,CG-10504,FUR-FUR-10305,2021-05-10,1515.95,9,5.35,0.1,5,2021,0.0035
CA-2022-104857,CG-10073,OFF-LAB-10484,2022-01-20,912.75,9,18.13,0.1,1,2022,0.0199
CA-2022-104858,CG-10619,OFF-STO-10175,2022-09-27,600.55,1,44.82,0.3,9,2022,0.0746
CA-2022-104859,CG-10415,OFF-STO-10026,2021-08-14,1360.45,5,14.42,0.4,8,2021,0.0106
CA-2022-104860,CG-10657,TEC-COP-10922,2022-12-12,333.78,3,-6.02,0.0,12,2022,-0.018
CA-2022-104861,CG-10413,OFF-ART-10574,2023-12-05,1007.13,6,398.11,0.0,12,2023,0.3953
CA-2022-104862,CG-10583,FUR-TAB-10283,2021-04-20,53.76,6,-0.33,0.5,4,2021,-0.0061
CA-2022-104863,CG-10027,OFF-APP-10940,2022-03-26,49.03,10,11.93,0.0,3,2022,0.2433
CA-2022-104864,CG-10468,FUR-BOO-10256,2023-10-07,1291.42,8,-152.9,0.4,10,2023,-0.1184
CA-2022-104865,CG-10122,FUR-TAB-10489,2022-06-01,42.82,5,1.77,0.0,6,2022,0.0413
CA-2022-104866,CG-10366,OFF-PAP-10743,2022-12-14,448.66,2,148.4,0.4,12,2022,0.3308
CA-2022-104867,CG-10718,TEC-COP-10453,2021-01-14,359.43,1,50.22,0.1,1,2021,0.1397
CA-2022-104868,CG-10502,OFF-ENV-10314,2022-08-31,1905.02,1,629.13,0.3,8,2022,0.3302
CA-2022-104869,CG-10429,TEC-PHO-10872,2023-12-01,603.87,3,-114.57,0.4,12,2023,-0.1897
CA-2022-104870,CG-10203,OFF-BIN-10643,2021-10-12,208.43,7,57.01,0.1,10,2021,0.2735
CA-2022-104871,CG-10720,FUR-TAB-10981,2023-11-05,692.46,5,-10.91,0.5,11,2023,-0.0158
CA-2022-104872,CG-10352,OFF-ENV-10919,2022-10-03,1580.18,9,27.49,0.1,10,2022,0.0174
CA-2022-104873,CG-10190,TEC-MAC-10240,2022-05-30,263.74,8,56.46,0.0,5,2022,0.2141
CA-2022-104874,CG-10691,TEC-COP-10142,2021-01-17,467.16,3,129.52,0.5,1,2021,0.2772
CA-2022-104875,CG-10779,OFF-STO-10703,2021-03-04,1674.99,5,548.28,0.0,3,2021,0.3273
CA-2022-104876,CG-10481,OFF-ENV-10119,2022-01-21,492.03,7,97.79,0.1,1,2022,0.1987
CA-2022-104877,CG-10721,TEC-MAC-10449,2023-08-24,1718.22,9,494.9,0.0,8,2023,0.288
CA-2022-104878,CG-10595,OFF-ART-10931,2022-03-11,1817.69,9,293.7,0.4,3,2022,0.1616
CA-2022-104879,CG-10009,OFF-ENV-10752,2022-11-06,270.56,8,49.47,0.3,11,2022,0.1828
CA-2022-104880,CG-10502,FUR-FUR-10694,2021-11-24,762.65,2,26.9,0.0,11,2021,0.0353
CA-2022-104881,CG-10461,FUR-TAB-10151,2023-05-26,523.76,1,30.95,0.1,5,2023,0.0591
CA-2022-104882,CG-10278,TEC-ACC-10528,2021-05-28,69.78,1,8.74,0.0,5,2021,0.1253
CA-2022-104883,CG-10297,FUR-TAB-10249,2021-06-25,1794.83,2,519.89,0.5,6,2021,0.2897
CA-2022-104884,CG-10709,TEC-MAC-10719,2022-02-20,1782.0,4,-199.86,0.4,2,2022,-0.1122
CA-2022-104885,CG-10512,FUR-FUR-10962,2023-04-13,1821.41,4,597.98,0.0,4,2023,0.3283
CA-2022-104886,CG-10288,OFF-ART-10599,2023-01-27,1207.03,7,179.36,0.1,1,2023,0.1486
CA-2022-104887,CG-10260,TEC-ACC-10114,2022-06-05,778.46,10,35.46,0.0,6,2022,0.0456
CA-2022-104888,CG-10652,OFF-APP-10511,2022-11-22,1733.12,9,-335.31,0.4,11,2022,-0.1935
CA-2022-104889,CG-10713,TEC-COP-10475,2023-04-08,1079.25,1,-89.8,0.5,4,2023,-0.0832
CA-2022-104890,CG-10487,OFF-SUP-10907,2021-02-15,1991.94,6,-192.85,0.0,2,2021,-0.0968
CA-2022-104891,CG-10587,TEC-MAC-10707,2021-11-12,311.85,8,4.67,0.4,11,2021,0.015
CA-2022-104892,CG-10406,OFF-BIN-10689,2022-08-30,549.31,8,136.28,0.4,8,2022,0.2481
CA-2022-104893,CG-10508,OFF-SUP-10058,2023-05-26,371.76,1,139.51,0.2,5,2023,0.3753
CA-2022-104894,CG-10767,TEC-MAC-10676,2021-03-04,1578.88,10,14.8,0.0,3,2021,0.0094
CA-2022-104895,CG-10147,OFF-ENV-10443,2021-12-30,1721.39,8,306.64,0.0,12,2021,0.1781
CA-2022-104896,CG-10573,OFF-BIN-10206,2022-02-12,481.04,6,-52.64,0.0,2,2022,-0.1094
CA-2022-104897,CG-10536,FUR-BOO-10016,2021-07-03,640.63,1,136.8,0.1,7,2021,0.2135
CA-2022-104898,CG-10692,FUR-CHA-10425,2023-02-28,1898.75,4,240.59,0.4,2,2023,0.1267
CA-2022-104899,CG-10009,FUR-BOO-10365,2022-12-02,1471.14,10,383.88,0.5,12,2022,0.2609
CA-2022-104900,CG-10535,FUR-TAB-10778,2022-06-26,1336.96,8,312.99,0.4,6,2022,0.2341
CA-2022-104901,CG-10449,OFF-ENV-10197,2022-02-17,1038.62,8,-80.56,0.1,2,2022,-0.0776
CA-2022-104902,CG-10270,FUR-FUR-10492,2023-06-28,389.35,6,-22.78,0.1,6,2023,-0.0585
CA-2022-104903,CG-10339,OFF-PAP-10977,2021-01-29,920.57,3,155.16,0.0,1,2021,0.1685
CA-2022-104904,CG-10010,TEC-COP-10044,2023-01-04,631.3,7,203.35,0.5,1,2023,0.3221
CA-2022-104905,CG-10075,FUR-CHA-10054,2023-07-29,391.32,2,13.75,0.0,7,2023,0.0351
CA-2022-104906,CG-10046,OFF-BIN-10197,2022-12-04,1864.7,3,717.56,0.5,12,2022,0.3848
CA-2022-104907,CG-10269,TEC-MAC-10740,2021-06-25,1918.37,3,549.92,0.2,6,2021,0.2867
CA-2022-104908,CG-10425,OFF-ART-10194,2022-05-25,1328.6,2,189.71,0.1,5,2022,0.1428
CA-2022-104909,CG-10240,OFF-ART-10474,2022-07-02,1220.46,2,417.64,0.5,7,2022,0.3422
CA-2022-104910,CG-10718,OFF-SUP-10392,2023-01-20,1029.97,10,341.94,0.4,1,2023,0.332
CA-2022-104911,CG-10121,TEC-PHO-10538,2023-11-27,1480.46,10,91.61,0.4,11,2023,0.0619
CA-2022-104912,CG-10119,TEC-COP-10677,2022-07-05,1843.69,9,-230.49,0.0,7,2022,-0.125
CA-2022-104913,CG-10329,OFF-APP-10712,2021-09-11,19.56,3,0.38,0.0,9,2021,0.0194
CA-2022-104914,CG-10452,FUR-BOO-10036,2021-10-02,1714.64,8,637.9,0.1,10,2021,0.372
CA-2022-104915,CG-10096,FUR-BOO-10623,2021-01-10,170.23,8,54.97,0.0,1,2021,0.3229
CA-2022-104916,CG-10441,OFF-LAB-10703,2023-02-10,1150.25,4,-60.9,0.0,2,2023,-0.0529
CA-2022-104917,CG-10788,TEC-PHO-10173,2021-06-17,1129.97,8,-145.1,0.1,6,2021,-0.1284
CA-2022-104918,CG-10676,FUR-FUR-10620,2022-05-11,982.14,2,391.76,0.1,5,2022,0.3989
CA-2022-104919,CG-10392,OFF-SUP-10912,2023-03-21,647.23,7,-32.52,0.0,3,2023,-0.0502
CA-2022-104920,CG-10178,FUR-CHA-10843,2023-07-08,271.88,7,-21.15,0.4,7,2023,-0.0778
CA-2022-104921,CG-10073,TEC-COP-10706,2021-04-23,1552.19,7,270.82,0.0,4,2021,0.1745
CA-2022-104922,CG-10351,OFF-STO-10359,2021-11-24,1181.57,4,152.18,0.0,11,2021,0.1288
CA-2022-104923,CG-10791,TEC-MAC-10145,2021-11-20,1547.99,6,-169.38,0.5,11,2021,-0.1094
CA-2022-104924,CG-10245,TEC-ACC-10618,2023-07-12,1854.29,1,612.57,0.0,7,2023,0.3304
CA-2022-104925,CG-10708,TEC-PHO-10843,2022-11-05,1702.25,4,232.02,0.3,11,2022,0.1363
CA-2022-104926,CG-10341,FUR-CHA-10783,2021-12-24,150.46,5,27.36,0.1,12,2021,0.1818
CA-2022-104927,CG-10390,OFF-PAP-10066,2021-05-20,1755.22,4,79.0,0.2,5,2021,0.045
CA-2022-104928,CG-10039,FUR-FUR-10508,2022-09-30,286.02,7,-26.34,0.5,9,2022,-0.0921
CA-2022-104929,CG-10213,OFF-ENV-10550,2022-02-11,841.19,9,188.85,0.5,2,2022,0.2245
CA-2022-104930,CG-10737,TEC-ACC-10250,2021-08-11,1843.46,10,608.9,0.0,8,2021,0.3303
CA-2022-104931,CG-10367,OFF-ART-10361,2021-03-01,827.44,9,312.24,0.0,3,2021,0.3774
CA-2022-104932,CG-10016,TEC-PHO-10845,2023-02-06,1303.63,1,50.0,0.1,2,2023,0.0384
CA-2022-104933,CG-10173,OFF-STO-10104,2021-01-05,203.44,10,-40.29,0.3,1,2021,-0.198
CA-2022-104934,CG-10269,OFF-ENV-10240,2021-09-24,28.83,10,10.19,0.1,9,2021,0.3535
CA-2022-104935,CG-10639,OFF-APP-10772,2022-01-15,1591.98,5,302.54,0.0,1,2022,0.19
CA-2022-104936,CG-10405,OFF-ENV-10687,2021-07-03,1070.1,7,29.11,0.3,7,2021,0.0272
CA-2022-104937,CG-10708,TEC-COP-10897,2022-09-13,1391.02,8,81.14,0.0,9,2022,0.0583
CA-2022-104938,CG-10011,FUR-TAB-10296,2022-03-16,630.91,1,6.07,0.0,3,2022,0.0096
CA-2022-104939,CG-10507,TEC-COP-10902,2021-04-03,961.88,3,-55.89,0.3,4,2021,-0.0581
CA-2022-104940,CG-10124,TEC-MAC-10444,2021-03-17,876.61,7,-44.25,0.0,3,2021,-0.0505
CA-2022-104941,CG-10164,FUR-FUR-10996,2023-05-16,1226.67,8,311.19,0.2,5,2023,0.2537
CA-2022-104942,CG-10762,OFF-STO-10798,2021-07-06,1140.15,6,178.25,0.2,7,2021,0.1563
CA-2022-104943,CG-10263,OFF-APP-10075,2022-09-26,1272.59,6,40.33,0.1,9,2022,0.0317
CA-2022-104944,CG-10368,FUR-CHA-10130,2023-12-15,1402.39,8,-26.6,0.0,12,2023,-0.019
CA-2022-104945,CG-10761,FUR-FUR-10899,2023-02-19,1367.71,6,71.88,0.0,2,2023,0.0526
CA-2022-104946,CG-10636,OFF-SUP-10112,2022-08-13,700.64,3,277.27,0.0,8,2022,0.3957
CA-2022-104947,CG-10615,OFF-APP-10636,2023-09-02,1344.76,9,372.72,0.1,9,2023,0.2772
CA-2022-104948,CG-10212,FUR-TAB-10114,2023-10-20,1166.2,4,-54.36,0.1,10,2023,-0.0466
CA-2022-104949,CG-10768,TEC-MAC-10416,2023-02-24,883.85,6,121.21,0.4,2,2023,0.1371
CA-2022-104950,CG-10194,FUR-FUR-10192,2021-10-06,942.95,10,13.08,0.5,10,2021,0.0139
CA-2022-104951,CG-10724,OFF-FAS-10806,2021-11-06,441.96,7,26.51,0.0,11,2021,0.06
CA-2022-104952,CG-10639,FUR-BOO-10734,2022-12-28,1337.16,7,-16.68,0.5,12,2022,-0.0125
CA-2022-104953,CG-10701,OFF-BIN-10507,2023-06-03,1965.64,5,187.87,0.2,6,2023,0.0956
CA-2022-104954,CG-10628,FUR-BOO-10105,2022-07-14,1249.23,10,-190.97,0.4,7,2022,-0.1529
CA-2022-104955,CG-10178,OFF-APP-10195,2021-03-01,1700.63,4,-202.15,0.3,3,2021,-0.1189
CA-2022-104956,CG-10132,TEC-PHO-10479,2022-10-29,915.24,2,-29.83,0.4,10,2022,-0.0326
CA-2022-104957,CG-10529,TEC-ACC-10052,2022-07-24,1288.83,3,290.81,0.5,7,2022,0.2256
CA-2022-104958,CG-10668,TEC-COP-10663,2023-12-20,1924.72,1,551.33,0.0,12,2023,0.2864
CA-2022-104959,CG-10453,FUR-FUR-10947,2022-06-15,1545.4,8,-173.12,0.4,6,2022,-0.112
CA-2022-104960,CG-10306,OFF-BIN-10551,2021-09-09,1466.73,7,505.56,0.5,9,2021,0.3447
CA-2022-104961,CG-10138,TEC-PHO-10773,2023-05-01,1020.33,1,-71.88,0.2,5,2023,-0.0704
CA-2022-104962,CG-10163,OFF-ART-10279,2023-09-13,1212.91,5,105.42,0.1,9,2023,0.0869
CA-2022-104963,CG-10219,TEC-COP-10382,2022-11-03,124.14,6,36.84,0.0,11,2022,0.2968
CA-2022-104964,CG-10184,TEC-MAC-10844,2023-08-13,389.97,5,35.01,0.0,8,2023,0.0898
CA-2022-104965,CG-10089,TEC-ACC-10579,2021-10-22,1686.71,9,307.76,0.0,10,2021,0.1825
CA-2022-104966,CG-10216,FUR-TAB-10526,2022-02-20,1141.68,8,17.37,0.5,2,2022,0.0152
CA-2022-104967,CG-10214,OFF-ENV-10888,2022-07-15,74.35,9,6.9,0.4,7,2022,0.0928
CA-2022-104968,CG-10249,TEC-PHO-10926,2023-04-15,1430.71,7,101.87,0.2,4,2023,0.0712
CA-2022-104969,CG-10241,FUR-TAB-10929,2023-07-04,1988.06,10,197.78,0.5,7,2023,0.0995
CA-2022-104970,CG-10432,OFF-PAP-10761,2021-03-21,288.51,7,58.65,0.0,3,2021,0.2033
CA-2022-104971,CG-10751,FUR-BOO-10693,2022-09-05,151.82,2,36.25,0.2,9,2022,0.2388
CA-2022-104972,CG-10660,FUR-CHA-10120,2022-06-17,250.14,10,72.23,0.2,6,2022,0.2888
CA-2022-104973,CG-10103,OFF-SUP-10583,2021-04-24,362.37,3,-52.44,0.1,4,2021,-0.1447
CA-2022-104974,CG-10751,FUR-TAB-10790,2022-09-28,317.15,2,78.01,0.2,9,2022,0.246
CA-2022-104975,CG-10426,TEC-PHO-10428,2023-04-20,946.98,8,105.89,0.1,4,2023,0.1118
CA-2022-104976,CG-10335,FUR-BOO-10640,2022-12-10,1488.91,6,88.25,0.1,12,2022,0.0593
CA-2022-104977,CG-10133,TEC-MAC-10764,2021-11-19,905.98,8,162.8,0.0,11,2021,0.1797
CA-2022-104978,CG-10249,OFF-STO-10456,2022-09-09,839.67,8,-97.24,0.1,9,2022,-0.1158
CA-2022-104979,CG-10394,OFF-LAB-10352,2021-01-27,1273.07,5,355.89,0.5,1,2021,0.2796
CA-2022-104980,CG-10367,OFF-LAB-10390,2023-06-28,300.06,1,60.81,0.2,6,2023,0.2027
CA-2022-104981,CG-10646,FUR-BOO-10734,2023-07-19,1069.75,4,303.45,0.0,7,2023,0.2837
CA-2022-104982,CG-10056,TEC-ACC-10796,2023-02-17,1187.63,1,281.0,0.0,2,2023,0.2366
CA-2022-104983,CG-10512,FUR-CHA-10723,2023-07-23,27.76,7,1.84,0.5,7,2023,0.0663
CA-2022-104984,CG-10247,FUR-FUR-10998,2022-02-20,1341.24,7,-167.33,0.2,2,2022,-0.1248
CA-2022-104985,CG-10672,OFF-ENV-10741,2023-06-11,919.99,8,119.6,0.0,6,2023,0.13
CA-2022-104986,CG-10059,OFF-FAS-10473,2022-01-14,1575.49,4,-165.92,0.0,1,2022,-0.1053
CA-2022-104987,CG-10053,OFF-STO-10154,2023-04-14,564.13,9,-23.88,0.0,4,2023,-0.0423
CA-2022-104988,CG-10621,TEC-ACC-10217,2023-05-30,1541.74,3,522.59,0.0,5,2023,0.339
CA-2022-104989,CG-10551,OFF-PAP-10069,2021-11-06,1655.33,10,155.63,0.4,11,2021,0.094
CA-2022-104990,CG-10492,OFF-ENV-10237,2022-03-06,1635.72,8,-89.32,0.0,3,2022,-0.0546
CA-2022-104991,CG-10217,FUR-FUR-10855,2022-10-16,11.71,4,1.53,0.0,10,2022,0.1307
CA-2022-104992,CG-10246,FUR-BOO-10242,2021-06-05,1915.22,9,625.23,0.0,6,2021,0.3265
CA-2022-104993,CG-10742,FUR-BOO-10584,2022-02-04,542.77,6,101.45,0.5,2,2022,0.1869
CA-2022-104994,CG-10607,OFF-ENV-10475,2023-11-05,1693.96,9,157.92,0.0,11,2023,0.0932
CA-2022-104995,CG-10630,FUR-CHA-10122,2021-11-05,1309.64,8,219.18,0.3,11,2021,0.1674
CA-2022-104996,CG-10320,FUR-TAB-10208,2022-10-16,1735.88,1,600.07,0.5,10,2022,0.3457
CA-2022-104997,CG-10438,OFF-FAS-10322,2021-05-20,661.03,5,86.35,0.0,5,2021,0.1306
CA-2022-104998,CG-10645,OFF-ART-10676,2023-08-10,563.87,8,144.26,0.3,8,2023,0.2558
CA-2022-104999,CG-10625,FUR-BOO-10546,2023-11-27,1991.98,10,-160.71,0.0,11,2023,-0.0807
CA-2022-105000,CG-10538,TEC-MAC-10998,2021-01-18,840.78,2,34.65,0.0,1,2021,0.0412
CA-2022-105001,CG-10425,FUR-BOO-10869,2023-01-16,1109.47,9,226.61,0.0,1,2023,0.2043
CA-2022-105002,CG-10750,OFF-PAP-10926,2022-01-16,218.86,7,-38.5,0.0,1,2022,-0.1759
CA-2022-105003,CG-10013,OFF-BIN-10678,2022-04-25,1063.94,4,160.69,0.4,4,2022,0.151
CA-2022-105004,CG-10442,OFF-ART-10031,2021-05-13,208.09,7,42.01,0.1,5,2021,0.2019
CA-2022-105005,CG-10338,OFF-ART-10921,2021-07-28,406.18,8,-76.27,0.0,7,2021,-0.1878
CA-2022-105006,CG-10767,FUR-CHA-10929,2022-12-21,1882.68,6,360.7,0.0,12,2022,0.1916
CA-2022-105007,CG-10354,TEC-MAC-10263,2022-01-19,1215.39,5,-79.09,0.0,1,2022,-0.0651
CA-2022-105008,CG-10144,FUR-TAB-10252,2021-12-23,1568.03,3,-126.29,0.2,12,2021,-0.0805
CA-2022-105009,CG-10751,FUR-TAB-10970,2023-03-30,155.28,3,60.43,0.0,3,2023,0.3892
CA-2022-105010,CG-10759,OFF-APP-10826,2023-10-14,1738.72,1,-221.5,0.0,10,2023,-0.1274
CA-2022-105011,CG-10297,TEC-COP-10359,2023-05-09,767.9,9,2.86,0.2,5,2023,0.0037
CA-2022-105012,CG-10203,OFF-SUP-10401,2022-09-01,916.61,2,95.76,0.0,9,2022,0.1045
CA-2022-105013,CG-10099,OFF-ENV-10569,2021-02-19,53.7,1,-2.9,0.1,2,2021,-0.054
CA-2022-105014,CG-10013,OFF-ENV-10826,2023-07-13,1910.44,7,20.47,0.0,7,2023,0.0107
CA-2022-105015,CG-10461,FUR-TAB-10133,2023-06-22,480.2,3,160.11,0.4,6,2023,0.3334
CA-2022-105016,CG-10003,TEC-MAC-10011,2021-01-29,1179.03,8,-178.29,0.3,1,2021,-0.1512
CA-2022-105017,CG-10758,TEC-COP-10776,2022-12-22,941.02,9,168.43,0.3,12,2022,0.179
CA-2022-105018,CG-10305,FUR-TAB-10557,2021-03-19,330.27,10,89.45,0.0,3,2021,0.2708
CA-2022-105019,CG-10662,TEC-ACC-10384,2022-03-22,195.76,4,50.72,0.1,3,2022,0.2591
CA-2022-105020,CG-10657,FUR-CHA-10364,2021-09-22,405.53,1,130.78,0.3,9,2021,0.3225
CA-2022-105021,CG-10007,FUR-CHA-10272,2021-12-19,720.82,10,-107.92,0.1,12,2021,-0.1497
CA-2022-105022,CG-10630,TEC-COP-10014,2022-07-31,469.7,4,4.86,0.0,7,2022,0.0103
CA-2022-105023,CG-10621,TEC-COP-10237,2023-02-22,466.4,3,-54.89,0.3,2,2023,-0.1177
CA-2022-105024,CG-10064,FUR-BOO-10104,2021-10-27,25.64,8,6.8,0.3,10,2021,0.2652
CA-2022-105025,CG-10737,TEC-COP-10909,2022-09-25,1934.79,6,437.63,0.1,9,2022,0.2262
CA-2022-105026,CG-10513,FUR-BOO-10152,2021-01-25,1078.36,9,50.63,0.3,1,2021,0.047
CA-2022-105027,CG-10726,FUR-CHA-10267,2021-04-11,580.82,2,-23.13,0.4,4,2021,-0.0398
CA-2022-105028,CG-10745,OFF-LAB-10168,2022-01-21,1673.0,2,-319.62,0.5,1,2022,-0.191
CA-2022-105029,CG-10435,TEC-MAC-10208,2022-06-27,279.05,2,40.5,0.4,6,2022,0.1451
CA-2022-105030,CG-10341,TEC-COP-10672,2021-10-27,547.94,5,143.76,0.4,10,2021,0.2624
CA-2022-105031,CG-10705,FUR-TAB-10478,2022-11-24,695.18,2,-83.94,0.5,11,2022,-0.1207
CA-2022-105032,CG-10429,OFF-APP-10751,2022-07-24,206.27,4,-13.22,0.3,7,2022,-0.0641
CA-2022-105033,CG-10651,FUR-FUR-10743,2023-09-30,19.44,2,0.61,0.0,9,2023,0.0314
CA-2022-105034,CG-10199,FUR-CHA-10576,2021-02-22,1885.58,9,630.74,0.0,2,2021,0.3345
CA-2022-105035,CG-10396,TEC-PHO-10184,2021-05-07,1089.33,2,125.33,0.2,5,2021,0.1151
CA-2022-105036,CG-10255,TEC-ACC-10728,2021-10-23,828.23,1,214.97,0.4,10,2021,0.2596
CA-2022-105037,CG-10216,TEC-MAC-10440,2021-10-23,164.13,7,10.84,0.4,10,2021,0.066
CA-2022-105038,CG-10656,OFF-FAS-10947,2023-01-30,588.54,9,-38.56,0.4,1,2023,-0.0655
CA-2022-105039,CG-10203,FUR-FUR-10267,2021-09-26,1434.5,2,-271.34,0.5,9,2021,-0.1892
CA-2022-105040,CG-10344,FUR-FUR-10315,2023-06-26,431.28,7,-25.62,0.0,6,2023,-0.0594
CA-2022-105041,CG-10493,OFF-FAS-10185,2021-10-01,1400.85,3,517.84,0.0,10,2021,0.3697
CA-2022-105042,CG-10693,OFF-STO-10276,2022-05-19,294.66,6,69.34,0.0,5,2022,0.2353
CA-2022-105043,CG-10257,FUR-BOO-10353,2023-12-03,691.88,5,167.13,0.3,12,2023,0.2416
CA-2022-105044,CG-10368,FUR-FUR-10735,2021-09-17,703.81,1,-34.69,0.1,9,2021,-0.0493
CA-2022-105045,CG-10011,FUR-BOO-10281,2022-08-04,1039.13,6,68.08,0.0,8,2022,0.0655
CA-2022-105046,CG-10240,OFF-FAS-10289,2022-08-20,471.03,10,45.04,0.0,8,2022,0.0956
CA-2022-105047,CG-10373,OFF-PAP-10013,2021-11-08,1382.24,2,103.35,0.0,11,2021,0.0748
CA-2022-105048,CG-10576,FUR-CHA-10455,2021-11-23,949.08,2,-93.0,0.5,11,2021,-0.098
CA-2022-105049,CG-10125,FUR-BOO-10353,2022-02-07,709.19,2,180.44,0.0,2,2022,0.2544
CA-2022-105050,CG-10650,OFF-STO-10777,2023-01-24,489.1,9,-17.8,0.4,1,2023,-0.0364
CA-2022-105051,CG-10316,OFF-FAS-10541,2021-01-11,1497.62,3,-94.84,0.3,1,2021,-0.0633
CA-2022-105052,CG-10238,FUR-CHA-10703,2022-02-18,827.59,6,-70.62,0.2,2,2022,-0.0853
CA-2022-105053,CG-10584,TEC-PHO-10868,2023-06-14,1582.87,6,139.4,0.2,6,2023,0.0881
CA-2022-105054,CG-10414,OFF-STO-10164,2021-02-07,89.52,4,26.61,0.1,2,2021,0.2973
CA-2022-105055,CG-10777,OFF-FAS-10435,2023-06-19,1563.09,5,481.68,0.2,6,2023,0.3082
CA-2022-105056,CG-10291,TEC-PHO-10500,2022-08-19,772.59,3,-144.24,0.4,8,2022,-0.1867
CA-2022-105057,CG-10780,FUR-BOO-10736,2021-08-07,621.37,5,234.12,0.2,8,2021,0.3768
CA-2022-105058,CG-10392,TEC-MAC-10289,2022-12-05,790.86,8,-41.76,0.1,12,2022,-0.0528
CA-2022-105059,CG-10028,FUR-CHA-10687,2021-04-19,799.33,2,-8.75,0.0,4,2021,-0.0109
CA-2022-105060,CG-10230,TEC-COP-10054,2023-11-03,234.48,7,20.8,0.0,11,2023,0.0887
CA-2022-105061,CG-10568,TEC-PHO-10473,2021-08-27,1209.82,9,-157.03,0.0,8,2021,-0.1298
CA-2022-105062,CG-10649,FUR-TAB-10226,2023-02-28,1809.16,10,320.74,0.0,2,2023,0.1773
CA-2022-105063,CG-10216,TEC-ACC-10139,2021-10-30,1696.26,9,-153.3,0.0,10,2021,-0.0904
CA-2022-105064,CG-10155,TEC-PHO-10886,2022-11-14,272.8,6,51.94,0.0,11,2022,0.1904
CA-2022-105065,CG-10524,OFF-PAP-10134,2023-04-12,1885.73,8,-238.18,0.5,4,2023,-0.1263
CA-2022-105066,CG-10362,FUR-FUR-10410,2023-05-21,268.82,6,28.19,0.4,5,2023,0.1049
CA-2022-105067,CG-10536,TEC-PHO-10263,2023-06-03,140.58,8,-27.42,0.3,6,2023,-0.195
CA-2022-105068,CG-10010,TEC-PHO-10379,2021-06-30,1702.44,2,644.26,0.3,6,2021,0.3784
CA-2022-105069,CG-10070,FUR-BOO-10223,2022-10-20,1784.85,5,-3.12,0.0,10,2022,-0.0017
CA-2022-105070,CG-10695,OFF-LAB-10610,2021-07-20,1048.2,4,280.3,0.0,7,2021,0.2674
CA-2022-105071,CG-10052,TEC-ACC-10264,2023-01-20,529.46,7,134.5,0.1,1,2023,0.254
CA-2022-105072,CG-10723,TEC-PHO-10732,2021-05-22,1861.94,10,439.57,0.3,5,2021,0.2361
CA-2022-105073,CG-10605,OFF-APP-10570,2023-01-12,1426.38,4,270.3,0.2,1,2023,0.1895
CA-2022-105074,CG-10445,TEC-MAC-10138,2021-10-19,1530.4,4,-211.47,0.0,10,2021,-0.1382
CA-2022-105075,CG-10750,TEC-PHO-10293,2021-03-23,919.67,6,-141.78,0.0,3,2021,-0.1542
CA-2022-105076,CG-10629,OFF-SUP-10901,2021-10-21,565.66,4,-50.93,0.0,10,2021,-0.09
CA-2022-105077,CG-10363,OFF-BIN-10779,2022-03-27,981.74,3,-191.94,0.4,3,2022,-0.1955
CA-2022-105078,CG-10609,TEC-PHO-11000,2022-06-29,1356.47,4,-94.09,0.3,6,2022,-0.0694
CA-2022-105079,CG-10225,FUR-FUR-10483,2021-05-07,876.4,8,74.08,0.1,5,2021,0.0845
CA-2022-105080,CG-10559,FUR-FUR-10153,2022-08-03,1089.22,2,129.53,0.0,8,2022,0.1189
CA-2022-105081,CG-10528,FUR-BOO-10203,2022-08-16,1142.73,1,6.0,0.0,8,2022,0.0053
CA-2022-105082,CG-10644,FUR-CHA-10205,2022-01-03,1731.71,1,124.06,0.1,1,2022,0.0716
CA-2022-105083,CG-10556,TEC-MAC-10957,2021-01-01,1945.48,7,745.94,0.2,1,2021,0.3834
CA-2022-105084,CG-10072,TEC-ACC-10832,2022-02-10,147.44,9,1.75,0.4,2,2022,0.0119
CA-2022-105085,CG-10022,OFF-FAS-10880,2022-10-23,1079.93,2,-103.63,0.1,10,2022,-0.096
CA-2022-105086,CG-10306,FUR-CHA-10881,2023-06-16,1207.87,9,167.24,0.5,6,2023,0.1385
CA-2022-105087,CG-10341,FUR-TAB-10822,2022-10-23,1679.27,1,608.43,0.0,10,2022,0.3623
CA-2022-105088,CG-10656,TEC-PHO-10429,2021-12-31,1695.76,4,557.14,0.4,12,2021,0.3285
CA-2022-105089,CG-10072,FUR-BOO-10606,2023-10-07,766.52,6,64.04,0.0,10,2023,0.0835
CA-2022-105090,CG-10442,FUR-TAB-10275,2021-06-25,1415.58,9,388.39,0.5,6,2021,0.2744
CA-2022-105091,CG-10620,FUR-FUR-10325,2023-04-23,438.18,1,-18.86,0.1,4,2023,-0.043
CA-2022-105092,CG-10576,FUR-TAB-10284,2023-07-22,589.73,10,213.92,0.1,7,2023,0.3627
CA-2022-105093,CG-10628,TEC-MAC-10459,2021-02-18,277.84,10,77.59,0.3,2,2021,0.2793
CA-2022-105094,CG-10788,OFF-LAB-10219,2022-01-25,1276.41,4,-141.6,0.0,1,2022,-0.1109
CA-2022-105095,CG-10326,OFF-ENV-10087,2021-11-28,231.79,5,25.19,0.5,11,2021,0.1087
CA-2022-105096,CG-10688,FUR-TAB-10048,2021-08-20,1053.69,3,272.5,0.0,8,2021,0.2586
CA-2022-105097,CG-10781,TEC-COP-10298,2021-12-20,601.31,7,111.69,0.2,12,2021,0.1857
CA-2022-105098,CG-10112,OFF-ART-10776,2021-05-28,725.04,3,245.1,0.5,5,2021,0.3381
CA-2022-105099,CG-10445,OFF-APP-10623,2021-08-23,1140.32,1,-7.24,0.2,8,2021,-0.0063
CA-2022-105100,CG-10540,OFF-LAB-10627,2023-10-25,780.33,7,-121.51,0.4,10,2023,-0.1557
CA-2022-105101,CG-10117,TEC-PHO-10880,2021-01-28,191.83,1,62.14,0.0,1,2021,0.3239
CA-2022-105102,CG-10363,FUR-CHA-10467,2023-04-22,741.22,3,178.29,0.2,4,2023,0.2405
CA-2022-105103,CG-10697,TEC-PHO-10950,2022-10-11,749.13,4,70.92,0.5,10,2022,0.0947
CA-2022-105104,CG-10480,TEC-PHO-10108,2023-10-16,598.58,3,-61.72,0.0,10,2023,-0.1031
CA-2022-105105,CG-10652,OFF-ART-10735,2022-05-11,496.06,10,126.57,0.0,5,2022,0.2552
CA-2022-105106,CG-10420,OFF-BIN-10732,2023-11-13,392.49,8,83.89,0.0,11,2023,0.2137
CA-2022-105107,CG-10390,FUR-BOO-10151,2021-04-15,424.49,4,-21.96,0.0,4,2021,-0.0517
CA-2022-105108,CG-10700,FUR-FUR-10544,2022-02-17,151.46,7,48.05,0.5,2,2022,0.3172
CA-2022-105109,CG-10035,OFF-BIN-10161,2021-02-23,202.15,7,20.68,0.0,2,2021,0.1023
CA-2022-105110,CG-10775,FUR-BOO-10959,2021-01-16,715.18,8,16.8,0.3,1,2021,0.0235
CA-2022-105111,CG-10479,FUR-CHA-10857,2021-05-18,1018.72,1,290.54,0.0,5,2021,0.2852
CA-2022-105112,CG-10406,OFF-STO-10501,2023-07-25,678.74,8,252.99,0.3,7,2023,0.3727
CA-2022-105113,CG-10492,TEC-MAC-10962,2022-06-13,225.64,7,15.76,0.3,6,2022,0.0698
CA-2022-105114,CG-10630,FUR-TAB-10683,2021-10-25,1578.98,2,426.5,0.0,10,2021,0.2701
CA-2022-105115,CG-10714,OFF-PAP-10202,2022-01-23,340.38,5,95.77,0.0,1,2022,0.2814
CA-2022-105116,CG-10364,FUR-BOO-10068,2023-06-03,749.54,8,-125.0,0.2,6,2023,-0.1668
CA-2022-105117,CG-10461,FUR-CHA-10789,2022-05-03,1629.19,7,-228.88,0.3,5,2022,-0.1405
CA-2022-105118,CG-10699,FUR-FUR-10159,2021-03-08,1918.07,1,-244.09,0.3,3,2021,-0.1273
CA-2022-105119,CG-10554,TEC-COP-10161,2021-07-22,1110.48,3,243.0,0.3,7,2021,0.2188
CA-2022-105120,CG-10502,FUR-BOO-10874,2023-11-05,1954.44,4,339.81,0.0,11,2023,0.1739
CA-2022-105121,CG-10653,TEC-PHO-10574,2022-07-03,1074.28,5,396.98,0.1,7,2022,0.3695
CA-2022-105122,CG-10297,FUR-CHA-10563,2023-09-08,1111.51,6,172.82,0.0,9,2023,0.1555
CA-2022-105123,CG-10461,FUR-TAB-10849,2023-04-05,980.03,6,293.43,0.4,4,2023,0.2994
CA-2022-105124,CG-10103,FUR-TAB-10728,2021-09-02,251.78,3,-34.0,0.0,9,2021,-0.135
CA-2022-105125,CG-10745,TEC-COP-10578,2022-04-17,605.51,1,-71.81,0.3,4,2022,-0.1186
CA-2022-105126,CG-10526,FUR-CHA-10595,2023-05-03,462.7,2,-56.54,0.4,5,2023,-0.1222
CA-2022-105127,CG-10052,TEC-COP-10805,2023-06-09,1738.71,5,368.02,0.0,6,2023,0.2117
CA-2022-105128,CG-10227,OFF-APP-10323,2021-10-06,689.07,5,-17.33,0.4,10,2021,-0.0251
CA-2022-105129,CG-10243,FUR-FUR-10858,2022-11-07,991.99,7,365.8,0.4,11,2022,0.3688
CA-2022-105130,CG-10566,FUR-FUR-10219,2022-03-12,186.36,3,69.2,0.4,3,2022,0.3713
CA-2022-105131,CG-10001,OFF-SUP-10444,2022-11-30,1495.84,10,525.31,0.5,11,2022,0.3512
CA-2022-105132,CG-10011,FUR-BOO-10815,2021-12-28,614.77,4,104.37,0.3,12,2021,0.1698
CA-2022-105133,CG-10100,OFF-ART-10988,2023-09-03,360.06,9,-46.65,0.4,9,2023,-0.1296
CA-2022-105134,CG-10070,TEC-COP-10383,2022-06-14,831.62,6,67.03,0.2,6,2022,0.0806
CA-2022-105135,CG-10660,TEC-ACC-10956,2022-05-09,376.3,1,19.57,0.0,5,2022,0.052
CA-2022-105136,CG-10236,TEC-COP-10884,2022-08-04,1560.19,1,497.58,0.0,8,2022,0.3189
CA-2022-105137,CG-10400,TEC-MAC-10402,2023-02-05,872.02,9,333.31,0.1,2,2023,0.3822
CA-2022-105138,CG-10770,TEC-PHO-10661,2022-10-11,653.41,2,179.73,0.1,10,2022,0.2751
CA-2022-105139,CG-10402,FUR-CHA-10204,2022-08-18,544.82,3,205.24,0.3,8,2022,0.3767
CA-2022-105140,CG-10604,OFF-PAP-10758,2021-07-09,1851.88,9,-156.75,0.3,7,2021,-0.0846
CA-2022-105141,CG-10509,OFF-ART-10024,2023-08-19,1878.06,3,324.02,0.0,8,2023,0.1725
CA-2022-105142,CG-10442,OFF-FAS-10765,2022-06-10,1060.17,10,395.14,0.0,6,2022,0.3727
CA-2022-105143,CG-10709,FUR-BOO-10537,2023-01-15,1824.37,7,619.47,0.2,1,2023,0.3396
CA-2022-105144,CG-10666,TEC-MAC-10805,2022-06-01,1128.32,6,-168.93,0.0,6,2022,-0.1497
CA-2022-105145,CG-10607,FUR-TAB-10908,2022-05-22,223.5,8,-24.92,0.2,5,2022,-0.1115
CA-2022-105146,CG-10388,TEC-PHO-10752,2022-11-07,1816.68,8,383.82,0.0,11,2022,0.2113
CA-2022-105147,CG-10353,FUR-BOO-10603,2022-03-20,509.09,3,115.99,0.4,3,2022,0.2278
CA-2022-105148,CG-10424,TEC-ACC-10448,2023-03-22,257.36,6,-49.73,0.2,3,2023,-0.1932
CA-2022-105149,CG-10649,OFF-APP-10276,2023-05-11,40.62,8,9.06,0.5,5,2023,0.223
CA-2022-105150,CG-10581,TEC-ACC-10005,2022-10-04,686.21,10,-35.6,0.1,10,2022,-0.0519
CA-2022-105151,CG-10681,FUR-CHA-10136,2023-06-27,556.16,6,-88.25,0.1,6,2023,-0.1587
CA-2022-105152,CG-10156,TEC-COP-10652,2022-06-26,1650.74,4,602.62,0.2,6,2022,0.3651
CA-2022-105153,CG-10364,FUR-TAB-10193,2023-08-03,382.01,10,41.1,0.4,8,2023,0.1076
CA-2022-105154,CG-10385,OFF-FAS-10805,2022-04-18,263.82,7,95.23,0.4,4,2022,0.361
CA-2022-105155,CG-10357,OFF-ART-10652,2021-11-01,243.7,6,-4.16,0.5,11,2021,-0.0171
CA-2022-105156,CG-10002,FUR-CHA-10624,2023-12-10,1057.83,6,-102.45,0.2,12,2023,-0.0968
CA-2022-105157,CG-10346,OFF-LAB-10464,2021-04-23,976.28,10,142.54,0.2,4,2021,0.146
CA-2022-105158,CG-10347,FUR-TAB-10012,2021-03-06,709.36,2,-14.21,0.1,3,2021,-0.02
CA-2022-105159,CG-10572,FUR-CHA-10776,2021-10-09,525.56,2,-35.0,0.5,10,2021,-0.0666
CA-2022-105160,CG-10632,OFF-BIN-10561,2021-05-13,527.22,7,-26.29,0.5,5,2021,-0.0499
CA-2022-105161,CG-10422,OFF-STO-10826,2021-08-28,755.06,8,38.98,0.1,8,2021,0.0516
CA-2022-105162,CG-10578,FUR-CHA-10838,2021-04-05,931.06,4,-71.1,0.3,4,2021,-0.0764
CA-2022-105163,CG-10674,OFF-PAP-10294,2021-09-01,1974.68,10,760.99,0.4,9,2021,0.3854
CA-2022-105164,CG-10144,FUR-TAB-10903,2022-03-26,1629.47,3,-17.77,0.0,3,2022,-0.0109
CA-2022-105165,CG-10362,OFF-FAS-10213,2023-12-16,1941.28,3,-288.55,0.5,12,2023,-0.1486
CA-2022-105166,CG-10102,OFF-PAP-10630,2023-07-26,1670.99,1,173.33,0.5,7,2023,0.1037
CA-2022-105167,CG-10030,FUR-FUR-10124,2022-03-27,608.87,10,174.17,0.3,3,2022,0.2861
CA-2022-105168,CG-10248,OFF-SUP-10075,2021-07-17,1663.74,5,195.22,0.4,7,2021,0.1173
CA-2022-105169,CG-10711,TEC-COP-10621,2022-02-12,1904.12,5,-134.98,0.0,2,2022,-0.0709
CA-2022-105170,CG-10718,OFF-STO-10959,2021-04-01,207.92,7,58.93,0.0,4,2021,0.2834
CA-2022-105171,CG-10132,OFF-APP-10447,2021-03-27,541.95,4,136.66,0.5,3,2021,0.2522
CA-2022-105172,CG-10071,FUR-BOO-10384,2022-05-16,1830.67,10,-247.72,0.0,5,2022,-0.1353
CA-2022-105173,CG-10429,OFF-APP-10841,2021-05-11,638.33,1,128.29,0.0,5,2021,0.201
CA-2022-105174,CG-10075,TEC-MAC-10346,2023-10-10,1635.48,6,189.92,0.4,10,2023,0.1161
CA-2022-105175,CG-10160,FUR-TAB-10248,2021-07-12,1173.87,10,395.33,0.0,7,2021,0.3368
CA-2022-105176,CG-10608,TEC-COP-10430,2021-12-09,1672.39,3,505.46,0.2,12,2021,0.3022
CA-2022-105177,CG-10691,FUR-FUR-10537,2023-06-25,1495.89,4,189.23,0.0,6,2023,0.1265
CA-2022-105178,CG-10760,FUR-CHA-10432,2021-12-05,1911.39,5,112.58,0.0,12,2021,0.0589
CA-2022-105179,CG-10134,FUR-FUR-10445,2021-10-26,1489.54,6,-157.56,0.1,10,2021,-0.1058
CA-2022-105180,CG-10631,OFF-STO-10971,2022-06-18,400.36,1,96.84,0.0,6,2022,0.2419
CA-2022-105181,CG-10395,FUR-CHA-10205,2021-12-03,1921.87,9,517.52,0.1,12,2021,0.2693
CA-2022-105182,CG-10791,TEC-PHO-10858,2023-02-15,1146.02,9,411.63,0.0,2,2023,0.3592
CA-2022-105183,CG-10711,OFF-FAS-10962,2023-01-26,669.54,2,132.47,0.5,1,2023,0.1979
CA-2022-105184,CG-10632,TEC-ACC-10200,2022-07-01,600.46,6,51.15,0.0,7,2022,0.0852
CA-2022-105185,CG-10443,OFF-APP-10229,2022-07-03,1982.91,1,-392.21,0.0,7,2022,-0.1978
CA-2022-105186,CG-10699,OFF-APP-10577,2023-02-11,609.93,3,179.35,0.0,2,2023,0.2941
CA-2022-105187,CG-10369,TEC-COP-10742,2022-04-25,593.88,6,226.0,0.4,4,2022,0.3805
CA-2022-105188,CG-10468,OFF-ART-10079,2023-04-05,726.72,8,93.14,0.2,4,2023,0.1282
CA-2022-105189,CG-10240,OFF-APP-10523,2022-09-24,725.95,3,283.84,0.2,9,2022,0.391
CA-2022-105190,CG-10658,TEC-PHO-10731,2021-10-28,18.2,4,5.7,0.0,10,2021,0.3132
CA-2022-105191,CG-10377,OFF-SUP-10182,2022-04-26,308.33,3,61.43,0.3,4,2022,0.1992
CA-2022-105192,CG-10147,FUR-TAB-10171,2021-10-04,1769.69,2,603.63,0.5,10,2021,0.3411
CA-2022-105193,CG-10736,TEC-PHO-10788,2021-10-06,306.7,5,59.03,0.1,10,2021,0.1925
CA-2022-105194,CG-10677,OFF-PAP-10491,2021-10-22,1026.92,8,-191.12,0.1,10,2021,-0.1861
CA-2022-105195,CG-10248,OFF-STO-10846,2022-07-05,946.87,4,164.43,0.0,7,2022,0.1737
CA-2022-105196,CG-10274,OFF-APP-10982,2021-01-23,395.33,2,60.96,0.4,1,2021,0.1542
CA-2022-105197,CG-10145,OFF-PAP-10622,2023-05-29,1353.95,6,32.87,0.0,5,2023,0.0243
CA-2022-105198,CG-10523,FUR-CHA-10561,2022-09-13,736.24,8,188.19,0.4,9,2022,0.2556
CA-2022-105199,CG-10604,OFF-LAB-10185,2022-04-02,397.49,6,8.76,0.1,4,2022,0.022
CA-2022-105200,CG-10620,TEC-MAC-10828,2023-04-28,16.15,7,5.01,0.2,4,2023,0.3102
CA-2022-105201,CG-10102,TEC-COP-10229,2023-08-08,104.17,2,3.49,0.0,8,2023,0.0335
CA-2022-105202,CG-10738,FUR-TAB-10408,2021-11-23,716.07,5,-57.79,0.1,11,2021,-0.0807
CA-2022-105203,CG-10225,FUR-FUR-10941,2023-09-01,630.58,2,-95.55,0.0,9,2023,-0.1515
CA-2022-105204,CG-10740,FUR-TAB-10714,2023-09-26,563.94,9,-39.1,0.2,9,2023,-0.0693
CA-2022-105205,CG-10071,OFF-BIN-10775,2021-06-12,706.24,2,125.71,0.3,6,2021,0.178
CA-2022-105206,CG-10640,FUR-BOO-10571,2023-12-28,1464.67,2,272.46,0.3,12,2023,0.186
CA-2022-105207,CG-10326,TEC-MAC-10054,2022-05-02,310.13,5,-60.35,0.3,5,2022,-0.1946
CA-2022-105208,CG-10692,OFF-APP-10704,2023-12-16,253.1,6,49.31,0.5,12,2023,0.1948
CA-2022-105209,CG-10189,TEC-ACC-10851,2023-12-08,872.6,9,91.95,0.4,12,2023,0.1054
CA-2022-105210,CG-10145,FUR-BOO-10918,2022-09-30,811.62,3,138.68,0.2,9,2022,0.1709
CA-2022-105211,CG-10495,FUR-TAB-10620,2022-11-22,173.92,3,6.46,0.4,11,2022,0.0371
CA-2022-105212,CG-10132,FUR-CHA-10364,2022-05-05,1235.28,1,70.2,0.4,5,2022,0.0568
CA-2022-105213,CG-10491,FUR-TAB-10116,2022-07-18,128.61,1,-1.64,0.1,7,2022,-0.0128
CA-2022-105214,CG-10476,OFF-PAP-10820,2023-09-11,1250.63,9,-26.77,0.4,9,2023,-0.0214
CA-2022-105215,CG-10255,TEC-MAC-10132,2023-10-08,1066.99,4,233.96,0.3,10,2023,0.2193
CA-2022-105216,CG-10516,TEC-MAC-10770,2021-08-30,495.57,6,142.5,0.2,8,2021,0.2875
CA-2022-105217,CG-10177,TEC-ACC-10649,2021-10-28,1510.58,3,521.81,0.3,10,2021,0.3454
CA-2022-105218,CG-10143,TEC-COP-10522,2022-08-27,406.05,4,135.16,0.2,8,2022,0.3329
CA-2022-105219,CG-10433,OFF-APP-10576,2021-02-22,1143.15,4,-135.35,0.1,2,2021,-0.1184
CA-2022-105220,CG-10339,OFF-ENV-10413,2023-10-23,85.27,5,29.3,0.1,10,2023,0.3436
CA-2022-105221,CG-10628,FUR-CHA-10960,2023-11-25,70.09,9,19.69,0.1,11,2023,0.2809
CA-2022-105222,CG-10479,FUR-BOO-10609,2021-02-17,952.83,2,317.31,0.3,2,2021,0.333
CA-2022-105223,CG-10173,TEC-MAC-10201,2021-04-02,1961.15,6,781.33,0.1,4,2021,0.3984
CA-2022-105224,CG-10164,OFF-LAB-10679,2023-03-17,1504.15,5,-81.31,0.2,3,2023,-0.0541
CA-2022-105225,CG-10657,OFF-SUP-10527,2021-01-10,1572.99,7,396.89,0.2,1,2021,0.2523
CA-2022-105226,CG-10757,FUR-FUR-10431,2023-10-22,1433.4,2,126.34,0.0,10,2023,0.0881
CA-2022-105227,CG-10727,OFF-BIN-10857,2023-10-15,1574.85,6,-24.11,0.3,10,2023,-0.0153
CA-2022-105228,CG-10230,FUR-TAB-10819,2023-05-07,1945.52,6,320.44,0.0,5,2023,0.1647
CA-2022-105229,CG-10352,TEC-PHO-10750,2022-07-02,77.07,1,15.63,0.0,7,2022,0.2028
CA-2022-105230,CG-10035,TEC-PHO-10930,2023-05-10,1907.32,9,361.02,0.0,5,2023,0.1893
CA-2022-105231,CG-10326,OFF-STO-10505,2023-10-03,294.97,4,66.47,0.2,10,2023,0.2253
CA-2022-105232,CG-10379,TEC-ACC-10022,2022-10-10,1714.84,6,-206.13,0.5,10,2022,-0.1202
CA-2022-105233,CG-10443,FUR-FUR-10135,2023-11-28,1352.37,7,101.4,0.5,11,2023,0.075
CA-2022-105234,CG-10637,OFF-FAS-10871,2022-05-23,898.35,6,177.95,0.3,5,2022,0.1981
CA-2022-105235,CG-10621,OFF-PAP-10549,2021-07-08,806.54,6,0.95,0.1,7,2021,0.0012
CA-2022-105236,CG-10362,TEC-ACC-10146,2023-08-15,1216.59,4,220.01,0.5,8,2023,0.1808
CA-2022-105237,CG-10306,OFF-STO-10930,2022-02-25,1053.41,5,210.34,0.5,2,2022,0.1997
CA-2022-105238,CG-10709,FUR-TAB-10384,2022-07-15,215.44,4,-4.34,0.4,7,2022,-0.0201
CA-2022-105239,CG-10728,OFF-PAP-10487,2021-11-15,1731.57,7,132.2,0.2,11,2021,0.0763
CA-2022-105240,CG-10520,FUR-CHA-10491,2023-04-19,652.59,8,-21.81,0.0,4,2023,-0.0334
CA-2022-105241,CG-10444,TEC-ACC-10217,2023-08-19,482.12,8,144.4,0.4,8,2023,0.2995
CA-2022-105242,CG-10432,TEC-PHO-10538,2022-10-03,948.19,8,266.37,0.5,10,2022,0.2809
CA-2022-105243,CG-10014,TEC-COP-10971,2021-09-01,1860.08,6,361.52,0.0,9,2021,0.1944
CA-2022-105244,CG-10034,OFF-SUP-10252,2022-04-13,693.3,2,-119.01,0.0,4,2022,-0.1717
CA-2022-105245,CG-10158,TEC-MAC-10144,2023-01-21,48.69,8,-1.54,0.1,1,2023,-0.0316
CA-2022-105246,CG-10122,FUR-TAB-10895,2022-02-16,1222.09,5,334.63,0.1,2,2022,0.2738
CA-2022-105247,CG-10433,OFF-BIN-10700,2023-07-19,222.58,3,-42.14,0.4,7,2023,-0.1893
CA-2022-105248,CG-10154,TEC-COP-10908,2021-05-31,1049.01,5,266.34,0.0,5,2021,0.2539
CA-2022-105249,CG-10158,FUR-TAB-10866,2021-10-21,1951.62,7,540.84,0.3,10,2021,0.2771
CA-2022-105250,CG-10400,FUR-TAB-10419,2021-01-17,1908.08,2,151.95,0.3,1,2021,0.0796
CA-2022-105251,CG-10703,FUR-TAB-10514,2021-01-31,1316.73,5,-179.37,0.2,1,2021,-0.1362
CA-2022-105252,CG-10376,TEC-MAC-10908,2021-05-17,877.9,6,350.03,0.2,5,2021,0.3987
CA-2022-105253,CG-10522,TEC-COP-10936,2023-04-18,13.76,10,3.08,0.1,4,2023,0.2238
CA-2022-105254,CG-10310,FUR-CHA-10368,2023-09-05,1592.25,8,-126.99,0.2,9,2023,-0.0798
CA-2022-105255,CG-10599,FUR-BOO-10010,2022-12-17,1620.55,9,-302.45,0.3,12,2022,-0.1866
CA-2022-105256,CG-10616,FUR-TAB-10581,2023-02-15,1740.02,10,-334.41,0.0,2,2023,-0.1922
CA-2022-105257,CG-10463,TEC-ACC-10180,2022-09-18,1725.22,10,93.28,0.0,9,2022,0.0541
CA-2022-105258,CG-10256,OFF-LAB-10643,2022-01-24,635.67,6,126.59,0.0,1,2022,0.1991
CA-2022-105259,CG-10009,TEC-COP-10328,2022-08-18,306.18,8,47.8,0.5,8,2022,0.1561
CA-2022-105260,CG-10562,TEC-ACC-10406,2022-02-08,345.39,4,-54.87,0.0,2,2022,-0.1589
CA-2022-105261,CG-10289,FUR-TAB-10571,2022-12-05,209.84,10,-17.79,0.2,12,2022,-0.0848
CA-2022-105262,CG-10299,FUR-TAB-10306,2023-01-02,1889.83,4,671.64,0.0,1,2023,0.3554
CA-2022-105263,CG-10566,TEC-ACC-10468,2022-11-19,406.63,5,-57.23,0.5,11,2022,-0.1407
CA-2022-105264,CG-10149,FUR-FUR-10799,2023-03-15,528.05,7,187.99,0.3,3,2023,0.356
CA-2022-105265,CG-10325,OFF-LAB-10195,2023-08-24,228.85,5,-34.6,0.0,8,2023,-0.1512
CA-2022-105266,CG-10060,FUR-TAB-10554,2022-06-19,1186.31,8,323.38,0.0,6,2022,0.2726
CA-2022-105267,CG-10444,TEC-MAC-10267,2021-06-25,1237.39,9,-160.04,0.0,6,2021,-0.1293
CA-2022-105268,CG-10068,TEC-COP-10242,2021-11-02,556.1,2,-71.49,0.4,11,2021,-0.1286
CA-2022-105269,CG-10022,FUR-CHA-10236,2023-10-19,1553.06,2,339.61,0.0,10,2023,0.2187
CA-2022-105270,CG-10688,TEC-COP-10678,2021-02-12,1016.8,7,91.48,0.1,2,2021,0.09
CA-2022-105271,CG-10761,FUR-FUR-10076,2022-06-18,876.43,2,320.29,0.1,6,2022,0.3654
CA-2022-105272,CG-10122,TEC-MAC-10877,2023-06-27,888.51,10,15.03,0.0,6,2023,0.0169
CA-2022-105273,CG-10452,FUR-TAB-10784,2022-08-08,1077.94,8,332.31,0.3,8,2022,0.3083
CA-2022-105274,CG-10424,FUR-FUR-10410,2023-02-26,14.84,3,2.48,0.5,2,2023,0.1671
CA-2022-105275,CG-10195,FUR-CHA-10113,2022-04-15,1762.46,5,-291.35,0.0,4,2022,-0.1653
CA-2022-105276,CG-10773,OFF-APP-10681,2021-09-23,195.08,6,-29.08,0.0,9,2021,-0.1491
CA-2022-105277,CG-10399,TEC-MAC-10267,2022-05-22,1696.71,8,662.48,0.0,5,2022,0.3904
CA-2022-105278,CG-10761,FUR-FUR-10818,2022-01-17,990.56,4,-143.21,0.0,1,2022,-0.1446
CA-2022-105279,CG-10550,OFF-ART-10265,2021-07-11,1469.39,3,316.62,0.0,7,2021,0.2155
CA-2022-105280,CG-10157,OFF-PAP-10196,2021-03-31,1325.31,5,-98.63,0.1,3,2021,-0.0744
CA-2022-105281,CG-10526,TEC-MAC-10741,2022-08-22,438.36,10,-41.95,0.0,8,2022,-0.0957
CA-2022-105282,CG-10164,TEC-MAC-10381,2021-04-18,1085.79,2,191.98,0.4,4,2021,0.1768
CA-2022-105283,CG-10295,TEC-PHO-10910,2023-08-09,1030.87,2,294.62,0.3,8,2023,0.2858
CA-2022-105284,CG-10283,OFF-STO-10568,2022-12-08,1787.42,1,91.77,0.2,12,2022,0.0513
CA-2022-105285,CG-10005,FUR-CHA-10818,2023-12-02,1940.66,6,-123.81,0.0,12,2023,-0.0638
CA-2022-105286,CG-10374,FUR-TAB-10964,2023-02-12,306.14,4,-41.0,0.4,2,2023,-0.1339
CA-2022-105287,CG-10656,FUR-TAB-10160,2023-08-16,1432.5,6,102.76,0.0,8,2023,0.0717
CA-2022-105288,CG-10582,FUR-TAB-10826,2022-03-03,1393.01,1,-129.63,0.0,3,2022,-0.0931
CA-2022-105289,CG-10085,TEC-ACC-10564,2022-07-28,1263.62,6,-147.29,0.0,7,2022,-0.1166
CA-2022-105290,CG-10727,FUR-BOO-10308,2021-04-11,820.26,6,4.24,0.1,4,2021,0.0052
CA-2022-105291,CG-10756,OFF-ART-10948,2023-03-15,810.89,10,230.55,0.0,3,2023,0.2843
CA-2022-105292,CG-10408,OFF-ENV-10048,2021-12-21,600.3,10,117.92,0.2,12,2021,0.1964
CA-2022-105293,CG-10356,OFF-APP-10250,2021-06-18,841.99,9,-155.02,0.5,6,2021,-0.1841
CA-2022-105294,CG-10227,OFF-APP-10476,2021-08-14,1945.88,7,224.66,0.5,8,2021,0.1155
CA-2022-105295,CG-10775,OFF-SUP-10982,2021-05-10,1882.13,7,573.38,0.1,5,2021,0.3046
CA-2022-105296,CG-10392,TEC-MAC-10177,2021-07-03,239.12,8,82.13,0.2,7,2021,0.3435
CA-2022-105297,CG-10590,OFF-FAS-10211,2023-04-28,673.66,10,-75.61,0.1,4,2023,-0.1122
CA-2022-105298,CG-10715,TEC-ACC-10226,2023-02-01,1202.16,3,219.58,0.5,2,2023,0.1827
CA-2022-105299,CG-10179,TEC-PHO-10340,2021-02-14,1297.58,9,297.75,0.5,2,2021,0.2295
CA-2022-105300,CG-10467,TEC-PHO-10886,2021-03-28,1338.89,4,222.51,0.0,3,2021,0.1662
CA-2022-105301,CG-10535,FUR-CHA-10915,2023-11-16,760.43,3,55.09,0.0,11,2023,0.0724
CA-2022-105302,CG-10152,OFF-SUP-10381,2021-07-10,1664.37,7,350.69,0.0,7,2021,0.2107
CA-2022-105303,CG-10768,OFF-PAP-10449,2023-09-02,1116.32,5,126.55,0.0,9,2023,0.1134
CA-2022-105304,CG-10481,OFF-LAB-10837,2023-02-12,961.48,9,250.72,0.0,2,2023,0.2608
CA-2022-105305,CG-10523,TEC-COP-10909,2023-10-24,1638.3,9,-68.98,0.0,10,2023,-0.0421
CA-2022-105306,CG-10484,TEC-ACC-10583,2022-08-31,1804.27,6,644.05,0.2,8,2022,0.357
CA-2022-105307,CG-10340,OFF-ART-10621,2023-12-31,282.72,8,77.72,0.4,12,2023,0.2749
CA-2022-105308,CG-10554,TEC-ACC-10702,2021-05-14,408.01,1,-25.59,0.3,5,2021,-0.0627
CA-2022-105309,CG-10684,FUR-BOO-10111,2023-11-14,1853.93,6,234.21,0.2,11,2023,0.1263
CA-2022-105310,CG-10682,FUR-FUR-10852,2022-08-06,733.73,2,127.96,0.4,8,2022,0.1744
CA-2022-105311,CG-10110,OFF-ENV-10948,2021-09-14,1712.59,1,376.27,0.5,9,2021,0.2197
CA-2022-105312,CG-10756,OFF-ENV-10988,2021-03-29,601.2,2,107.83,0.3,3,2021,0.1794
CA-2022-105313,CG-10327,TEC-MAC-10299,2022-05-04,759.12,5,-114.23,0.4,5,2022,-0.1505
CA-2022-105314,CG-10016,TEC-MAC-10885,2023-03-17,1850.96,4,-290.84,0.2,3,2023,-0.1571
CA-2022-105315,CG-10441,FUR-CHA-10951,2021-06-29,141.79,9,49.13,0.0,6,2021,0.3465
CA-2022-105316,CG-10511,TEC-PHO-10000,2023-08-29,887.68,7,266.6,0.2,8,2023,0.3003
CA-2022-105317,CG-10428,FUR-CHA-10976,2023-12-28,1764.94,1,206.52,0.0,12,2023,0.117
CA-2022-105318,CG-10596,FUR-CHA-10974,2023-02-25,1076.85,8,269.19,0.0,2,2023,0.25
CA-2022-105319,CG-10792,TEC-COP-10823,2022-04-03,568.56,7,1.88,0.2,4,2022,0.0033
CA-2022-105320,CG-10133,TEC-MAC-10351,2021-10-17,40.54,2,7.09,0.1,10,2021,0.1749
CA-2022-105321,CG-10040,FUR-TAB-10318,2023-01-19,1858.03,9,396.08,0.1,1,2023,0.2132
CA-2022-105322,CG-10491,TEC-COP-10431,2023-05-18,242.89,6,50.41,0.2,5,2023,0.2075
CA-2022-105323,CG-10786,FUR-FUR-10674,2022-10-22,1110.81,3,134.3,0.4,10,2022,0.1209
CA-2022-105324,CG-10496,FUR-BOO-10599,2022-11-18,915.95,1,187.52,0.2,11,2022,0.2047
CA-2022-105325,CG-10625,FUR-TAB-10430,2023-12-16,847.46,2,-108.64,0.1,12,2023,-0.1282
CA-2022-105326,CG-10709,FUR-FUR-10460,2021-06-26,1223.29,6,449.61,0.2,6,2021,0.3675
CA-2022-105327,CG-10667,TEC-MAC-10748,2021-11-15,1666.4,7,290.27,0.3,11,2021,0.1742
CA-2022-105328,CG-10593,TEC-MAC-10193,2021-11-15,1329.48,3,248.4,0.0,11,2021,0.1868
CA-2022-105329,CG-10198,TEC-ACC-10309,2023-09-08,282.08,6,112.78,0.0,9,2023,0.3998
CA-2022-105330,CG-10376,FUR-CHA-10012,2022-01-01,783.32,10,-21.39,0.4,1,2022,-0.0273
CA-2022-105331,CG-10030,OFF-ENV-10924,2022-08-18,389.23,9,-41.46,0.0,8,2022,-0.1065
CA-2022-105332,CG-10361,OFF-BIN-10476,2023-12-14,861.78,9,116.95,0.0,12,2023,0.1357
CA-2022-105333,CG-10595,TEC-PHO-10760,2021-04-03,718.44,4,-11.44,0.0,4,2021,-0.0159
CA-2022-105334,CG-10153,FUR-BOO-10915,2023-01-04,976.01,4,265.68,0.4,1,2023,0.2722
CA-2022-105335,CG-10228,TEC-PHO-10375,2021-08-05,1283.11,6,21.33,0.5,8,2021,0.0166
CA-2022-105336,CG-10539,TEC-COP-10669,2022-09-10,201.84,6,-4.85,0.0,9,2022,-0.024
CA-2022-105337,CG-10474,FUR-TAB-10131,2021-01-03,498.33,3,-2.62,0.5,1,2021,-0.0053
CA-2022-105338,CG-10734,TEC-MAC-10737,2023-10-06,1397.6,4,486.47,0.4,10,2023,0.3481
CA-2022-105339,CG-10644,TEC-MAC-10031,2023-01-05,1093.29,9,-24.69,0.0,1,2023,-0.0226
CA-2022-105340,CG-10701,TEC-PHO-10621,2022-03-06,1119.71,3,101.54,0.0,3,2022,0.0907
CA-2022-105341,CG-10089,OFF-SUP-10029,2023-11-01,1535.76,5,232.69,0.5,11,2023,0.1515
CA-2022-105342,CG-10393,FUR-BOO-10761,2021-03-05,1955.77,8,-136.64,0.2,3,2021,-0.0699
CA-2022-105343,CG-10056,TEC-ACC-10727,2022-08-17,1742.23,1,-330.87,0.3,8,2022,-0.1899
CA-2022-105344,CG-10667,OFF-ENV-10436,2021-04-27,1712.61,8,40.8,0.1,4,2021,0.0238
CA-2022-105345,CG-10703,OFF-ENV-10069,2021-06-21,1698.09,2,562.24,0.0,6,2021,0.3311
CA-2022-105346,CG-10600,OFF-STO-10993,2022-03-19,1161.36,3,-124.28,0.1,3,2022,-0.107
CA-2022-105347,CG-10461,TEC-MAC-10951,2022-11-04,1860.36,3,149.35,0.0,11,2022,0.0803
CA-2022-105348,CG-10105,OFF-APP-10737,2022-08-15,1342.14,1,-238.16,0.5,8,2022,-0.1774
CA-2022-105349,CG-10752,FUR-CHA-10204,2021-12-25,1244.92,9,-161.65,0.3,12,2021,-0.1298
CA-2022-105350,CG-10404,FUR-TAB-10733,2023-02-12,713.36,8,270.86,0.2,2,2023,0.3797
CA-2022-105351,CG-10344,OFF-LAB-10681,2023-01-14,633.55,2,-38.46,0.2,1,2023,-0.0607
CA-2022-105352,CG-10764,TEC-MAC-10220,2021-05-09,727.12,10,51.05,0.2,5,2021,0.0702
CA-2022-105353,CG-10431,FUR-BOO-10793,2022-09-08,313.92,3,60.44,0.0,9,2022,0.1925
CA-2022-105354,CG-10212,FUR-BOO-10532,2023-07-24,853.96,9,172.13,0.5,7,2023,0.2016
CA-2022-105355,CG-10039,TEC-COP-10249,2023-03-20,188.86,1,56.99,0.5,3,2023,0.3018
CA-2022-105356,CG-10082,TEC-PHO-10651,2022-12-27,1695.33,8,330.06,0.0,12,2022,0.1947
CA-2022-105357,CG-10258,TEC-MAC-10518,2022-12-08,1342.17,2,357.28,0.0,12,2022,0.2662
CA-2022-105358,CG-10440,FUR-BOO-10374,2021-01-09,192.95,8,59.62,0.0,1,2021,0.309
CA-2022-105359,CG-10467,OFF-BIN-10853,2021-09-04,1596.39,1,202.42,0.2,9,2021,0.1268
CA-2022-105360,CG-10282,FUR-TAB-10629,2022-05-28,217.02,5,9.45,0.5,5,2022,0.0435
CA-2022-105361,CG-10466,FUR-CHA-10192,2022-09-06,345.18,10,66.86,0.5,9,2022,0.1937
CA-2022-105362,CG-10074,FUR-CHA-10493,2022-01-24,1711.91,6,589.81,0.0,1,2022,0.3445
CA-2022-105363,CG-10439,OFF-ENV-10995,2023-09-30,1763.5,8,-187.07,0.5,9,2023,-0.1061
CA-2022-105364,CG-10513,OFF-ENV-10589,2022-02-06,725.47,8,-84.49,0.5,2,2022,-0.1165
CA-2022-105365,CG-10017,OFF-STO-10935,2023-03-14,1074.61,9,333.56,0.1,3,2023,0.3104
CA-2022-105366,CG-10407,OFF-LAB-11000,2022-05-05,1748.6,7,686.49,0.3,5,2022,0.3926
CA-2022-105367,CG-10313,OFF-ART-10121,2022-01-24,1791.46,6,624.47,0.2,1,2022,0.3486
CA-2022-105368,CG-10584,FUR-FUR-10613,2021-01-23,600.57,7,1.29,0.1,1,2021,0.0021
CA-2022-105369,CG-10017,TEC-COP-10152,2023-03-30,1146.49,2,-22.01,0.2,3,2023,-0.0192
CA-2022-105370,CG-10517,TEC-PHO-10328,2022-06-07,326.77,5,111.12,0.0,6,2022,0.3401
CA-2022-105371,CG-10264,OFF-SUP-10623,2021-11-05,969.94,4,214.58,0.5,11,2021,0.2212
CA-2022-105372,CG-10011,OFF-ART-10876,2022-06-30,1052.42,6,-27.58,0.0,6,2022,-0.0262
CA-2022-105373,CG-10647,TEC-COP-10480,2023-03-28,543.42,9,73.76,0.0,3,2023,0.1357
CA-2022-105374,CG-10730,FUR-BOO-10554,2021-11-10,1786.93,3,172.22,0.3,11,2021,0.0964
CA-2022-105375,CG-10336,OFF-PAP-10551,2021-06-04,726.28,8,169.98,0.1,6,2021,0.234
CA-2022-105376,CG-10548,OFF-LAB-10991,2022-03-28,241.75,9,-13.57,0.2,3,2022,-0.0561
CA-2022-105377,CG-10028,OFF-STO-10083,2022-11-20,224.83,9,-43.58,0.1,11,2022,-0.1938
CA-2022-105378,CG-10700,TEC-COP-10687,2023-09-21,619.44,3,-5.95,0.5,9,2023,-0.0096
CA-2022-105379,CG-10547,FUR-TAB-10719,2021-06-27,1415.63,4,515.71,0.0,6,2021,0.3643
CA-2022-105380,CG-10060,FUR-FUR-10065,2022-08-15,473.65,2,149.41,0.0,8,2022,0.3154
CA-2022-105381,CG-10105,FUR-FUR-10483,2021-12-20,1103.14,6,299.78,0.5,12,2021,0.2718
CA-2022-105382,CG-10430,TEC-COP-10657,2022-12-15,1291.85,4,-130.02,0.0,12,2022,-0.1006
CA-2022-105383,CG-10467,OFF-BIN-10737,2023-04-13,774.78,10,113.43,0.0,4,2023,0.1464
CA-2022-105384,CG-10047,TEC-PHO-10862,2023-06-25,1339.1,7,-96.36,0.5,6,2023,-0.072
CA-2022-105385,CG-10457,OFF-PAP-10101,2022-03-28,199.32,3,28.99,0.2,3,2022,0.1454
CA-2022-105386,CG-10660,FUR-TAB-10228,2022-12-24,939.91,1,195.11,0.5,12,2022,0.2076
CA-2022-105387,CG-10550,OFF-ART-10369,2023-08-16,1869.92,3,204.95,0.0,8,2023,0.1096
CA-2022-105388,CG-10492,OFF-APP-10065,2023-10-31,273.71,1,33.35,0.4,10,2023,0.1218
CA-2022-105389,CG-10071,OFF-ART-10371,2022-05-25,1181.29,3,382.95,0.0,5,2022,0.3242
CA-2022-105390,CG-10700,OFF-APP-10448,2023-10-05,1934.28,3,391.68,0.1,10,2023,0.2025
CA-2022-105391,CG-10272,TEC-MAC-10328,2023-06-03,1599.56,1,-89.25,0.1,6,2023,-0.0558
CA-2022-105392,CG-10370,FUR-FUR-10849,2023-04-12,85.01,7,-4.43,0.0,4,2023,-0.0521
CA-2022-105393,CG-10708,TEC-COP-10223,2022-04-23,1635.77,3,269.64,0.0,4,2022,0.1648
CA-2022-105394,CG-10455,TEC-COP-10405,2021-05-23,496.96,4,30.69,0.0,5,2021,0.0618
CA-2022-105395,CG-10421,TEC-COP-10273,2024-01-01,104.67,2,29.48,0.5,1,2024,0.2816
CA-2022-105396,CG-10270,FUR-CHA-10958,2022-11-07,1834.23,7,474.56,0.5,11,2022,0.2587
CA-2022-105397,CG-10196,TEC-COP-10844,2023-11-16,364.83,8,93.81,0.0,11,2023,0.2571
CA-2022-105398,CG-10472,TEC-PHO-10706,2022-06-24,451.03,5,138.11,0.1,6,2022,0.3062
CA-2022-105399,CG-10046,FUR-TAB-10298,2023-01-26,1852.01,9,249.57,0.0,1,2023,0.1348
CA-2022-105400,CG-10647,FUR-CHA-10469,2021-12-18,76.36,4,-12.0,0.0,12,2021,-0.1572
CA-2022-105401,CG-10680,TEC-COP-10555,2021-12-23,496.99,3,173.37,0.1,12,2021,0.3488
CA-2022-105402,CG-10277,OFF-ART-10044,2021-09-03,542.6,1,164.74,0.4,9,2021,0.3036
CA-2022-105403,CG-10651,OFF-APP-10474,2023-11-15,1479.48,5,317.32,0.5,11,2023,0.2145
CA-2022-105404,CG-10792,TEC-PHO-10468,2022-07-04,103.25,9,-19.63,0.0,7,2022,-0.1901
CA-2022-105405,CG-10714,FUR-FUR-10272,2021-11-27,1471.74,6,214.9,0.1,11,2021,0.146
CA-2022-105406,CG-10426,FUR-TAB-10421,2023-02-27,540.63,10,188.33,0.0,2,2023,0.3484
CA-2022-105407,CG-10460,TEC-ACC-10994,2021-08-29,1976.04,9,506.85,0.1,8,2021,0.2565
CA-2022-105408,CG-10138,OFF-ENV-10187,2023-07-14,534.44,9,-19.52,0.3,7,2023,-0.0365
CA-2022-105409,CG-10222,FUR-TAB-10629,2021-03-07,1536.46,9,243.36,0.0,3,2021,0.1584
CA-2022-105410,CG-10362,OFF-ART-10530,2021-01-31,717.71,3,-80.85,0.2,1,2021,-0.1126
CA-2022-105411,CG-10718,TEC-PHO-10297,2023-07-14,763.52,2,-97.52,0.1,7,2023,-0.1277
CA-2022-105412,CG-10599,FUR-CHA-10864,2021-12-17,283.74,3,74.34,0.4,12,2021,0.262
CA-2022-105413,CG-10060,OFF-LAB-10601,2021-11-24,389.28,1,43.47,0.1,11,2021,0.1117
CA-2022-105414,CG-10115,FUR-CHA-10523,2021-05-06,107.45,10,31.29,0.0,5,2021,0.2912
CA-2022-105415,CG-10056,OFF-STO-10886,2022-08-18,936.31,10,51.75,0.0,8,2022,0.0553
CA-2022-105416,CG-10595,TEC-MAC-10996,2023-01-21,1833.42,9,-312.35,0.5,1,2023,-0.1704
CA-2022-105417,CG-10542,TEC-PHO-10219,2023-01-07,1327.3,3,108.45,0.1,1,2023,0.0817
CA-2022-105418,CG-10522,OFF-ART-10014,2022-08-20,815.89,5,-74.39,0.5,8,2022,-0.0912
CA-2022-105419,CG-10617,TEC-MAC-10470,2022-04-04,1971.32,1,118.94,0.0,4,2022,0.0603
CA-2022-105420,CG-10515,FUR-BOO-10209,2022-05-16,329.49,2,117.1,0.1,5,2022,0.3554
CA-2022-105421,CG-10181,OFF-PAP-10370,2022-08-04,718.5,9,179.69,0.0,8,2022,0.2501
CA-2022-105422,CG-10593,TEC-MAC-10735,2023-06-24,1743.87,10,-7.87,0.0,6,2023,-0.0045
CA-2022-105423,CG-10534,TEC-MAC-10397,2023-10-10,1108.85,8,144.24,0.4,10,2023,0.1301
CA-2022-105424,CG-10686,TEC-ACC-10578,2023-03-18,528.16,5,76.66,0.0,3,2023,0.1451
CA-2022-105425,CG-10647,FUR-BOO-10567,2022-09-18,1453.26,1,344.44,0.3,9,2022,0.237
CA-2022-105426,CG-10097,OFF-LAB-10428,2021-01-21,1528.45,7,87.99,0.0,1,2021,0.0576
CA-2022-105427,CG-10533,TEC-COP-10202,2023-10-07,1022.32,10,215.3,0.4,10,2023,0.2106
CA-2022-105428,CG-10708,TEC-MAC-10902,2021-11-15,1519.08,9,-24.15,0.0,11,2021,-0.0159
CA-2022-105429,CG-10745,FUR-TAB-10068,2021-08-20,661.44,10,186.29,0.3,8,2021,0.2816
CA-2022-105430,CG-10621,TEC-MAC-10925,2023-09-18,161.13,5,42.21,0.1,9,2023,0.262
CA-2022-105431,CG-10190,OFF-BIN-10003,2021-08-03,733.14,3,139.41,0.4,8,2021,0.1902
CA-2022-105432,CG-10496,TEC-MAC-10311,2023-04-02,214.62,7,26.41,0.0,4,2023,0.1231
CA-2022-105433,CG-10334,TEC-COP-10883,2021-08-30,1936.07,6,689.45,0.0,8,2021,0.3561
CA-2022-105434,CG-10550,FUR-FUR-10107,2021-08-26,598.22,2,231.12,0.0,8,2021,0.3863
CA-2022-105435,CG-10428,FUR-CHA-10155,2022-09-25,276.01,8,-47.81,0.0,9,2022,-0.1732
CA-2022-105436,CG-10438,TEC-COP-10975,2023-12-09,139.75,6,31.77,0.2,12,2023,0.2273
CA-2022-105437,CG-10681,TEC-PHO-10823,2022-11-08,1508.54,5,127.37,0.0,11,2022,0.0844
CA-2022-105438,CG-10782,FUR-BOO-10026,2022-02-08,1363.83,7,-44.61,0.2,2,2022,-0.0327
CA-2022-105439,CG-10207,FUR-CHA-10068,2022-09-23,708.27,3,82.19,0.0,9,2022,0.116
CA-2022-105440,CG-10280,OFF-FAS-10494,2022-02-10,1022.49,8,127.91,0.4,2,2022,0.1251
CA-2022-105441,CG-10129,FUR-FUR-10154,2021-10-30,296.87,2,37.27,0.5,10,2021,0.1255
CA-2022-105442,CG-10623,FUR-TAB-10793,2021-02-14,1251.68,2,-17.91,0.3,2,2021,-0.0143
CA-2022-105443,CG-10190,TEC-PHO-10719,2021-08-14,238.99,6,77.5,0.5,8,2021,0.3243
CA-2022-105444,CG-10462,OFF-LAB-10053,2021-10-19,836.2,4,182.66,0.0,10,2021,0.2184
CA-2022-105445,CG-10733,TEC-MAC-10286,2022-11-08,13.62,4,-0.85,0.2,11,2022,-0.0624
CA-2022-105446,CG-10020,FUR-TAB-10253,2021-02-26,1590.24,6,337.47,0.4,2,2021,0.2122
CA-2022-105447,CG-10272,TEC-COP-10991,2022-10-18,669.32,8,221.55,0.4,10,2022,0.331
CA-2022-105448,CG-10744,OFF-BIN-10617,2021-02-12,509.74,2,-49.32,0.2,2,2021,-0.0968
CA-2022-105449,CG-10081,OFF-STO-10942,2022-08-19,1746.74,7,325.45,0.0,8,2022,0.1863
CA-2022-105450,CG-10145,TEC-PHO-10146,2023-03-20,354.95,4,64.31,0.0,3,2023,0.1812
CA-2022-105451,CG-10110,OFF-LAB-10609,2022-12-29,721.31,1,141.36,0.2,12,2022,0.196
CA-2022-105452,CG-10792,FUR-CHA-10479,2023-07-12,1873.08,9,-321.52,0.0,7,2023,-0.1717
CA-2022-105453,CG-10429,TEC-PHO-10026,2021-05-19,367.19,7,-53.97,0.3,5,2021,-0.147
CA-2022-105454,CG-10148,FUR-CHA-10223,2022-02-16,849.74,6,283.53,0.5,2,2022,0.3337
CA-2022-105455,CG-10057,OFF-SUP-10732,2021-02-10,1865.93,9,-290.17,0.0,2,2021,-0.1555
CA-2022-105456,CG-10301,FUR-CHA-10173,2022-07-21,679.63,9,49.06,0.0,7,2022,0.0722
CA-2022-105457,CG-10492,OFF-ART-10833,2022-12-31,1127.7,5,407.13,0.5,12,2022,0.361
CA-2022-105458,CG-10658,TEC-MAC-10253,2021-04-26,459.49,5,127.55,0.2,4,2021,0.2776
CA-2022-105459,CG-10478,TEC-MAC-10334,2021-04-13,1999.99,1,719.04,0.5,4,2021,0.3595
CA-2022-105460,CG-10683,FUR-CHA-10887,2022-02-14,428.71,2,92.36,0.4,2,2022,0.2154
CA-2022-105461,CG-10043,TEC-COP-10909,2022-05-14,791.27,7,118.76,0.1,5,2022,0.1501
CA-2022-105462,CG-10628,FUR-TAB-10032,2021-07-13,1186.53,6,-43.68,0.0,7,2021,-0.0368
CA-2022-105463,CG-10496,TEC-PHO-10515,2023-07-21,1471.4,6,28.81,0.2,7,2023,0.0196
CA-2022-105464,CG-10088,OFF-SUP-10590,2021-02-24,1558.64,8,418.6,0.0,2,2021,0.2686
CA-2022-105465,CG-10120,TEC-COP-10398,2021-05-27,1773.15,2,307.84,0.1,5,2021,0.1736
CA-2022-105466,CG-10522,TEC-COP-10537,2021-08-07,524.47,8,105.7,0.5,8,2021,0.2015
CA-2022-105467,CG-10357,FUR-TAB-10316,2023-02-05,1183.34,6,211.63,0.2,2,2023,0.1788
CA-2022-105468,CG-10025,FUR-BOO-10046,2022-05-09,180.0,7,1.7,0.4,5,2022,0.0094
CA-2022-105469,CG-10161,TEC-PHO-10520,2023-06-07,980.01,9,-71.22,0.1,6,2023,-0.0727
CA-2022-105470,CG-10107,OFF-PAP-10218,2021-09-23,248.5,6,-34.71,0.3,9,2021,-0.1397
CA-2022-105471,CG-10282,FUR-CHA-10340,2023-08-05,1423.57,1,82.6,0.5,8,2023,0.058
CA-2022-105472,CG-10644,TEC-ACC-10394,2021-05-03,948.49,8,135.57,0.2,5,2021,0.1429
CA-2022-105473,CG-10031,FUR-TAB-10773,2023-02-20,511.27,9,10.56,0.4,2,2023,0.0207
CA-2022-105474,CG-10276,OFF-LAB-10613,2022-04-03,1185.06,4,294.2,0.3,4,2022,0.2483
CA-2022-105475,CG-10614,TEC-COP-10385,2023-03-17,1194.54,4,281.95,0.4,3,2023,0.236
CA-2022-105476,CG-10200,FUR-BOO-10955,2023-10-05,940.78,2,293.14,0.3,10,2023,0.3116
CA-2022-105477,CG-10149,FUR-CHA-10069,2021-06-29,1111.55,3,-19.79,0.0,6,2021,-0.0178
CA-2022-105478,CG-10619,OFF-PAP-10475,2021-12-06,700.77,6,-68.29,0.0,12,2021,-0.0974
CA-2022-105479,CG-10439,FUR-CHA-10519,2023-03-04,18.45,4,6.17,0.1,3,2023,0.3344
CA-2022-105480,CG-10364,TEC-PHO-10517,2023-06-25,402.44,6,54.38,0.0,6,2023,0.1351
CA-2022-105481,CG-10275,FUR-CHA-10803,2021-02-18,428.21,10,134.25,0.5,2,2021,0.3135
CA-2022-105482,CG-10695,TEC-MAC-10329,2021-05-10,419.76,9,-39.02,0.1,5,2021,-0.093
CA-2022-105483,CG-10741,TEC-PHO-10732,2021-08-25,1515.31,1,69.24,0.0,8,2021,0.0457
CA-2022-105484,CG-10092,FUR-CHA-10201,2022-09-06,206.09,4,79.03,0.2,9,2022,0.3835
CA-2022-105485,CG-10017,TEC-COP-10457,2021-04-23,1760.37,8,-5.28,0.0,4,2021,-0.003
CA-2022-105486,CG-10432,TEC-COP-10751,2023-11-25,1076.26,4,-143.43,0.0,11,2023,-0.1333
CA-2022-105487,CG-10632,FUR-FUR-10725,2022-09-22,499.25,10,126.21,0.3,9,2022,0.2528
CA-2022-105488,CG-10042,TEC-ACC-10979,2021-02-08,246.01,10,32.85,0.3,2,2021,0.1335
CA-2022-105489,CG-10568,OFF-FAS-10999,2023-03-17,77.19,9,-0.26,0.3,3,2023,-0.0034
CA-2022-105490,CG-10255,TEC-COP-10729,2022-02-01,158.03,8,9.28,0.1,2,2022,0.0587
CA-2022-105491,CG-10031,TEC-MAC-10023,2022-12-25,1881.93,8,371.68,0.3,12,2022,0.1975
CA-2022-105492,CG-10137,FUR-FUR-10815,2022-02-15,1006.57,2,259.45,0.0,2,2022,0.2578
CA-2022-105493,CG-10115,FUR-FUR-10574,2021-06-20,1213.05,9,324.59,0.2,6,2021,0.2676
CA-2022-105494,CG-10521,TEC-ACC-10394,2022-08-18,603.23,3,69.29,0.0,8,2022,0.1149
CA-2022-105495,CG-10317,FUR-CHA-10800,2023-04-20,219.86,4,61.48,0.3,4,2023,0.2796
CA-2022-105496,CG-10358,FUR-BOO-10044,2023-03-12,1891.8,1,66.45,0.0,3,2023,0.0351
CA-2022-105497,CG-10449,OFF-STO-10642,2022-05-06,1863.5,3,315.05,0.0,5,2022,0.1691
CA-2022-105498,CG-10437,TEC-MAC-10172,2021-05-01,1569.41,9,-243.76,0.2,5,2021,-0.1553
CA-2022-105499,CG-10536,FUR-TAB-10780,2022-12-29,1965.34,5,511.75,0.5,12,2022,0.2604
CA-2022-105500,CG-10382,OFF-SUP-10220,2021-02-01,265.63,6,36.53,0.0,2,2021,0.1375
CA-2022-105501,CG-10023,TEC-MAC-10062,2022-01-07,1652.39,5,-16.47,0.0,1,2022,-0.01
CA-2022-105502,CG-10024,OFF-FAS-10761,2021-01-10,1246.12,10,53.09,0.0,1,2021,0.0426
CA-2022-105503,CG-10081,OFF-STO-10876,2022-08-09,1562.08,4,-300.14,0.2,8,2022,-0.1921
CA-2022-105504,CG-10379,TEC-MAC-10596,2023-07-20,636.25,5,-63.11,0.3,7,2023,-0.0992
CA-2022-105505,CG-10531,OFF-LAB-10010,2022-12-19,735.88,3,-116.93,0.2,12,2022,-0.1589
CA-2022-105506,CG-10611,TEC-ACC-10566,2021-12-20,1864.97,4,84.94,0.2,12,2021,0.0455
CA-2022-105507,CG-10307,OFF-APP-10049,2023-01-30,1213.61,6,-106.6,0.5,1,2023,-0.0878
CA-2022-105508,CG-10554,FUR-CHA-10901,2023-08-04,1194.18,7,316.68,0.5,8,2023,0.2652
CA-2022-105509,CG-10289,OFF-LAB-10108,2022-07-05,843.6,1,335.59,0.2,7,2022,0.3978
CA-2022-105510,CG-10612,FUR-CHA-10606,2021-08-14,147.98,3,54.53,0.4,8,2021,0.3685
CA-2022-105511,CG-10585,OFF-FAS-10260,2023-12-23,970.37,5,312.03,0.0,12,2023,0.3216
CA-2022-105512,CG-10718,TEC-COP-10741,2021-03-08,844.8,1,215.7,0.2,3,2021,0.2553
CA-2022-105513,CG-10014,TEC-COP-10213,2022-06-18,283.94,2,-54.41,0.0,6,2022,-0.1916
CA-2022-105514,CG-10105,FUR-TAB-10283,2021-12-17,1551.09,2,-222.83,0.3,12,2021,-0.1437
CA-2022-105515,CG-10039,OFF-FAS-10585,2022-04-14,1158.04,10,-133.72,0.0,4,2022,-0.1155
CA-2022-105516,CG-10112,TEC-MAC-10927,2023-10-09,446.47,9,-0.26,0.0,10,2023,-0.0006
CA-2022-105517,CG-10625,OFF-LAB-10941,2021-01-04,1320.41,10,-182.79,0.0,1,2021,-0.1384
CA-2022-105518,CG-10628,TEC-COP-10206,2023-09-18,1418.24,5,375.36,0.0,9,2023,0.2647
CA-2022-105519,CG-10220,TEC-ACC-10091,2021-03-08,1764.81,4,25.74,0.5,3,2021,0.0146
CA-2022-105520,CG-10260,FUR-BOO-10446,2022-08-04,653.07,8,80.61,0.0,8,2022,0.1234
CA-2022-105521,CG-10479,OFF-STO-10189,2022-11-13,837.38,2,40.69,0.0,11,2022,0.0486
CA-2022-105522,CG-10407,TEC-PHO-10547,2021-09-22,1614.13,8,-87.83,0.5,9,2021,-0.0544
CA-2022-105523,CG-10239,FUR-CHA-10678,2022-12-07,266.2,10,-43.23,0.2,12,2022,-0.1624
CA-2022-105524,CG-10125,OFF-PAP-10610,2023-02-15,974.31,8,-7.04,0.0,2,2023,-0.0072
CA-2022-105525,CG-10434,FUR-BOO-10583,2022-03-01,51.36,6,13.38,0.0,3,2022,0.2605
CA-2022-105526,CG-10515,OFF-SUP-10781,2023-05-25,1574.42,1,616.91,0.0,5,2023,0.3918
CA-2022-105527,CG-10312,OFF-FAS-10074,2022-07-09,92.85,10,-16.19,0.5,7,2022,-0.1744
CA-2022-105528,CG-10519,OFF-PAP-10768,2023-09-13,148.43,4,53.22,0.0,9,2023,0.3586
CA-2022-105529,CG-10025,OFF-FAS-10201,2021-01-29,1678.49,10,591.15,0.2,1,2021,0.3522
CA-2022-105530,CG-10783,TEC-ACC-10641,2022-12-13,112.37,6,-16.96,0.5,12,2022,-0.1509
CA-2022-105531,CG-10237,TEC-PHO-10580,2021-09-25,231.42,7,90.5,0.3,9,2021,0.3911
CA-2022-105532,CG-10150,FUR-FUR-10657,2023-06-07,900.87,7,-36.23,0.4,6,2023,-0.0402
CA-2022-105533,CG-10501,FUR-BOO-10862,2023-12-16,599.13,8,-81.29,0.3,12,2023,-0.1357
CA-2022-105534,CG-10758,FUR-TAB-10838,2023-05-15,1172.9,4,-197.47,0.4,5,2023,-0.1684
CA-2022-105535,CG-10183,FUR-CHA-10843,2022-11-21,363.3,9,120.74,0.1,11,2022,0.3323
CA-2022-105536,CG-10354,FUR-BOO-10527,2022-10-14,160.36,2,62.41,0.0,10,2022,0.3892
CA-2022-105537,CG-10281,FUR-TAB-10339,2023-05-01,1233.42,4,318.18,0.4,5,2023,0.258
CA-2022-105538,CG-10093,FUR-BOO-10897,2021-10-17,299.51,8,72.57,0.0,10,2021,0.2423
CA-2022-105539,CG-10650,TEC-MAC-10429,2023-11-21,1833.25,2,288.09,0.0,11,2023,0.1571
CA-2022-105540,CG-10053,OFF-APP-10070,2023-01-03,1042.62,1,-142.62,0.4,1,2023,-0.1368
CA-2022-105541,CG-10414,FUR-CHA-10607,2021-05-10,412.41,8,66.74,0.4,5,2021,0.1618
CA-2022-105542,CG-10213,OFF-FAS-10250,2022-07-08,1624.34,3,174.17,0.0,7,2022,0.1072
CA-2022-105543,CG-10333,FUR-BOO-10963,2022-01-01,1768.7,8,70.23,0.1,1,2022,0.0397
CA-2022-105544,CG-10174,OFF-BIN-10380,2021-02-17,66.06,6,-9.67,0.1,2,2021,-0.1464
CA-2022-105545,CG-10069,TEC-COP-10484,2023-06-13,184.7,2,1.28,0.1,6,2023,0.0069
CA-2022-105546,CG-10500,TEC-MAC-10551,2023-08-27,180.12,8,29.86,0.0,8,2023,0.1658
CA-2022-105547,CG-10247,FUR-TAB-10004,2022-03-09,852.63,6,223.92,0.5,3,2022,0.2626
CA-2022-105548,CG-10034,FUR-TAB-10797,2023-06-28,874.08,8,323.83,0.5,6,2023,0.3705
CA-2022-105549,CG-10094,OFF-STO-10371,2023-07-17,1304.09,5,-87.37,0.1,7,2023,-0.067
CA-2022-105550,CG-10024,FUR-BOO-10933,2021-10-11,654.97,7,-122.76,0.2,10,2021,-0.1874
CA-2022-105551,CG-10342,TEC-PHO-10003,2021-04-12,1103.53,6,311.15,0.0,4,2021,0.282
CA-2022-105552,CG-10336,OFF-BIN-10327,2023-04-26,313.45,9,100.05,0.0,4,2023,0.3192
CA-2022-105553,CG-10585,FUR-TAB-10282,2022-02-05,1123.38,9,-120.99,0.2,2,2022,-0.1077
CA-2022-105554,CG-10650,TEC-ACC-10786,2021-04-01,1715.63,3,3.82,0.2,4,2021,0.0022
CA-2022-105555,CG-10555,FUR-TAB-10784,2021-06-30,1289.4,1,255.9,0.0,6,2021,0.1985
CA-2022-105556,CG-10324,OFF-ART-10758,2021-04-03,1845.68,2,1.01,0.4,4,2021,0.0005
CA-2022-105557,CG-10745,OFF-FAS-10240,2021-05-30,914.56,3,73.8,0.5,5,2021,0.0807
CA-2022-105558,CG-10709,OFF-FAS-10010,2021-02-25,1330.03,1,-252.13,0.3,2,2021,-0.1896
CA-2022-105559,CG-10788,OFF-SUP-10671,2022-03-24,1427.76,3,374.36,0.3,3,2022,0.2622
CA-2022-105560,CG-10194,OFF-ART-10456,2023-02-08,1827.88,7,689.05,0.1,2,2023,0.377
CA-2022-105561,CG-10308,FUR-TAB-10012,2021-01-17,1348.55,4,-168.13,0.0,1,2021,-0.1247
CA-2022-105562,CG-10512,OFF-BIN-10282,2022-09-07,555.93,3,55.59,0.0,9,2022,0.1
CA-2022-105563,CG-10293,FUR-TAB-10344,2022-06-22,901.86,1,286.86,0.2,6,2022,0.3181
CA-2022-105564,CG-10377,OFF-APP-10977,2022-08-14,333.9,8,48.89,0.3,8,2022,0.1464
CA-2022-105565,CG-10225,FUR-CHA-10577,2021-01-07,1603.22,8,-269.58,0.0,1,2021,-0.1681
CA-2022-105566,CG-10408,FUR-TAB-10411,2022-06-25,1706.69,5,348.53,0.4,6,2022,0.2042
CA-2022-105567,CG-10081,OFF-LAB-10114,2022-01-12,65.86,7,-2.12,0.0,1,2022,-0.0322
CA-2022-105568,CG-10639,FUR-FUR-10169,2022-04-08,1416.18,6,401.04,0.5,4,2022,0.2832
CA-2022-105569,CG-10278,OFF-APP-10314,2022-10-17,885.55,1,73.29,0.3,10,2022,0.0828
CA-2022-105570,CG-10068,TEC-PHO-10960,2022-11-30,33.48,3,7.98,0.0,11,2022,0.2384
CA-2022-105571,CG-10317,TEC-PHO-10619,2021-06-03,1408.15,6,419.03,0.0,6,2021,0.2976
CA-2022-105572,CG-10790,FUR-BOO-10885,2023-08-11,1113.3,1,-20.81,0.0,8,2023,-0.0187
CA-2022-105573,CG-10317,FUR-FUR-10516,2023-10-17,1033.38,3,148.7,0.2,10,2023,0.1439
CA-2022-105574,CG-10415,OFF-ENV-10757,2021-12-16,1013.35,2,2.53,0.3,12,2021,0.0025
CA-2022-105575,CG-10142,FUR-BOO-10639,2021-10-05,552.21,1,23.7,0.0,10,2021,0.0429
CA-2022-105576,CG-10520,TEC-COP-10017,2022-01-10,1880.44,5,332.32,0.4,1,2022,0.1767
CA-2022-105577,CG-10753,OFF-PAP-10545,2023-01-15,1526.52,10,24.81,0.5,1,2023,0.0163
CA-2022-105578,CG-10176,TEC-PHO-10369,2022-06-05,694.55,9,33.47,0.2,6,2022,0.0482
CA-2022-105579,CG-10325,FUR-BOO-10769,2022-02-09,893.29,9,184.92,0.0,2,2022,0.207
CA-2022-105580,CG-10750,OFF-ART-10573,2021-09-05,972.42,4,164.02,0.2,9,2021,0.1687
CA-2022-105581,CG-10142,OFF-SUP-10763,2023-01-15,891.07,2,326.58,0.1,1,2023,0.3665
CA-2022-105582,CG-10132,OFF-APP-10003,2021-02-21,1004.69,2,296.0,0.0,2,2021,0.2946
CA-2022-105583,CG-10611,TEC-PHO-10320,2021-04-15,185.53,6,39.52,0.4,4,2021,0.213
CA-2022-105584,CG-10087,TEC-ACC-10501,2021-03-05,219.16,9,0.35,0.3,3,2021,0.0016
CA-2022-105585,CG-10004,FUR-FUR-10545,2021-09-02,753.72,3,111.79,0.5,9,2021,0.1483
CA-2022-105586,CG-10039,FUR-CHA-10684,2021-08-27,108.8,5,-12.2,0.3,8,2021,-0.1121
CA-2022-105587,CG-10517,TEC-ACC-10395,2022-07-22,639.33,7,88.56,0.2,7,2022,0.1385
CA-2022-105588,CG-10398,TEC-PHO-10188,2021-06-20,1307.49,2,283.13,0.4,6,2021,0.2165
CA-2022-105589,CG-10391,OFF-BIN-10532,2021-06-14,1090.34,10,111.28,0.5,6,2021,0.1021
CA-2022-105590,CG-10331,OFF-SUP-10177,2022-10-15,793.91,3,-52.59,0.4,10,2022,-0.0662
CA-2022-105591,CG-10271,FUR-BOO-10478,2022-06-29,233.72,9,61.6,0.1,6,2022,0.2636
CA-2022-105592,CG-10340,TEC-ACC-10968,2023-11-27,1732.86,3,-295.11,0.5,11,2023,-0.1703
CA-2022-105593,CG-10030,FUR-TAB-10660,2022-05-28,320.14,1,37.51,0.3,5,2022,0.1172
CA-2022-105594,CG-10388,TEC-ACC-10640,2023-02-28,1706.28,7,353.39,0.0,2,2023,0.2071
CA-2022-105595,CG-10212,OFF-ART-10112,2022-10-29,1912.23,10,613.97,0.3,10,2022,0.3211
CA-2022-105596,CG-10329,TEC-ACC-10487,2023-09-16,1213.67,9,25.65,0.3,9,2023,0.0211
CA-2022-105597,CG-10619,TEC-PHO-10820,2021-01-24,1006.05,1,386.33,0.3,1,2021,0.384
CA-2022-105598,CG-10641,FUR-FUR-10282,2023-10-20,1612.25,3,-30.78,0.0,10,2023,-0.0191
CA-2022-105599,CG-10599,FUR-CHA-10648,2023-08-04,1342.22,6,-163.11,0.0,8,2023,-0.1215
CA-2022-105600,CG-10605,TEC-PHO-10525,2023-11-13,401.98,3,-21.61,0.0,11,2023,-0.0538
CA-2022-105601,CG-10476,OFF-ART-10202,2023-08-16,356.21,10,-21.98,0.1,8,2023,-0.0617
CA-2022-105602,CG-10752,FUR-BOO-10933,2023-02-19,1219.78,6,414.76,0.3,2,2023,0.34
CA-2022-105603,CG-10437,OFF-FAS-10461,2022-04-29,256.52,7,6.11,0.0,4,2022,0.0238
CA-2022-105604,CG-10629,TEC-ACC-10486,2021-04-21,541.94,8,-76.84,0.2,4,2021,-0.1418
CA-2022-105605,CG-10132,TEC-PHO-10960,2022-11-18,320.52,4,27.47,0.0,11,2022,0.0857
CA-2022-105606,CG-10520,TEC-COP-10879,2023-11-20,1313.58,8,162.84,0.0,11,2023,0.124
CA-2022-105607,CG-10326,FUR-CHA-10563,2021-12-17,752.37,5,45.85,0.1,12,2021,0.0609
CA-2022-105608,CG-10190,FUR-TAB-10960,2022-11-04,20.7,2,0.04,0.3,11,2022,0.0019
CA-2022-105609,CG-10580,OFF-STO-10050,2021-03-13,1397.13,9,-244.21,0.3,3,2021,-0.1748
CA-2022-105610,CG-10225,TEC-PHO-10103,2023-10-31,26.44,9,-4.52,0.3,10,2023,-0.171
CA-2022-105611,CG-10505,FUR-TAB-10411,2021-03-06,804.61,10,-146.88,0.4,3,2021,-0.1825
CA-2022-105612,CG-10299,FUR-FUR-10654,2021-09-28,1452.41,1,235.49,0.5,9,2021,0.1621
CA-2022-105613,CG-10277,FUR-CHA-10588,2021-11-17,167.83,4,24.95,0.5,11,2021,0.1487
CA-2022-105614,CG-10683,TEC-MAC-10542,2021-12-16,667.39,3,-62.58,0.0,12,2021,-0.0938
CA-2022-105615,CG-10068,OFF-ENV-10905,2021-04-06,601.63,5,-119.01,0.1,4,2021,-0.1978
CA-2022-105616,CG-10698,FUR-CHA-10685,2021-04-28,633.86,6,7.99,0.1,4,2021,0.0126
CA-2022-105617,CG-10393,OFF-ENV-10275,2023-02-02,537.04,2,97.36,0.0,2,2023,0.1813
CA-2022-105618,CG-10260,TEC-MAC-10664,2023-03-28,1019.33,5,-6.71,0.4,3,2023,-0.0066
CA-2022-105619,CG-10132,FUR-FUR-10459,2021-09-01,1909.21,10,-40.39,0.0,9,2021,-0.0212
CA-2022-105620,CG-10387,OFF-SUP-10968,2021-09-17,298.43,2,-39.67,0.5,9,2021,-0.1329
CA-2022-105621,CG-10149,OFF-LAB-10669,2022-11-08,901.98,1,-31.41,0.0,11,2022,-0.0348
CA-2022-105622,CG-10737,TEC-PHO-10026,2023-11-14,555.84,5,-17.62,0.0,11,2023,-0.0317
CA-2022-105623,CG-10620,TEC-MAC-10142,2022-06-29,87.35,9,-10.85,0.2,6,2022,-0.1242
CA-2022-105624,CG-10177,FUR-TAB-10013,2022-03-05,412.74,6,121.74,0.4,3,2022,0.295
CA-2022-105625,CG-10627,OFF-ENV-10602,2021-07-26,1842.17,3,147.92,0.5,7,2021,0.0803
CA-2022-105626,CG-10057,OFF-FAS-11000,2021-06-28,1756.37,7,225.76,0.2,6,2021,0.1285
CA-2022-105627,CG-10686,OFF-ENV-10197,2023-08-26,539.03,7,64.37,0.2,8,2023,0.1194
CA-2022-105628,CG-10469,OFF-BIN-10753,2021-08-18,1946.37,5,752.3,0.0,8,2021,0.3865
CA-2022-105629,CG-10680,FUR-FUR-10490,2021-11-08,1133.18,7,-75.19,0.5,11,2021,-0.0664
CA-2022-105630,CG-10621,OFF-STO-10283,2023-05-21,1979.47,8,479.97,0.3,5,2023,0.2425
CA-2022-105631,CG-10716,OFF-PAP-10539,2023-05-29,1328.29,3,-81.6,0.0,5,2023,-0.0614
CA-2022-105632,CG-10122,OFF-ART-10944,2021-11-12,1350.97,4,318.37,0.2,11,2021,0.2357
CA-2022-105633,CG-10612,OFF-PAP-10634,2022-03-24,662.36,9,-111.92,0.4,3,2022,-0.169
CA-2022-105634,CG-10610,TEC-ACC-10374,2022-09-11,485.02,9,126.93,0.0,9,2022,0.2617
CA-2022-105635,CG-10579,OFF-PAP-10700,2021-02-17,226.02,2,57.75,0.3,2,2021,0.2555
CA-2022-105636,CG-10455,FUR-TAB-10583,2023-06-03,37.48,7,12.01,0.0,6,2023,0.3204
CA-2022-105637,CG-10295,OFF-FAS-10333,2023-01-18,284.55,2,90.96,0.3,1,2023,0.3197
CA-2022-105638,CG-10004,OFF-APP-10406,2022-03-16,1815.57,10,384.57,0.5,3,2022,0.2118
CA-2022-105639,CG-10307,OFF-LAB-10164,2023-01-11,336.02,7,100.43,0.0,1,2023,0.2989
CA-2022-105640,CG-10756,OFF-APP-10325,2021-02-23,1957.88,2,460.82,0.0,2,2021,0.2354
CA-2022-105641,CG-10603,TEC-PHO-10410,2021-02-17,331.4,2,-13.55,0.0,2,2021,-0.0409
CA-2022-105642,CG-10628,FUR-TAB-10188,2022-04-21,1380.92,8,419.17,0.0,4,2022,0.3035
CA-2022-105643,CG-10349,OFF-LAB-10356,2022-03-15,148.73,10,-16.39,0.1,3,2022,-0.1102
CA-2022-105644,CG-10751,FUR-FUR-10102,2022-06-29,880.83,10,310.69,0.5,6,2022,0.3527
CA-2022-105645,CG-10764,FUR-CHA-10668,2023-05-01,540.82,10,76.41,0.3,5,2023,0.1413
CA-2022-105646,CG-10576,TEC-PHO-10721,2022-10-30,430.16,8,116.65,0.3,10,2022,0.2712
CA-2022-105647,CG-10384,FUR-BOO-10460,2021-08-19,166.44,9,48.03,0.5,8,2021,0.2886
CA-2022-105648,CG-10785,FUR-FUR-10665,2022-01-30,262.2,7,14.52,0.4,1,2022,0.0554
CA-2022-105649,CG-10769,FUR-FUR-10046,2021-01-09,1163.38,8,260.1,0.1,1,2021,0.2236
CA-2022-105650,CG-10058,OFF-STO-10748,2022-08-27,1258.93,8,122.27,0.4,8,2022,0.0971
CA-2022-105651,CG-10487,OFF-LAB-10394,2023-07-18,1524.24,10,-263.44,0.3,7,2023,-0.1728
CA-2022-105652,CG-10568,OFF-STO-10653,2022-01-15,1261.49,3,-215.09,0.2,1,2022,-0.1705
CA-2022-105653,CG-10586,OFF-LAB-10493,2023-02-14,1003.04,1,-180.34,0.5,2,2023,-0.1798
CA-2022-105654,CG-10146,FUR-CHA-10985,2021-11-05,1395.62,6,212.57,0.5,11,2021,0.1523
CA-2022-105655,CG-10345,TEC-MAC-10177,2022-03-22,678.66,7,195.74,0.0,3,2022,0.2884
CA-2022-105656,CG-10454,FUR-FUR-10161,2021-01-18,1985.86,10,-167.79,0.2,1,2021,-0.0845
CA-2022-105657,CG-10274,OFF-ART-10442,2023-01-09,1740.41,2,305.89,0.5,1,2023,0.1758
CA-2022-105658,CG-10435,TEC-PHO-10347,2022-05-29,1409.11,6,127.17,0.2,5,2022,0.0902
CA-2022-105659,CG-10252,TEC-MAC-10726,2021-01-09,1319.12,5,-230.7,0.1,1,2021,-0.1749
CA-2022-105660,CG-10447,OFF-LAB-10482,2022-11-13,1374.91,2,-177.78,0.4,11,2022,-0.1293
CA-2022-105661,CG-10505,FUR-CHA-10981,2023-10-27,1759.67,9,208.77,0.5,10,2023,0.1186
CA-2022-105662,CG-10123,OFF-ENV-10957,2022-01-28,1807.31,2,-274.44,0.5,1,2022,-0.1518
CA-2022-105663,CG-10021,FUR-FUR-10947,2021-10-25,757.13,2,-94.33,0.1,10,2021,-0.1246
CA-2022-105664,CG-10029,TEC-COP-10686,2022-06-02,715.73,4,-34.0,0.1,6,2022,-0.0475
CA-2022-105665,CG-10762,FUR-BOO-10721,2021-05-04,374.6,10,20.46,0.3,5,2021,0.0546
CA-2022-105666,CG-10197,OFF-STO-10523,2021-04-25,1057.13,3,145.69,0.1,4,2021,0.1378
CA-2022-105667,CG-10169,TEC-PHO-10807,2022-12-05,1408.87,6,-253.59,0.1,12,2022,-0.18
CA-2022-105668,CG-10338,FUR-TAB-10182,2021-04-20,569.48,2,216.86,0.0,4,2021,0.3808
CA-2022-105669,CG-10316,OFF-APP-10760,2023-01-19,1260.86,9,416.98,0.4,1,2023,0.3307
CA-2022-105670,CG-10787,FUR-BOO-10695,2021-09-05,1414.89,10,-16.69,0.3,9,2021,-0.0118
CA-2022-105671,CG-10511,OFF-FAS-10591,2022-05-29,1050.45,9,73.59,0.0,5,2022,0.0701
CA-2022-105672,CG-10153,FUR-TAB-10897,2021-12-30,1057.68,2,-123.9,0.0,12,2021,-0.1171
CA-2022-105673,CG-10449,OFF-STO-10043,2022-04-29,1763.72,3,120.97,0.3,4,2022,0.0686
CA-2022-105674,CG-10491,OFF-STO-10038,2023-07-21,1000.2,3,-69.8,0.0,7,2023,-0.0698
CA-2022-105675,CG-10693,OFF-SUP-10719,2022-06-26,562.99,8,111.85,0.4,6,2022,0.1987
CA-2022-105676,CG-10599,TEC-PHO-10843,2021-12-19,1213.69,4,-113.47,0.0,12,2021,-0.0935
CA-2022-105677,CG-10215,FUR-BOO-10529,2021-03-03,861.55,2,257.36,0.3,3,2021,0.2987
CA-2022-105678,CG-10547,TEC-PHO-10369,2021-05-10,1161.79,10,308.38,0.5,5,2021,0.2654
CA-2022-105679,CG-10155,OFF-PAP-10151,2022-03-09,1479.24,7,-243.84,0.1,3,2022,-0.1648
CA-2022-105680,CG-10344,FUR-FUR-10007,2021-02-19,1559.83,5,-162.35,0.2,2,2021,-0.1041
CA-2022-105681,CG-10473,TEC-COP-10517,2021-03-23,225.8,4,75.04,0.0,3,2021,0.3323
CA-2022-105682,CG-10555,OFF-LAB-10142,2022-08-29,472.98,3,139.72,0.0,8,2022,0.2954
CA-2022-105683,CG-10617,OFF-PAP-10548,2023-04-09,1168.53,9,125.72,0.3,4,2023,0.1076
CA-2022-105684,CG-10546,OFF-FAS-10612,2022-09-01,933.86,9,197.1,0.3,9,2022,0.2111
CA-2022-105685,CG-10420,OFF-BIN-10995,2022-07-21,344.78,9,-33.95,0.3,7,2022,-0.0985
CA-2022-105686,CG-10282,OFF-ENV-10423,2023-08-05,1141.06,5,-111.14,0.0,8,2023,-0.0974
CA-2022-105687,CG-10365,FUR-TAB-10413,2023-02-09,238.87,6,-1.5,0.4,2,2023,-0.0063
CA-2022-105688,CG-10672,FUR-FUR-10992,2022-01-31,1461.42,7,-235.88,0.2,1,2022,-0.1614
CA-2022-105689,CG-10524,OFF-PAP-10031,2022-06-28,201.75,1,-17.32,0.0,6,2022,-0.0858
CA-2022-105690,CG-10427,FUR-FUR-10566,2023-11-28,64.82,2,25.49,0.0,11,2023,0.3932
CA-2022-105691,CG-10648,FUR-TAB-10221,2023-08-23,986.6,4,266.01,0.0,8,2023,0.2696
CA-2022-105692,CG-10183,FUR-FUR-10049,2021-03-23,1090.93,4,-57.45,0.4,3,2021,-0.0527
CA-2022-105693,CG-10661,FUR-CHA-10262,2021-08-15,1368.23,2,254.76,0.4,8,2021,0.1862
CA-2022-105694,CG-10699,TEC-ACC-10383,2021-09-29,1269.55,8,383.29,0.2,9,2021,0.3019
CA-2022-105695,CG-10482,FUR-TAB-10754,2021-07-17,934.6,5,258.6,0.0,7,2021,0.2767
CA-2022-105696,CG-10391,OFF-APP-10252,2023-09-27,1032.51,4,-32.5,0.2,9,2023,-0.0315
CA-2022-105697,CG-10327,OFF-ENV-10720,2023-01-25,787.8,6,-67.99,0.0,1,2023,-0.0863
CA-2022-105698,CG-10035,FUR-FUR-10629,2022-04-08,1439.02,3,498.26,0.0,4,2022,0.3462
CA-2022-105699,CG-10720,OFF-LAB-10115,2023-03-12,182.3,2,-19.18,0.3,3,2023,-0.1052
CA-2022-105700,CG-10626,FUR-CHA-10796,2023-11-02,1850.77,9,-154.54,0.0,11,2023,-0.0835
CA-2022-105701,CG-10503,TEC-ACC-10363,2023-08-02,1093.3,5,22.26,0.0,8,2023,0.0204
CA-2022-105702,CG-10340,TEC-ACC-10812,2021-04-29,718.63,3,184.42,0.2,4,2021,0.2566
CA-2022-105703,CG-10074,FUR-FUR-10843,2022-05-01,698.96,10,50.67,0.3,5,2022,0.0725
CA-2022-105704,CG-10063,OFF-FAS-10094,2023-11-23,1049.39,9,213.22,0.0,11,2023,0.2032
CA-2022-105705,CG-10646,FUR-CHA-10984,2022-12-11,451.11,10,51.35,0.0,12,2022,0.1138
CA-2022-105706,CG-10192,TEC-MAC-10913,2022-08-13,416.35,3,131.34,0.0,8,2022,0.3155
CA-2022-105707,CG-10277,FUR-TAB-10079,2021-07-02,1398.24,5,72.14,0.0,7,2021,0.0516
CA-2022-105708,CG-10185,FUR-FUR-10375,2023-06-01,1426.5,2,233.1,0.3,6,2023,0.1634
CA-2022-105709,CG-10686,TEC-COP-10526,2021-07-14,1205.4,2,400.67,0.5,7,2021,0.3324
CA-2022-105710,CG-10565,OFF-STO-10110,2021-05-22,463.31,1,-81.48,0.0,5,2021,-0.1759
CA-2022-105711,CG-10069,OFF-BIN-10915,2022-09-05,1587.82,3,230.76,0.2,9,2022,0.1453
CA-2022-105712,CG-10344,OFF-FAS-10853,2023-02-11,1129.5,8,325.97,0.1,2,2023,0.2886
CA-2022-105713,CG-10073,FUR-CHA-10628,2021-12-19,596.22,10,-13.28,0.0,12,2021,-0.0223
CA-2022-105714,CG-10455,OFF-ENV-10423,2021-03-02,1022.52,8,-54.78,0.1,3,2021,-0.0536
CA-2022-105715,CG-10463,OFF-ENV-10388,2023-06-22,1942.37,8,-192.67,0.1,6,2023,-0.0992
CA-2022-105716,CG-10403,OFF-SUP-10070,2022-02-15,347.84,1,-9.27,0.0,2,2022,-0.0267
CA-2022-105717,CG-10167,TEC-ACC-10225,2023-06-20,445.32,6,-38.97,0.0,6,2023,-0.0875
CA-2022-105718,CG-10756,OFF-ART-10123,2021-11-08,273.08,3,107.82,0.1,11,2021,0.3948
CA-2022-105719,CG-10156,FUR-TAB-10275,2021-03-04,1563.13,4,563.48,0.0,3,2021,0.3605
CA-2022-105720,CG-10057,OFF-LAB-10046,2022-11-26,403.72,8,72.49,0.2,11,2022,0.1796
CA-2022-105721,CG-10053,OFF-ART-10814,2022-11-05,315.33,10,-5.11,0.2,11,2022,-0.0162
CA-2022-105722,CG-10249,FUR-TAB-10729,2021-06-29,420.4,3,111.52,0.0,6,2021,0.2653
CA-2022-105723,CG-10468,OFF-ART-10970,2023-03-22,580.4,7,88.05,0.0,3,2023,0.1517
CA-2022-105724,CG-10499,FUR-BOO-10855,2023-09-23,1682.54,5,-152.75,0.0,9,2023,-0.0908
CA-2022-105725,CG-10390,TEC-ACC-10657,2023-11-18,335.88,10,111.01,0.3,11,2023,0.3305
CA-2022-105726,CG-10003,OFF-LAB-10880,2022-04-01,1431.09,6,92.89,0.5,4,2022,0.0649
CA-2022-105727,CG-10654,FUR-FUR-10900,2022-02-02,1159.58,10,313.37,0.0,2,2022,0.2702
CA-2022-105728,CG-10444,OFF-LAB-10135,2023-12-16,42.64,4,-5.07,0.3,12,2023,-0.1189
CA-2022-105729,CG-10284,FUR-CHA-10717,2023-12-17,841.81,5,-126.14,0.5,12,2023,-0.1498
CA-2022-105730,CG-10746,OFF-SUP-10957,2023-04-03,1992.4,3,615.0,0.3,4,2023,0.3087
CA-2022-105731,CG-10075,OFF-SUP-10974,2023-07-17,1599.59,7,485.21,0.5,7,2023,0.3033
CA-2022-105732,CG-10088,TEC-ACC-10567,2021-01-22,1258.2,3,390.01,0.3,1,2021,0.31
CA-2022-105733,CG-10017,TEC-PHO-10813,2023-04-12,147.85,9,40.42,0.0,4,2023,0.2734
CA-2022-105734,CG-10701,TEC-PHO-10720,2022-01-06,467.13,8,73.44,0.5,1,2022,0.1572
CA-2022-105735,CG-10553,TEC-ACC-10374,2023-04-12,950.26,9,102.26,0.3,4,2023,0.1076
CA-2022-105736,CG-10257,OFF-APP-10590,2022-04-17,1079.55,8,405.69,0.0,4,2022,0.3758
CA-2022-105737,CG-10098,TEC-PHO-10288,2021-06-13,1431.6,9,-126.18,0.4,6,2021,-0.0881
CA-2022-105738,CG-10575,TEC-COP-10406,2021-12-25,760.53,10,148.9,0.5,12,2021,0.1958
CA-2022-105739,CG-10230,TEC-MAC-10981,2022-08-15,1903.44,1,745.47,0.0,8,2022,0.3916
CA-2022-105740,CG-10233,FUR-BOO-10813,2022-08-17,1499.53,4,-147.23,0.0,8,2022,-0.0982
CA-2022-105741,CG-10155,TEC-MAC-10420,2021-04-06,462.5,10,123.12,0.0,4,2021,0.2662
CA-2022-105742,CG-10374,TEC-MAC-10847,2021-03-22,1502.53,2,46.64,0.3,3,2021,0.031
CA-2022-105743,CG-10153,FUR-CHA-10718,2021-05-18,1734.93,4,-133.96,0.0,5,2021,-0.0772
CA-2022-105744,CG-10719,TEC-ACC-10813,2022-08-17,260.58,7,-49.75,0.3,8,2022,-0.1909
CA-2022-105745,CG-10359,OFF-ENV-10489,2023-05-13,1186.44,1,404.87,0.1,5,2023,0.3412
CA-2022-105746,CG-10486,FUR-BOO-10056,2023-08-18,964.72,7,175.1,0.2,8,2023,0.1815
CA-2022-105747,CG-10736,FUR-TAB-10781,2021-05-04,852.93,2,-109.03,0.0,5,2021,-0.1278
CA-2022-105748,CG-10314,FUR-BOO-10495,2022-02-14,1545.98,3,616.59,0.2,2,2022,0.3988
CA-2022-105749,CG-10258,TEC-PHO-10687,2023-09-12,1944.98,7,-219.75,0.2,9,2023,-0.113
CA-2022-105750,CG-10443,OFF-PAP-10572,2023-11-10,1897.09,3,-245.54,0.3,11,2023,-0.1294
CA-2022-105751,CG-10080,FUR-CHA-10043,2023-03-18,959.17,8,4.43,0.5,3,2023,0.0046
CA-2022-105752,CG-10564,TEC-COP-10464,2023-01-28,177.16,5,-9.13,0.0,1,2023,-0.0515
CA-2022-105753,CG-10419,FUR-FUR-10279,2023-04-21,817.83,1,109.6,0.0,4,2023,0.134
CA-2022-105754,CG-10095,FUR-CHA-10653,2023-09-24,693.08,10,75.7,0.3,9,2023,0.1092
CA-2022-105755,CG-10518,OFF-FAS-10225,2021-10-10,1217.11,7,-108.84,0.5,10,2021,-0.0894
CA-2022-105756,CG-10761,OFF-APP-10525,2022-07-29,459.79,5,67.65,0.5,7,2022,0.1471
CA-2022-105757,CG-10762,TEC-MAC-10570,2021-07-21,1165.99,2,72.88,0.3,7,2021,0.0625
CA-2022-105758,CG-10264,OFF-BIN-10588,2022-03-19,1456.66,2,-167.92,0.4,3,2022,-0.1153
CA-2022-105759,CG-10170,TEC-COP-10618,2023-07-22,841.71,8,-80.47,0.5,7,2023,-0.0956
CA-2022-105760,CG-10138,FUR-CHA-10632,2021-02-14,1594.65,5,-288.96,0.3,2,2021,-0.1812
CA-2022-105761,CG-10229,FUR-FUR-10967,2021-09-19,613.45,3,-67.37,0.2,9,2021,-0.1098
CA-2022-105762,CG-10029,TEC-PHO-10698,2022-10-15,1081.22,9,309.18,0.0,10,2022,0.286
CA-2022-105763,CG-10148,OFF-FAS-10954,2022-02-15,1805.45,6,53.34,0.3,2,2022,0.0295
CA-2022-105764,CG-10468,OFF-PAP-10363,2021-01-08,1647.74,2,170.03,0.0,1,2021,0.1032
CA-2022-105765,CG-10189,OFF-SUP-10974,2022-08-02,1815.11,9,609.32,0.0,8,2022,0.3357
CA-2022-105766,CG-10038,FUR-BOO-10891,2023-11-05,1291.49,5,74.75,0.0,11,2023,0.0579
CA-2022-105767,CG-10532,FUR-TAB-10659,2022-11-27,664.51,3,-27.28,0.5,11,2022,-0.0411
CA-2022-105768,CG-10543,FUR-TAB-10025,2022-02-02,1695.99,7,222.75,0.0,2,2022,0.1313
CA-2022-105769,CG-10474,TEC-MAC-10235,2023-10-04,1814.45,6,283.28,0.0,10,2023,0.1561
CA-2022-105770,CG-10127,FUR-FUR-10626,2023-07-26,802.3,9,222.7,0.2,7,2023,0.2776
CA-2022-105771,CG-10505,TEC-COP-10232,2021-01-12,509.66,7,60.22,0.4,1,2021,0.1182
CA-2022-105772,CG-10631,OFF-APP-10774,2021-09-15,153.87,7,-14.45,0.2,9,2021,-0.0939
CA-2022-105773,CG-10242,TEC-COP-10328,2022-10-17,1137.04,7,76.46,0.0,10,2022,0.0672
CA-2022-105774,CG-10089,TEC-ACC-10885,2023-03-01,287.72,5,24.01,0.1,3,2023,0.0834
CA-2022-105775,CG-10461,TEC-MAC-10299,2021-04-05,1944.02,4,-293.28,0.3,4,2021,-0.1509
CA-2022-105776,CG-10082,OFF-ART-10322,2022-07-25,471.58,9,160.27,0.1,7,2022,0.3399
CA-2022-105777,CG-10529,FUR-BOO-10931,2022-11-03,1180.55,3,-227.03,0.2,11,2022,-0.1923
CA-2022-105778,CG-10157,OFF-SUP-10300,2022-08-10,1763.34,1,607.59,0.3,8,2022,0.3446
CA-2022-105779,CG-10660,FUR-TAB-10385,2022-04-04,1749.46,10,-20.99,0.0,4,2022,-0.012
CA-2022-105780,CG-10478,TEC-MAC-10975,2021-04-18,1521.94,1,128.37,0.4,4,2021,0.0843
CA-2022-105781,CG-10707,FUR-CHA-10287,2021-05-18,224.7,7,66.81,0.0,5,2021,0.2973
CA-2022-105782,CG-10762,TEC-PHO-10177,2022-04-20,1998.3,8,487.68,0.0,4,2022,0.244
CA-2022-105783,CG-10371,FUR-BOO-10546,2023-04-26,1315.97,2,284.84,0.5,4,2023,0.2164
CA-2022-105784,CG-10135,FUR-BOO-10716,2022-08-17,914.44,6,317.85,0.0,8,2022,0.3476
CA-2022-105785,CG-10455,FUR-CHA-10123,2023-09-08,217.52,5,-43.01,0.1,9,2023,-0.1977
CA-2022-105786,CG-10435,FUR-TAB-10469,2023-03-07,202.8,3,59.25,0.2,3,2023,0.2922
CA-2022-105787,CG-10241,TEC-PHO-10605,2023-10-03,100.05,5,-12.14,0.0,10,2023,-0.1213
CA-2022-105788,CG-10433,OFF-ART-10145,2021-07-13,123.18,7,34.04,0.0,7,2021,0.2763
CA-2022-105789,CG-10792,TEC-COP-10459,2021-09-29,714.63,9,148.18,0.1,9,2021,0.2074
CA-2022-105790,CG-10026,OFF-LAB-10259,2021-01-25,1722.9,9,43.65,0.0,1,2021,0.0253
CA-2022-105791,CG-10518,FUR-TAB-10044,2023-07-10,1687.32,6,175.05,0.4,7,2023,0.1037
CA-2022-105792,CG-10539,FUR-BOO-10031,2023-06-06,1963.36,10,296.03,0.5,6,2023,0.1508
CA-2022-105793,CG-10194,OFF-ART-10141,2023-11-12,469.33,1,186.78,0.1,11,2023,0.398
CA-2022-105794,CG-10561,TEC-COP-10248,2023-09-10,1429.77,1,190.98,0.0,9,2023,0.1336
CA-2022-105795,CG-10445,FUR-TAB-10202,2021-06-12,1606.43,8,-188.65,0.0,6,2021,-0.1174
CA-2022-105796,CG-10502,FUR-FUR-10903,2022-09-06,760.94,5,95.26,0.4,9,2022,0.1252
CA-2022-105797,CG-10172,OFF-BIN-10468,2023-02-02,1322.43,7,250.6,0.0,2,2023,0.1895
CA-2022-105798,CG-10296,FUR-TAB-10506,2021-05-09,461.51,4,-64.93,0.4,5,2021,-0.1407
CA-2022-105799,CG-10213,TEC-PHO-10877,2022-11-29,1186.33,8,261.81,0.1,11,2022,0.2207
CA-2022-105800,CG-10781,OFF-ART-10657,2021-04-14,968.77,10,300.73,0.3,4,2021,0.3104
CA-2022-105801,CG-10743,FUR-FUR-10264,2022-04-26,529.25,6,147.3,0.5,4,2022,0.2783
CA-2022-105802,CG-10298,FUR-BOO-10267,2022-11-07,182.22,10,46.35,0.4,11,2022,0.2544
CA-2022-105803,CG-10503,FUR-FUR-10246,2021-08-06,163.17,3,52.93,0.5,8,2021,0.3244
CA-2022-105804,CG-10117,FUR-FUR-10967,2021-04-13,1351.83,7,-112.43,0.0,4,2021,-0.0832
CA-2022-105805,CG-10289,OFF-FAS-10402,2023-11-28,652.13,7,-78.12,0.0,11,2023,-0.1198
CA-2022-105806,CG-10155,FUR-TAB-10395,2021-03-19,87.07,7,33.34,0.3,3,2021,0.3829
CA-2022-105807,CG-10089,OFF-SUP-10272,2021-06-17,839.46,10,-7.96,0.3,6,2021,-0.0095
CA-2022-105808,CG-10567,TEC-PHO-10745,2021-09-17,351.05,1,86.39,0.1,9,2021,0.2461
CA-2022-105809,CG-10790,FUR-FUR-10567,2022-11-24,948.01,6,144.6,0.4,11,2022,0.1525
CA-2022-105810,CG-10762,FUR-FUR-10792,2022-10-13,1800.93,5,95.42,0.2,10,2022,0.053
CA-2022-105811,CG-10535,TEC-MAC-10115,2022-09-16,1912.06,2,756.68,0.4,9,2022,0.3957
CA-2022-105812,CG-10619,TEC-COP-10220,2021-02-07,370.87,8,68.9,0.1,2,2021,0.1858
CA-2022-105813,CG-10325,TEC-ACC-10988,2023-10-30,291.32,5,-56.81,0.0,10,2023,-0.195
CA-2022-105814,CG-10294,OFF-BIN-10126,2021-11-24,1350.32,1,-47.09,0.5,11,2021,-0.0349
CA-2022-105815,CG-10504,TEC-COP-10642,2022-08-17,1262.7,1,304.47,0.0,8,2022,0.2411
CA-2022-105816,CG-10137,TEC-PHO-10263,2022-09-11,824.35,5,239.97,0.4,9,2022,0.2911
CA-2022-105817,CG-10529,OFF-LAB-10445,2021-06-01,1029.38,8,294.41,0.0,6,2021,0.286
CA-2022-105818,CG-10437,OFF-ENV-10025,2021-10-29,1037.4,6,-187.55,0.1,10,2021,-0.1808
CA-2022-105819,CG-10481,FUR-CHA-10423,2021-04-17,748.46,7,219.82,0.3,4,2021,0.2937
CA-2022-105820,CG-10130,OFF-FAS-10018,2021-05-27,1902.99,9,-70.39,0.2,5,2021,-0.037
CA-2022-105821,CG-10544,TEC-COP-10803,2021-02-17,1116.47,8,-11.47,0.5,2,2021,-0.0103
CA-2022-105822,CG-10784,OFF-BIN-10349,2022-07-08,1007.96,6,10.72,0.1,7,2022,0.0106
CA-2022-105823,CG-10783,OFF-BIN-10595,2022-11-07,1198.68,7,16.42,0.3,11,2022,0.0137
CA-2022-105824,CG-10019,OFF-FAS-10587,2023-10-21,1716.72,6,348.49,0.4,10,2023,0.203
CA-2022-105825,CG-10792,OFF-PAP-10789,2023-07-29,1299.72,7,399.66,0.4,7,2023,0.3075
CA-2022-105826,CG-10320,FUR-TAB-10899,2023-08-11,1532.84,6,592.12,0.0,8,2023,0.3863
CA-2022-105827,CG-10410,FUR-TAB-10468,2022-06-25,105.11,2,16.94,0.0,6,2022,0.1612
CA-2022-105828,CG-10682,TEC-MAC-10573,2022-06-11,915.5,8,263.91,0.2,6,2022,0.2883
CA-2022-105829,CG-10706,FUR-FUR-10084,2022-04-29,1161.78,3,191.29,0.0,4,2022,0.1647
CA-2022-105830,CG-10130,TEC-COP-10983,2023-03-19,1156.44,5,186.19,0.5,3,2023,0.161
CA-2022-105831,CG-10589,FUR-FUR-10318,2023-12-10,1599.7,3,405.25,0.5,12,2023,0.2533
CA-2022-105832,CG-10756,FUR-TAB-10492,2023-06-24,1235.69,10,436.16,0.0,6,2023,0.353
CA-2022-105833,CG-10505,FUR-CHA-10146,2021-07-19,1414.26,4,12.24,0.3,7,2021,0.0087
CA-2022-105834,CG-10688,TEC-PHO-10111,2021-01-06,1784.09,4,-26.61,0.1,1,2021,-0.0149
CA-2022-105835,CG-10476,OFF-PAP-10460,2023-06-28,1441.9,9,149.5,0.0,6,2023,0.1037
CA-2022-105836,CG-10503,FUR-TAB-10061,2022-09-19,1722.96,2,184.28,0.5,9,2022,0.107
CA-2022-105837,CG-10079,OFF-SUP-10527,2023-06-09,228.03,2,16.34,0.2,6,2023,0.0717
CA-2022-105838,CG-10092,TEC-COP-10068,2023-04-26,502.96,3,17.2,0.2,4,2023,0.0342
CA-2022-105839,CG-10548,FUR-TAB-10857,2023-09-20,1363.31,4,-2.75,0.0,9,2023,-0.002
CA-2022-105840,CG-10216,OFF-STO-10695,2021-10-15,1660.19,2,360.24,0.3,10,2021,0.217
CA-2022-105841,CG-10765,TEC-MAC-10621,2023-11-27,1993.55,4,201.6,0.0,11,2023,0.1011
CA-2022-105842,CG-10732,TEC-COP-10404,2021-10-21,534.69,9,-14.18,0.1,10,2021,-0.0265
CA-2022-105843,CG-10626,FUR-TAB-10801,2022-04-28,1053.32,10,391.27,0.0,4,2022,0.3715
CA-2022-105844,CG-10129,OFF-BIN-10247,2023-10-06,626.49,4,153.65,0.4,10,2023,0.2453
CA-2022-105845,CG-10756,FUR-CHA-10545,2023-11-14,1132.18,8,-88.57,0.1,11,2023,-0.0782
CA-2022-105846,CG-10763,FUR-BOO-10526,2023-10-16,1156.04,4,440.5,0.3,10,2023,0.381
CA-2022-105847,CG-10296,FUR-FUR-10829,2022-02-06,633.29,8,68.41,0.2,2,2022,0.108
CA-2022-105848,CG-10453,FUR-TAB-10122,2022-06-17,1269.41,3,412.37,0.5,6,2022,0.3249
CA-2022-105849,CG-10603,FUR-CHA-10853,2022-04-05,491.24,4,-73.62,0.1,4,2022,-0.1499
CA-2022-105850,CG-10670,OFF-ART-10500,2023-09-22,1948.83,7,691.27,0.4,9,2023,0.3547
CA-2022-105851,CG-10431,OFF-BIN-10709,2023-07-09,1089.37,4,-72.3,0.0,7,2023,-0.0664
CA-2022-105852,CG-10760,TEC-COP-10718,2022-05-29,456.06,9,117.08,0.1,5,2022,0.2567
CA-2022-105853,CG-10284,FUR-FUR-10027,2022-05-17,1197.57,5,58.53,0.0,5,2022,0.0489
CA-2022-105854,CG-10611,TEC-ACC-10110,2023-06-07,1881.59,3,-24.9,0.0,6,2023,-0.0132
CA-2022-105855,CG-10663,TEC-MAC-10060,2023-02-10,290.12,6,7.04,0.0,2,2023,0.0243
CA-2022-105856,CG-10240,FUR-CHA-10686,2022-05-28,1572.97,5,248.39,0.0,5,2022,0.1579
CA-2022-105857,CG-10589,OFF-SUP-10913,2021-01-08,775.3,5,38.27,0.1,1,2021,0.0494
CA-2022-105858,CG-10268,FUR-CHA-10862,2023-08-04,948.75,6,370.27,0.1,8,2023,0.3903
CA-2022-105859,CG-10572,OFF-STO-10597,2022-05-30,286.17,7,56.24,0.2,5,2022,0.1965
CA-2022-105860,CG-10621,FUR-TAB-10013,2021-06-19,895.36,7,319.37,0.1,6,2021,0.3567
CA-2022-105861,CG-10136,TEC-ACC-10939,2022-01-14,1061.84,3,-99.62,0.0,1,2022,-0.0938
CA-2022-105862,CG-10555,FUR-CHA-10575,2022-03-20,1944.11,9,-101.92,0.1,3,2022,-0.0524
CA-2022-105863,CG-10001,OFF-FAS-10680,2022-02-15,118.29,4,17.31,0.3,2,2022,0.1463
CA-2022-105864,CG-10367,TEC-ACC-10758,2023-01-06,1423.54,2,-237.9,0.3,1,2023,-0.1671
CA-2022-105865,CG-10613,OFF-PAP-10956,2021-04-05,232.53,2,-1.88,0.4,4,2021,-0.0081
CA-2022-105866,CG-10148,OFF-ART-10272,2023-07-07,197.43,3,-6.79,0.5,7,2023,-0.0344
CA-2022-105867,CG-10306,OFF-ENV-10748,2022-09-08,831.65,2,238.0,0.0,9,2022,0.2862
CA-2022-105868,CG-10600,FUR-TAB-10680,2022-12-11,1049.03,1,44.88,0.5,12,2022,0.0428
CA-2022-105869,CG-10473,FUR-FUR-10705,2023-03-23,302.03,2,82.85,0.0,3,2023,0.2743
CA-2022-105870,CG-10765,FUR-TAB-10776,2021-12-03,1928.37,9,448.85,0.1,12,2021,0.2328
CA-2022-105871,CG-10245,FUR-TAB-10082,2022-08-17,567.05,9,-49.82,0.2,8,2022,-0.0879
CA-2022-105872,CG-10577,TEC-ACC-10821,2023-09-01,27.38,5,-2.76,0.3,9,2023,-0.1008
CA-2022-105873,CG-10072,TEC-ACC-10228,2021-12-18,159.08,10,14.13,0.2,12,2021,0.0888
CA-2022-105874,CG-10240,FUR-CHA-10472,2021-08-05,1706.88,1,306.63,0.5,8,2021,0.1796
CA-2022-105875,CG-10106,FUR-TAB-10240,2021-04-05,876.93,5,348.34,0.1,4,2021,0.3972
CA-2022-105876,CG-10532,TEC-COP-10277,2023-07-15,1178.65,9,127.32,0.2,7,2023,0.108
CA-2022-105877,CG-10168,FUR-FUR-10491,2023-05-14,65.54,10,6.78,0.4,5,2023,0.1034
CA-2022-105878,CG-10404,OFF-BIN-10845,2023-06-04,597.09,10,-44.11,0.1,6,2023,-0.0739
CA-2022-105879,CG-10387,OFF-PAP-10906,2022-10-17,1002.1,9,28.96,0.0,10,2022,0.0289
CA-2022-105880,CG-10077,OFF-ENV-10584,2023-03-08,427.55,7,-27.5,0.0,3,2023,-0.0643
CA-2022-105881,CG-10223,TEC-PHO-10695,2022-07-15,1789.09,6,357.64,0.4,7,2022,0.1999
CA-2022-105882,CG-10413,FUR-TAB-10119,2022-11-26,653.03,8,58.45,0.0,11,2022,0.0895
CA-2022-105883,CG-10372,TEC-COP-10256,2023-07-25,915.29,1,354.0,0.0,7,2023,0.3868
CA-2022-105884,CG-10278,OFF-APP-10800,2023-04-10,1482.56,5,82.32,0.0,4,2023,0.0555
CA-2022-105885,CG-10525,FUR-FUR-10305,2021-03-31,538.55,9,151.69,0.1,3,2021,0.2817
CA-2022-105886,CG-10023,OFF-LAB-10317,2023-05-18,1702.8,8,-86.59,0.4,5,2023,-0.0509
CA-2022-105887,CG-10456,TEC-ACC-10744,2021-10-17,1230.76,8,324.42,0.1,10,2021,0.2636
CA-2022-105888,CG-10696,TEC-PHO-10677,2023-11-15,1579.74,6,-162.3,0.1,11,2023,-0.1027
CA-2022-105889,CG-10437,FUR-FUR-10346,2021-07-06,160.09,10,-18.3,0.4,7,2021,-0.1143
CA-2022-105890,CG-10583,OFF-PAP-10257,2022-12-30,510.53,6,-85.28,0.0,12,2022,-0.167
CA-2022-105891,CG-10106,OFF-ART-10734,2022-03-15,1663.97,8,-58.32,0.0,3,2022,-0.035
CA-2022-105892,CG-10788,TEC-COP-10586,2021-06-02,161.26,1,25.81,0.0,6,2021,0.1601
CA-2022-105893,CG-10145,OFF-ENV-10102,2022-08-14,1157.93,8,67.79,0.0,8,2022,0.0585
CA-2022-105894,CG-10656,OFF-ENV-10356,2023-10-11,439.73,9,-70.28,0.4,10,2023,-0.1598
CA-2022-105895,CG-10519,OFF-STO-10341,2023-08-11,440.62,3,-12.99,0.1,8,2023,-0.0295
CA-2022-105896,CG-10540,OFF-SUP-10935,2022-06-02,767.46,4,171.66,0.5,6,2022,0.2237
CA-2022-105897,CG-10358,OFF-BIN-10502,2023-09-11,1492.79,10,555.29,0.0,9,2023,0.372
CA-2022-105898,CG-10195,TEC-COP-10114,2021-11-28,458.33,8,-19.58,0.0,11,2021,-0.0427
CA-2022-105899,CG-10208,TEC-ACC-10223,2022-04-05,725.21,4,250.37,0.4,4,2022,0.3452
CA-2022-105900,CG-10173,OFF-SUP-10464,2021-11-12,118.17,2,20.83,0.2,11,2021,0.1763
CA-2022-105901,CG-10631,FUR-BOO-10900,2022-01-29,1728.76,10,69.32,0.0,1,2022,0.0401
CA-2022-105902,CG-10757,OFF-APP-10068,2022-08-08,537.05,10,48.18,0.4,8,2022,0.0897
CA-2022-105903,CG-10136,OFF-ART-10270,2021-03-05,153.9,3,12.35,0.0,3,2021,0.0802
CA-2022-105904,CG-10413,TEC-COP-10258,2022-12-06,1925.22,6,763.73,0.0,12,2022,0.3967
CA-2022-105905,CG-10044,FUR-BOO-10415,2021-06-16,806.78,4,183.95,0.4,6,2021,0.228
CA-2022-105906,CG-10115,TEC-PHO-10707,2021-07-20,1558.43,7,234.13,0.4,7,2021,0.1502
CA-2022-105907,CG-10307,TEC-COP-10786,2022-01-27,680.97,8,166.43,0.1,1,2022,0.2444
CA-2022-105908,CG-10452,FUR-BOO-10945,2023-07-21,1484.94,3,-127.73,0.2,7,2023,-0.086
CA-2022-105909,CG-10442,FUR-TAB-10265,2023-05-06,641.48,10,113.46,0.0,5,2023,0.1769
CA-2022-105910,CG-10247,OFF-APP-10121,2022-07-27,1869.86,1,581.23,0.5,7,2022,0.3108
CA-2022-105911,CG-10505,OFF-ART-10984,2022-11-05,517.03,6,159.25,0.5,11,2022,0.308
CA-2022-105912,CG-10570,OFF-PAP-10891,2023-02-19,324.98,10,69.12,0.0,2,2023,0.2127
CA-2022-105913,CG-10582,TEC-MAC-10655,2023-05-24,892.8,10,45.33,0.0,5,2023,0.0508
CA-2022-105914,CG-10449,TEC-MAC-10318,2021-10-09,246.37,9,7.41,0.4,10,2021,0.0301
CA-2022-105915,CG-10210,FUR-BOO-10626,2021-04-24,1691.02,6,261.75,0.5,4,2021,0.1548
CA-2022-105916,CG-10095,FUR-CHA-10738,2023-12-17,352.0,4,76.98,0.0,12,2023,0.2187
CA-2022-105917,CG-10414,TEC-COP-10347,2022-11-18,415.38,1,75.34,0.4,11,2022,0.1814
CA-2022-105918,CG-10412,TEC-MAC-10133,2021-09-29,1056.2,2,179.56,0.2,9,2021,0.17
CA-2022-105919,CG-10727,TEC-PHO-10361,2023-06-13,1524.35,3,-115.36,0.0,6,2023,-0.0757
CA-2022-105920,CG-10473,OFF-APP-10011,2022-12-25,1413.53,3,251.61,0.2,12,2022,0.178
CA-2022-105921,CG-10690,TEC-MAC-10811,2021-12-12,988.42,6,-60.03,0.0,12,2021,-0.0607
CA-2022-105922,CG-10552,TEC-PHO-10979,2022-09-05,1557.27,3,474.84,0.4,9,2022,0.3049
CA-2022-105923,CG-10602,OFF-LAB-10342,2023-03-23,1758.06,7,-52.87,0.3,3,2023,-0.0301
CA-2022-105924,CG-10239,TEC-PHO-10471,2021-09-04,1991.33,4,632.73,0.0,9,2021,0.3177
CA-2022-105925,CG-10333,FUR-TAB-10203,2021-05-20,1891.06,7,-58.57,0.2,5,2021,-0.031
CA-2022-105926,CG-10041,FUR-BOO-10182,2023-09-30,1607.27,4,-219.49,0.5,9,2023,-0.1366
CA-2022-105927,CG-10043,OFF-PAP-10976,2021-08-25,185.81,2,-8.91,0.4,8,2021,-0.048
CA-2022-105928,CG-10177,TEC-ACC-10501,2023-07-01,1809.86,6,2.81,0.5,7,2023,0.0016
CA-2022-105929,CG-10553,OFF-BIN-10412,2022-02-27,89.59,3,26.1,0.1,2,2022,0.2913
CA-2022-105930,CG-10019,TEC-COP-10191,2021-09-22,1724.87,7,285.97,0.2,9,2021,0.1658
CA-2022-105931,CG-10183,FUR-BOO-10660,2022-09-16,1776.57,6,679.07,0.1,9,2022,0.3822
CA-2022-105932,CG-10185,TEC-MAC-10453,2023-04-18,1977.76,2,706.99,0.0,4,2023,0.3575
CA-2022-105933,CG-10500,TEC-MAC-10158,2022-08-11,1824.44,4,-292.64,0.4,8,2022,-0.1604
CA-2022-105934,CG-10198,OFF-BIN-10218,2023-09-30,287.51,10,-40.45,0.3,9,2023,-0.1407
CA-2022-105935,CG-10406,OFF-APP-10417,2023-12-24,1035.4,5,262.96,0.0,12,2023,0.254
CA-2022-105936,CG-10634,FUR-CHA-10508,2021-08-20,1449.91,3,-280.7,0.0,8,2021,-0.1936
CA-2022-105937,CG-10429,TEC-ACC-10757,2021-09-02,666.16,8,-48.89,0.1,9,2021,-0.0734
CA-2022-105938,CG-10061,FUR-BOO-10248,2023-02-02,596.16,6,10.44,0.1,2,2023,0.0175
CA-2022-105939,CG-10591,OFF-ENV-10045,2022-11-18,1573.45,5,-36.37,0.0,11,2022,-0.0231
CA-2022-105940,CG-10678,TEC-ACC-10469,2023-09-14,134.01,8,-5.67,0.0,9,2023,-0.0423
CA-2022-105941,CG-10683,TEC-MAC-10350,2023-06-01,1488.13,9,351.99,0.0,6,2023,0.2365
CA-2022-105942,CG-10299,FUR-CHA-10974,2022-12-30,1517.47,7,448.52,0.1,12,2022,0.2956
CA-2022-105943,CG-10134,TEC-PHO-10234,2023-09-15,1188.98,5,439.98,0.2,9,2023,0.37
CA-2022-105944,CG-10191,TEC-COP-10821,2021-01-23,1957.07,1,-187.4,0.3,1,2021,-0.0958
CA-2022-105945,CG-10653,TEC-MAC-10825,2023-11-27,971.17,7,311.0,0.5,11,2023,0.3202
CA-2022-105946,CG-10511,TEC-PHO-10723,2022-04-05,1384.46,5,99.0,0.4,4,2022,0.0715
CA-2022-105947,CG-10213,FUR-FUR-10477,2023-01-24,171.37,2,-26.23,0.2,1,2023,-0.1531
CA-2022-105948,CG-10035,OFF-ART-10076,2023-02-18,1164.49,10,-74.27,0.2,2,2023,-0.0638
CA-2022-105949,CG-10148,FUR-TAB-10738,2021-04-28,1506.2,2,351.3,0.1,4,2021,0.2332
CA-2022-105950,CG-10248,OFF-BIN-10593,2021-09-11,1034.74,1,-53.1,0.0,9,2021,-0.0513
CA-2022-105951,CG-10748,OFF-STO-10135,2023-06-23,904.94,1,-125.72,0.0,6,2023,-0.1389
CA-2022-105952,CG-10253,FUR-FUR-10079,2022-09-25,316.47,3,-48.72,0.1,9,2022,-0.1539
CA-2022-105953,CG-10328,FUR-CHA-10864,2021-02-02,1891.16,1,-309.77,0.3,2,2021,-0.1638
CA-2022-105954,CG-10713,OFF-FAS-10330,2023-06-16,1886.87,6,321.94,0.3,6,2023,0.1706
CA-2022-105955,CG-10302,FUR-CHA-10555,2023-12-22,1548.43,1,515.67,0.3,12,2023,0.333
CA-2022-105956,CG-10048,FUR-TAB-10180,2022-01-06,671.43,1,131.54,0.4,1,2022,0.1959
CA-2022-105957,CG-10494,OFF-FAS-10129,2021-06-29,1483.64,9,-142.14,0.0,6,2021,-0.0958
CA-2022-105958,CG-10613,FUR-BOO-10562,2021-02-09,523.71,2,66.25,0.2,2,2021,0.1265
CA-2022-105959,CG-10134,TEC-ACC-10447,2022-07-27,1276.61,5,-84.74,0.5,7,2022,-0.0664
CA-2022-105960,CG-10240,TEC-MAC-10561,2023-01-14,1431.31,2,177.33,0.0,1,2023,0.1239
CA-2022-105961,CG-10581,TEC-COP-10563,2023-06-18,759.58,6,37.51,0.5,6,2023,0.0494
CA-2022-105962,CG-10039,OFF-ENV-10647,2023-01-13,1432.64,8,-44.95,0.0,1,2023,-0.0314
CA-2022-105963,CG-10070,TEC-MAC-10556,2021-11-16,21.74,1,5.14,0.5,11,2021,0.2364
CA-2022-105964,CG-10366,TEC-ACC-10196,2021-10-30,1179.21,4,45.89,0.3,10,2021,0.0389
CA-2022-105965,CG-10647,TEC-COP-10824,2023-08-06,1229.31,8,127.9,0.1,8,2023,0.104
CA-2022-105966,CG-10370,FUR-CHA-10348,2021-02-09,1125.01,1,-67.27,0.0,2,2021,-0.0598
CA-2022-105967,CG-10460,FUR-BOO-10879,2022-05-22,545.05,5,-50.69,0.0,5,2022,-0.093
CA-2022-105968,CG-10483,OFF-ART-10333,2021-10-14,875.72,5,125.76,0.1,10,2021,0.1436
CA-2022-105969,CG-10539,TEC-ACC-10939,2023-11-11,906.3,5,143.76,0.3,11,2023,0.1586
CA-2022-105970,CG-10271,FUR-FUR-10765,2023-09-19,1973.9,7,437.51,0.5,9,2023,0.2216
CA-2022-105971,CG-10415,OFF-ART-10183,2023-06-26,525.77,5,129.56,0.5,6,2023,0.2464
CA-2022-105972,CG-10499,OFF-FAS-10151,2022-05-19,39.71,1,10.23,0.0,5,2022,0.2576
CA-2022-105973,CG-10296,FUR-CHA-10954,2022-02-16,1328.32,8,385.71,0.3,2,2022,0.2904
CA-2022-105974,CG-10449,FUR-CHA-10313,2024-01-01,761.77,5,286.01,0.3,1,2024,0.3755
CA-2022-105975,CG-10405,TEC-ACC-10715,2021-05-27,326.29,1,125.23,0.0,5,2021,0.3838
CA-2022-105976,CG-10532,TEC-ACC-10708,2022-10-28,1049.55,9,-23.64,0.0,10,2022,-0.0225
CA-2022-105977,CG-10450,TEC-PHO-10839,2022-02-19,1844.67,3,74.71,0.2,2,2022,0.0405
CA-2022-105978,CG-10792,FUR-TAB-10677,2022-11-10,1094.77,4,320.68,0.4,11,2022,0.2929
CA-2022-105979,CG-10636,FUR-FUR-10365,2023-01-17,1590.61,3,-258.18,0.3,1,2023,-0.1623
CA-2022-105980,CG-10141,TEC-MAC-10502,2023-05-04,673.81,2,221.06,0.0,5,2023,0.3281
CA-2022-105981,CG-10255,OFF-ENV-10701,2022-05-10,374.23,6,-41.53,0.0,5,2022,-0.111
CA-2022-105982,CG-10722,FUR-TAB-10063,2021-08-23,542.73,6,79.29,0.1,8,2021,0.1461
CA-2022-105983,CG-10764,FUR-BOO-10967,2022-07-20,869.07,6,21.85,0.0,7,2022,0.0251
CA-2022-105984,CG-10145,FUR-CHA-10059,2022-02-08,877.58,7,194.25,0.3,2,2022,0.2213
CA-2022-105985,CG-10458,OFF-FAS-10411,2023-10-11,1409.14,10,-34.82,0.0,10,2023,-0.0247
CA-2022-105986,CG-10370,OFF-LAB-10809,2023-05-21,1489.12,4,584.7,0.0,5,2023,0.3926
CA-2022-105987,CG-10434,FUR-BOO-10232,2021-04-26,1886.55,4,559.26,0.1,4,2021,0.2964
CA-2022-105988,CG-10290,OFF-FAS-10320,2023-08-03,1050.79,10,187.39,0.5,8,2023,0.1783
CA-2022-105989,CG-10405,OFF-ENV-10934,2023-02-19,1107.95,1,188.9,0.5,2,2023,0.1705
CA-2022-105990,CG-10192,FUR-CHA-10333,2021-04-22,1806.39,6,173.42,0.0,4,2021,0.096
CA-2022-105991,CG-10464,FUR-CHA-10792,2023-06-04,1448.53,3,292.7,0.1,6,2023,0.2021
CA-2022-105992,CG-10533,OFF-PAP-10723,2021-06-13,1139.81,4,-17.81,0.4,6,2021,-0.0156
CA-2022-105993,CG-10660,FUR-CHA-10917,2021-11-16,540.64,6,170.25,0.5,11,2021,0.3149
CA-2022-105994,CG-10009,OFF-LAB-10940,2021-12-02,1205.61,7,72.91,0.0,12,2021,0.0605
CA-2022-105995,CG-10201,TEC-PHO-10720,2021-08-25,445.65,3,95.31,0.5,8,2021,0.2139
CA-2022-105996,CG-10785,OFF-FAS-10125,2023-09-10,1694.29,4,-203.86,0.0,9,2023,-0.1203
CA-2022-105997,CG-10199,OFF-ENV-10059,2021-12-06,371.19,9,119.3,0.2,12,2021,0.3214
CA-2022-105998,CG-10066,OFF-LAB-10580,2023-06-25,926.9,9,-36.93,0.0,6,2023,-0.0398
CA-2022-105999,CG-10112,FUR-BOO-10556,2022-04-29,847.12,9,41.27,0.4,4,2022,0.0487
CA-2022-106000,CG-10689,TEC-MAC-10132,2023-08-17,1686.69,3,-249.7,0.0,8,2023,-0.148
CA-2022-106001,CG-10291,OFF-ENV-10980,2022-01-20,61.56,8,16.17,0.5,1,2022,0.2627
CA-2022-106002,CG-10127,TEC-ACC-10441,2022-11-03,1846.08,3,373.73,0.5,11,2022,0.2024
CA-2022-106003,CG-10440,TEC-COP-10229,2023-09-24,41.81,9,5.32,0.2,9,2023,0.1272
CA-2022-106004,CG-10550,OFF-PAP-10710,2023-05-20,157.13,7,51.41,0.2,5,2023,0.3272
CA-2022-106005,CG-10124,OFF-BIN-10745,2023-03-13,1954.63,9,740.14,0.0,3,2023,0.3787
CA-2022-106006,CG-10101,FUR-FUR-10707,2023-11-11,1111.45,7,-135.88,0.0,11,2023,-0.1223
CA-2022-106007,CG-10037,OFF-LAB-10255,2021-03-07,284.33,4,-13.01,0.0,3,2021,-0.0458
CA-2022-106008,CG-10287,FUR-CHA-10962,2021-06-12,1965.65,10,411.02,0.5,6,2021,0.2091
CA-2022-106009,CG-10001,TEC-COP-10684,2022-10-12,1123.63,6,348.82,0.0,10,2022,0.3104
CA-2022-106010,CG-10253,OFF-LAB-10911,2023-07-12,135.68,3,27.66,0.4,7,2023,0.2039
CA-2022-106011,CG-10552,TEC-COP-10248,2022-10-19,1365.51,6,456.39,0.3,10,2022,0.3342
CA-2022-106012,CG-10645,FUR-FUR-10885,2023-05-24,608.37,10,120.18,0.5,5,2023,0.1975
CA-2022-106013,CG-10370,OFF-ENV-10145,2022-03-01,1908.0,10,595.5,0.4,3,2022,0.3121
CA-2022-106014,CG-10378,FUR-BOO-10895,2021-05-10,887.26,10,-97.91,0.0,5,2021,-0.1104
CA-2022-106015,CG-10035,OFF-LAB-10210,2022-01-14,145.72,8,36.93,0.2,1,2022,0.2534
CA-2022-106016,CG-10089,TEC-COP-10395,2022-04-05,1071.83,6,-5.84,0.5,4,2022,-0.0054
CA-2022-106017,CG-10247,OFF-LAB-10798,2023-03-14,863.57,8,231.48,0.0,3,2023,0.2681
CA-2022-106018,CG-10707,TEC-PHO-10170,2021-02-08,538.97,2,157.3,0.4,2,2021,0.2919
CA-2022-106019,CG-10258,OFF-LAB-10477,2023-06-12,1869.43,7,499.32,0.0,6,2023,0.2671
CA-2022-106020,CG-10788,TEC-COP-10516,2023-04-14,1036.75,1,-85.63,0.1,4,2023,-0.0826
CA-2022-106021,CG-10689,OFF-PAP-10522,2023-03-05,886.45,6,342.29,0.1,3,2023,0.3861
CA-2022-106022,CG-10127,OFF-ART-10330,2023-05-26,1055.03,10,161.83,0.1,5,2023,0.1534
CA-2022-106023,CG-10332,FUR-BOO-10775,2021-04-27,542.78,2,160.47,0.4,4,2021,0.2956
CA-2022-106024,CG-10028,TEC-COP-10362,2023-09-22,1817.86,3,472.71,0.5,9,2023,0.26
CA-2022-106025,CG-10053,OFF-SUP-10538,2022-04-28,1992.02,6,-12.04,0.0,4,2022,-0.006
CA-2022-106026,CG-10634,FUR-FUR-10093,2022-05-13,1460.9,7,406.98,0.4,5,2022,0.2786
CA-2022-106027,CG-10204,FUR-CHA-10675,2021-01-23,199.38,10,20.03,0.3,1,2021,0.1005
CA-2022-106028,CG-10085,FUR-TAB-10326,2022-05-04,1070.25,3,427.72,0.0,5,2022,0.3996
CA-2022-106029,CG-10744,OFF-ART-10129,2023-11-17,727.16,9,123.81,0.3,11,2023,0.1703
CA-2022-106030,CG-10328,FUR-FUR-10147,2023-03-23,1816.18,2,252.36,0.1,3,2023,0.139
CA-2022-106031,CG-10107,TEC-PHO-10304,2022-07-29,581.08,9,57.35,0.0,7,2022,0.0987
CA-2022-106032,CG-10749,FUR-FUR-10013,2022-02-18,1218.51,1,48.57,0.0,2,2022,0.0399
CA-2022-106033,CG-10207,OFF-LAB-10415,2023-03-11,441.51,5,126.95,0.5,3,2023,0.2875
CA-2022-106034,CG-10476,OFF-STO-10351,2021-06-02,1127.51,6,377.11,0.1,6,2021,0.3345
CA-2022-106035,CG-10076,FUR-TAB-10520,2023-05-28,1975.97,10,-169.38,0.0,5,2023,-0.0857
CA-2022-106036,CG-10209,OFF-STO-10858,2021-09-22,458.19,7,-28.21,0.0,9,2021,-0.0616
CA-2022-106037,CG-10539,FUR-BOO-10928,2022-03-01,1589.36,3,352.52,0.5,3,2022,0.2218
CA-2022-106038,CG-10273,FUR-FUR-10463,2022-10-16,716.36,10,130.4,0.0,10,2022,0.182
CA-2022-106039,CG-10544,OFF-ART-10884,2022-09-02,1181.16,3,-66.29,0.5,9,2022,-0.0561
CA-2022-106040,CG-10611,TEC-MAC-10981,2022-05-28,1080.56,3,387.18,0.5,5,2022,0.3583
CA-2022-106041,CG-10532,FUR-FUR-10299,2021-11-16,696.73,1,204.13,0.0,11,2021,0.293
CA-2022-106042,CG-10546,FUR-TAB-10838,2023-12-16,1363.97,4,150.73,0.4,12,2023,0.1105
CA-2022-106043,CG-10592,TEC-PHO-10306,2022-06-09,1245.72,10,238.56,0.0,6,2022,0.1915
CA-2022-106044,CG-10780,OFF-BIN-10755,2021-04-16,999.43,1,197.28,0.5,4,2021,0.1974
CA-2022-106045,CG-10316,TEC-PHO-10026,2024-01-01,1027.25,10,-66.44,0.3,1,2024,-0.0647
CA-2022-106046,CG-10614,TEC-MAC-10895,2021-05-28,1425.57,9,131.28,0.1,5,2021,0.0921
CA-2022-106047,CG-10359,FUR-BOO-10232,2021-05-26,1030.75,9,292.33,0.0,5,2021,0.2836
CA-2022-106048,CG-10627,TEC-MAC-10337,2021-02-14,1509.81,10,180.61,0.0,2,2021,0.1196
CA-2022-106049,CG-10227,FUR-FUR-10767,2022-12-25,1765.47,8,575.4,0.0,12,2022,0.3259
CA-2022-106050,CG-10449,OFF-SUP-10206,2021-08-14,1068.89,9,-56.76,0.0,8,2021,-0.0531
CA-2022-106051,CG-10411,OFF-FAS-10217,2021-11-16,1849.01,4,-151.47,0.0,11,2021,-0.0819
CA-2022-106052,CG-10300,TEC-MAC-10368,2021-11-23,1243.36,9,477.57,0.2,11,2021,0.3841
CA-2022-106053,CG-10549,OFF-PAP-10240,2022-06-21,1210.19,4,434.9,0.3,6,2022,0.3594
CA-2022-106054,CG-10554,FUR-CHA-10318,2022-12-14,324.14,6,92.35,0.2,12,2022,0.2849
CA-2022-106055,CG-10221,OFF-PAP-10860,2022-06-24,1690.66,1,-227.82,0.4,6,2022,-0.1348
CA-2022-106056,CG-10015,FUR-TAB-10661,2022-04-28,1282.46,2,-162.84,0.0,4,2022,-0.127
CA-2022-106057,CG-10495,TEC-PHO-10355,2022-09-01,825.07,6,231.28,0.3,9,2022,0.2803
CA-2022-106058,CG-10510,TEC-COP-10310,2022-08-10,491.41,6,57.66,0.5,8,2022,0.1173
CA-2022-106059,CG-10377,OFF-PAP-10850,2023-07-05,407.29,2,134.22,0.5,7,2023,0.3295
CA-2022-106060,CG-10222,FUR-FUR-10086,2021-04-18,1001.22,8,-72.59,0.0,4,2021,-0.0725
CA-2022-106061,CG-10046,TEC-ACC-10799,2023-12-14,346.97,8,-61.55,0.1,12,2023,-0.1774
CA-2022-106062,CG-10315,TEC-COP-10703,2022-09-17,1611.54,2,501.42,0.2,9,2022,0.3111
CA-2022-106063,CG-10610,TEC-MAC-10273,2022-05-23,1724.11,6,589.01,0.5,5,2022,0.3416
CA-2022-106064,CG-10627,OFF-SUP-10526,2022-10-31,1760.8,10,416.26,0.2,10,2022,0.2364
CA-2022-106065,CG-10045,TEC-COP-10239,2022-06-20,1914.46,6,629.39,0.2,6,2022,0.3288
CA-2022-106066,CG-10715,TEC-MAC-10762,2021-08-11,35.23,8,-4.45,0.5,8,2021,-0.1263
CA-2022-106067,CG-10090,OFF-ART-10473,2023-02-15,458.77,3,-67.96,0.2,2,2023,-0.1481
CA-2022-106068,CG-10759,TEC-COP-10018,2021-07-29,1279.22,7,-196.54,0.2,7,2021,-0.1536
CA-2022-106069,CG-10652,FUR-FUR-10588,2022-07-08,965.29,8,317.75,0.1,7,2022,0.3292
CA-2022-106070,CG-10287,TEC-MAC-10651,2021-10-12,296.54,8,62.72,0.2,10,2021,0.2115
CA-2022-106071,CG-10182,FUR-FUR-10004,2023-07-27,1834.29,2,516.04,0.3,7,2023,0.2813
CA-2022-106072,CG-10383,TEC-PHO-10514,2021-12-30,1198.6,4,176.62,0.0,12,2021,0.1474
CA-2022-106073,CG-10261,TEC-COP-10791,2021-01-31,283.75,2,94.66,0.0,1,2021,0.3336
CA-2022-106074,CG-10775,TEC-COP-10220,2023-02-21,1315.08,5,185.54,0.3,2,2023,0.1411
CA-2022-106075,CG-10271,TEC-PHO-10939,2022-08-28,714.02,3,275.49,0.0,8,2022,0.3858
CA-2022-106076,CG-10628,TEC-COP-10070,2021-07-19,1802.44,8,518.23,0.0,7,2021,0.2875
CA-2022-106077,CG-10380,OFF-ART-10566,2021-09-22,1647.72,5,629.92,0.0,9,2021,0.3823
CA-2022-106078,CG-10428,FUR-BOO-10228,2023-06-13,26.34,7,-3.3,0.0,6,2023,-0.1253
CA-2022-106079,CG-10509,TEC-ACC-10806,2022-05-20,304.62,7,118.15,0.5,5,2022,0.3879
CA-2022-106080,CG-10608,TEC-MAC-10684,2022-03-06,1820.62,9,-235.62,0.3,3,2022,-0.1294
CA-2022-106081,CG-10218,FUR-BOO-10861,2023-01-10,398.03,3,-34.82,0.0,1,2023,-0.0875
CA-2022-106082,CG-10459,TEC-PHO-10862,2022-12-07,1809.84,9,473.86,0.3,12,2022,0.2618
CA-2022-106083,CG-10235,TEC-COP-10561,2023-05-08,122.17,7,13.25,0.1,5,2023,0.1085
CA-2022-106084,CG-10422,OFF-BIN-10828,2021-06-18,325.62,8,95.61,0.0,6,2021,0.2936
CA-2022-106085,CG-10626,FUR-TAB-10050,2022-11-20,1382.81,1,-50.02,0.2,11,2022,-0.0362
CA-2022-106086,CG-10416,OFF-PAP-10582,2023-04-26,311.32,3,21.55,0.3,4,2023,0.0692
CA-2022-106087,CG-10647,TEC-PHO-10985,2021-10-16,142.94,9,45.34,0.5,10,2021,0.3172
CA-2022-106088,CG-10233,OFF-ENV-10739,2023-11-14,763.42,1,-74.15,0.0,11,2023,-0.0971
CA-2022-106089,CG-10005,TEC-ACC-10987,2023-03-21,168.54,8,10.04,0.5,3,2023,0.0596
CA-2022-106090,CG-10374,OFF-STO-10290,2023-07-29,1454.67,9,-236.81,0.5,7,2023,-0.1628
CA-2022-106091,CG-10446,TEC-MAC-10893,2023-08-28,1977.49,6,54.6,0.0,8,2023,0.0276
CA-2022-106092,CG-10473,OFF-LAB-10775,2021-05-23,112.71,8,0.91,0.2,5,2021,0.0081
CA-2022-106093,CG-10688,TEC-PHO-10227,2022-06-02,98.27,1,3.9,0.3,6,2022,0.0397
CA-2022-106094,CG-10088,TEC-ACC-10856,2021-06-27,1676.13,9,520.85,0.2,6,2021,0.3107
CA-2022-106095,CG-10711,TEC-COP-10991,2022-01-20,179.24,4,43.46,0.4,1,2022,0.2425
CA-2022-106096,CG-10451,TEC-COP-10737,2023-02-17,114.85,10,-12.88,0.1,2,2023,-0.1121
CA-2022-106097,CG-10698,FUR-CHA-10182,2022-06-06,580.8,9,32.21,0.0,6,2022,0.0555
CA-2022-106098,CG-10686,OFF-FAS-10472,2023-06-07,1582.77,3,106.84,0.0,6,2023,0.0675
CA-2022-106099,CG-10244,OFF-PAP-10587,2023-03-24,135.4,1,39.99,0.0,3,2023,0.2953
CA-2022-106100,CG-10003,OFF-ART-10358,2023-05-16,1343.33,7,483.11,0.0,5,2023,0.3596
CA-2022-106101,CG-10179,OFF-LAB-10526,2023-06-07,1977.26,9,-280.85,0.3,6,2023,-0.142
CA-2022-106102,CG-10145,FUR-BOO-10611,2023-12-23,597.58,1,221.45,0.0,12,2023,0.3706
CA-2022-106103,CG-10649,OFF-SUP-10279,2021-12-16,1144.61,5,264.46,0.2,12,2021,0.231
CA-2022-106104,CG-10603,OFF-PAP-10065,2021-05-18,1235.8,9,90.17,0.3,5,2021,0.073
CA-2022-106105,CG-10604,FUR-CHA-10971,2022-01-17,1729.91,9,320.39,0.0,1,2022,0.1852
CA-2022-106106,CG-10408,FUR-CHA-10137,2023-03-19,1465.01,3,251.61,0.5,3,2023,0.1717
CA-2022-106107,CG-10023,FUR-BOO-10971,2022-07-11,1879.95,1,333.34,0.5,7,2022,0.1773
CA-2022-106108,CG-10367,TEC-PHO-10295,2022-11-25,996.22,10,376.54,0.3,11,2022,0.378
CA-2022-106109,CG-10217,OFF-APP-10572,2023-09-28,877.59,10,340.45,0.5,9,2023,0.3879
CA-2022-106110,CG-10693,TEC-MAC-10179,2021-01-31,28.99,6,4.58,0.4,1,2021,0.158
CA-2022-106111,CG-10431,TEC-ACC-10459,2023-05-24,653.74,6,-64.73,0.3,5,2023,-0.099
CA-2022-106112,CG-10199,OFF-STO-10762,2022-10-11,1393.46,9,136.52,0.1,10,2022,0.098
CA-2022-106113,CG-10315,OFF-SUP-10479,2023-12-02,1213.42,4,341.02,0.0,12,2023,0.281
CA-2022-106114,CG-10624,TEC-ACC-10799,2021-10-16,1480.75,3,-252.56,0.4,10,2021,-0.1706
CA-2022-106115,CG-10376,FUR-CHA-10453,2022-04-15,1486.02,1,-158.63,0.0,4,2022,-0.1067
CA-2022-106116,CG-10443,TEC-PHO-10842,2021-10-28,610.56,8,75.51,0.5,10,2021,0.1237
CA-2022-106117,CG-10668,FUR-BOO-10770,2021-10-01,566.62,1,190.76,0.2,10,2021,0.3367
CA-2022-106118,CG-10749,FUR-TAB-10301,2021-03-22,1228.66,9,460.86,0.0,3,2021,0.3751
CA-2022-106119,CG-10350,OFF-SUP-10889,2022-01-15,1280.09,3,348.98,0.3,1,2022,0.2726
CA-2022-106120,CG-10505,FUR-BOO-10051,2022-12-18,1395.19,10,120.22,0.3,12,2022,0.0862
CA-2022-106121,CG-10229,FUR-BOO-10572,2022-02-02,1520.45,6,175.75,0.2,2,2022,0.1156
CA-2022-106122,CG-10570,OFF-STO-10546,2022-12-20,1444.77,6,194.54,0.4,12,2022,0.1347
CA-2022-106123,CG-10580,FUR-FUR-10964,2023-08-02,740.49,5,-77.47,0.0,8,2023,-0.1046
CA-2022-106124,CG-10383,TEC-PHO-10176,2023-12-27,940.33,8,188.77,0.3,12,2023,0.2007
CA-2022-106125,CG-10690,TEC-COP-10875,2022-01-10,466.31,8,-64.49,0.2,1,2022,-0.1383
CA-2022-106126,CG-10644,FUR-FUR-10340,2023-08-29,889.61,10,52.13,0.5,8,2023,0.0586
CA-2022-106127,CG-10339,OFF-ART-10003,2022-05-12,1226.67,4,479.9,0.2,5,2022,0.3912
CA-2022-106128,CG-10103,TEC-COP-10153,2021-02-03,1276.26,1,-129.5,0.0,2,2021,-0.1015
CA-2022-106129,CG-10585,FUR-BOO-10593,2022-12-25,1314.15,2,-135.61,0.2,12,2022,-0.1032
CA-2022-106130,CG-10610,TEC-COP-10605,2022-07-12,188.83,5,6.26,0.3,7,2022,0.0332
CA-2022-106131,CG-10212,OFF-ART-10238,2023-05-28,548.19,2,39.05,0.0,5,2023,0.0712
CA-2022-106132,CG-10092,FUR-CHA-10824,2021-09-08,1698.61,8,192.53,0.0,9,2021,0.1133
CA-2022-106133,CG-10765,FUR-BOO-10492,2023-07-09,314.16,10,-21.19,0.0,7,2023,-0.0674
CA-2022-106134,CG-10373,TEC-MAC-10030,2023-03-08,766.1,8,-27.05,0.0,3,2023,-0.0353
CA-2022-106135,CG-10164,OFF-BIN-10422,2023-01-13,1033.19,2,63.91,0.0,1,2023,0.0619
CA-2022-106136,CG-10739,TEC-MAC-10635,2021-03-16,1145.82,7,282.21,0.1,3,2021,0.2463
CA-2022-106137,CG-10413,FUR-CHA-10862,2021-08-25,849.21,10,126.11,0.0,8,2021,0.1485
CA-2022-106138,CG-10698,OFF-FAS-10582,2021-10-19,661.74,6,-54.28,0.3,10,2021,-0.082
CA-2022-106139,CG-10164,OFF-FAS-10289,2022-10-09,726.9,4,280.7,0.5,10,2022,0.3862
CA-2022-106140,CG-10496,FUR-TAB-10175,2022-01-30,1972.28,5,325.71,0.3,1,2022,0.1651
CA-2022-106141,CG-10005,FUR-FUR-10463,2023-09-02,640.95,6,163.43,0.3,9,2023,0.255
CA-2022-106142,CG-10586,FUR-CHA-10413,2021-11-09,787.25,1,-112.74,0.0,11,2021,-0.1432
CA-2022-106143,CG-10610,OFF-FAS-10910,2022-04-20,1906.78,9,349.47,0.5,4,2022,0.1833
CA-2022-106144,CG-10690,FUR-FUR-10306,2021-02-10,1142.83,9,392.67,0.4,2,2021,0.3436
CA-2022-106145,CG-10598,OFF-STO-10582,2021-11-15,745.13,6,3.27,0.5,11,2021,0.0044
CA-2022-106146,CG-10601,FUR-CHA-10573,2021-05-05,208.41,2,33.23,0.0,5,2021,0.1594
CA-2022-106147,CG-10178,FUR-BOO-10520,2021-02-05,1546.83,4,482.35,0.1,2,2021,0.3118
CA-2022-106148,CG-10413,TEC-COP-10767,2022-01-06,411.9,9,17.06,0.3,1,2022,0.0414
CA-2022-106149,CG-10012,FUR-TAB-10416,2023-02-17,1781.67,7,197.93,0.3,2,2023,0.1111
CA-2022-106150,CG-10636,OFF-SUP-10251,2022-09-26,1880.25,6,-283.11,0.0,9,2022,-0.1506
CA-2022-106151,CG-10307,FUR-CHA-10581,2023-11-04,1023.78,4,98.16,0.5,11,2023,0.0959
CA-2022-106152,CG-10714,OFF-ART-10319,2021-04-19,64.0,10,3.37,0.3,4,2021,0.0527
CA-2022-106153,CG-10298,FUR-FUR-10923,2022-03-24,734.42,6,205.77,0.3,3,2022,0.2802
CA-2022-106154,CG-10512,FUR-TAB-10565,2022-08-24,312.65,3,16.44,0.2,8,2022,0.0526
CA-2022-106155,CG-10780,OFF-BIN-10369,2022-10-25,1315.73,5,-179.76,0.0,10,2022,-0.1366
CA-2022-106156,CG-10199,OFF-ENV-10459,2023-02-25,362.17,9,30.67,0.3,2,2023,0.0847
CA-2022-106157,CG-10290,TEC-COP-10632,2021-05-19,675.39,7,201.61,0.0,5,2021,0.2985
CA-2022-106158,CG-10006,OFF-ENV-10337,2021-04-10,1552.73,4,30.47,0.0,4,2021,0.0196
CA-2022-106159,CG-10740,FUR-TAB-10286,2023-02-13,1012.14,4,-132.86,0.0,2,2023,-0.1313
CA-2022-106160,CG-10690,OFF-FAS-10805,2023-11-11,172.02,4,40.6,0.3,11,2023,0.236
CA-2022-106161,CG-10307,FUR-CHA-10566,2023-10-29,1942.1,2,-344.68,0.4,10,2023,-0.1775
CA-2022-106162,CG-10045,FUR-BOO-10658,2022-08-09,916.15,3,65.38,0.4,8,2022,0.0714
CA-2022-106163,CG-10401,FUR-TAB-10183,2021-11-29,673.96,6,133.85,0.5,11,2021,0.1986
CA-2022-106164,CG-10731,FUR-BOO-10031,2022-07-29,675.62,9,-65.66,0.0,7,2022,-0.0972
CA-2022-106165,CG-10536,OFF-STO-10505,2023-11-07,1150.81,8,176.66,0.3,11,2023,0.1535
CA-2022-106166,CG-10090,TEC-PHO-10102,2022-06-05,165.66,7,22.22,0.4,6,2022,0.1341
CA-2022-106167,CG-10284,FUR-CHA-10530,2023-12-30,549.86,3,97.57,0.3,12,2023,0.1774
CA-2022-106168,CG-10288,FUR-CHA-10856,2021-07-27,954.4,10,-105.91,0.3,7,2021,-0.111
CA-2022-106169,CG-10053,TEC-PHO-10721,2023-06-30,958.27,7,332.92,0.2,6,2023,0.3474
CA-2022-106170,CG-10105,FUR-BOO-10380,2023-01-29,1660.37,3,180.21,0.0,1,2023,0.1085
CA-2022-106171,CG-10024,TEC-MAC-10394,2023-12-17,1102.32,5,319.67,0.5,12,2023,0.29
CA-2022-106172,CG-10502,TEC-ACC-10033,2021-05-27,949.08,7,278.01,0.5,5,2021,0.2929
CA-2022-106173,CG-10089,FUR-FUR-10062,2021-09-04,917.03,9,-15.18,0.2,9,2021,-0.0166
CA-2022-106174,CG-10208,OFF-SUP-10249,2023-09-22,1956.77,4,-265.93,0.0,9,2023,-0.1359
CA-2022-106175,CG-10335,TEC-COP-10233,2022-08-08,1993.78,8,517.63,0.2,8,2022,0.2596
CA-2022-106176,CG-10542,TEC-MAC-10932,2021-02-09,58.8,9,4.19,0.0,2,2021,0.0713
CA-2022-106177,CG-10776,OFF-BIN-10140,2023-07-10,1263.38,7,421.94,0.0,7,2023,0.334
CA-2022-106178,CG-10061,TEC-PHO-10878,2022-09-19,371.84,10,-17.54,0.0,9,2022,-0.0472
CA-2022-106179,CG-10347,TEC-COP-10790,2023-11-02,888.25,10,-131.14,0.3,11,2023,-0.1476
CA-2022-106180,CG-10188,OFF-APP-10549,2021-02-21,1632.77,7,-306.39,0.0,2,2021,-0.1877
CA-2022-106181,CG-10250,TEC-COP-10086,2021-05-21,155.04,7,3.3,0.1,5,2021,0.0213
CA-2022-106182,CG-10007,TEC-COP-10335,2021-04-17,1263.05,5,108.87,0.3,4,2021,0.0862
CA-2022-106183,CG-10304,TEC-ACC-10760,2023-03-11,905.03,4,-54.28,0.5,3,2023,-0.06
CA-2022-106184,CG-10395,FUR-BOO-10105,2021-03-23,1448.54,7,95.07,0.3,3,2021,0.0656
CA-2022-106185,CG-10241,FUR-TAB-10052,2022-07-31,225.34,3,1.48,0.4,7,2022,0.0066
CA-2022-106186,CG-10042,OFF-ENV-10035,2022-01-05,495.65,6,86.73,0.2,1,2022,0.175
CA-2022-106187,CG-10379,TEC-ACC-10160,2022-02-05,1542.01,5,-109.13,0.2,2,2022,-0.0708
CA-2022-106188,CG-10218,OFF-BIN-10378,2022-10-19,1368.97,6,-49.99,0.0,10,2022,-0.0365
CA-2022-106189,CG-10199,FUR-CHA-10366,2022-03-31,1923.92,4,54.59,0.4,3,2022,0.0284
CA-2022-106190,CG-10063,OFF-ENV-10585,2021-02-21,1263.06,8,253.94,0.3,2,2021,0.2011
CA-2022-106191,CG-10547,FUR-BOO-10700,2021-12-17,677.74,9,157.99,0.1,12,2021,0.2331
CA-2022-106192,CG-10249,TEC-COP-10455,2023-10-09,1669.19,1,-36.18,0.5,10,2023,-0.0217
CA-2022-106193,CG-10643,TEC-ACC-10150,2021-05-05,1150.6,1,-81.76,0.4,5,2021,-0.0711
CA-2022-106194,CG-10058,OFF-ART-10721,2021-06-30,1111.52,3,72.19,0.5,6,2021,0.0649
CA-2022-106195,CG-10048,TEC-ACC-10219,2021-12-13,1416.24,2,-214.12,0.0,12,2021,-0.1512
CA-2022-106196,CG-10775,OFF-ART-10370,2021-12-20,1740.73,3,-336.98,0.2,12,2021,-0.1936
CA-2022-106197,CG-10409,FUR-BOO-10751,2022-06-21,485.27,4,160.74,0.1,6,2022,0.3312
CA-2022-106198,CG-10649,TEC-PHO-10509,2022-12-11,821.31,6,256.1,0.0,12,2022,0.3118
CA-2022-106199,CG-10553,OFF-STO-10987,2021-02-06,295.47,6,39.82,0.5,2,2021,0.1348
CA-2022-106200,CG-10388,OFF-APP-10932,2021-04-12,1912.77,5,469.71,0.1,4,2021,0.2456
CA-2022-106201,CG-10465,FUR-CHA-10691,2023-07-04,1430.69,8,113.47,0.0,7,2023,0.0793
CA-2022-106202,CG-10582,TEC-PHO-10162,2022-02-11,1580.66,4,400.14,0.4,2,2022,0.2531
CA-2022-106203,CG-10774,FUR-BOO-10421,2022-07-07,756.92,4,244.83,0.4,7,2022,0.3235
CA-2022-106204,CG-10094,FUR-FUR-10835,2023-03-04,1141.91,4,-226.09,0.1,3,2023,-0.198
CA-2022-106205,CG-10509,TEC-COP-10782,2023-07-28,1179.7,9,84.22,0.2,7,2023,0.0714
CA-2022-106206,CG-10563,OFF-FAS-10762,2022-09-20,1958.96,4,306.51,0.0,9,2022,0.1565
CA-2022-106207,CG-10789,FUR-TAB-10719,2022-03-17,1445.91,6,302.29,0.4,3,2022,0.2091
CA-2022-106208,CG-10574,OFF-ENV-10635,2021-07-05,1509.37,10,110.16,0.3,7,2021,0.073
CA-2022-106209,CG-10610,FUR-BOO-10124,2021-10-13,901.01,7,67.5,0.5,10,2021,0.0749
CA-2022-106210,CG-10041,TEC-PHO-10863,2021-11-16,1581.75,10,525.52,0.3,11,2021,0.3322
CA-2022-106211,CG-10767,OFF-ENV-10154,2021-05-10,910.47,3,-83.91,0.0,5,2021,-0.0922
CA-2022-106212,CG-10386,FUR-FUR-10378,2022-05-24,657.88,7,11.5,0.0,5,2022,0.0175
CA-2022-106213,CG-10544,TEC-PHO-10430,2021-04-22,1576.43,2,-268.77,0.5,4,2021,-0.1705
CA-2022-106214,CG-10021,FUR-FUR-10673,2021-03-08,941.91,3,74.07,0.2,3,2021,0.0786
CA-2022-106215,CG-10667,OFF-SUP-10404,2023-09-03,492.58,3,5.97,0.5,9,2023,0.0121
CA-2022-106216,CG-10285,OFF-STO-10482,2023-11-30,1297.73,5,-229.04,0.1,11,2023,-0.1765
CA-2022-106217,CG-10054,TEC-PHO-10968,2021-02-14,792.79,6,101.25,0.5,2,2021,0.1277
CA-2022-106218,CG-10580,TEC-MAC-10255,2022-02-25,161.19,10,8.3,0.4,2,2022,0.0515
CA-2022-106219,CG-10494,TEC-ACC-10654,2023-07-08,1972.62,4,267.67,0.2,7,2023,0.1357
CA-2022-106220,CG-10503,TEC-COP-10195,2022-06-10,1186.1,8,81.09,0.3,6,2022,0.0684
CA-2022-106221,CG-10276,FUR-FUR-10648,2023-03-19,1697.87,1,579.84,0.2,3,2023,0.3415
CA-2022-106222,CG-10586,OFF-PAP-10045,2021-07-02,311.23,1,83.74,0.0,7,2021,0.2691
CA-2022-106223,CG-10418,TEC-COP-10121,2021-10-28,1703.8,6,3.08,0.5,10,2021,0.0018
CA-2022-106224,CG-10548,FUR-TAB-10848,2022-03-17,1745.54,2,162.6,0.0,3,2022,0.0932
CA-2022-106225,CG-10443,TEC-MAC-10347,2022-06-26,1304.52,3,319.97,0.2,6,2022,0.2453
CA-2022-106226,CG-10741,FUR-CHA-10207,2022-07-02,928.86,1,-14.55,0.0,7,2022,-0.0157
CA-2022-106227,CG-10056,TEC-MAC-10489,2021-09-19,1571.48,2,-198.71,0.0,9,2021,-0.1264
CA-2022-106228,CG-10156,FUR-FUR-10153,2023-02-06,446.43,6,8.45,0.4,2,2023,0.0189
CA-2022-106229,CG-10231,TEC-MAC-10980,2022-12-02,1905.61,10,420.38,0.4,12,2022,0.2206
CA-2022-106230,CG-10247,TEC-COP-10731,2021-04-12,1969.03,3,342.39,0.5,4,2021,0.1739
CA-2022-106231,CG-10356,TEC-COP-10862,2023-01-02,901.41,4,282.01,0.4,1,2023,0.3129
CA-2022-106232,CG-10350,OFF-FAS-10574,2023-04-07,694.2,3,77.59,0.0,4,2023,0.1118
CA-2022-106233,CG-10635,OFF-LAB-10767,2021-05-17,1943.56,6,397.61,0.4,5,2021,0.2046
CA-2022-106234,CG-10133,TEC-COP-10889,2021-07-02,873.32,10,275.06,0.4,7,2021,0.315
CA-2022-106235,CG-10002,OFF-ENV-10331,2021-03-23,1093.45,4,388.58,0.2,3,2021,0.3554
CA-2022-106236,CG-10758,OFF-APP-10146,2023-09-16,1664.26,9,-326.48,0.5,9,2023,-0.1962
CA-2022-106237,CG-10608,FUR-CHA-10852,2022-10-12,1731.91,6,503.06,0.1,10,2022,0.2905
CA-2022-106238,CG-10541,OFF-LAB-10707,2022-12-08,1295.77,6,437.12,0.4,12,2022,0.3373
CA-2022-106239,CG-10009,FUR-CHA-10142,2023-07-16,1808.52,3,346.15,0.4,7,2023,0.1914
CA-2022-106240,CG-10770,FUR-FUR-10415,2021-10-19,1417.94,10,403.58,0.2,10,2021,0.2846
CA-2022-106241,CG-10523,OFF-APP-10321,2021-03-14,777.49,9,-51.48,0.4,3,2021,-0.0662
CA-2022-106242,CG-10452,OFF-PAP-10580,2021-01-25,1796.34,8,35.32,0.0,1,2021,0.0197
CA-2022-106243,CG-10238,FUR-CHA-10675,2023-10-03,858.51,2,321.17,0.3,10,2023,0.3741
CA-2022-106244,CG-10201,TEC-ACC-10189,2021-08-12,278.09,6,57.92,0.0,8,2021,0.2083
CA-2022-106245,CG-10095,OFF-APP-10833,2022-05-09,166.2,10,61.3,0.0,5,2022,0.3688
CA-2022-106246,CG-10646,OFF-ART-10167,2022-04-01,1975.28,5,463.16,0.4,4,2022,0.2345
CA-2022-106247,CG-10325,OFF-SUP-10596,2021-03-30,1806.61,3,535.97,0.4,3,2021,0.2967
CA-2022-106248,CG-10495,TEC-COP-10619,2023-11-08,93.78,5,14.77,0.0,11,2023,0.1575
CA-2022-106249,CG-10484,TEC-COP-10839,2023-07-07,1561.24,5,-102.35,0.2,7,2023,-0.0656
CA-2022-106250,CG-10656,TEC-ACC-10136,2021-08-25,732.9,1,34.1,0.3,8,2021,0.0465
CA-2022-106251,CG-10169,OFF-FAS-10711,2022-09-16,317.33,6,-36.01,0.3,9,2022,-0.1135
CA-2022-106252,CG-10192,TEC-PHO-10506,2022-08-17,1329.96,6,-80.09,0.2,8,2022,-0.0602
CA-2022-106253,CG-10187,FUR-BOO-10328,2022-05-29,1837.39,5,617.5,0.4,5,2022,0.3361
CA-2022-106254,CG-10154,FUR-CHA-10791,2022-11-01,879.25,10,21.63,0.5,11,2022,0.0246
CA-2022-106255,CG-10446,TEC-COP-10282,2023-05-06,1960.47,1,281.97,0.4,5,2023,0.1438
CA-2022-106256,CG-10067,FUR-TAB-10499,2023-07-17,167.93,5,0.44,0.0,7,2023,0.0026
CA-2022-106257,CG-10387,OFF-SUP-10910,2023-02-12,1301.21,4,388.59,0.3,2,2023,0.2986
CA-2022-106258,CG-10382,FUR-CHA-10037,2023-06-03,1534.94,4,403.85,0.4,6,2023,0.2631
CA-2022-106259,CG-10539,FUR-CHA-10236,2022-03-08,1342.02,2,334.29,0.4,3,2022,0.2491
CA-2022-106260,CG-10037,OFF-APP-10494,2022-11-20,809.06,10,236.12,0.0,11,2022,0.2918
CA-2022-106261,CG-10273,TEC-MAC-10781,2023-05-07,233.49,10,25.32,0.3,5,2023,0.1084
CA-2022-106262,CG-10099,TEC-COP-10752,2022-04-21,1825.12,4,519.25,0.0,4,2022,0.2845
CA-2022-106263,CG-10411,TEC-PHO-10225,2021-01-20,1839.76,7,-106.24,0.2,1,2021,-0.0577
CA-2022-106264,CG-10246,FUR-TAB-10319,2022-06-12,559.82,3,-76.64,0.3,6,2022,-0.1369
CA-2022-106265,CG-10377,TEC-COP-10901,2022-10-04,1984.85,7,424.21,0.0,10,2022,0.2137
CA-2022-106266,CG-10622,FUR-CHA-10133,2023-04-20,888.1,5,232.37,0.0,4,2023,0.2616
CA-2022-106267,CG-10061,FUR-BOO-10965,2022-02-16,1418.66,1,471.33,0.4,2,2022,0.3322
CA-2022-106268,CG-10149,OFF-BIN-10633,2022-09-21,697.45,4,37.88,0.2,9,2022,0.0543
CA-2022-106269,CG-10477,TEC-ACC-10377,2022-11-24,1471.94,10,103.0,0.0,11,2022,0.07
CA-2022-106270,CG-10358,FUR-FUR-10539,2023-10-04,579.41,8,-23.96,0.2,10,2023,-0.0414
CA-2022-106271,CG-10090,OFF-LAB-10199,2022-09-19,1198.76,5,218.33,0.0,9,2022,0.1821
CA-2022-106272,CG-10292,TEC-MAC-10740,2022-10-11,182.84,10,45.18,0.0,10,2022,0.2471
CA-2022-106273,CG-10542,OFF-ENV-10387,2022-10-26,70.34,4,25.07,0.0,10,2022,0.3564
CA-2022-106274,CG-10167,OFF-PAP-10984,2022-04-12,1506.34,8,541.59,0.0,4,2022,0.3595
CA-2022-106275,CG-10647,FUR-TAB-10865,2022-11-08,1993.95,1,656.35,0.2,11,2022,0.3292
CA-2022-106276,CG-10420,TEC-PHO-10731,2021-12-26,1177.28,7,372.28,0.5,12,2021,0.3162
CA-2022-106277,CG-10605,FUR-CHA-10800,2021-05-25,441.19,7,-31.56,0.1,5,2021,-0.0715
CA-2022-106278,CG-10709,OFF-FAS-10007,2021-07-28,880.99,7,-116.53,0.3,7,2021,-0.1323
CA-2022-106279,CG-10422,TEC-COP-10848,2021-03-14,1661.44,2,463.52,0.0,3,2021,0.279
CA-2022-106280,CG-10689,FUR-CHA-10270,2021-12-13,88.4,2,-3.2,0.5,12,2021,-0.0362
CA-2022-106281,CG-10006,OFF-BIN-10229,2021-05-25,220.63,1,-37.35,0.4,5,2021,-0.1693
CA-2022-106282,CG-10065,FUR-FUR-10431,2021-08-24,1679.16,6,19.41,0.3,8,2021,0.0116
CA-2022-106283,CG-10613,OFF-LAB-10452,2021-02-23,962.12,1,48.58,0.3,2,2021,0.0505
CA-2022-106284,CG-10047,TEC-MAC-10323,2023-10-05,523.86,4,-81.75,0.3,10,2023,-0.1561
CA-2022-106285,CG-10634,FUR-BOO-10030,2022-03-30,789.97,7,183.76,0.3,3,2022,0.2326
CA-2022-106286,CG-10641,OFF-SUP-10382,2021-07-18,924.18,5,294.98,0.3,7,2021,0.3192
CA-2022-106287,CG-10351,FUR-BOO-10074,2023-11-07,1554.05,6,85.56,0.5,11,2023,0.0551
CA-2022-106288,CG-10630,TEC-COP-10452,2021-03-14,956.17,2,-74.62,0.2,3,2021,-0.078
CA-2022-106289,CG-10218,OFF-LAB-10532,2022-11-28,1004.84,8,282.12,0.2,11,2022,0.2808
CA-2022-106290,CG-10648,FUR-FUR-10320,2021-12-31,994.44,9,235.17,0.2,12,2021,0.2365
CA-2022-106291,CG-10443,FUR-FUR-10186,2021-05-27,883.67,8,-93.81,0.1,5,2021,-0.1062
CA-2022-106292,CG-10418,TEC-PHO-10158,2021-09-26,970.84,4,226.33,0.2,9,2021,0.2331
CA-2022-106293,CG-10439,OFF-ART-10869,2021-09-20,1673.16,5,265.15,0.0,9,2021,0.1585
CA-2022-106294,CG-10456,FUR-TAB-10447,2023-05-17,1621.57,8,253.77,0.3,5,2023,0.1565
CA-2022-106295,CG-10008,FUR-TAB-10358,2022-08-13,38.47,4,-6.44,0.4,8,2022,-0.1674
CA-2022-106296,CG-10534,OFF-ENV-10111,2023-12-10,1171.82,8,270.22,0.3,12,2023,0.2306
CA-2022-106297,CG-10233,TEC-ACC-10180,2023-11-16,809.51,6,-71.48,0.3,11,2023,-0.0883
CA-2022-106298,CG-10568,TEC-MAC-10080,2021-02-08,1679.63,6,560.02,0.0,2,2021,0.3334
CA-2022-106299,CG-10106,TEC-ACC-10930,2021-10-30,126.43,1,26.28,0.2,10,2021,0.2079
CA-2022-106300,CG-10073,OFF-LAB-10115,2023-10-02,388.55,3,20.02,0.3,10,2023,0.0515
CA-2022-106301,CG-10703,FUR-TAB-10328,2022-07-04,1188.86,9,367.59,0.1,7,2022,0.3092
CA-2022-106302,CG-10649,FUR-TAB-10741,2021-09-10,1080.32,5,302.13,0.0,9,2021,0.2797
CA-2022-106303,CG-10711,OFF-ART-10398,2023-01-07,1514.24,5,-14.53,0.0,1,2023,-0.0096
CA-2022-106304,CG-10529,OFF-ART-10135,2023-05-13,220.31,8,-22.01,0.3,5,2023,-0.0999
CA-2022-106305,CG-10134,OFF-SUP-10705,2023-01-03,307.48,5,-46.63,0.1,1,2023,-0.1517
CA-2022-106306,CG-10623,OFF-STO-10914,2021-02-11,821.94,3,230.08,0.4,2,2021,0.2799
CA-2022-106307,CG-10593,TEC-MAC-10987,2021-10-06,1784.43,6,49.97,0.3,10,2021,0.028
CA-2022-106308,CG-10754,TEC-MAC-10381,2021-08-25,1391.14,3,487.57,0.0,8,2021,0.3505
CA-2022-106309,CG-10534,TEC-ACC-10583,2023-11-18,1531.55,10,14.43,0.5,11,2023,0.0094
CA-2022-106310,CG-10778,OFF-FAS-10374,2023-06-02,254.0,4,58.76,0.0,6,2023,0.2313
CA-2022-106311,CG-10166,TEC-PHO-10012,2022-07-12,1863.78,8,642.74,0.0,7,2022,0.3449
CA-2022-106312,CG-10045,OFF-FAS-10536,2022-07-15,1262.06,6,-227.21,0.2,7,2022,-0.18
CA-2022-106313,CG-10358,FUR-TAB-10688,2022-11-14,801.29,9,147.52,0.0,11,2022,0.1841
CA-2022-106314,CG-10211,OFF-FAS-10044,2022-11-11,1895.64,4,-46.24,0.0,11,2022,-0.0244
CA-2022-106315,CG-10777,TEC-MAC-10647,2022-07-15,1284.49,4,329.64,0.2,7,2022,0.2566
CA-2022-106316,CG-10451,FUR-FUR-10681,2022-01-21,1326.09,7,-32.75,0.3,1,2022,-0.0247
CA-2022-106317,CG-10784,TEC-PHO-10360,2022-07-02,1253.66,10,385.13,0.0,7,2022,0.3072
CA-2022-106318,CG-10724,OFF-FAS-10246,2021-02-11,1998.24,6,-376.52,0.1,2,2021,-0.1884
CA-2022-106319,CG-10003,TEC-MAC-10020,2022-09-20,1159.01,2,274.78,0.3,9,2022,0.2371
CA-2022-106320,CG-10738,OFF-APP-10194,2022-06-05,1982.54,3,683.08,0.3,6,2022,0.3445
CA-2022-106321,CG-10569,OFF-STO-10959,2022-01-04,1317.78,5,-243.24,0.0,1,2022,-0.1846
CA-2022-106322,CG-10528,FUR-FUR-10862,2023-04-12,1542.48,4,83.44,0.0,4,2023,0.0541
CA-2022-106323,CG-10469,OFF-BIN-10923,2023-03-09,1528.43,2,161.9,0.2,3,2023,0.1059
CA-2022-106324,CG-10298,TEC-PHO-10295,2021-06-18,763.99,8,145.08,0.1,6,2021,0.1899
CA-2022-106325,CG-10157,FUR-BOO-10291,2021-01-03,1145.72,1,-155.01,0.5,1,2021,-0.1353
CA-2022-106326,CG-10018,FUR-BOO-10871,2021-03-25,1932.12,7,249.83,0.0,3,2021,0.1293
CA-2022-106327,CG-10424,TEC-ACC-10695,2021-11-23,1830.77,1,532.68,0.0,11,2021,0.291
CA-2022-106328,CG-10131,FUR-BOO-10229,2021-08-03,1589.57,1,331.41,0.0,8,2021,0.2085
CA-2022-106329,CG-10382,TEC-MAC-10072,2022-11-20,1498.65,5,276.26,0.0,11,2022,0.1843
CA-2022-106330,CG-10152,TEC-ACC-10747,2021-09-08,1801.9,4,448.09,0.0,9,2021,0.2487
CA-2022-106331,CG-10508,TEC-MAC-10340,2022-09-20,122.72,5,13.03,0.1,9,2022,0.1062
CA-2022-106332,CG-10292,TEC-MAC-10775,2022-10-14,756.92,5,-7.71,0.2,10,2022,-0.0102
CA-2022-106333,CG-10280,FUR-CHA-10225,2022-05-27,224.62,2,-24.42,0.4,5,2022,-0.1087
CA-2022-106334,CG-10212,FUR-BOO-10935,2021-01-10,205.18,3,-25.09,0.4,1,2021,-0.1223
CA-2022-106335,CG-10730,FUR-TAB-10758,2021-03-29,1229.94,7,82.89,0.2,3,2021,0.0674
CA-2022-106336,CG-10024,OFF-APP-10415,2021-05-25,190.2,1,-20.15,0.5,5,2021,-0.1059
CA-2022-106337,CG-10480,FUR-CHA-10016,2023-08-03,1042.61,6,-88.67,0.2,8,2023,-0.085
CA-2022-106338,CG-10061,TEC-PHO-10324,2022-03-18,703.36,2,55.83,0.0,3,2022,0.0794
CA-2022-106339,CG-10043,OFF-SUP-10577,2021-09-28,714.97,4,-51.35,0.2,9,2021,-0.0718
CA-2022-106340,CG-10464,OFF-STO-10836,2021-01-30,743.84,5,15.3,0.0,1,2021,0.0206
CA-2022-106341,CG-10100,FUR-BOO-10015,2021-01-13,335.6,1,36.5,0.1,1,2021,0.1088
CA-2022-106342,CG-10642,OFF-ENV-10663,2022-05-30,1052.72,9,-126.99,0.2,5,2022,-0.1206
CA-2022-106343,CG-10635,FUR-FUR-10682,2022-03-22,231.92,2,-33.1,0.0,3,2022,-0.1427
CA-2022-106344,CG-10121,OFF-PAP-10190,2022-11-19,1761.6,5,174.19,0.0,11,2022,0.0989
CA-2022-106345,CG-10254,FUR-CHA-10225,2023-05-06,427.65,5,-54.08,0.0,5,2023,-0.1265
CA-2022-106346,CG-10380,OFF-BIN-10539,2023-04-04,995.7,10,-42.64,0.2,4,2023,-0.0428
CA-2022-106347,CG-10698,FUR-CHA-10654,2021-10-12,1531.03,8,263.32,0.3,10,2021,0.172
CA-2022-106348,CG-10603,OFF-FAS-10581,2022-09-15,46.73,1,12.2,0.0,9,2022,0.2611
CA-2022-106349,CG-10472,OFF-PAP-10886,2021-12-06,287.38,7,-45.82,0.1,12,2021,-0.1594
CA-2022-106350,CG-10393,OFF-ENV-10906,2021-08-10,769.42,10,135.8,0.1,8,2021,0.1765
CA-2022-106351,CG-10083,TEC-COP-10979,2023-06-20,334.03,4,64.56,0.2,6,2023,0.1933
CA-2022-106352,CG-10278,FUR-FUR-10212,2023-10-20,629.25,3,21.53,0.0,10,2023,0.0342
CA-2022-106353,CG-10661,OFF-APP-10417,2023-08-16,1621.09,7,579.16,0.5,8,2023,0.3573
CA-2022-106354,CG-10022,TEC-PHO-10962,2021-02-06,1478.09,2,561.94,0.0,2,2021,0.3802
CA-2022-106355,CG-10346,FUR-TAB-10182,2023-01-18,1779.24,4,-22.28,0.1,1,2023,-0.0125
CA-2022-106356,CG-10064,FUR-FUR-10524,2022-01-12,475.74,6,26.25,0.3,1,2022,0.0552
CA-2022-106357,CG-10327,TEC-MAC-10984,2023-07-10,1589.15,5,-161.79,0.3,7,2023,-0.1018
CA-2022-106358,CG-10196,TEC-COP-10457,2023-08-12,93.2,10,-9.4,0.0,8,2023,-0.1009
CA-2022-106359,CG-10251,TEC-COP-10371,2021-11-05,829.22,4,-15.2,0.5,11,2021,-0.0183
CA-2022-106360,CG-10312,FUR-FUR-10485,2022-01-05,750.97,4,150.36,0.1,1,2022,0.2002
CA-2022-106361,CG-10392,FUR-FUR-10974,2023-08-03,690.72,1,-107.71,0.4,8,2023,-0.1559
CA-2022-106362,CG-10504,TEC-PHO-10975,2023-10-07,389.85,4,-12.14,0.0,10,2023,-0.0311
CA-2022-106363,CG-10233,FUR-TAB-10932,2023-04-15,334.59,10,85.88,0.1,4,2023,0.2567
CA-2022-106364,CG-10462,OFF-ENV-10286,2021-11-27,1307.82,8,-126.99,0.2,11,2021,-0.0971
CA-2022-106365,CG-10536,FUR-CHA-10956,2022-04-06,1271.21,2,43.68,0.2,4,2022,0.0344
CA-2022-106366,CG-10624,FUR-BOO-10618,2022-07-03,399.93,7,141.35,0.3,7,2022,0.3534
CA-2022-106367,CG-10457,OFF-PAP-10468,2022-01-05,855.52,6,318.03,0.4,1,2022,0.3717
CA-2022-106368,CG-10687,TEC-MAC-10842,2021-01-16,1809.22,9,-292.43,0.4,1,2021,-0.1616
CA-2022-106369,CG-10588,TEC-MAC-10002,2023-03-21,168.53,10,-1.27,0.4,3,2023,-0.0075
CA-2022-106370,CG-10171,OFF-FAS-10215,2023-11-24,763.71,8,86.38,0.1,11,2023,0.1131
CA-2022-106371,CG-10674,FUR-TAB-10648,2021-09-05,1477.56,3,523.94,0.1,9,2021,0.3546
CA-2022-106372,CG-10299,FUR-TAB-10429,2022-08-30,473.75,10,12.45,0.2,8,2022,0.0263
CA-2022-106373,CG-10339,TEC-MAC-10071,2023-03-21,545.45,4,-12.84,0.0,3,2023,-0.0235
CA-2022-106374,CG-10690,OFF-ART-10347,2022-12-23,1771.99,6,-246.11,0.2,12,2022,-0.1389
CA-2022-106375,CG-10538,OFF-BIN-10326,2022-07-20,1303.1,10,61.57,0.2,7,2022,0.0472
CA-2022-106376,CG-10792,OFF-BIN-10871,2022-03-31,666.8,2,123.06,0.3,3,2022,0.1846
CA-2022-106377,CG-10738,FUR-CHA-10343,2022-01-15,874.32,6,212.92,0.1,1,2022,0.2435
CA-2022-106378,CG-10645,FUR-BOO-10518,2023-07-03,1833.68,4,-82.19,0.0,7,2023,-0.0448
CA-2022-106379,CG-10567,FUR-TAB-10051,2021-09-23,1057.9,9,1.44,0.5,9,2021,0.0014
CA-2022-106380,CG-10336,TEC-ACC-10378,2022-12-04,1533.12,8,443.55,0.4,12,2022,0.2893
CA-2022-106381,CG-10570,TEC-MAC-10477,2021-09-13,208.37,5,35.11,0.5,9,2021,0.1685
CA-2022-106382,CG-10336,TEC-MAC-10029,2021-09-03,1884.15,3,591.73,0.0,9,2021,0.3141
CA-2022-106383,CG-10375,OFF-SUP-10899,2022-07-11,1179.73,7,-175.31,0.2,7,2022,-0.1486
CA-2022-106384,CG-10621,OFF-LAB-10450,2021-02-14,766.51,9,-113.51,0.0,2,2021,-0.1481
CA-2022-106385,CG-10100,FUR-BOO-10292,2023-12-25,548.46,10,170.89,0.0,12,2023,0.3116
CA-2022-106386,CG-10274,FUR-CHA-10884,2023-10-06,133.88,3,6.55,0.0,10,2023,0.0489
CA-2022-106387,CG-10491,OFF-BIN-10878,2022-06-27,737.8,3,-54.72,0.0,6,2022,-0.0742
CA-2022-106388,CG-10341,OFF-APP-10090,2023-11-22,1492.64,1,-239.04,0.5,11,2023,-0.1601
CA-2022-106389,CG-10667,FUR-BOO-10841,2023-10-28,1558.53,4,369.23,0.1,10,2023,0.2369
CA-2022-106390,CG-10465,TEC-MAC-10027,2023-11-25,1690.75,3,420.86,0.1,11,2023,0.2489
CA-2022-106391,CG-10223,TEC-COP-10200,2021-01-01,978.39,1,140.8,0.2,1,2021,0.1439
CA-2022-106392,CG-10686,FUR-BOO-10590,2021-07-31,1338.75,8,73.57,0.5,7,2021,0.055
CA-2022-106393,CG-10793,TEC-MAC-10376,2021-04-25,658.52,3,-114.8,0.2,4,2021,-0.1743
CA-2022-106394,CG-10053,FUR-CHA-10153,2021-09-26,1035.5,8,44.83,0.0,9,2021,0.0433
CA-2022-106395,CG-10702,TEC-PHO-10094,2022-08-28,243.0,6,29.7,0.2,8,2022,0.1222
CA-2022-106396,CG-10127,TEC-MAC-10054,2021-02-01,285.55,10,-0.15,0.1,2,2021,-0.0005
CA-2022-106397,CG-10654,TEC-ACC-10889,2022-01-08,899.8,7,166.07,0.3,1,2022,0.1846
CA-2022-106398,CG-10184,OFF-APP-10779,2023-03-20,89.93,4,-16.63,0.2,3,2023,-0.1849
CA-2022-106399,CG-10297,OFF-LAB-10013,2021-08-10,1726.01,9,514.31,0.0,8,2021,0.298
CA-2022-106400,CG-10096,TEC-ACC-10578,2022-08-22,1660.24,2,236.07,0.2,8,2022,0.1422
CA-2022-106401,CG-10589,OFF-APP-10056,2022-07-29,1095.67,8,175.04,0.0,7,2022,0.1598
CA-2022-106402,CG-10283,TEC-PHO-10976,2023-09-29,742.1,2,143.34,0.3,9,2023,0.1932
CA-2022-106403,CG-10116,TEC-COP-10181,2023-12-12,1651.66,1,246.12,0.0,12,2023,0.149
CA-2022-106404,CG-10089,TEC-PHO-10474,2021-08-23,1635.55,3,184.27,0.5,8,2021,0.1127
CA-2022-106405,CG-10345,FUR-BOO-10421,2023-05-20,999.21,10,162.8,0.2,5,2023,0.1629
CA-2022-106406,CG-10386,FUR-BOO-10396,2021-02-23,1092.85,6,225.62,0.1,2,2021,0.2065
CA-2022-106407,CG-10484,TEC-MAC-10937,2022-03-25,1084.81,8,169.56,0.5,3,2022,0.1563
CA-2022-106408,CG-10041,OFF-LAB-10077,2021-10-30,1089.08,6,167.23,0.0,10,2021,0.1536
CA-2022-106409,CG-10756,FUR-BOO-10596,2021-01-16,1711.26,9,517.14,0.2,1,2021,0.3022
CA-2022-106410,CG-10740,OFF-ART-10171,2023-11-29,1074.68,2,35.78,0.3,11,2023,0.0333
CA-2022-106411,CG-10262,TEC-ACC-10452,2023-05-12,1292.18,8,331.97,0.0,5,2023,0.2569
CA-2022-106412,CG-10619,OFF-APP-10288,2022-01-06,595.27,6,230.35,0.0,1,2022,0.387
CA-2022-106413,CG-10200,TEC-PHO-10798,2022-12-09,117.03,8,41.87,0.3,12,2022,0.3578
CA-2022-106414,CG-10665,TEC-COP-10587,2021-07-09,1209.76,5,413.8,0.2,7,2021,0.3421
CA-2022-106415,CG-10542,FUR-BOO-10909,2023-09-20,579.36,2,147.47,0.0,9,2023,0.2545
CA-2022-106416,CG-10424,TEC-ACC-10953,2021-02-27,58.25,8,-10.73,0.0,2,2021,-0.1842
CA-2022-106417,CG-10048,TEC-ACC-10478,2021-08-24,1140.97,5,412.5,0.0,8,2021,0.3615
CA-2022-106418,CG-10443,FUR-FUR-10708,2023-03-22,1837.64,8,481.51,0.4,3,2023,0.262
CA-2022-106419,CG-10126,FUR-TAB-10589,2022-12-08,1081.15,6,189.5,0.0,12,2022,0.1753
CA-2022-106420,CG-10234,TEC-MAC-10239,2023-09-11,520.38,2,46.96,0.0,9,2023,0.0902
CA-2022-106421,CG-10120,OFF-STO-10803,2022-06-23,1739.24,5,-149.6,0.0,6,2022,-0.086
CA-2022-106422,CG-10105,OFF-PAP-10578,2022-03-04,452.64,4,104.21,0.2,3,2022,0.2302
CA-2022-106423,CG-10562,TEC-ACC-10320,2022-11-13,706.99,8,-75.77,0.1,11,2022,-0.1072
CA-2022-106424,CG-10686,FUR-TAB-10956,2022-07-03,395.54,10,-45.54,0.0,7,2022,-0.1151
CA-2022-106425,CG-10386,FUR-FUR-10950,2023-08-14,716.38,3,258.85,0.0,8,2023,0.3613
CA-2022-106426,CG-10496,FUR-TAB-10281,2023-10-12,666.61,5,192.91,0.0,10,2023,0.2894
CA-2022-106427,CG-10516,FUR-BOO-10180,2023-12-27,591.95,10,-94.07,0.0,12,2023,-0.1589
CA-2022-106428,CG-10434,TEC-MAC-10092,2022-07-03,725.99,5,-14.38,0.1,7,2022,-0.0198
CA-2022-106429,CG-10205,OFF-SUP-10402,2021-03-09,98.79,10,24.43,0.2,3,2021,0.2473
CA-2022-106430,CG-10223,OFF-LAB-10011,2022-07-22,1555.5,3,80.16,0.1,7,2022,0.0515
CA-2022-106431,CG-10031,OFF-SUP-10855,2021-05-06,1967.15,10,111.94,0.2,5,2021,0.0569
CA-2022-106432,CG-10285,TEC-COP-10372,2023-05-15,243.2,9,-8.19,0.4,5,2023,-0.0337
CA-2022-106433,CG-10682,FUR-BOO-10661,2023-09-15,208.49,3,39.27,0.0,9,2023,0.1884
CA-2022-106434,CG-10781,FUR-BOO-10161,2023-07-01,975.76,4,333.81,0.1,7,2023,0.3421
CA-2022-106435,CG-10206,TEC-PHO-10991,2023-05-29,948.6,1,-121.46,0.1,5,2023,-0.128
CA-2022-106436,CG-10343,TEC-ACC-10850,2021-02-12,635.25,4,231.35,0.1,2,2021,0.3642
CA-2022-106437,CG-10703,TEC-MAC-10653,2022-05-18,174.27,3,7.45,0.0,5,2022,0.0427
CA-2022-106438,CG-10028,TEC-MAC-10823,2022-01-18,160.14,9,17.82,0.5,1,2022,0.1113
CA-2022-106439,CG-10412,OFF-ENV-10670,2023-11-15,766.24,5,102.05,0.0,11,2023,0.1332
CA-2022-106440,CG-10777,FUR-CHA-10873,2023-09-12,1926.46,3,260.75,0.0,9,2023,0.1354
CA-2022-106441,CG-10139,FUR-TAB-10080,2021-08-25,225.15,9,57.51,0.4,8,2021,0.2554
CA-2022-106442,CG-10760,OFF-APP-10681,2022-04-12,661.22,10,-86.17,0.2,4,2022,-0.1303
CA-2022-106443,CG-10375,TEC-COP-10916,2023-12-14,1150.81,1,386.85,0.5,12,2023,0.3362
CA-2022-106444,CG-10247,TEC-ACC-10440,2021-06-20,1843.17,8,173.27,0.0,6,2021,0.094
CA-2022-106445,CG-10337,OFF-STO-10031,2023-05-21,83.41,2,26.13,0.3,5,2023,0.3133
CA-2022-106446,CG-10252,TEC-COP-10042,2021-08-23,47.62,6,0.8,0.0,8,2021,0.0168
CA-2022-106447,CG-10559,TEC-PHO-10011,2021-02-08,225.67,9,-22.88,0.0,2,2021,-0.1014
CA-2022-106448,CG-10241,OFF-ENV-10170,2023-02-28,342.67,6,54.18,0.0,2,2023,0.1581
CA-2022-106449,CG-10044,FUR-TAB-10260,2023-06-15,805.49,4,30.66,0.1,6,2023,0.0381
CA-2022-106450,CG-10460,FUR-BOO-10609,2021-02-04,653.06,5,-44.56,0.0,2,2021,-0.0682
CA-2022-106451,CG-10736,FUR-BOO-10798,2022-11-22,1963.94,10,251.68,0.0,11,2022,0.1282
CA-2022-106452,CG-10411,OFF-PAP-10245,2022-05-08,1785.99,4,255.91,0.0,5,2022,0.1433
CA-2022-106453,CG-10210,OFF-FAS-10433,2021-06-29,1034.51,6,312.07,0.2,6,2021,0.3017
CA-2022-106454,CG-10438,TEC-PHO-10688,2021-04-11,127.44,5,-2.06,0.3,4,2021,-0.0162
CA-2022-106455,CG-10571,FUR-TAB-10202,2021-10-27,1142.47,9,404.54,0.4,10,2021,0.3541
CA-2022-106456,CG-10655,TEC-PHO-10292,2021-10-19,534.26,1,127.37,0.2,10,2021,0.2384
CA-2022-106457,CG-10105,TEC-PHO-10808,2022-08-01,1179.69,3,-49.03,0.0,8,2022,-0.0416
CA-2022-106458,CG-10011,OFF-LAB-10199,2021-12-03,1547.5,9,75.67,0.0,12,2021,0.0489
CA-2022-106459,CG-10057,TEC-ACC-10196,2021-02-11,133.77,3,14.42,0.4,2,2021,0.1078
CA-2022-106460,CG-10776,TEC-PHO-10317,2021-01-19,1883.66,7,693.18,0.0,1,2021,0.368
CA-2022-106461,CG-10405,OFF-FAS-10298,2023-03-22,396.25,7,-60.38,0.0,3,2023,-0.1524
CA-2022-106462,CG-10282,TEC-ACC-10974,2023-05-30,1602.2,9,-286.63,0.2,5,2023,-0.1789
CA-2022-106463,CG-10007,OFF-LAB-10765,2021-04-14,209.83,2,8.56,0.2,4,2021,0.0408
CA-2022-106464,CG-10663,OFF-STO-10779,2022-11-04,1669.51,5,345.93,0.1,11,2022,0.2072
CA-2022-106465,CG-10536,FUR-TAB-10710,2022-08-20,1792.9,7,377.52,0.1,8,2022,0.2106
CA-2022-106466,CG-10232,OFF-ART-10792,2022-07-04,233.76,10,-8.55,0.3,7,2022,-0.0366
CA-2022-106467,CG-10456,OFF-PAP-10173,2021-12-19,1664.56,10,-323.16,0.0,12,2021,-0.1941
CA-2022-106468,CG-10494,OFF-ART-10445,2022-02-27,1336.21,2,-100.73,0.0,2,2022,-0.0754
CA-2022-106469,CG-10030,TEC-COP-10686,2023-09-05,1734.74,10,32.69,0.2,9,2023,0.0188
CA-2022-106470,CG-10420,OFF-ENV-10652,2022-09-15,1407.56,4,11.58,0.0,9,2022,0.0082
CA-2022-106471,CG-10439,FUR-TAB-10412,2023-12-08,719.12,6,-67.11,0.5,12,2023,-0.0933
CA-2022-106472,CG-10259,OFF-STO-10719,2021-10-04,908.73,8,91.16,0.0,10,2021,0.1003
CA-2022-106473,CG-10330,TEC-ACC-10509,2021-10-24,127.12,9,47.46,0.3,10,2021,0.3733
CA-2022-106474,CG-10646,FUR-TAB-10678,2023-05-16,1885.81,9,-284.3,0.3,5,2023,-0.1508
CA-2022-106475,CG-10118,TEC-PHO-10338,2023-04-19,1223.16,8,391.84,0.0,4,2023,0.3204
CA-2022-106476,CG-10057,OFF-APP-10626,2023-11-30,383.8,1,21.93,0.0,11,2023,0.0571
CA-2022-106477,CG-10606,OFF-PAP-10911,2022-08-21,1803.51,9,-52.05,0.0,8,2022,-0.0289
CA-2022-106478,CG-10427,TEC-PHO-10565,2022-09-08,1578.32,9,463.52,0.0,9,2022,0.2937
CA-2022-106479,CG-10353,FUR-BOO-10003,2022-02-24,669.93,8,-56.08,0.0,2,2022,-0.0837
CA-2022-106480,CG-10382,OFF-SUP-10182,2022-09-05,1968.78,4,403.45,0.0,9,2022,0.2049
CA-2022-106481,CG-10462,TEC-PHO-10574,2023-11-05,726.53,1,146.0,0.2,11,2023,0.201
CA-2022-106482,CG-10631,TEC-MAC-10422,2022-07-19,1880.9,5,328.93,0.4,7,2022,0.1749
CA-2022-106483,CG-10174,OFF-SUP-10273,2022-07-16,427.21,6,19.36,0.0,7,2022,0.0453
CA-2022-106484,CG-10154,OFF-STO-10414,2021-04-07,1691.5,2,-106.47,0.3,4,2021,-0.0629
CA-2022-106485,CG-10084,OFF-FAS-10898,2022-03-29,680.23,7,271.55,0.0,3,2022,0.3992
CA-2022-106486,CG-10760,FUR-FUR-10900,2021-08-03,1368.7,5,-244.29,0.1,8,2021,-0.1785
CA-2022-106487,CG-10265,OFF-PAP-10280,2021-02-07,1207.25,2,318.23,0.2,2,2021,0.2636
CA-2022-106488,CG-10558,OFF-SUP-10960,2022-01-12,1816.35,1,573.05,0.2,1,2022,0.3155
CA-2022-106489,CG-10784,TEC-PHO-10395,2021-01-30,832.24,10,-54.51,0.3,1,2021,-0.0655
CA-2022-106490,CG-10497,FUR-TAB-10289,2023-06-15,200.51,2,-24.65,0.1,6,2023,-0.1229
CA-2022-106491,CG-10604,FUR-FUR-10573,2021-08-27,302.02,3,12.5,0.2,8,2021,0.0414
CA-2022-106492,CG-10446,TEC-COP-10359,2022-04-08,20.03,9,-3.96,0.3,4,2022,-0.1977
CA-2022-106493,CG-10186,TEC-COP-10975,2023-11-22,1375.02,7,-222.53,0.4,11,2023,-0.1618
CA-2022-106494,CG-10489,FUR-FUR-10695,2021-12-08,1579.24,9,-16.83,0.1,12,2021,-0.0107
CA-2022-106495,CG-10410,OFF-ENV-10190,2023-05-08,1066.56,7,163.44,0.3,5,2023,0.1532
CA-2022-106496,CG-10478,FUR-CHA-10342,2023-07-17,806.98,5,235.44,0.3,7,2023,0.2918
CA-2022-106497,CG-10388,TEC-PHO-10843,2021-03-23,563.16,3,111.42,0.3,3,2021,0.1978
CA-2022-106498,CG-10494,TEC-MAC-10687,2023-07-23,641.88,10,237.11,0.2,7,2023,0.3694
CA-2022-106499,CG-10483,OFF-BIN-10377,2021-05-29,1382.79,1,-250.25,0.0,5,2021,-0.181
CA-2022-106500,CG-10249,OFF-STO-10743,2022-04-25,783.4,5,129.56,0.3,4,2022,0.1654
CA-2022-106501,CG-10354,TEC-MAC-10933,2021-06-15,601.99,2,149.41,0.0,6,2021,0.2482
CA-2022-106502,CG-10038,FUR-TAB-10483,2021-08-19,1499.71,5,466.48,0.0,8,2021,0.311
CA-2022-106503,CG-10069,FUR-CHA-10536,2023-10-25,1304.44,9,-243.89,0.4,10,2023,-0.187
CA-2022-106504,CG-10755,OFF-SUP-10265,2023-09-09,1715.78,10,655.95,0.0,9,2023,0.3823
CA-2022-106505,CG-10555,TEC-COP-10946,2022-07-25,759.35,3,104.55,0.2,7,2022,0.1377
CA-2022-106506,CG-10472,OFF-STO-10758,2022-09-09,173.98,5,31.39,0.5,9,2022,0.1804
CA-2022-106507,CG-10411,OFF-ART-10865,2022-03-22,873.94,7,203.61,0.0,3,2022,0.233
CA-2022-106508,CG-10458,TEC-MAC-10261,2021-05-08,1181.14,9,-185.53,0.4,5,2021,-0.1571
CA-2022-106509,CG-10256,OFF-ENV-10050,2022-05-07,555.7,7,169.89,0.0,5,2022,0.3057
CA-2022-106510,CG-10414,TEC-MAC-10896,2023-01-04,623.16,9,173.28,0.0,1,2023,0.2781
CA-2022-106511,CG-10648,FUR-BOO-10814,2021-03-29,915.61,2,74.57,0.0,3,2021,0.0814
CA-2022-106512,CG-10452,FUR-BOO-10098,2021-03-13,307.65,10,54.44,0.4,3,2021,0.177
CA-2022-106513,CG-10461,FUR-FUR-10067,2023-04-25,1809.51,1,676.82,0.0,4,2023,0.374
CA-2022-106514,CG-10089,FUR-CHA-10599,2022-01-27,1552.77,1,22.53,0.0,1,2022,0.0145
CA-2022-106515,CG-10173,FUR-CHA-10103,2021-09-10,697.4,1,255.73,0.3,9,2021,0.3667
CA-2022-106516,CG-10428,OFF-ENV-10094,2022-02-25,1846.54,10,708.01,0.3,2,2022,0.3834
CA-2022-106517,CG-10789,TEC-COP-10678,2022-04-03,1158.73,10,-61.11,0.0,4,2022,-0.0527
CA-2022-106518,CG-10130,OFF-SUP-10756,2021-06-09,1708.79,3,572.2,0.2,6,2021,0.3349
CA-2022-106519,CG-10391,FUR-TAB-10500,2021-03-28,45.93,8,-5.95,0.1,3,2021,-0.1295
CA-2022-106520,CG-10296,OFF-FAS-10034,2022-05-06,1812.03,2,470.97,0.5,5,2022,0.2599
CA-2022-106521,CG-10728,OFF-ART-10271,2023-11-01,1397.1,8,-111.37,0.0,11,2023,-0.0797
CA-2022-106522,CG-10285,TEC-ACC-10627,2022-09-17,522.05,2,145.88,0.3,9,2022,0.2794
CA-2022-106523,CG-10735,OFF-STO-10940,2022-12-14,1341.18,7,-71.09,0.0,12,2022,-0.053
CA-2022-106524,CG-10792,TEC-MAC-10857,2022-11-15,536.32,3,192.67,0.1,11,2022,0.3592
CA-2022-106525,CG-10515,TEC-ACC-10742,2021-10-31,939.68,7,323.71,0.3,10,2021,0.3445
CA-2022-106526,CG-10261,OFF-LAB-10280,2021-07-15,554.47,4,29.81,0.4,7,2021,0.0538
CA-2022-106527,CG-10077,OFF-FAS-10127,2023-05-09,1473.22,6,-183.3,0.0,5,2023,-0.1244
CA-2022-106528,CG-10489,OFF-PAP-10232,2021-09-15,1633.12,3,187.76,0.2,9,2021,0.115
CA-2022-106529,CG-10309,OFF-ART-10362,2021-05-10,674.73,7,-72.24,0.4,5,2021,-0.1071
CA-2022-106530,CG-10328,TEC-COP-10559,2022-01-20,543.7,9,114.89,0.1,1,2022,0.2113
CA-2022-106531,CG-10017,OFF-ENV-10827,2023-10-12,1179.27,9,-116.49,0.5,10,2023,-0.0988
CA-2022-106532,CG-10131,OFF-ENV-10116,2021-10-05,1108.4,6,239.09,0.0,10,2021,0.2157
CA-2022-106533,CG-10244,OFF-BIN-10679,2022-07-28,1909.31,9,400.67,0.1,7,2022,0.2099
CA-2022-106534,CG-10572,FUR-FUR-10489,2023-08-12,191.73,5,58.88,0.3,8,2023,0.3071
CA-2022-106535,CG-10562,OFF-ENV-10760,2023-04-18,1725.25,10,688.75,0.2,4,2023,0.3992
CA-2022-106536,CG-10050,FUR-BOO-10185,2021-03-13,1895.05,3,314.78,0.0,3,2021,0.1661
CA-2022-106537,CG-10762,OFF-BIN-10112,2023-01-07,1506.49,8,-23.77,0.0,1,2023,-0.0158
CA-2022-106538,CG-10465,TEC-COP-10767,2023-05-02,1442.45,5,206.03,0.5,5,2023,0.1428
CA-2022-106539,CG-10615,OFF-BIN-10293,2022-07-14,891.38,1,222.61,0.0,7,2022,0.2497
CA-2022-106540,CG-10201,TEC-PHO-10535,2023-02-25,1954.39,6,646.95,0.0,2,2023,0.331
CA-2022-106541,CG-10612,OFF-STO-10072,2023-11-05,493.06,2,-8.94,0.4,11,2023,-0.0181
CA-2022-106542,CG-10665,FUR-CHA-10549,2022-11-27,1431.12,3,-170.26,0.2,11,2022,-0.119
CA-2022-106543,CG-10171,FUR-CHA-10748,2021-03-03,1668.23,4,530.38,0.5,3,2021,0.3179
CA-2022-106544,CG-10466,OFF-ART-10261,2023-03-12,555.61,4,160.46,0.1,3,2023,0.2888
CA-2022-106545,CG-10206,TEC-ACC-10368,2023-02-21,297.33,8,-22.7,0.5,2,2023,-0.0763
CA-2022-106546,CG-10657,TEC-COP-10973,2023-02-01,1952.12,8,573.67,0.1,2,2023,0.2939
CA-2022-106547,CG-10733,OFF-STO-10068,2023-11-11,1105.27,8,173.21,0.2,11,2023,0.1567
CA-2022-106548,CG-10760,FUR-FUR-10016,2022-05-12,1637.03,2,16.52,0.5,5,2022,0.0101
CA-2022-106549,CG-10729,OFF-FAS-10029,2023-07-09,846.1,5,0.29,0.4,7,2023,0.0003
CA-2022-106550,CG-10497,TEC-MAC-10207,2022-04-04,1784.94,9,-317.98,0.5,4,2022,-0.1781
CA-2022-106551,CG-10524,OFF-ART-10936,2022-05-14,186.22,3,61.31,0.5,5,2022,0.3292
CA-2022-106552,CG-10778,FUR-TAB-10193,2022-09-22,628.87,1,215.28,0.5,9,2022,0.3423
CA-2022-106553,CG-10556,OFF-BIN-10160,2022-10-09,815.74,6,162.67,0.4,10,2022,0.1994
CA-2022-106554,CG-10007,TEC-COP-10479,2023-04-21,978.74,6,-37.55,0.4,4,2023,-0.0384
CA-2022-106555,CG-10563,FUR-CHA-10234,2023-06-08,1934.21,10,-75.63,0.0,6,2023,-0.0391
CA-2022-106556,CG-10175,FUR-TAB-10899,2023-08-29,1608.73,8,-160.7,0.2,8,2023,-0.0999
CA-2022-106557,CG-10558,OFF-ENV-10240,2023-03-27,669.66,9,30.84,0.2,3,2023,0.0461
CA-2022-106558,CG-10384,TEC-PHO-10785,2023-01-01,519.95,8,-75.65,0.3,1,2023,-0.1455
CA-2022-106559,CG-10648,OFF-FAS-10435,2021-06-24,705.88,4,170.69,0.0,6,2021,0.2418
CA-2022-106560,CG-10321,OFF-STO-10591,2023-08-18,286.04,3,14.04,0.4,8,2023,0.0491
CA-2022-106561,CG-10207,FUR-FUR-10365,2023-10-29,980.76,7,-20.06,0.1,10,2023,-0.0205
CA-2022-106562,CG-10005,FUR-FUR-10305,2022-03-09,196.57,10,58.25,0.0,3,2022,0.2963
CA-2022-106563,CG-10290,TEC-COP-10086,2023-11-08,1898.36,1,500.17,0.0,11,2023,0.2635
CA-2022-106564,CG-10735,TEC-COP-10622,2022-01-30,562.34,2,48.52,0.3,1,2022,0.0863
CA-2022-106565,CG-10338,FUR-BOO-10497,2022-12-15,1462.79,10,515.99,0.5,12,2022,0.3527
CA-2022-106566,CG-10096,FUR-TAB-10359,2021-12-13,1418.88,7,545.19,0.0,12,2021,0.3842
CA-2022-106567,CG-10364,TEC-MAC-10262,2021-11-12,905.14,4,47.92,0.0,11,2021,0.0529
CA-2022-106568,CG-10081,TEC-PHO-10727,2021-07-01,984.02,3,356.22,0.3,7,2021,0.362
CA-2022-106569,CG-10320,FUR-FUR-10149,2023-01-21,201.6,10,58.56,0.3,1,2023,0.2905
CA-2022-106570,CG-10520,OFF-FAS-10909,2023-06-25,371.39,10,-14.71,0.2,6,2023,-0.0396
CA-2022-106571,CG-10588,TEC-COP-10089,2023-10-31,1400.24,9,160.8,0.1,10,2023,0.1148
CA-2022-106572,CG-10457,TEC-ACC-10126,2023-05-04,1170.53,4,121.48,0.0,5,2023,0.1038
CA-2022-106573,CG-10027,OFF-LAB-10231,2022-04-18,1940.69,5,-104.11,0.1,4,2022,-0.0536
CA-2022-106574,CG-10739,OFF-LAB-10420,2023-08-06,218.16,9,9.29,0.4,8,2023,0.0426
CA-2022-106575,CG-10135,FUR-TAB-10654,2021-04-17,592.92,10,19.22,0.2,4,2021,0.0324
CA-2022-106576,CG-10788,OFF-LAB-10802,2022-06-23,105.76,9,-2.65,0.1,6,2022,-0.0251
CA-2022-106577,CG-10636,OFF-ENV-10173,2023-02-14,1441.06,7,496.85,0.5,2,2023,0.3448
CA-2022-106578,CG-10521,TEC-PHO-10164,2022-03-13,296.66,4,-56.75,0.0,3,2022,-0.1913
CA-2022-106579,CG-10182,TEC-COP-10352,2023-04-18,1216.83,4,173.72,0.0,4,2023,0.1428
CA-2022-106580,CG-10688,TEC-ACC-10629,2023-08-26,423.31,6,66.9,0.5,8,2023,0.158
CA-2022-106581,CG-10621,TEC-MAC-10567,2021-10-10,1990.9,5,278.01,0.5,10,2021,0.1396
CA-2022-106582,CG-10629,TEC-PHO-10826,2022-05-17,1116.43,5,263.65,0.5,5,2022,0.2362
CA-2022-106583,CG-10300,TEC-MAC-10159,2023-11-19,761.17,10,248.84,0.5,11,2023,0.3269
CA-2022-106584,CG-10036,FUR-CHA-10566,2023-12-14,1752.88,9,547.63,0.0,12,2023,0.3124
CA-2022-106585,CG-10701,FUR-CHA-10843,2023-12-10,18.39,8,6.03,0.0,12,2023,0.3279
CA-2022-106586,CG-10250,TEC-COP-10877,2021-07-23,1733.78,10,-271.85,0.4,7,2021,-0.1568
CA-2022-106587,CG-10726,FUR-TAB-10101,2023-01-17,573.02,9,-28.69,0.0,1,2023,-0.0501
CA-2022-106588,CG-10106,TEC-MAC-10484,2021-05-09,1537.24,4,435.91,0.4,5,2021,0.2836
CA-2022-106589,CG-10677,FUR-TAB-10398,2022-04-11,521.5,4,123.13,0.2,4,2022,0.2361
CA-2022-106590,CG-10702,FUR-BOO-10946,2021-03-09,1370.94,3,92.93,0.1,3,2021,0.0678
CA-2022-106591,CG-10423,TEC-ACC-10505,2021-12-15,121.65,3,-16.72,0.2,12,2021,-0.1374
CA-2022-106592,CG-10528,FUR-FUR-10687,2023-11-26,522.21,4,71.12,0.4,11,2023,0.1362
CA-2022-106593,CG-10571,FUR-BOO-10831,2021-12-02,1498.28,2,72.09,0.3,12,2021,0.0481
CA-2022-106594,CG-10251,FUR-TAB-10461,2023-02-26,1743.1,7,-13.47,0.4,2,2023,-0.0077
CA-2022-106595,CG-10270,OFF-BIN-10578,2021-03-04,752.83,10,52.16,0.5,3,2021,0.0693
CA-2022-106596,CG-10313,FUR-FUR-10269,2021-05-18,1220.91,2,-202.63,0.0,5,2021,-0.166
CA-2022-106597,CG-10307,FUR-FUR-10321,2022-09-16,1897.37,10,-33.51,0.1,9,2022,-0.0177
CA-2022-106598,CG-10244,FUR-FUR-10193,2021-12-19,626.55,7,-85.16,0.1,12,2021,-0.1359
CA-2022-106599,CG-10319,FUR-CHA-10553,2023-06-01,957.54,3,3.51,0.4,6,2023,0.0037
CA-2023-106600,CG-10129,FUR-FUR-10787,2023-07-11,323.57,8,-17.07,0.0,7,2023,-0.0528
CA-2023-106601,CG-10086,FUR-FUR-10245,2022-01-17,136.61,1,-5.9,0.4,1,2022,-0.0432
CA-2023-106602,CG-10571,OFF-APP-10973,2023-12-07,658.7,8,217.86,0.0,12,2023,0.3307
CA-2023-106603,CG-10210,TEC-COP-10765,2023-03-16,380.85,3,25.55,0.1,3,2023,0.0671
CA-2023-106604,CG-10249,TEC-MAC-10560,2022-09-05,1387.59,3,-268.32,0.2,9,2022,-0.1934
CA-2023-106605,CG-10681,FUR-FUR-10069,2023-12-23,1990.99,8,775.08,0.0,12,2023,0.3893
CA-2023-106606,CG-10650,TEC-ACC-10651,2023-05-15,1008.34,7,138.07,0.0,5,2023,0.1369
CA-2023-106607,CG-10667,FUR-FUR-10974,2022-06-15,1065.03,10,30.64,0.0,6,2022,0.0288
CA-2023-106608,CG-10410,FUR-BOO-10566,2021-02-11,162.98,9,46.37,0.3,2,2021,0.2845
CA-2023-106609,CG-10334,TEC-ACC-10837,2022-06-15,1142.69,10,29.57,0.0,6,2022,0.0259
CA-2023-106610,CG-10707,OFF-ART-10348,2022-10-30,847.58,6,24.24,0.0,10,2022,0.0286
CA-2023-106611,CG-10762,OFF-FAS-10490,2021-03-26,1265.57,1,57.59,0.0,3,2021,0.0455
CA-2023-106612,CG-10707,TEC-ACC-10978,2022-03-08,592.59,10,216.59,0.0,3,2022,0.3655
CA-2023-106613,CG-10587,TEC-ACC-10391,2023-06-07,62.21,8,-10.91,0.1,6,2023,-0.1754
CA-2023-106614,CG-10382,FUR-BOO-10509,2022-11-19,1268.46,2,-116.33,0.3,11,2022,-0.0917
CA-2023-106615,CG-10786,OFF-PAP-10927,2023-05-30,878.88,9,233.04,0.0,5,2023,0.2652
CA-2023-106616,CG-10750,FUR-CHA-10088,2021-12-19,1552.18,9,-120.43,0.4,12,2021,-0.0776
CA-2023-106617,CG-10283,OFF-SUP-10910,2021-05-04,565.8,6,26.32,0.0,5,2021,0.0465
CA-2023-106618,CG-10155,OFF-STO-10048,2022-09-29,1366.42,5,31.64,0.0,9,2022,0.0232
CA-2023-106619,CG-10176,TEC-MAC-10930,2023-02-23,384.74,4,118.29,0.2,2,2023,0.3075
CA-2023-106620,CG-10418,TEC-COP-10332,2021-04-28,253.96,6,40.32,0.5,4,2021,0.1588
CA-2023-106621,CG-10235,TEC-MAC-10802,2021-07-27,465.91,5,165.02,0.5,7,2021,0.3542
CA-2023-106622,CG-10667,OFF-BIN-10965,2023-07-24,1334.6,3,-109.14,0.5,7,2023,-0.0818
CA-2023-106623,CG-10497,FUR-FUR-10496,2021-06-29,1264.88,6,196.9,0.4,6,2021,0.1557
CA-2023-106624,CG-10486,OFF-ENV-10517,2021-04-23,1486.12,4,306.34,0.0,4,2021,0.2061
CA-2023-106625,CG-10226,TEC-ACC-10113,2023-06-13,96.81,3,22.64,0.0,6,2023,0.2339
CA-2023-106626,CG-10235,FUR-BOO-10719,2022-03-09,772.19,6,156.4,0.4,3,2022,0.2025
CA-2023-106627,CG-10142,FUR-TAB-10024,2022-06-16,1401.85,9,382.97,0.4,6,2022,0.2732
CA-2023-106628,CG-10339,OFF-PAP-10299,2022-10-20,1242.01,10,489.59,0.0,10,2022,0.3942
CA-2023-106629,CG-10182,OFF-FAS-10284,2022-03-25,96.77,6,0.92,0.4,3,2022,0.0095
CA-2023-106630,CG-10001,OFF-ART-10108,2021-03-01,704.61,8,23.67,0.4,3,2021,0.0336
CA-2023-106631,CG-10272,OFF-FAS-10393,2023-06-20,395.1,9,-44.93,0.2,6,2023,-0.1137
CA-2023-106632,CG-10160,TEC-ACC-10606,2021-02-17,692.53,6,137.49,0.2,2,2021,0.1985
CA-2023-106633,CG-10213,FUR-CHA-10876,2021-01-29,1733.25,2,74.25,0.0,1,2021,0.0428
CA-2023-106634,CG-10305,TEC-MAC-10492,2023-11-14,87.3,2,-10.88,0.1,11,2023,-0.1246
CA-2023-106635,CG-10178,TEC-COP-10382,2022-08-08,1524.04,7,-111.22,0.3,8,2022,-0.073
CA-2023-106636,CG-10232,OFF-BIN-10985,2023-02-22,369.94,5,-48.31,0.0,2,2023,-0.1306
CA-2023-106637,CG-10558,TEC-COP-10536,2021-03-01,196.4,9,68.46,0.5,3,2021,0.3486
CA-2023-106638,CG-10324,OFF-ENV-10713,2023-07-23,444.13,9,-8.55,0.0,7,2023,-0.0193
CA-2023-106639,CG-10746,FUR-BOO-10555,2021-06-17,690.75,6,-32.91,0.0,6,2021,-0.0476
CA-2023-106640,CG-10373,TEC-MAC-10919,2022-03-19,60.4,10,-6.18,0.0,3,2022,-0.1023
CA-2023-106641,CG-10347,TEC-PHO-10337,2022-07-04,1941.47,10,-173.54,0.1,7,2022,-0.0894
CA-2023-106642,CG-10156,TEC-ACC-10808,2023-08-26,1595.69,9,301.3,0.3,8,2023,0.1888
CA-2023-106643,CG-10090,TEC-COP-10518,2022-07-11,131.78,6,40.48,0.4,7,2022,0.3072
CA-2023-106644,CG-10185,OFF-ENV-10557,2023-06-16,1372.49,7,317.72,0.2,6,2023,0.2315
CA-2023-106645,CG-10643,FUR-CHA-10188,2023-06-06,1270.31,4,-160.78,0.5,6,2023,-0.1266
CA-2023-106646,CG-10525,FUR-CHA-10348,2021-07-30,71.71,6,13.54,0.0,7,2021,0.1888
CA-2023-106647,CG-10592,FUR-FUR-10640,2021-06-09,1885.27,3,344.64,0.5,6,2021,0.1828
CA-2023-106648,CG-10524,OFF-STO-10717,2022-02-15,1599.58,2,141.22,0.0,2,2022,0.0883
CA-2023-106649,CG-10638,FUR-TAB-10563,2021-01-19,1687.7,8,238.79,0.3,1,2021,0.1415
CA-2023-106650,CG-10022,TEC-MAC-10252,2022-04-14,1519.68,8,-218.36,0.0,4,2022,-0.1437
CA-2023-106651,CG-10684,FUR-CHA-10712,2022-10-16,441.83,1,128.4,0.0,10,2022,0.2906
CA-2023-106652,CG-10157,TEC-PHO-10493,2022-08-04,1124.2,7,180.48,0.2,8,2022,0.1605
CA-2023-106653,CG-10450,OFF-APP-10339,2021-03-16,516.78,9,-72.51,0.4,3,2021,-0.1403
CA-2023-106654,CG-10210,OFF-ART-10581,2023-06-02,881.7,8,180.91,0.0,6,2023,0.2052
CA-2023-106655,CG-10308,TEC-MAC-10949,2022-08-20,1709.98,10,-187.06,0.4,8,2022,-0.1094
CA-2023-106656,CG-10756,OFF-BIN-10708,2023-05-15,716.39,2,77.58,0.0,5,2023,0.1083
CA-2023-106657,CG-10363,TEC-PHO-10880,2021-09-01,729.46,6,126.46,0.1,9,2021,0.1734
CA-2023-106658,CG-10002,FUR-BOO-10950,2021-02-27,944.06,2,238.36,0.0,2,2021,0.2525
CA-2023-106659,CG-10587,FUR-CHA-10006,2021-08-07,1382.32,6,-40.79,0.0,8,2021,-0.0295
CA-2023-106660,CG-10149,OFF-ART-10340,2021-06-28,647.07,2,-108.24,0.0,6,2021,-0.1673
CA-2023-106661,CG-10288,OFF-BIN-10304,2023-06-02,509.3,3,203.02,0.0,6,2023,0.3986
CA-2023-106662,CG-10775,TEC-ACC-10443,2021-09-29,1702.66,2,348.68,0.3,9,2021,0.2048
CA-2023-106663,CG-10560,FUR-FUR-10776,2022-03-25,1067.97,6,200.97,0.0,3,2022,0.1882
CA-2023-106664,CG-10324,OFF-STO-10517,2021-06-13,1918.83,4,481.68,0.0,6,2021,0.251
CA-2023-106665,CG-10171,FUR-TAB-10724,2023-12-16,633.11,6,141.83,0.5,12,2023,0.224
CA-2023-106666,CG-10150,TEC-MAC-10714,2023-05-13,694.14,3,249.38,0.3,5,2023,0.3593
CA-2023-106667,CG-10158,FUR-FUR-10148,2023-02-17,1845.95,9,-311.97,0.0,2,2023,-0.169
CA-2023-106668,CG-10674,FUR-TAB-10698,2021-08-03,664.45,7,-90.36,0.1,8,2021,-0.136
CA-2023-106669,CG-10294,TEC-MAC-10467,2023-09-21,657.25,7,18.7,0.0,9,2023,0.0285
CA-2023-106670,CG-10098,FUR-FUR-10196,2023-09-15,1607.18,6,283.35,0.3,9,2023,0.1763
CA-2023-106671,CG-10558,TEC-ACC-10478,2022-01-17,785.59,6,160.03,0.0,1,2022,0.2037
CA-2023-106672,CG-10231,OFF-LAB-10831,2021-04-08,1206.43,7,475.83,0.4,4,2021,0.3944
CA-2023-106673,CG-10481,OFF-ART-10545,2021-12-28,387.45,6,146.32,0.0,12,2021,0.3776
CA-2023-106674,CG-10051,OFF-LAB-11000,2021-05-22,1274.86,3,-73.84,0.0,5,2021,-0.0579
CA-2023-106675,CG-10546,FUR-BOO-10356,2022-04-01,963.77,3,-145.96,0.3,4,2022,-0.1514
CA-2023-106676,CG-10377,OFF-SUP-10918,2021-11-10,392.37,6,-31.94,0.5,11,2021,-0.0814
CA-2023-106677,CG-10411,FUR-TAB-10205,2021-01-17,1328.28,7,217.83,0.3,1,2021,0.164
CA-2023-106678,CG-10014,FUR-CHA-10886,2023-04-26,1109.09,2,103.58,0.5,4,2023,0.0934
CA-2023-106679,CG-10299,TEC-ACC-10445,2021-06-25,142.0,1,23.67,0.1,6,2021,0.1667
CA-2023-106680,CG-10146,OFF-FAS-10516,2022-08-30,1404.27,2,307.32,0.1,8,2022,0.2188
CA-2023-106681,CG-10117,OFF-FAS-10177,2021-01-04,814.2,2,203.13,0.4,1,2021,0.2495
CA-2023-106682,CG-10181,TEC-COP-10143,2023-12-16,234.54,2,65.21,0.0,12,2023,0.278
CA-2023-106683,CG-10278,OFF-LAB-10231,2023-05-08,199.07,3,-2.49,0.2,5,2023,-0.0125
CA-2023-106684,CG-10456,FUR-BOO-10511,2021-12-04,1884.54,4,-150.3,0.1,12,2021,-0.0798
CA-2023-106685,CG-10662,OFF-APP-10160,2023-02-16,32.93,4,0.41,0.0,2,2023,0.0125
CA-2023-106686,CG-10674,FUR-TAB-10050,2022-11-14,1280.52,5,454.2,0.4,11,2022,0.3547
CA-2023-106687,CG-10587,FUR-FUR-10200,2023-10-13,1188.69,2,-79.47,0.0,10,2023,-0.0669
CA-2023-106688,CG-10502,OFF-PAP-10460,2023-01-31,1523.29,10,56.35,0.0,1,2023,0.037
CA-2023-106689,CG-10714,TEC-MAC-10841,2021-06-25,410.85,2,163.16,0.4,6,2021,0.3971
CA-2023-106690,CG-10043,OFF-ENV-10764,2022-09-16,557.77,9,204.5,0.0,9,2022,0.3666
CA-2023-106691,CG-10277,OFF-FAS-10055,2023-04-18,1181.05,7,86.61,0.0,4,2023,0.0733
CA-2023-106692,CG-10681,OFF-APP-10104,2023-07-06,31.99,8,-1.23,0.0,7,2023,-0.0384
CA-2023-106693,CG-10087,OFF-PAP-10102,2022-06-13,1230.17,1,356.54,0.0,6,2022,0.2898
CA-2023-106694,CG-10153,FUR-CHA-10146,2021-05-15,296.6,9,56.21,0.1,5,2021,0.1895
CA-2023-106695,CG-10054,TEC-ACC-10965,2023-01-16,266.04,1,-18.28,0.2,1,2023,-0.0687
CA-2023-106696,CG-10112,OFF-ENV-10494,2023-12-14,933.56,2,-160.58,0.0,12,2023,-0.172
CA-2023-106697,CG-10142,TEC-ACC-10951,2021-11-07,1202.58,5,37.39,0.4,11,2021,0.0311
CA-2023-106698,CG-10571,OFF-PAP-10477,2021-07-26,1855.2,2,-226.56,0.4,7,2021,-0.1221
CA-2023-106699,CG-10533,OFF-PAP-10073,2022-11-03,345.84,7,127.02,0.0,11,2022,0.3673
CA-2023-106700,CG-10475,FUR-BOO-10222,2023-07-09,1000.04,2,314.63,0.1,7,2023,0.3146
CA-2023-106701,CG-10618,TEC-COP-10070,2021-12-11,710.48,10,223.42,0.0,12,2021,0.3145
CA-2023-106702,CG-10675,TEC-ACC-10418,2022-03-23,1086.24,9,-38.66,0.1,3,2022,-0.0356
CA-2023-106703,CG-10116,TEC-PHO-10485,2023-11-24,766.93,3,-44.29,0.5,11,2023,-0.0577
CA-2023-106704,CG-10493,OFF-ART-10135,2022-08-25,1566.1,6,616.92,0.4,8,2022,0.3939
CA-2023-106705,CG-10784,TEC-ACC-10164,2021-04-02,678.78,10,-9.77,0.4,4,2021,-0.0144
CA-2023-106706,CG-10102,OFF-FAS-10930,2022-07-27,259.82,8,-25.36,0.0,7,2022,-0.0976
CA-2023-106707,CG-10337,FUR-BOO-10445,2021-05-13,1473.07,5,557.04,0.4,5,2021,0.3781
CA-2023-106708,CG-10006,OFF-LAB-10230,2022-04-27,710.45,8,-51.0,0.0,4,2022,-0.0718
CA-2023-106709,CG-10301,FUR-FUR-10575,2022-03-31,1087.41,9,382.25,0.2,3,2022,0.3515
CA-2023-106710,CG-10521,OFF-APP-10561,2021-06-30,750.39,3,-93.4,0.4,6,2021,-0.1245
CA-2023-106711,CG-10400,FUR-CHA-10052,2021-03-07,1925.06,10,455.79,0.0,3,2021,0.2368
CA-2023-106712,CG-10670,FUR-TAB-10156,2021-07-27,992.21,2,-129.02,0.0,7,2021,-0.13
CA-2023-106713,CG-10475,TEC-MAC-10942,2022-11-15,1673.31,8,324.0,0.4,11,2022,0.1936
CA-2023-106714,CG-10053,OFF-APP-10294,2023-08-15,1172.49,5,-108.97,0.2,8,2023,-0.0929
CA-2023-106715,CG-10145,FUR-FUR-10701,2021-09-07,340.49,9,85.38,0.2,9,2021,0.2508
CA-2023-106716,CG-10781,OFF-BIN-10962,2023-12-31,611.95,10,64.46,0.0,12,2023,0.1053
CA-2023-106717,CG-10786,FUR-BOO-10634,2023-01-18,1456.69,2,352.52,0.2,1,2023,0.242
CA-2023-106718,CG-10028,OFF-FAS-10244,2023-10-14,1359.05,2,97.18,0.4,10,2023,0.0715
CA-2023-106719,CG-10107,TEC-COP-10839,2023-01-16,280.13,10,97.79,0.5,1,2023,0.3491
CA-2023-106720,CG-10043,TEC-ACC-10565,2023-11-14,713.98,2,9.89,0.0,11,2023,0.0139
CA-2023-106721,CG-10041,FUR-TAB-10948,2023-11-28,334.8,9,59.34,0.0,11,2023,0.1772
CA-2023-106722,CG-10712,FUR-BOO-10216,2021-04-19,1186.9,2,-37.62,0.0,4,2021,-0.0317
CA-2023-106723,CG-10234,TEC-COP-10127,2021-07-15,642.04,10,153.1,0.5,7,2021,0.2385
CA-2023-106724,CG-10028,TEC-ACC-10060,2023-01-14,1291.69,5,313.99,0.4,1,2023,0.2431
CA-2023-106725,CG-10681,FUR-TAB-10706,2021-01-18,612.12,8,70.83,0.0,1,2021,0.1157
CA-2023-106726,CG-10742,TEC-COP-10577,2021-10-04,484.89,2,-73.76,0.2,10,2021,-0.1521
CA-2023-106727,CG-10182,TEC-COP-10127,2023-02-06,1043.47,5,403.86,0.0,2,2023,0.387
CA-2023-106728,CG-10209,TEC-COP-10410,2021-08-29,645.19,6,-2.59,0.4,8,2021,-0.004
CA-2023-106729,CG-10168,TEC-PHO-10746,2023-05-17,212.81,5,-8.93,0.1,5,2023,-0.042
CA-2023-106730,CG-10499,TEC-PHO-10018,2022-12-04,1656.05,2,-46.3,0.0,12,2022,-0.028
CA-2023-106731,CG-10183,TEC-MAC-10597,2021-02-03,1283.35,4,-108.72,0.3,2,2021,-0.0847
CA-2023-106732,CG-10136,TEC-MAC-10260,2023-08-20,1191.7,9,217.21,0.4,8,2023,0.1823
CA-2023-106733,CG-10485,TEC-ACC-10232,2021-12-08,778.08,5,177.62,0.4,12,2021,0.2283
CA-2023-106734,CG-10750,FUR-CHA-10753,2023-10-12,307.72,2,-31.3,0.4,10,2023,-0.1017
CA-2023-106735,CG-10644,TEC-COP-10789,2021-05-18,1758.42,7,-349.0,0.0,5,2021,-0.1985
CA-2023-106736,CG-10519,FUR-FUR-10642,2023-03-21,819.45,7,28.66,0.0,3,2023,0.035
CA-2023-106737,CG-10508,FUR-CHA-10121,2022-03-01,1261.54,9,18.54,0.2,3,2022,0.0147
CA-2023-106738,CG-10712,OFF-LAB-10992,2022-06-01,175.83,6,24.84,0.0,6,2022,0.1413
CA-2023-106739,CG-10529,OFF-BIN-10829,2021-10-18,1721.55,9,387.56,0.0,10,2021,0.2251
CA-2023-106740,CG-10600,TEC-COP-10110,2022-10-29,963.16,4,238.3,0.1,10,2022,0.2474
CA-2023-106741,CG-10016,TEC-COP-10604,2022-11-03,351.75,8,55.74,0.4,11,2022,0.1585
CA-2023-106742,CG-10559,OFF-APP-10389,2021-11-18,1305.16,3,356.18,0.2,11,2021,0.2729
CA-2023-106743,CG-10310,OFF-APP-10366,2021-01-14,224.52,3,-32.48,0.0,1,2021,-0.1447
CA-2023-106744,CG-10588,TEC-PHO-10647,2023-04-07,1660.75,3,-34.48,0.0,4,2023,-0.0208
CA-2023-106745,CG-10225,FUR-TAB-10035,2021-07-12,1608.98,3,-260.5,0.3,7,2021,-0.1619
CA-2023-106746,CG-10241,FUR-TAB-10977,2022-01-03,1265.71,8,-179.67,0.1,1,2022,-0.142
CA-2023-106747,CG-10364,FUR-CHA-10742,2022-07-18,1555.32,9,533.92,0.2,7,2022,0.3433
CA-2023-106748,CG-10456,FUR-TAB-10031,2021-05-31,1480.48,4,402.83,0.5,5,2021,0.2721
CA-2023-106749,CG-10494,OFF-SUP-10694,2022-05-29,1583.7,2,246.18,0.0,5,2022,0.1554
CA-2023-106750,CG-10135,FUR-BOO-10421,2022-12-10,1415.17,7,355.56,0.0,12,2022,0.2512
CA-2023-106751,CG-10271,FUR-CHA-10134,2021-07-02,157.34,1,-19.84,0.3,7,2021,-0.1261
CA-2023-106752,CG-10584,OFF-SUP-10856,2023-02-05,152.3,2,10.75,0.0,2,2023,0.0706
CA-2023-106753,CG-10049,OFF-PAP-10964,2023-12-04,1492.46,6,170.2,0.0,12,2023,0.114
CA-2023-106754,CG-10307,TEC-PHO-10909,2023-05-22,1488.71,8,542.92,0.0,5,2023,0.3647
CA-2023-106755,CG-10599,FUR-TAB-10725,2022-08-11,1937.54,3,419.66,0.0,8,2022,0.2166
CA-2023-106756,CG-10462,OFF-SUP-10846,2021-10-02,212.17,4,-26.12,0.2,10,2021,-0.1231
CA-2023-106757,CG-10192,FUR-TAB-10139,2023-12-12,971.73,1,53.66,0.4,12,2023,0.0552
CA-2023-106758,CG-10171,OFF-BIN-10124,2022-08-28,857.22,10,72.69,0.0,8,2022,0.0848
CA-2023-106759,CG-10054,FUR-FUR-10750,2022-11-22,1352.49,4,105.25,0.2,11,2022,0.0778
CA-2023-106760,CG-10399,OFF-APP-10557,2023-05-31,726.17,6,90.55,0.2,5,2023,0.1247
CA-2023-106761,CG-10342,TEC-MAC-10434,2023-01-06,222.43,3,76.56,0.0,1,2023,0.3442
CA-2023-106762,CG-10229,TEC-PHO-10364,2023-08-31,186.89,4,-11.06,0.4,8,2023,-0.0592
CA-2023-106763,CG-10363,FUR-TAB-10511,2023-07-02,352.83,1,131.69,0.5,7,2023,0.3732
CA-2023-106764,CG-10443,TEC-COP-10292,2021-09-17,468.46,9,-66.9,0.3,9,2021,-0.1428
CA-2023-106765,CG-10323,FUR-BOO-10225,2023-01-29,1788.31,1,573.71,0.0,1,2023,0.3208
CA-2023-106766,CG-10597,OFF-PAP-10104,2022-07-25,1698.63,6,449.26,0.3,7,2022,0.2645
CA-2023-106767,CG-10548,FUR-CHA-10341,2021-05-07,753.03,4,53.84,0.2,5,2021,0.0715
CA-2023-106768,CG-10111,TEC-COP-10802,2023-01-20,709.82,6,-134.3,0.3,1,2023,-0.1892
CA-2023-106769,CG-10618,TEC-PHO-10089,2023-02-19,1554.58,8,514.94,0.0,2,2023,0.3312
CA-2023-106770,CG-10045,FUR-CHA-10633,2022-11-06,1206.04,5,153.31,0.4,11,2022,0.1271
CA-2023-106771,CG-10430,FUR-BOO-10942,2023-10-09,541.82,8,75.69,0.5,10,2023,0.1397
CA-2023-106772,CG-10450,FUR-CHA-10272,2022-08-30,1159.36,8,-44.06,0.0,8,2022,-0.038
CA-2023-106773,CG-10477,TEC-ACC-10671,2022-10-19,466.82,3,80.74,0.0,10,2022,0.173
CA-2023-106774,CG-10262,TEC-ACC-10368,2021-12-23,1843.26,6,-77.66,0.3,12,2021,-0.0421
CA-2023-106775,CG-10248,TEC-COP-10385,2021-11-24,1138.53,4,109.49,0.4,11,2021,0.0962
CA-2023-106776,CG-10215,FUR-FUR-10068,2021-01-22,1856.91,5,-182.35,0.3,1,2021,-0.0982
CA-2023-106777,CG-10263,FUR-BOO-10110,2022-04-10,775.92,5,-20.73,0.4,4,2022,-0.0267
CA-2023-106778,CG-10701,OFF-FAS-10412,2023-07-29,753.92,1,-45.11,0.0,7,2023,-0.0598
CA-2023-106779,CG-10293,OFF-LAB-10707,2022-05-28,46.19,9,13.41,0.4,5,2022,0.2903
CA-2023-106780,CG-10442,TEC-MAC-10841,2023-05-26,1762.37,8,473.83,0.5,5,2023,0.2689
CA-2023-106781,CG-10658,FUR-FUR-10783,2022-01-25,922.25,2,161.45,0.0,1,2022,0.1751
CA-2023-106782,CG-10004,OFF-STO-10402,2023-04-14,1252.76,8,312.33,0.4,4,2023,0.2493
CA-2023-106783,CG-10392,OFF-ENV-10644,2022-06-29,445.45,10,99.34,0.5,6,2022,0.223
CA-2023-106784,CG-10470,OFF-ART-10213,2021-10-27,1979.85,4,-37.84,0.0,10,2021,-0.0191
CA-2023-106785,CG-10652,TEC-ACC-10388,2023-12-19,1505.18,5,-142.21,0.4,12,2023,-0.0945
CA-2023-106786,CG-10618,TEC-COP-10638,2023-05-20,907.15,10,-31.08,0.1,5,2023,-0.0343
CA-2023-106787,CG-10326,FUR-TAB-10531,2022-06-10,272.39,8,93.29,0.0,6,2022,0.3425
CA-2023-106788,CG-10786,OFF-SUP-10689,2021-08-20,1101.2,3,22.89,0.0,8,2021,0.0208
CA-2023-106789,CG-10356,TEC-PHO-10031,2022-07-29,529.49,2,114.58,0.4,7,2022,0.2164
CA-2023-106790,CG-10057,OFF-ENV-10515,2023-01-18,1662.9,3,-20.14,0.4,1,2023,-0.0121
CA-2023-106791,CG-10246,TEC-ACC-10863,2022-05-25,1408.23,9,202.45,0.0,5,2022,0.1438
CA-2023-106792,CG-10525,OFF-ENV-10007,2021-04-17,410.25,7,99.69,0.2,4,2021,0.243
CA-2023-106793,CG-10004,OFF-FAS-10959,2021-11-29,810.69,2,-135.32,0.0,11,2021,-0.1669
CA-2023-106794,CG-10257,TEC-COP-10431,2023-10-10,797.62,2,-124.17,0.4,10,2023,-0.1557
CA-2023-106795,CG-10146,FUR-BOO-10610,2021-06-19,237.86,7,81.46,0.0,6,2021,0.3425
CA-2023-106796,CG-10089,FUR-BOO-10411,2021-09-13,1887.12,2,191.76,0.2,9,2021,0.1016
CA-2023-106797,CG-10661,OFF-FAS-10184,2021-03-08,490.79,8,126.19,0.0,3,2021,0.2571
CA-2023-106798,CG-10457,TEC-ACC-10667,2021-11-29,27.38,2,5.73,0.2,11,2021,0.2093
CA-2023-106799,CG-10715,TEC-ACC-10731,2021-08-21,1668.36,3,261.19,0.0,8,2021,0.1566
CA-2023-106800,CG-10763,TEC-COP-10888,2022-01-21,1717.36,6,576.97,0.3,1,2022,0.336
CA-2023-106801,CG-10762,TEC-MAC-10596,2022-08-16,1432.93,3,332.24,0.3,8,2022,0.2319
CA-2023-106802,CG-10201,TEC-ACC-10874,2023-03-22,746.93,1,-130.18,0.0,3,2023,-0.1743
CA-2023-106803,CG-10637,OFF-STO-10250,2023-05-31,1997.24,6,339.82,0.1,5,2023,0.1701
CA-2023-106804,CG-10405,TEC-MAC-10167,2023-05-07,640.85,7,241.89,0.3,5,2023,0.3775
CA-2023-106805,CG-10321,OFF-BIN-10744,2023-08-18,212.89,7,11.02,0.5,8,2023,0.0518
CA-2023-106806,CG-10032,OFF-FAS-10075,2021-02-17,1703.87,3,388.46,0.3,2,2021,0.228
CA-2023-106807,CG-10549,OFF-APP-10107,2022-12-14,871.1,7,-81.04,0.4,12,2022,-0.093
CA-2023-106808,CG-10609,FUR-CHA-10785,2023-01-15,1742.78,7,67.25,0.0,1,2023,0.0386
CA-2023-106809,CG-10673,OFF-APP-10359,2023-03-17,285.21,2,16.56,0.5,3,2023,0.0581
CA-2023-106810,CG-10051,TEC-PHO-10063,2022-03-24,1241.38,10,106.59,0.5,3,2022,0.0859
CA-2023-106811,CG-10617,TEC-PHO-10656,2023-01-17,1368.34,7,21.03,0.1,1,2023,0.0154
CA-2023-106812,CG-10738,FUR-FUR-10661,2021-01-29,794.21,6,-107.02,0.0,1,2021,-0.1348
CA-2023-106813,CG-10270,OFF-ART-10673,2023-05-28,1975.34,3,-83.59,0.4,5,2023,-0.0423
CA-2023-106814,CG-10625,TEC-COP-10697,2022-01-28,199.6,1,36.39,0.4,1,2022,0.1823
CA-2023-106815,CG-10461,FUR-TAB-10978,2021-06-02,1983.27,9,656.97,0.5,6,2021,0.3313
CA-2023-106816,CG-10315,FUR-BOO-10581,2022-02-07,1476.01,5,-210.48,0.5,2,2022,-0.1426
CA-2023-106817,CG-10770,OFF-PAP-10005,2021-06-25,1437.67,10,11.46,0.3,6,2021,0.008
CA-2023-106818,CG-10642,FUR-FUR-10349,2022-07-24,1222.04,5,395.24,0.0,7,2022,0.3234
CA-2023-106819,CG-10308,OFF-STO-10799,2023-07-03,1646.52,3,310.86,0.0,7,2023,0.1888
CA-2023-106820,CG-10148,TEC-ACC-10293,2023-04-15,1218.68,9,422.73,0.0,4,2023,0.3469
CA-2023-106821,CG-10190,TEC-COP-10782,2021-06-05,1911.51,10,431.5,0.3,6,2021,0.2257
CA-2023-106822,CG-10476,TEC-ACC-10028,2023-03-17,1607.32,7,-248.84,0.1,3,2023,-0.1548
CA-2023-106823,CG-10220,OFF-STO-10884,2021-11-25,361.26,9,118.7,0.1,11,2021,0.3286
CA-2023-106824,CG-10100,FUR-CHA-10211,2022-12-08,1024.28,5,326.71,0.2,12,2022,0.319
CA-2023-106825,CG-10522,OFF-SUP-10576,2022-07-19,1608.56,8,-203.82,0.2,7,2022,-0.1267
CA-2023-106826,CG-10642,OFF-SUP-10948,2021-05-21,219.18,4,64.25,0.0,5,2021,0.2931
CA-2023-106827,CG-10697,FUR-FUR-10688,2021-06-17,1721.35,7,-52.63,0.0,6,2021,-0.0306
CA-2023-106828,CG-10440,FUR-BOO-10048,2023-10-17,1838.01,5,540.73,0.3,10,2023,0.2942
CA-2023-106829,CG-10525,FUR-TAB-10775,2021-05-13,683.21,2,95.51,0.1,5,2021,0.1398
CA-2023-106830,CG-10329,FUR-BOO-10260,2022-09-11,1173.28,2,385.1,0.3,9,2022,0.3282
CA-2023-106831,CG-10218,OFF-BIN-10430,2023-10-04,130.76,1,11.02,0.4,10,2023,0.0843
CA-2023-106832,CG-10159,FUR-TAB-10355,2023-02-19,384.55,2,-7.12,0.4,2,2023,-0.0185
CA-2023-106833,CG-10462,FUR-CHA-10794,2021-03-17,934.74,2,226.44,0.4,3,2021,0.2422
CA-2023-106834,CG-10050,TEC-MAC-10198,2023-06-16,414.46,5,119.13,0.4,6,2023,0.2874
CA-2023-106835,CG-10340,OFF-BIN-10459,2021-01-23,1641.01,8,-221.1,0.0,1,2021,-0.1347
CA-2023-106836,CG-10745,TEC-ACC-10289,2022-01-12,1139.48,6,323.82,0.3,1,2022,0.2842
CA-2023-106837,CG-10301,OFF-SUP-10713,2023-11-02,125.98,10,-3.95,0.1,11,2023,-0.0314
CA-2023-106838,CG-10063,OFF-LAB-10834,2022-02-11,1563.13,4,553.96,0.4,2,2022,0.3544
CA-2023-106839,CG-10389,FUR-FUR-10840,2023-07-15,1525.36,2,523.33,0.0,7,2023,0.3431
CA-2023-106840,CG-10466,TEC-PHO-10646,2021-08-24,892.1,6,48.23,0.3,8,2021,0.0541
CA-2023-106841,CG-10291,FUR-CHA-10245,2022-04-15,1376.65,5,399.32,0.0,4,2022,0.2901
CA-2023-106842,CG-10468,TEC-MAC-10462,2022-01-24,1055.12,10,158.27,0.0,1,2022,0.15
CA-2023-106843,CG-10483,TEC-MAC-10117,2023-10-15,191.15,6,41.28,0.0,10,2023,0.216
CA-2023-106844,CG-10571,TEC-MAC-10676,2022-02-09,1764.43,8,-52.71,0.3,2,2022,-0.0299
CA-2023-106845,CG-10702,TEC-ACC-10906,2023-10-28,1154.18,7,77.22,0.5,10,2023,0.0669
CA-2023-106846,CG-10444,FUR-FUR-10537,2021-08-15,1151.06,10,153.33,0.0,8,2021,0.1332
CA-2023-106847,CG-10110,FUR-TAB-10006,2021-07-25,1875.09,1,351.36,0.2,7,2021,0.1874
CA-2023-106848,CG-10680,OFF-PAP-10037,2021-06-02,741.22,6,2.99,0.4,6,2021,0.004
CA-2023-106849,CG-10313,OFF-LAB-10577,2022-12-05,930.59,4,170.74,0.4,12,2022,0.1835
CA-2023-106850,CG-10117,OFF-FAS-10174,2023-09-13,1403.08,7,-112.54,0.0,9,2023,-0.0802
CA-2023-106851,CG-10114,TEC-MAC-10739,2022-12-02,245.45,6,80.07,0.0,12,2022,0.3262
CA-2023-106852,CG-10203,OFF-PAP-10227,2023-10-23,305.56,6,-46.88,0.3,10,2023,-0.1534
CA-2023-106853,CG-10522,FUR-BOO-10252,2021-04-01,1012.65,10,286.26,0.5,4,2021,0.2827
CA-2023-106854,CG-10021,TEC-MAC-10431,2022-01-02,439.32,7,-21.74,0.4,1,2022,-0.0495
CA-2023-106855,CG-10152,TEC-MAC-10594,2022-03-23,1132.53,10,268.27,0.3,3,2022,0.2369
CA-2023-106856,CG-10135,TEC-PHO-10912,2023-08-07,283.19,6,88.43,0.0,8,2023,0.3123
CA-2023-106857,CG-10516,FUR-FUR-10750,2022-08-28,680.68,10,54.35,0.0,8,2022,0.0798
CA-2023-106858,CG-10412,OFF-ART-10615,2021-11-03,1566.78,4,64.69,0.1,11,2021,0.0413
CA-2023-106859,CG-10594,TEC-MAC-10946,2022-06-27,289.99,4,53.26,0.1,6,2022,0.1837
CA-2023-106860,CG-10469,TEC-PHO-10048,2023-06-11,633.06,9,-69.77,0.5,6,2023,-0.1102
CA-2023-106861,CG-10355,OFF-STO-10385,2021-10-06,67.47,4,-11.12,0.5,10,2021,-0.1648
CA-2023-106862,CG-10087,OFF-PAP-10512,2022-11-15,1752.16,6,-54.72,0.5,11,2022,-0.0312
CA-2023-106863,CG-10348,OFF-BIN-10544,2021-06-20,1437.62,9,239.36,0.3,6,2021,0.1665
CA-2023-106864,CG-10144,OFF-SUP-10119,2023-07-12,786.89,5,298.31,0.3,7,2023,0.3791
CA-2023-106865,CG-10297,OFF-LAB-10577,2021-04-16,1589.99,10,35.76,0.4,4,2021,0.0225
CA-2023-106866,CG-10515,TEC-PHO-10492,2023-09-07,1153.43,4,89.62,0.1,9,2023,0.0777
CA-2023-106867,CG-10687,OFF-PAP-10596,2023-07-11,1691.56,1,539.51,0.2,7,2023,0.3189
CA-2023-106868,CG-10229,OFF-BIN-10564,2022-08-20,1410.57,1,372.23,0.5,8,2022,0.2639
CA-2023-106869,CG-10724,TEC-MAC-10601,2021-03-05,1793.86,9,-240.41,0.2,3,2021,-0.134
CA-2023-106870,CG-10307,FUR-BOO-10819,2022-02-27,1681.67,10,443.56,0.4,2,2022,0.2638
CA-2023-106871,CG-10161,FUR-BOO-10218,2023-11-27,885.78,3,235.18,0.4,11,2023,0.2655
CA-2023-106872,CG-10697,FUR-BOO-10107,2021-03-05,382.25,9,140.32,0.4,3,2021,0.3671
CA-2023-106873,CG-10709,OFF-APP-10743,2021-03-03,1475.92,1,-1.91,0.0,3,2021,-0.0013
CA-2023-106874,CG-10687,TEC-MAC-10985,2023-03-08,511.87,2,158.4,0.5,3,2023,0.3095
CA-2023-106875,CG-10026,TEC-MAC-10462,2023-03-06,1275.36,7,-204.32,0.0,3,2023,-0.1602
CA-2023-106876,CG-10085,TEC-PHO-10614,2023-04-25,1563.16,7,18.06,0.1,4,2023,0.0116
CA-2023-106877,CG-10381,TEC-MAC-10242,2022-12-27,1246.61,4,-87.23,0.0,12,2022,-0.07
CA-2023-106878,CG-10543,OFF-ENV-10748,2022-03-29,495.97,8,-41.21,0.1,3,2022,-0.0831
CA-2023-106879,CG-10255,FUR-FUR-10222,2023-03-22,291.06,3,-8.34,0.4,3,2023,-0.0287
CA-2023-106880,CG-10723,TEC-MAC-10907,2023-02-22,632.52,5,127.85,0.2,2,2023,0.2021
CA-2023-106881,CG-10514,FUR-CHA-10849,2022-06-03,711.12,6,273.88,0.0,6,2022,0.3851
CA-2023-106882,CG-10406,TEC-PHO-10704,2021-09-24,1447.2,3,554.76,0.0,9,2021,0.3833
CA-2023-106883,CG-10519,OFF-APP-10955,2021-05-17,1721.6,2,-243.46,0.2,5,2021,-0.1414
CA-2023-106884,CG-10147,OFF-STO-10082,2023-11-08,707.68,5,-18.81,0.1,11,2023,-0.0266
CA-2023-106885,CG-10556,FUR-TAB-10363,2023-08-05,944.86,1,263.09,0.0,8,2023,0.2784
CA-2023-106886,CG-10507,OFF-STO-10200,2022-08-11,1993.55,7,-67.62,0.3,8,2022,-0.0339
CA-2023-106887,CG-10363,TEC-MAC-10554,2023-01-21,876.37,2,-95.6,0.0,1,2023,-0.1091
CA-2023-106888,CG-10176,FUR-TAB-11000,2021-12-10,1211.19,2,361.55,0.5,12,2021,0.2985
CA-2023-106889,CG-10619,OFF-STO-10104,2022-11-03,1698.44,1,47.0,0.0,11,2022,0.0277
CA-2023-106890,CG-10141,FUR-TAB-10980,2023-08-24,902.38,2,-24.66,0.5,8,2023,-0.0273
CA-2023-106891,CG-10788,TEC-PHO-10876,2023-01-12,812.2,6,18.39,0.2,1,2023,0.0226
CA-2023-106892,CG-10472,FUR-TAB-10019,2021-03-24,1202.11,3,353.14,0.5,3,2021,0.2938
CA-2023-106893,CG-10647,FUR-BOO-10851,2021-12-23,1572.04,3,436.99,0.4,12,2021,0.278
CA-2023-106894,CG-10230,TEC-MAC-10113,2021-07-22,1900.84,2,-281.08,0.0,7,2021,-0.1479
CA-2023-106895,CG-10164,FUR-BOO-10312,2022-05-09,1986.23,1,-341.08,0.1,5,2022,-0.1717
CA-2023-106896,CG-10497,FUR-CHA-10494,2021-12-23,1448.0,3,294.47,0.1,12,2021,0.2034
CA-2023-106897,CG-10076,TEC-ACC-10776,2021-09-07,800.47,5,69.98,0.0,9,2021,0.0874
CA-2023-106898,CG-10113,TEC-ACC-10025,2023-12-10,1421.6,9,215.32,0.4,12,2023,0.1515
CA-2023-106899,CG-10212,FUR-CHA-10521,2023-06-17,1112.49,4,374.84,0.0,6,2023,0.3369
CA-2023-106900,CG-10207,TEC-PHO-10700,2022-01-06,1148.57,6,406.98,0.4,1,2022,0.3543
CA-2023-106901,CG-10441,FUR-TAB-10498,2023-05-16,1186.45,3,224.98,0.5,5,2023,0.1896
CA-2023-106902,CG-10791,FUR-BOO-10249,2022-06-06,880.68,7,323.49,0.0,6,2022,0.3673
CA-2023-106903,CG-10458,FUR-TAB-10110,2023-10-10,1785.89,1,216.11,0.2,10,2023,0.121
CA-2023-106904,CG-10005,FUR-TAB-10378,2023-10-25,773.59,4,-112.89,0.3,10,2023,-0.1459
CA-2023-106905,CG-10721,FUR-BOO-10598,2022-09-11,1562.37,3,347.24,0.0,9,2022,0.2223
CA-2023-106906,CG-10017,TEC-COP-10590,2021-03-02,1388.79,9,179.16,0.0,3,2021,0.129
CA-2023-106907,CG-10167,OFF-ART-10704,2021-08-10,1204.4,7,381.01,0.0,8,2021,0.3163
CA-2023-106908,CG-10206,OFF-FAS-10389,2022-03-14,418.37,4,164.87,0.1,3,2022,0.3941
CA-2023-106909,CG-10676,FUR-TAB-10447,2023-09-23,1564.1,3,599.19,0.0,9,2023,0.3831
CA-2023-106910,CG-10116,OFF-ART-10262,2021-02-09,247.82,9,-43.78,0.4,2,2021,-0.1767
CA-2023-106911,CG-10310,TEC-COP-10091,2021-03-10,788.77,3,65.99,0.0,3,2021,0.0837
CA-2023-106912,CG-10487,FUR-BOO-10568,2023-01-15,847.08,5,256.58,0.2,1,2023,0.3029
CA-2023-106913,CG-10186,OFF-LAB-10689,2023-11-22,528.26,9,-17.9,0.3,11,2023,-0.0339
CA-2023-106914,CG-10406,FUR-BOO-10479,2021-12-01,523.78,8,63.93,0.1,12,2021,0.1221
CA-2023-106915,CG-10368,OFF-ENV-10816,2021-01-20,1297.81,6,455.44,0.2,1,2021,0.3509
CA-2023-106916,CG-10793,TEC-MAC-10678,2023-08-22,223.66,8,85.48,0.2,8,2023,0.3822
CA-2023-106917,CG-10330,OFF-FAS-10384,2022-10-03,459.19,9,-39.55,0.3,10,2022,-0.0861
CA-2023-106918,CG-10051,TEC-ACC-10911,2023-08-30,1017.24,2,-195.63,0.3,8,2023,-0.1923
CA-2023-106919,CG-10511,OFF-FAS-10305,2022-12-27,286.83,9,52.89,0.0,12,2022,0.1844
CA-2023-106920,CG-10003,TEC-PHO-10084,2022-11-27,1049.67,7,-0.63,0.0,11,2022,-0.0006
CA-2023-106921,CG-10741,FUR-TAB-10350,2023-10-07,85.92,1,8.06,0.0,10,2023,0.0938
CA-2023-106922,CG-10595,TEC-MAC-10137,2022-05-28,191.31,4,-20.58,0.5,5,2022,-0.1076
CA-2023-106923,CG-10052,TEC-ACC-10459,2022-11-15,1707.75,3,604.24,0.5,11,2022,0.3538
CA-2023-106924,CG-10731,TEC-ACC-10994,2023-08-07,1733.28,4,474.07,0.1,8,2023,0.2735
CA-2023-106925,CG-10477,FUR-TAB-10820,2022-02-01,460.06,3,-81.98,0.0,2,2022,-0.1782
CA-2023-106926,CG-10176,OFF-LAB-10164,2021-10-02,1686.87,1,557.77,0.5,10,2021,0.3307
CA-2023-106927,CG-10784,TEC-PHO-10990,2023-03-29,1932.6,5,-242.39,0.0,3,2023,-0.1254
CA-2023-106928,CG-10102,TEC-PHO-10198,2023-01-12,1097.55,4,-84.02,0.2,1,2023,-0.0766
CA-2023-106929,CG-10158,OFF-ART-10454,2023-10-06,1578.02,7,84.53,0.0,10,2023,0.0536
CA-2023-106930,CG-10507,OFF-PAP-10099,2021-07-08,1889.78,1,308.11,0.4,7,2021,0.163
CA-2023-106931,CG-10467,FUR-BOO-10079,2022-11-06,1601.55,5,407.39,0.2,11,2022,0.2544
CA-2023-106932,CG-10303,TEC-MAC-10460,2022-12-19,102.99,10,9.9,0.0,12,2022,0.0961
CA-2023-106933,CG-10183,OFF-ENV-10984,2021-10-13,211.82,6,-8.08,0.4,10,2021,-0.0381
CA-2023-106934,CG-10370,OFF-APP-10344,2022-02-12,1169.56,5,424.55,0.4,2,2022,0.363
CA-2023-106935,CG-10475,OFF-STO-10732,2022-10-29,100.33,4,-5.49,0.4,10,2022,-0.0547
CA-2023-106936,CG-10792,FUR-BOO-10602,2023-06-10,1224.44,9,-187.96,0.3,6,2023,-0.1535
CA-2023-106937,CG-10176,OFF-BIN-10679,2023-12-18,979.72,1,18.21,0.0,12,2023,0.0186
CA-2023-106938,CG-10214,FUR-BOO-10511,2022-03-22,539.89,5,34.13,0.3,3,2022,0.0632
CA-2023-106939,CG-10462,FUR-FUR-10739,2023-03-16,390.97,8,89.94,0.4,3,2023,0.23
CA-2023-106940,CG-10177,FUR-CHA-10151,2021-10-25,1546.99,3,144.06,0.4,10,2021,0.0931
CA-2023-106941,CG-10541,FUR-TAB-10330,2021-12-09,1150.28,1,2.73,0.5,12,2021,0.0024
CA-2023-106942,CG-10105,OFF-APP-10625,2022-06-28,776.42,10,-108.34,0.4,6,2022,-0.1395
CA-2023-106943,CG-10315,TEC-ACC-10534,2021-05-03,1779.75,5,-306.06,0.3,5,2021,-0.172
CA-2023-106944,CG-10046,FUR-FUR-10447,2021-07-23,1612.04,3,-163.23,0.0,7,2021,-0.1013
CA-2023-106945,CG-10401,OFF-BIN-10120,2022-09-01,369.07,6,84.99,0.0,9,2022,0.2303
CA-2023-106946,CG-10048,OFF-LAB-10670,2023-08-30,1081.84,10,-5.17,0.4,8,2023,-0.0048
CA-2023-106947,CG-10244,TEC-PHO-10937,2023-05-01,42.38,8,0.82,0.4,5,2023,0.0193
CA-2023-106948,CG-10660,FUR-BOO-10894,2023-01-04,343.82,2,85.44,0.2,1,2023,0.2485
CA-2023-106949,CG-10472,TEC-PHO-10567,2022-08-04,122.41,5,-5.35,0.2,8,2022,-0.0437
CA-2023-106950,CG-10215,FUR-FUR-10017,2021-03-06,1572.49,6,336.44,0.4,3,2021,0.214
CA-2023-106951,CG-10058,FUR-CHA-10158,2023-09-04,793.65,7,-84.62,0.5,9,2023,-0.1066
CA-2023-106952,CG-10019,FUR-TAB-10463,2023-05-23,1176.38,7,391.74,0.1,5,2023,0.333
CA-2023-106953,CG-10290,FUR-BOO-10332,2022-06-27,1039.44,7,411.1,0.4,6,2022,0.3955
CA-2023-106954,CG-10204,OFF-ENV-10650,2021-11-12,1385.03,9,534.47,0.3,11,2021,0.3859
CA-2023-106955,CG-10575,OFF-SUP-10050,2021-10-19,66.55,4,-9.43,0.2,10,2021,-0.1417
CA-2023-106956,CG-10016,OFF-BIN-10466,2023-06-23,1028.8,10,351.08,0.0,6,2023,0.3413
CA-2023-106957,CG-10665,OFF-APP-10987,2023-09-25,304.16,1,26.17,0.3,9,2023,0.086
CA-2023-106958,CG-10091,TEC-MAC-10822,2022-01-01,1232.86,8,31.48,0.0,1,2022,0.0255
CA-2023-106959,CG-10170,TEC-PHO-10644,2022-11-13,1039.86,4,-11.82,0.1,11,2022,-0.0114
CA-2023-106960,CG-10671,TEC-COP-10411,2023-10-30,1966.28,2,336.52,0.0,10,2023,0.1711
CA-2023-106961,CG-10355,TEC-MAC-10756,2023-03-09,1941.55,4,560.45,0.0,3,2023,0.2887
CA-2023-106962,CG-10567,TEC-ACC-10319,2023-08-27,1827.32,8,-147.81,0.0,8,2023,-0.0809
CA-2023-106963,CG-10539,FUR-BOO-10625,2021-12-15,630.26,4,198.87,0.5,12,2021,0.3155
CA-2023-106964,CG-10594,FUR-CHA-10331,2023-02-09,1773.01,4,423.84,0.0,2,2023,0.2391
CA-2023-106965,CG-10104,TEC-COP-10742,2021-11-16,377.56,9,67.94,0.0,11,2021,0.1799
CA-2023-106966,CG-10312,FUR-CHA-10091,2021-06-26,1832.28,9,375.21,0.2,6,2021,0.2048
CA-2023-106967,CG-10224,FUR-BOO-10492,2023-04-26,369.45,9,119.1,0.3,4,2023,0.3224
CA-2023-106968,CG-10515,TEC-PHO-10059,2022-09-16,826.23,8,136.39,0.1,9,2022,0.1651
CA-2023-106969,CG-10341,TEC-PHO-10866,2021-07-16,407.05,5,-35.66,0.0,7,2021,-0.0876
CA-2023-106970,CG-10226,TEC-COP-10175,2021-10-13,436.41,6,106.79,0.1,10,2021,0.2447
CA-2023-106971,CG-10112,TEC-PHO-10588,2023-03-06,1510.76,3,438.64,0.4,3,2023,0.2903
CA-2023-106972,CG-10667,TEC-ACC-10594,2021-11-08,1492.74,4,-3.32,0.0,11,2021,-0.0022
CA-2023-106973,CG-10473,OFF-SUP-10872,2022-04-09,508.5,1,-51.19,0.1,4,2022,-0.1007
CA-2023-106974,CG-10049,OFF-STO-10436,2021-09-13,13.93,5,-0.28,0.2,9,2021,-0.0201
CA-2023-106975,CG-10399,OFF-FAS-10856,2023-03-22,1462.4,5,535.25,0.2,3,2023,0.366
CA-2023-106976,CG-10230,FUR-TAB-10907,2021-07-27,674.34,8,39.45,0.0,7,2021,0.0585
CA-2023-106977,CG-10531,OFF-SUP-10338,2023-06-11,950.42,9,65.81,0.2,6,2023,0.0692
CA-2023-106978,CG-10343,TEC-PHO-10796,2023-05-31,639.89,1,197.13,0.0,5,2023,0.3081
CA-2023-106979,CG-10117,FUR-CHA-10194,2022-12-20,1504.66,7,456.81,0.0,12,2022,0.3036
CA-2023-106980,CG-10253,FUR-TAB-10910,2022-02-08,1391.95,6,286.56,0.0,2,2022,0.2059
CA-2023-106981,CG-10049,OFF-APP-10916,2023-06-11,1933.17,9,453.09,0.4,6,2023,0.2344
CA-2023-106982,CG-10128,FUR-FUR-10769,2023-08-14,1377.37,3,-30.0,0.0,8,2023,-0.0218
CA-2023-106983,CG-10302,FUR-BOO-10488,2022-11-27,1526.88,6,12.77,0.5,11,2022,0.0084
CA-2023-106984,CG-10412,TEC-ACC-10813,2022-06-14,510.22,4,168.66,0.1,6,2022,0.3306
CA-2023-106985,CG-10691,FUR-CHA-10475,2021-03-01,1871.4,9,533.52,0.5,3,2021,0.2851
CA-2023-106986,CG-10675,FUR-TAB-10811,2021-09-15,1341.78,4,475.41,0.1,9,2021,0.3543
CA-2023-106987,CG-10209,TEC-MAC-10771,2022-12-31,1911.4,6,-259.62,0.0,12,2022,-0.1358
CA-2023-106988,CG-10248,FUR-TAB-10382,2021-10-03,1610.74,1,326.89,0.0,10,2021,0.2029
CA-2023-106989,CG-10778,FUR-BOO-10485,2022-09-19,1709.09,7,-164.61,0.0,9,2022,-0.0963
CA-2023-106990,CG-10649,OFF-BIN-10072,2023-11-24,1853.45,3,430.87,0.0,11,2023,0.2325
CA-2023-106991,CG-10526,FUR-FUR-10726,2022-07-16,23.77,2,8.54,0.4,7,2022,0.3593
CA-2023-106992,CG-10695,TEC-PHO-10020,2023-01-03,713.5,8,-101.55,0.4,1,2023,-0.1423
CA-2023-106993,CG-10474,FUR-CHA-10836,2023-07-05,1864.53,10,666.91,0.0,7,2023,0.3577
CA-2023-106994,CG-10747,TEC-MAC-10586,2021-10-18,1740.91,10,80.75,0.2,10,2021,0.0464
CA-2023-106995,CG-10343,FUR-BOO-10886,2022-01-21,561.54,4,96.95,0.2,1,2022,0.1727
CA-2023-106996,CG-10311,TEC-ACC-10469,2021-07-07,1452.66,3,476.39,0.0,7,2021,0.3279
CA-2023-106997,CG-10393,OFF-BIN-10711,2023-07-24,1213.58,6,-145.43,0.1,7,2023,-0.1198
CA-2023-106998,CG-10645,FUR-TAB-10768,2023-04-13,920.07,7,2.06,0.4,4,2023,0.0022
CA-2023-106999,CG-10083,TEC-ACC-10149,2021-06-08,1167.39,4,-29.21,0.0,6,2021,-0.025
CA-2023-107000,CG-10423,FUR-BOO-10916,2023-01-16,80.48,8,-9.42,0.0,1,2023,-0.117
CA-2023-107001,CG-10559,FUR-BOO-10242,2021-03-07,568.52,1,63.42,0.4,3,2021,0.1116
CA-2023-107002,CG-10481,TEC-MAC-10646,2023-09-18,715.74,3,-78.64,0.1,9,2023,-0.1099
CA-2023-107003,CG-10327,OFF-ART-10404,2021-01-02,1350.91,8,173.06,0.2,1,2021,0.1281
CA-2023-107004,CG-10711,OFF-STO-10209,2021-12-30,1583.77,7,-200.58,0.2,12,2021,-0.1266
CA-2023-107005,CG-10435,OFF-SUP-10371,2023-07-24,1153.64,2,196.79,0.0,7,2023,0.1706
CA-2023-107006,CG-10154,FUR-CHA-10813,2022-11-24,750.27,8,-99.54,0.2,11,2022,-0.1327
CA-2023-107007,CG-10571,TEC-COP-10183,2021-06-23,183.65,9,21.3,0.5,6,2021,0.116
CA-2023-107008,CG-10772,FUR-FUR-10058,2021-08-18,29.48,8,-2.34,0.0,8,2021,-0.0794
CA-2023-107009,CG-10640,FUR-CHA-10691,2021-04-01,1206.69,1,391.42,0.0,4,2021,0.3244
CA-2023-107010,CG-10776,FUR-FUR-10173,2021-09-20,1209.31,9,-141.8,0.1,9,2021,-0.1173
CA-2023-107011,CG-10722,OFF-LAB-10449,2023-07-16,154.8,10,-24.96,0.5,7,2023,-0.1612
CA-2023-107012,CG-10204,OFF-PAP-10781,2023-01-09,805.69,8,-47.18,0.4,1,2023,-0.0586
CA-2023-107013,CG-10425,OFF-LAB-10941,2021-05-16,1202.22,6,-234.23,0.0,5,2021,-0.1948
CA-2023-107014,CG-10061,OFF-ENV-10520,2023-01-27,394.64,2,-2.32,0.1,1,2023,-0.0059
CA-2023-107015,CG-10201,FUR-FUR-10136,2022-11-05,1838.06,5,488.32,0.4,11,2022,0.2657
CA-2023-107016,CG-10030,TEC-COP-10212,2023-03-05,173.36,9,-33.95,0.5,3,2023,-0.1958
CA-2023-107017,CG-10515,FUR-BOO-10089,2021-10-21,843.02,5,-120.96,0.1,10,2021,-0.1435
CA-2023-107018,CG-10602,TEC-COP-10815,2022-06-26,302.42,1,49.26,0.0,6,2022,0.1629
CA-2023-107019,CG-10753,OFF-ART-10254,2021-01-09,1979.42,6,715.76,0.5,1,2021,0.3616
CA-2023-107020,CG-10414,OFF-SUP-10637,2022-06-13,825.14,8,132.25,0.1,6,2022,0.1603
CA-2023-107021,CG-10643,OFF-ART-10191,2021-10-16,1755.09,1,248.21,0.0,10,2021,0.1414
CA-2023-107022,CG-10042,FUR-TAB-10159,2021-05-21,1139.86,8,397.0,0.1,5,2021,0.3483
CA-2023-107023,CG-10387,OFF-APP-10349,2021-03-10,1040.51,10,199.41,0.0,3,2021,0.1916
CA-2023-107024,CG-10438,OFF-LAB-10114,2022-06-10,1703.96,7,-175.82,0.0,6,2022,-0.1032
CA-2023-107025,CG-10501,FUR-BOO-10704,2021-09-08,802.75,4,239.26,0.4,9,2021,0.2981
CA-2023-107026,CG-10617,FUR-BOO-10103,2023-07-18,396.49,1,17.74,0.0,7,2023,0.0447
CA-2023-107027,CG-10686,TEC-PHO-10765,2023-07-31,880.21,7,-138.95,0.5,7,2023,-0.1579
CA-2023-107028,CG-10149,OFF-SUP-10747,2021-07-30,743.87,5,208.18,0.3,7,2021,0.2799
CA-2023-107029,CG-10154,FUR-CHA-10888,2021-03-07,1821.25,3,428.21,0.1,3,2021,0.2351
CA-2023-107030,CG-10352,FUR-BOO-10213,2023-09-24,786.98,3,168.34,0.0,9,2023,0.2139
CA-2023-107031,CG-10412,OFF-BIN-10078,2022-11-13,1932.65,9,433.22,0.2,11,2022,0.2242
CA-2023-107032,CG-10696,TEC-MAC-10210,2022-04-17,1123.93,2,395.47,0.2,4,2022,0.3519
CA-2023-107033,CG-10422,TEC-COP-10706,2022-12-29,1899.54,9,-329.88,0.0,12,2022,-0.1737
CA-2023-107034,CG-10056,FUR-CHA-10883,2021-12-06,1300.35,5,289.17,0.1,12,2021,0.2224
CA-2023-107035,CG-10779,OFF-STO-10086,2023-03-29,540.6,5,-69.77,0.2,3,2023,-0.1291
CA-2023-107036,CG-10680,OFF-ENV-10149,2021-03-02,382.29,3,148.35,0.5,3,2021,0.3881
CA-2023-107037,CG-10283,OFF-BIN-10701,2021-12-16,348.95,10,137.37,0.0,12,2021,0.3937
CA-2023-107038,CG-10489,TEC-PHO-10332,2021-09-30,1041.76,8,-25.95,0.3,9,2021,-0.0249
CA-2023-107039,CG-10781,OFF-APP-10570,2023-05-20,1751.49,10,452.23,0.0,5,2023,0.2582
CA-2023-107040,CG-10401,FUR-FUR-10932,2023-06-22,743.34,8,-37.76,0.3,6,2023,-0.0508
CA-2023-107041,CG-10032,TEC-ACC-10109,2023-07-27,390.64,10,76.99,0.5,7,2023,0.1971
CA-2023-107042,CG-10626,OFF-PAP-10294,2022-09-01,947.01,7,353.0,0.4,9,2022,0.3728
CA-2023-107043,CG-10077,OFF-LAB-10869,2021-12-18,560.24,1,-10.79,0.1,12,2021,-0.0193
CA-2023-107044,CG-10453,TEC-COP-10220,2021-04-06,686.4,7,18.43,0.1,4,2021,0.0269
CA-2023-107045,CG-10337,OFF-BIN-10932,2022-12-01,319.49,10,66.58,0.1,12,2022,0.2084
CA-2023-107046,CG-10206,OFF-FAS-10092,2022-11-01,1055.4,9,222.17,0.1,11,2022,0.2105
CA-2023-107047,CG-10691,OFF-BIN-10434,2022-06-24,1027.03,4,-189.21,0.3,6,2022,-0.1842
CA-2023-107048,CG-10627,TEC-COP-10500,2021-09-11,559.71,1,175.36,0.3,9,2021,0.3133
CA-2023-107049,CG-10663,OFF-ENV-10617,2022-02-24,138.11,1,-18.65,0.0,2,2022,-0.135
CA-2023-107050,CG-10689,TEC-COP-10454,2022-09-28,764.62,6,124.3,0.2,9,2022,0.1626
CA-2023-107051,CG-10407,TEC-MAC-10819,2021-03-01,1540.34,3,-53.49,0.4,3,2021,-0.0347
CA-2023-107052,CG-10289,OFF-ENV-10370,2022-01-06,134.54,7,-15.29,0.0,1,2022,-0.1136
CA-2023-107053,CG-10359,TEC-ACC-10739,2022-06-07,964.83,3,308.16,0.2,6,2022,0.3194
CA-2023-107054,CG-10490,FUR-CHA-10632,2021-04-09,467.81,8,-60.49,0.2,4,2021,-0.1293
CA-2023-107055,CG-10053,FUR-TAB-10130,2021-04-12,718.76,2,128.65,0.0,4,2021,0.179
CA-2023-107056,CG-10184,TEC-PHO-10446,2021-09-27,568.89,7,200.57,0.1,9,2021,0.3526
CA-2023-107057,CG-10744,FUR-FUR-10117,2022-05-06,213.72,3,27.45,0.0,5,2022,0.1284
CA-2023-107058,CG-10530,OFF-BIN-10220,2021-09-07,834.5,4,216.51,0.0,9,2021,0.2594
CA-2023-107059,CG-10028,OFF-LAB-10398,2021-12-11,1947.67,1,-252.1,0.0,12,2021,-0.1294
CA-2023-107060,CG-10557,FUR-FUR-10884,2023-04-14,633.56,9,201.54,0.0,4,2023,0.3181
CA-2023-107061,CG-10373,OFF-PAP-10864,2021-05-26,785.31,4,66.67,0.2,5,2021,0.0849
CA-2023-107062,CG-10725,TEC-PHO-10799,2022-06-15,1586.38,2,-294.08,0.1,6,2022,-0.1854
CA-2023-107063,CG-10647,FUR-FUR-10753,2022-06-19,79.2,6,-13.14,0.2,6,2022,-0.1659
CA-2023-107064,CG-10409,FUR-BOO-10247,2022-06-04,790.93,5,129.63,0.5,6,2022,0.1639
CA-2023-107065,CG-10559,OFF-FAS-10526,2021-09-20,108.89,9,28.04,0.2,9,2021,0.2575
CA-2023-107066,CG-10109,TEC-ACC-10476,2022-06-28,1127.31,4,329.08,0.0,6,2022,0.2919
CA-2023-107067,CG-10053,FUR-BOO-10710,2021-07-02,1831.17,10,79.46,0.5,7,2021,0.0434
CA-2023-107068,CG-10126,FUR-BOO-10553,2022-12-16,1524.52,10,336.82,0.4,12,2022,0.2209
CA-2023-107069,CG-10462,OFF-LAB-10402,2023-03-08,1748.3,10,410.53,0.0,3,2023,0.2348
CA-2023-107070,CG-10647,FUR-TAB-10680,2021-09-17,511.33,5,194.15,0.3,9,2021,0.3797
CA-2023-107071,CG-10246,TEC-MAC-10413,2023-09-13,1401.04,1,-225.16,0.5,9,2023,-0.1607
CA-2023-107072,CG-10358,FUR-CHA-10669,2022-02-24,1178.56,5,50.21,0.5,2,2022,0.0426
CA-2023-107073,CG-10105,FUR-CHA-10230,2023-06-06,249.37,1,38.34,0.4,6,2023,0.1537
CA-2023-107074,CG-10319,OFF-STO-10481,2021-07-10,1747.73,1,435.9,0.0,7,2021,0.2494
CA-2023-107075,CG-10456,FUR-CHA-10571,2021-12-01,1573.82,9,297.61,0.0,12,2021,0.1891
CA-2023-107076,CG-10749,OFF-BIN-10909,2021-12-07,306.49,2,35.19,0.0,12,2021,0.1148
CA-2023-107077,CG-10397,OFF-APP-10802,2021-12-22,970.49,3,-45.61,0.0,12,2021,-0.047
CA-2023-107078,CG-10129,FUR-BOO-10759,2021-11-17,611.06,7,-37.51,0.1,11,2021,-0.0614
CA-2023-107079,CG-10168,OFF-FAS-10923,2023-03-01,1425.48,7,49.14,0.3,3,2023,0.0345
CA-2023-107080,CG-10603,FUR-TAB-10296,2021-12-15,26.96,4,-5.14,0.0,12,2021,-0.1907
CA-2023-107081,CG-10599,TEC-MAC-10014,2021-09-17,1061.15,2,345.81,0.2,9,2021,0.3259
CA-2023-107082,CG-10423,FUR-FUR-10562,2021-09-15,1323.05,8,330.31,0.0,9,2021,0.2497
CA-2023-107083,CG-10215,TEC-ACC-10768,2022-04-08,979.3,3,278.93,0.0,4,2022,0.2848
CA-2023-107084,CG-10697,OFF-LAB-10075,2021-12-22,939.46,9,275.95,0.4,12,2021,0.2937
CA-2023-107085,CG-10376,TEC-PHO-10996,2021-06-05,1614.8,7,-236.73,0.2,6,2021,-0.1466
CA-2023-107086,CG-10264,TEC-COP-10602,2022-12-03,122.3,1,5.53,0.3,12,2022,0.0452
CA-2023-107087,CG-10769,TEC-MAC-10349,2022-02-20,1191.71,9,420.09,0.5,2,2022,0.3525
CA-2023-107088,CG-10326,TEC-ACC-10740,2023-04-17,711.57,6,258.04,0.2,4,2023,0.3626
CA-2023-107089,CG-10315,FUR-TAB-10775,2022-03-09,1800.96,8,-352.41,0.4,3,2022,-0.1957
CA-2023-107090,CG-10759,FUR-CHA-10915,2023-04-26,1608.99,7,-201.15,0.1,4,2023,-0.125
CA-2023-107091,CG-10143,FUR-CHA-10607,2021-04-12,796.54,10,120.94,0.0,4,2021,0.1518
CA-2023-107092,CG-10250,TEC-PHO-10820,2023-12-07,1876.83,1,375.28,0.0,12,2023,0.2
CA-2023-107093,CG-10244,FUR-CHA-10075,2022-06-08,1790.56,3,422.35,0.5,6,2022,0.2359
CA-2023-107094,CG-10524,FUR-BOO-10779,2021-02-23,732.09,1,-33.14,0.1,2,2021,-0.0453
CA-2023-107095,CG-10042,OFF-BIN-10651,2023-06-11,622.68,2,-32.97,0.0,6,2023,-0.0529
CA-2023-107096,CG-10311,FUR-TAB-10867,2023-03-04,850.3,10,335.24,0.5,3,2023,0.3943
CA-2023-107097,CG-10601,FUR-TAB-10677,2023-01-15,1139.2,5,-120.67,0.3,1,2023,-0.1059
CA-2023-107098,CG-10627,TEC-ACC-10569,2022-09-03,1879.83,2,173.19,0.3,9,2022,0.0921
CA-2023-107099,CG-10078,OFF-STO-10275,2023-03-05,987.71,2,-173.5,0.0,3,2023,-0.1757
CA-2023-107100,CG-10263,TEC-COP-10230,2021-11-18,984.18,2,60.46,0.5,11,2021,0.0614
CA-2023-107101,CG-10416,FUR-BOO-10773,2021-11-11,1394.9,3,142.54,0.2,11,2021,0.1022
CA-2023-107102,CG-10295,TEC-COP-10255,2021-10-20,375.61,2,43.96,0.4,10,2021,0.117
CA-2023-107103,CG-10372,FUR-BOO-10333,2021-03-09,1891.98,10,-215.44,0.2,3,2021,-0.1139
CA-2023-107104,CG-10462,OFF-STO-10544,2021-09-12,1933.57,4,686.15,0.0,9,2021,0.3549
CA-2023-107105,CG-10592,FUR-CHA-10205,2021-01-22,1578.69,3,-72.06,0.0,1,2021,-0.0456
CA-2023-107106,CG-10655,TEC-COP-10797,2023-09-29,455.69,3,87.46,0.1,9,2023,0.1919
CA-2023-107107,CG-10499,TEC-ACC-10858,2022-05-08,194.23,8,-12.17,0.2,5,2022,-0.0627
CA-2023-107108,CG-10629,OFF-ENV-10290,2021-05-12,1398.88,5,422.19,0.3,5,2021,0.3018
CA-2023-107109,CG-10129,TEC-ACC-10566,2023-07-09,57.78,6,22.45,0.1,7,2023,0.3885
CA-2023-107110,CG-10036,TEC-ACC-10981,2023-01-16,935.69,9,121.67,0.3,1,2023,0.13
CA-2023-107111,CG-10773,FUR-BOO-10114,2023-04-01,1515.35,4,405.5,0.0,4,2023,0.2676
CA-2023-107112,CG-10397,TEC-COP-10194,2021-10-23,1563.61,5,44.54,0.3,10,2021,0.0285
CA-2023-107113,CG-10692,OFF-SUP-10603,2023-08-14,1570.24,2,414.33,0.0,8,2023,0.2639
CA-2023-107114,CG-10275,FUR-CHA-10261,2021-10-01,815.09,1,-7.31,0.0,10,2021,-0.009
CA-2023-107115,CG-10620,FUR-TAB-10503,2023-03-25,120.31,5,43.34,0.0,3,2023,0.3602
CA-2023-107116,CG-10083,FUR-FUR-10541,2021-06-25,1874.38,9,-193.98,0.1,6,2021,-0.1035
CA-2023-107117,CG-10442,OFF-SUP-10352,2021-02-23,624.23,10,172.59,0.3,2,2021,0.2765
CA-2023-107118,CG-10292,TEC-ACC-10840,2021-11-24,1916.02,3,732.48,0.4,11,2021,0.3823
CA-2023-107119,CG-10389,OFF-LAB-10973,2022-03-27,254.82,10,54.97,0.2,3,2022,0.2157
CA-2023-107120,CG-10721,FUR-BOO-10830,2022-09-04,608.7,8,169.73,0.0,9,2022,0.2788
CA-2023-107121,CG-10480,OFF-STO-10786,2021-09-16,799.15,10,-112.56,0.0,9,2021,-0.1408
CA-2023-107122,CG-10237,TEC-ACC-10081,2022-09-10,836.6,8,-116.2,0.0,9,2022,-0.1389
CA-2023-107123,CG-10501,FUR-TAB-10437,2023-05-12,233.25,1,39.08,0.5,5,2023,0.1675
CA-2023-107124,CG-10585,FUR-TAB-10099,2021-04-05,457.49,6,-11.97,0.1,4,2021,-0.0262
CA-2023-107125,CG-10197,TEC-MAC-10477,2021-12-15,518.43,9,-60.0,0.5,12,2021,-0.1157
CA-2023-107126,CG-10119,FUR-FUR-10157,2021-04-03,681.7,5,235.33,0.0,4,2021,0.3452
CA-2023-107127,CG-10224,TEC-ACC-10144,2023-04-16,417.64,10,2.36,0.0,4,2023,0.0057
CA-2023-107128,CG-10646,OFF-PAP-10086,2022-09-03,506.22,6,196.84,0.0,9,2022,0.3888
CA-2023-107129,CG-10656,OFF-LAB-10200,2022-03-04,15.88,1,-1.11,0.5,3,2022,-0.0699
CA-2023-107130,CG-10536,OFF-APP-10712,2022-06-27,945.71,6,-121.29,0.0,6,2022,-0.1283
CA-2023-107131,CG-10462,OFF-LAB-10940,2021-05-18,1695.88,8,644.35,0.1,5,2021,0.38
CA-2023-107132,CG-10604,FUR-FUR-10638,2022-04-08,1589.14,1,401.01,0.0,4,2022,0.2523
CA-2023-107133,CG-10628,TEC-ACC-10779,2021-03-17,1884.05,6,237.47,0.0,3,2021,0.126
CA-2023-107134,CG-10540,TEC-MAC-10388,2023-02-14,838.43,4,-92.98,0.0,2,2023,-0.1109
CA-2023-107135,CG-10293,FUR-FUR-10250,2022-05-07,43.88,3,-6.94,0.5,5,2022,-0.1582
CA-2023-107136,CG-10769,OFF-APP-10253,2022-03-28,869.93,3,-41.46,0.0,3,2022,-0.0477
CA-2023-107137,CG-10175,TEC-COP-10106,2023-02-22,1225.89,1,401.72,0.0,2,2023,0.3277
CA-2023-107138,CG-10139,TEC-PHO-10796,2021-05-13,1940.38,4,765.9,0.0,5,2021,0.3947
CA-2023-107139,CG-10195,OFF-ART-10481,2022-12-19,306.73,3,-10.42,0.2,12,2022,-0.034
CA-2023-107140,CG-10320,FUR-BOO-10089,2023-02-11,255.72,1,29.16,0.0,2,2023,0.114
CA-2023-107141,CG-10509,FUR-BOO-10674,2021-02-16,1789.48,9,552.27,0.1,2,2021,0.3086
CA-2023-107142,CG-10081,TEC-COP-10875,2023-02-12,272.02,8,-52.07,0.5,2,2023,-0.1914
CA-2023-107143,CG-10362,OFF-SUP-10044,2021-05-26,1215.48,4,325.63,0.3,5,2021,0.2679
CA-2023-107144,CG-10744,FUR-BOO-10798,2021-08-31,398.38,2,154.37,0.4,8,2021,0.3875
CA-2023-107145,CG-10290,FUR-BOO-10550,2023-09-21,897.65,4,-92.28,0.4,9,2023,-0.1028
CA-2023-107146,CG-10791,OFF-FAS-10020,2021-01-01,523.66,6,-55.84,0.1,1,2021,-0.1066
CA-2023-107147,CG-10041,TEC-ACC-10405,2023-02-10,380.58,9,145.93,0.3,2,2023,0.3834
CA-2023-107148,CG-10573,FUR-TAB-10205,2023-09-25,780.13,8,-142.53,0.0,9,2023,-0.1827
CA-2023-107149,CG-10726,FUR-CHA-10089,2023-04-02,1532.53,3,-279.56,0.1,4,2023,-0.1824
CA-2023-107150,CG-10059,FUR-CHA-10342,2021-12-11,1470.01,7,47.16,0.2,12,2021,0.0321
CA-2023-107151,CG-10381,FUR-BOO-10001,2022-04-08,899.24,9,65.3,0.2,4,2022,0.0726
CA-2023-107152,CG-10662,OFF-APP-10430,2021-06-24,447.65,6,-79.07,0.1,6,2021,-0.1766
CA-2023-107153,CG-10406,OFF-PAP-10827,2021-10-29,1590.2,3,408.88,0.3,10,2021,0.2571
CA-2023-107154,CG-10567,TEC-MAC-10931,2023-03-16,98.69,2,13.55,0.0,3,2023,0.1373
CA-2023-107155,CG-10295,TEC-ACC-10481,2022-07-18,1199.45,7,81.82,0.0,7,2022,0.0682
CA-2023-107156,CG-10581,OFF-SUP-10058,2021-09-29,1758.15,5,599.35,0.5,9,2021,0.3409
CA-2023-107157,CG-10658,OFF-SUP-10560,2021-05-19,593.71,7,179.79,0.2,5,2021,0.3028
CA-2023-107158,CG-10237,OFF-STO-10564,2021-03-28,175.25,6,49.84,0.1,3,2021,0.2844
CA-2023-107159,CG-10523,TEC-PHO-10384,2021-04-08,1979.42,10,-373.03,0.0,4,2021,-0.1885
CA-2023-107160,CG-10772,OFF-ART-10353,2022-01-06,773.23,3,-74.58,0.3,1,2022,-0.0965
CA-2023-107161,CG-10410,FUR-TAB-10554,2023-10-10,1006.87,3,207.52,0.3,10,2023,0.2061
CA-2023-107162,CG-10093,OFF-STO-10614,2022-11-17,1901.04,10,-2.49,0.0,11,2022,-0.0013
CA-2023-107163,CG-10595,OFF-ENV-10765,2021-09-20,440.57,6,65.1,0.5,9,2021,0.1478
CA-2023-107164,CG-10727,FUR-FUR-10076,2023-08-30,1299.33,5,221.91,0.0,8,2023,0.1708
CA-2023-107165,CG-10046,TEC-COP-10967,2021-03-06,644.34,7,-44.8,0.0,3,2021,-0.0695
CA-2023-107166,CG-10051,OFF-LAB-10122,2023-02-03,605.12,1,28.98,0.5,2,2023,0.0479
CA-2023-107167,CG-10146,FUR-TAB-10696,2023-10-01,918.48,2,97.05,0.1,10,2023,0.1057
CA-2023-107168,CG-10548,OFF-SUP-10914,2023-05-31,727.48,2,244.63,0.0,5,2023,0.3363
CA-2023-107169,CG-10535,OFF-BIN-10078,2023-02-03,1686.01,4,358.98,0.0,2,2023,0.2129
CA-2023-107170,CG-10785,TEC-COP-10839,2022-02-15,619.01,10,166.7,0.2,2,2022,0.2693
CA-2023-107171,CG-10591,FUR-TAB-10167,2023-03-12,1768.57,9,180.19,0.3,3,2023,0.1019
CA-2023-107172,CG-10210,TEC-PHO-10589,2023-05-30,241.89,9,83.51,0.0,5,2023,0.3452
CA-2023-107173,CG-10335,OFF-LAB-10035,2021-01-10,961.96,6,109.68,0.0,1,2021,0.114
CA-2023-107174,CG-10616,FUR-CHA-10419,2021-01-29,23.21,9,-3.01,0.1,1,2021,-0.1297
CA-2023-107175,CG-10562,OFF-ART-10665,2022-03-06,502.11,2,54.07,0.5,3,2022,0.1077
CA-2023-107176,CG-10759,TEC-PHO-10470,2021-04-10,300.08,4,102.17,0.0,4,2021,0.3405
CA-2023-107177,CG-10715,OFF-FAS-10471,2021-10-16,842.39,9,196.98,0.2,10,2021,0.2338
CA-2023-107178,CG-10458,FUR-FUR-10877,2021-05-30,519.65,4,111.76,0.3,5,2021,0.2151
CA-2023-107179,CG-10429,FUR-BOO-10346,2021-01-15,1877.92,10,644.8,0.5,1,2021,0.3434
CA-2023-107180,CG-10508,TEC-PHO-10056,2021-01-11,1815.62,3,-69.18,0.0,1,2021,-0.0381
CA-2023-107181,CG-10146,OFF-LAB-10767,2023-09-08,369.03,9,-65.67,0.5,9,2023,-0.178
CA-2023-107182,CG-10618,TEC-MAC-10407,2021-04-14,1292.3,2,342.33,0.5,4,2021,0.2649
CA-2023-107183,CG-10100,TEC-PHO-10014,2021-12-05,1391.86,4,-265.72,0.0,12,2021,-0.1909
CA-2023-107184,CG-10457,FUR-BOO-10076,2023-09-15,238.63,4,-0.71,0.0,9,2023,-0.003
CA-2023-107185,CG-10746,TEC-ACC-10919,2023-10-01,1289.2,10,-66.41,0.0,10,2023,-0.0515
CA-2023-107186,CG-10680,TEC-MAC-10605,2021-04-22,851.5,1,34.93,0.1,4,2021,0.041
CA-2023-107187,CG-10122,OFF-APP-10593,2021-03-18,1012.41,6,203.77,0.4,3,2021,0.2013
CA-2023-107188,CG-10699,TEC-ACC-10444,2023-05-26,429.42,4,68.53,0.3,5,2023,0.1596
CA-2023-107189,CG-10787,OFF-FAS-10094,2021-03-18,448.26,10,91.77,0.5,3,2021,0.2047
CA-2023-107190,CG-10488,OFF-ENV-10695,2022-02-13,210.77,4,-32.47,0.2,2,2022,-0.1541
CA-2023-107191,CG-10780,TEC-MAC-10177,2021-09-10,828.7,10,-146.51,0.1,9,2021,-0.1768
CA-2023-107192,CG-10300,FUR-FUR-10971,2023-01-10,1660.56,10,554.05,0.0,1,2023,0.3337
CA-2023-107193,CG-10054,FUR-TAB-10663,2023-07-27,1292.36,2,23.24,0.3,7,2023,0.018
CA-2023-107194,CG-10724,FUR-CHA-10591,2021-08-01,877.23,8,335.33,0.0,8,2021,0.3823
CA-2023-107195,CG-10778,TEC-COP-10626,2021-07-19,934.46,10,135.07,0.4,7,2021,0.1445
CA-2023-107196,CG-10218,OFF-ART-10653,2022-03-13,1938.47,8,96.39,0.2,3,2022,0.0497
CA-2023-107197,CG-10428,TEC-MAC-10751,2023-03-19,238.43,4,57.92,0.1,3,2023,0.2429
CA-2023-107198,CG-10757,TEC-MAC-10074,2022-01-19,567.63,3,113.98,0.3,1,2022,0.2008
CA-2023-107199,CG-10087,FUR-FUR-10808,2023-03-04,493.58,8,133.7,0.0,3,2023,0.2709
CA-2023-107200,CG-10214,OFF-SUP-10454,2021-06-08,301.72,7,56.7,0.5,6,2021,0.1879
CA-2023-107201,CG-10502,TEC-ACC-10177,2023-03-20,581.38,10,232.54,0.3,3,2023,0.4
CA-2023-107202,CG-10253,TEC-ACC-10601,2021-05-20,1813.64,2,-95.51,0.0,5,2021,-0.0527
CA-2023-107203,CG-10195,FUR-BOO-10353,2022-04-22,866.34,10,200.16,0.0,4,2022,0.231
CA-2023-107204,CG-10399,FUR-CHA-10206,2021-06-04,1564.67,6,198.71,0.0,6,2021,0.127
CA-2023-107205,CG-10425,FUR-FUR-10080,2023-08-14,1422.85,7,-201.0,0.0,8,2023,-0.1413
CA-2023-107206,CG-10178,OFF-LAB-10966,2023-05-12,96.1,7,26.93,0.5,5,2023,0.2802
CA-2023-107207,CG-10267,OFF-STO-10542,2021-02-08,237.65,6,56.22,0.0,2,2021,0.2366
CA-2023-107208,CG-10095,OFF-ENV-10920,2021-06-15,779.43,10,185.13,0.0,6,2021,0.2375
CA-2023-107209,CG-10655,FUR-TAB-10816,2021-07-21,1893.72,6,-147.61,0.1,7,2021,-0.0779
CA-2023-107210,CG-10063,FUR-TAB-10547,2022-01-24,1599.03,9,297.88,0.2,1,2022,0.1863
CA-2023-107211,CG-10270,FUR-FUR-10512,2022-06-17,1269.45,10,124.84,0.0,6,2022,0.0983
CA-2023-107212,CG-10405,TEC-COP-10393,2021-04-18,1889.86,2,-81.76,0.2,4,2021,-0.0433
CA-2023-107213,CG-10264,FUR-CHA-10559,2022-02-19,750.0,7,157.76,0.5,2,2022,0.2103
CA-2023-107214,CG-10524,TEC-PHO-10219,2022-07-23,346.08,1,90.05,0.5,7,2022,0.2602
CA-2023-107215,CG-10371,OFF-STO-10628,2023-11-24,93.99,6,32.53,0.0,11,2023,0.3461
CA-2023-107216,CG-10014,TEC-PHO-10708,2023-03-25,431.11,8,143.49,0.1,3,2023,0.3328
CA-2023-107217,CG-10032,FUR-BOO-10313,2022-02-07,991.21,8,-88.76,0.0,2,2022,-0.0895
CA-2023-107218,CG-10383,TEC-MAC-10706,2021-01-26,177.37,2,34.4,0.0,1,2021,0.1939
CA-2023-107219,CG-10451,TEC-ACC-10244,2023-10-13,443.09,2,-82.99,0.0,10,2023,-0.1873
CA-2023-107220,CG-10713,TEC-ACC-10697,2023-09-01,1748.6,3,244.52,0.5,9,2023,0.1398
CA-2023-107221,CG-10295,TEC-PHO-10968,2022-09-01,1968.89,2,-368.17,0.0,9,2022,-0.187
CA-2023-107222,CG-10590,FUR-FUR-10937,2021-02-10,604.48,3,52.7,0.5,2,2021,0.0872
CA-2023-107223,CG-10662,FUR-FUR-10627,2021-02-18,1624.07,3,322.13,0.3,2,2021,0.1983
CA-2023-107224,CG-10573,FUR-FUR-10481,2023-03-25,910.57,2,94.13,0.4,3,2023,0.1034
CA-2023-107225,CG-10708,TEC-COP-10634,2022-07-01,742.49,2,-21.59,0.0,7,2022,-0.0291
CA-2023-107226,CG-10675,TEC-PHO-10596,2023-08-20,131.56,4,33.39,0.0,8,2023,0.2538
CA-2023-107227,CG-10623,FUR-FUR-10518,2021-07-27,1606.22,5,-234.53,0.0,7,2021,-0.146
CA-2023-107228,CG-10231,TEC-ACC-10129,2021-09-21,888.04,1,-60.61,0.5,9,2021,-0.0683
CA-2023-107229,CG-10289,FUR-CHA-10844,2023-12-23,1474.83,7,-152.24,0.5,12,2023,-0.1032
CA-2023-107230,CG-10562,TEC-ACC-10764,2021-10-07,129.79,6,51.04,0.0,10,2021,0.3933
CA-2023-107231,CG-10658,OFF-LAB-10931,2023-06-11,233.95,9,-20.6,0.4,6,2023,-0.0881
CA-2023-107232,CG-10216,OFF-FAS-10366,2021-09-19,888.7,3,-131.18,0.3,9,2021,-0.1476
CA-2023-107233,CG-10634,TEC-COP-10652,2021-02-12,1317.0,1,-156.86,0.2,2,2021,-0.1191
CA-2023-107234,CG-10279,OFF-LAB-10234,2023-11-20,1382.16,1,382.75,0.2,11,2023,0.2769
CA-2023-107235,CG-10457,FUR-TAB-10070,2022-09-19,1740.18,3,-129.85,0.0,9,2022,-0.0746
CA-2023-107236,CG-10766,OFF-ENV-10675,2023-09-09,366.65,9,129.75,0.3,9,2023,0.3539
CA-2023-107237,CG-10073,OFF-STO-10300,2023-04-25,373.65,2,97.41,0.4,4,2023,0.2607
CA-2023-107238,CG-10482,TEC-ACC-10707,2023-07-13,734.48,10,80.06,0.4,7,2023,0.109
CA-2023-107239,CG-10642,FUR-CHA-10417,2021-05-27,1246.1,3,-139.03,0.0,5,2021,-0.1116
CA-2023-107240,CG-10335,FUR-BOO-10073,2021-06-08,764.34,4,150.59,0.2,6,2021,0.197
CA-2023-107241,CG-10738,FUR-BOO-10289,2022-01-05,995.1,1,358.31,0.0,1,2022,0.3601
CA-2023-107242,CG-10221,TEC-ACC-10676,2021-11-02,1180.79,4,261.79,0.0,11,2021,0.2217
CA-2023-107243,CG-10042,FUR-FUR-10008,2023-11-10,1134.38,3,-72.58,0.0,11,2023,-0.064
CA-2023-107244,CG-10106,OFF-ENV-10815,2022-08-06,140.5,7,41.93,0.5,8,2022,0.2984
CA-2023-107245,CG-10057,OFF-BIN-10456,2022-04-29,1290.04,5,32.75,0.0,4,2022,0.0254
CA-2023-107246,CG-10404,FUR-CHA-10997,2023-08-19,366.94,6,85.02,0.4,8,2023,0.2317
CA-2023-107247,CG-10400,FUR-CHA-10237,2023-05-14,1652.54,4,603.37,0.0,5,2023,0.3651
CA-2023-107248,CG-10160,OFF-PAP-10188,2021-01-12,1331.05,4,-79.35,0.4,1,2021,-0.0596
CA-2023-107249,CG-10346,OFF-BIN-10347,2021-04-30,887.41,4,143.25,0.0,4,2021,0.1614
CA-2023-107250,CG-10048,FUR-FUR-10358,2021-09-02,754.39,1,283.32,0.2,9,2021,0.3756
CA-2023-107251,CG-10424,FUR-FUR-10844,2022-05-15,1082.04,6,-151.4,0.3,5,2022,-0.1399
CA-2023-107252,CG-10612,TEC-MAC-10670,2021-12-06,1109.43,7,238.78,0.4,12,2021,0.2152
CA-2023-107253,CG-10237,TEC-MAC-10659,2023-03-29,1992.58,7,176.29,0.1,3,2023,0.0885
CA-2023-107254,CG-10249,OFF-FAS-10287,2023-06-10,1279.89,1,136.81,0.5,6,2023,0.1069
CA-2023-107255,CG-10709,TEC-ACC-10074,2021-01-02,890.43,3,242.93,0.3,1,2021,0.2728
CA-2023-107256,CG-10524,TEC-ACC-10242,2023-09-27,1786.02,3,-221.46,0.0,9,2023,-0.124
CA-2023-107257,CG-10667,FUR-TAB-10371,2021-07-07,1867.68,4,-283.93,0.0,7,2021,-0.152
CA-2023-107258,CG-10715,TEC-COP-10620,2023-03-24,1062.7,5,109.79,0.5,3,2023,0.1033
CA-2023-107259,CG-10524,FUR-CHA-10623,2023-09-20,1991.33,3,447.37,0.4,9,2023,0.2247
CA-2023-107260,CG-10389,FUR-TAB-10551,2022-04-15,1699.19,8,76.29,0.2,4,2022,0.0449
CA-2023-107261,CG-10753,FUR-TAB-10235,2023-10-12,1099.26,3,430.4,0.5,10,2023,0.3915
CA-2023-107262,CG-10290,TEC-COP-10375,2023-10-10,758.21,6,-102.62,0.4,10,2023,-0.1353
CA-2023-107263,CG-10273,FUR-CHA-10652,2021-05-24,1240.51,5,-95.34,0.2,5,2021,-0.0769
CA-2023-107264,CG-10028,OFF-APP-10845,2023-12-30,1921.45,10,548.67,0.0,12,2023,0.2855
CA-2023-107265,CG-10070,OFF-FAS-10470,2022-12-31,233.15,4,56.28,0.3,12,2022,0.2414
CA-2023-107266,CG-10457,FUR-CHA-10787,2022-07-10,1960.94,1,772.64,0.0,7,2022,0.394
CA-2023-107267,CG-10555,OFF-BIN-10449,2023-01-14,403.29,6,122.31,0.4,1,2023,0.3033
CA-2023-107268,CG-10555,FUR-CHA-10423,2021-06-03,1252.13,2,371.88,0.1,6,2021,0.297
CA-2023-107269,CG-10405,FUR-BOO-10574,2022-11-29,1637.86,7,-172.71,0.0,11,2022,-0.1054
CA-2023-107270,CG-10469,FUR-TAB-10994,2022-05-20,1333.0,5,376.25,0.1,5,2022,0.2823
CA-2023-107271,CG-10600,FUR-FUR-10564,2022-02-01,1700.9,3,641.41,0.4,2,2022,0.3771
CA-2023-107272,CG-10562,TEC-MAC-10311,2022-06-20,990.95,5,75.54,0.2,6,2022,0.0762
CA-2023-107273,CG-10735,OFF-LAB-10772,2023-05-05,1196.59,10,324.4,0.5,5,2023,0.2711
CA-2023-107274,CG-10588,OFF-APP-10839,2021-10-11,1779.64,10,268.55,0.0,10,2021,0.1509
CA-2023-107275,CG-10503,OFF-FAS-10198,2023-02-03,1363.69,2,460.52,0.5,2,2023,0.3377
CA-2023-107276,CG-10048,FUR-CHA-10284,2023-10-05,1734.22,6,160.28,0.0,10,2023,0.0924
CA-2023-107277,CG-10680,FUR-FUR-10975,2023-08-24,461.2,5,102.01,0.0,8,2023,0.2212
CA-2023-107278,CG-10657,FUR-FUR-10957,2023-10-06,852.45,6,112.91,0.1,10,2023,0.1325
CA-2023-107279,CG-10484,TEC-COP-10130,2023-08-30,1905.25,1,82.36,0.0,8,2023,0.0432
CA-2023-107280,CG-10167,TEC-PHO-10936,2022-03-25,258.64,6,-47.34,0.3,3,2022,-0.183
CA-2023-107281,CG-10366,OFF-STO-10311,2023-04-26,586.94,7,-28.7,0.0,4,2023,-0.0489
CA-2023-107282,CG-10592,FUR-TAB-10476,2021-12-03,1656.69,10,567.79,0.0,12,2021,0.3427
CA-2023-107283,CG-10247,OFF-LAB-10412,2023-12-07,820.84,10,162.62,0.0,12,2023,0.1981
CA-2023-107284,CG-10677,FUR-TAB-10371,2022-09-22,533.11,6,45.34,0.0,9,2022,0.085
CA-2023-107285,CG-10162,FUR-FUR-10393,2023-05-11,1523.17,2,-110.84,0.2,5,2023,-0.0728
CA-2023-107286,CG-10352,OFF-SUP-10813,2023-04-25,339.41,4,-40.89,0.0,4,2023,-0.1205
CA-2023-107287,CG-10370,FUR-BOO-10506,2021-08-01,857.62,10,132.49,0.5,8,2021,0.1545
CA-2023-107288,CG-10554,FUR-CHA-10809,2023-04-10,1981.74,8,-202.75,0.2,4,2023,-0.1023
CA-2023-107289,CG-10515,TEC-PHO-10112,2021-11-12,1473.27,5,419.74,0.2,11,2021,0.2849
CA-2023-107290,CG-10360,TEC-PHO-10205,2022-01-24,1657.01,3,493.91,0.4,1,2022,0.2981
CA-2023-107291,CG-10709,TEC-COP-10788,2022-06-17,1080.46,1,69.48,0.5,6,2022,0.0643
CA-2023-107292,CG-10735,OFF-ENV-10265,2021-06-29,1151.02,3,138.99,0.4,6,2021,0.1208
CA-2023-107293,CG-10297,OFF-FAS-10846,2023-02-16,308.62,8,89.3,0.0,2,2023,0.2894
CA-2023-107294,CG-10161,FUR-TAB-10145,2022-09-24,1503.07,7,409.94,0.0,9,2022,0.2727
CA-2023-107295,CG-10438,OFF-ART-10433,2023-03-08,771.47,3,-139.7,0.2,3,2023,-0.1811
CA-2023-107296,CG-10123,TEC-MAC-10542,2022-03-07,106.77,10,14.54,0.3,3,2022,0.1362
CA-2023-107297,CG-10255,OFF-ART-10403,2022-02-08,863.0,6,92.32,0.0,2,2022,0.107
CA-2023-107298,CG-10445,FUR-BOO-10149,2021-04-04,1944.56,4,-303.81,0.1,4,2021,-0.1562
CA-2023-107299,CG-10166,TEC-COP-10459,2021-04-12,967.33,1,-75.07,0.1,4,2021,-0.0776
CA-2023-107300,CG-10253,FUR-FUR-10372,2023-01-19,15.43,9,-2.69,0.3,1,2023,-0.1743
CA-2023-107301,CG-10265,OFF-ART-10166,2021-12-09,67.14,4,1.27,0.5,12,2021,0.0189
CA-2023-107302,CG-10403,OFF-ART-10122,2021-03-27,939.08,5,-62.2,0.1,3,2021,-0.0662
CA-2023-107303,CG-10347,FUR-TAB-10711,2021-01-01,668.07,1,-100.64,0.2,1,2021,-0.1506
CA-2023-107304,CG-10729,TEC-PHO-10426,2022-09-25,1491.72,2,232.48,0.0,9,2022,0.1558
CA-2023-107305,CG-10526,TEC-PHO-10897,2023-10-26,344.64,7,-66.88,0.2,10,2023,-0.1941
CA-2023-107306,CG-10415,TEC-ACC-10456,2022-07-22,1691.84,3,661.74,0.5,7,2022,0.3911
CA-2023-107307,CG-10444,TEC-COP-10350,2022-09-26,587.23,2,118.99,0.0,9,2022,0.2026
CA-2023-107308,CG-10076,TEC-MAC-10990,2021-01-09,1510.67,10,-161.06,0.2,1,2021,-0.1066
CA-2023-107309,CG-10189,OFF-PAP-10869,2021-02-22,1061.29,3,192.27,0.1,2,2021,0.1812
CA-2023-107310,CG-10002,OFF-STO-10936,2021-02-05,1301.85,1,-156.55,0.5,2,2021,-0.1203
CA-2023-107311,CG-10203,TEC-MAC-10089,2023-09-06,1914.29,3,-155.04,0.0,9,2023,-0.081
CA-2023-107312,CG-10409,TEC-ACC-10705,2021-11-30,369.17,7,40.75,0.2,11,2021,0.1104
CA-2023-107313,CG-10000,OFF-LAB-10816,2023-03-15,157.13,10,41.9,0.2,3,2023,0.2667
CA-2023-107314,CG-10643,OFF-PAP-10171,2022-11-14,1620.08,6,-3.11,0.0,11,2022,-0.0019
CA-2023-107315,CG-10193,TEC-PHO-10309,2021-01-17,447.1,7,-39.01,0.5,1,2021,-0.0873
CA-2023-107316,CG-10100,FUR-FUR-10024,2021-09-01,1092.84,2,-181.41,0.0,9,2021,-0.166
CA-2023-107317,CG-10475,TEC-MAC-10481,2022-04-16,863.82,8,-104.07,0.0,4,2022,-0.1205
CA-2023-107318,CG-10296,FUR-BOO-10726,2023-05-26,650.94,4,217.17,0.3,5,2023,0.3336
CA-2023-107319,CG-10194,FUR-TAB-10588,2022-08-30,1124.34,6,-146.0,0.5,8,2022,-0.1299
CA-2023-107320,CG-10457,OFF-SUP-10072,2022-02-10,1824.08,5,-140.1,0.0,2,2022,-0.0768
CA-2023-107321,CG-10416,OFF-ART-10202,2022-02-23,511.05,5,130.31,0.4,2,2022,0.255
CA-2023-107322,CG-10486,FUR-FUR-10992,2023-04-06,478.41,2,35.13,0.5,4,2023,0.0734
CA-2023-107323,CG-10128,FUR-CHA-10710,2023-05-23,848.35,10,80.14,0.4,5,2023,0.0945
CA-2023-107324,CG-10610,TEC-ACC-10533,2022-05-07,974.83,1,-193.9,0.4,5,2022,-0.1989
CA-2023-107325,CG-10082,OFF-BIN-10764,2021-10-01,1873.64,10,352.63,0.0,10,2021,0.1882
CA-2023-107326,CG-10415,OFF-FAS-10481,2021-02-14,184.39,3,41.23,0.2,2,2021,0.2236
CA-2023-107327,CG-10013,FUR-TAB-10159,2021-01-12,1817.49,5,-124.49,0.4,1,2021,-0.0685
CA-2023-107328,CG-10125,TEC-MAC-10749,2022-12-30,159.02,3,16.67,0.5,12,2022,0.1048
CA-2023-107329,CG-10150,FUR-CHA-10309,2023-10-18,1025.32,5,98.94,0.0,10,2023,0.0965
CA-2023-107330,CG-10102,TEC-PHO-10112,2021-04-16,814.71,1,5.93,0.5,4,2021,0.0073
CA-2023-107331,CG-10137,OFF-PAP-10806,2021-03-14,1959.81,10,573.04,0.0,3,2021,0.2924
CA-2023-107332,CG-10264,OFF-SUP-10721,2021-06-16,1609.7,10,161.78,0.2,6,2021,0.1005
CA-2023-107333,CG-10141,FUR-BOO-10824,2022-04-03,1718.51,5,362.85,0.0,4,2022,0.2111
CA-2023-107334,CG-10099,TEC-MAC-10352,2023-12-12,1916.34,3,165.95,0.1,12,2023,0.0866
CA-2023-107335,CG-10647,TEC-MAC-10750,2021-04-19,1862.14,4,499.83,0.3,4,2021,0.2684
CA-2023-107336,CG-10344,OFF-SUP-10200,2023-06-09,1711.32,6,303.25,0.1,6,2023,0.1772
CA-2023-107337,CG-10443,FUR-CHA-10945,2022-01-21,916.69,1,113.8,0.5,1,2022,0.1241
CA-2023-107338,CG-10231,OFF-SUP-10938,2022-03-23,817.19,10,36.72,0.0,3,2022,0.0449
CA-2023-107339,CG-10133,TEC-PHO-10080,2023-04-11,978.71,5,-118.73,0.3,4,2023,-0.1213
CA-2023-107340,CG-10155,TEC-ACC-10158,2022-05-18,406.96,9,158.96,0.1,5,2022,0.3906
CA-2023-107341,CG-10613,OFF-BIN-10929,2022-05-19,1401.62,6,504.74,0.1,5,2022,0.3601
CA-2023-107342,CG-10164,TEC-PHO-10326,2022-09-11,376.6,2,60.41,0.1,9,2022,0.1604
CA-2023-107343,CG-10419,OFF-BIN-10828,2021-02-01,1579.0,4,375.61,0.1,2,2021,0.2379
CA-2023-107344,CG-10472,OFF-PAP-10961,2022-03-16,724.51,4,102.42,0.5,3,2022,0.1414
CA-2023-107345,CG-10542,FUR-FUR-10568,2021-04-08,1671.63,9,297.23,0.0,4,2021,0.1778
CA-2023-107346,CG-10769,TEC-COP-10569,2023-08-26,1657.45,6,72.01,0.5,8,2023,0.0434
CA-2023-107347,CG-10629,TEC-COP-10912,2022-11-11,752.7,6,6.95,0.1,11,2022,0.0092
CA-2023-107348,CG-10726,OFF-FAS-10813,2023-11-24,590.14,5,56.86,0.0,11,2023,0.0964
CA-2023-107349,CG-10363,FUR-FUR-10594,2022-09-18,681.76,2,209.76,0.4,9,2022,0.3077
CA-2023-107350,CG-10706,TEC-ACC-10103,2021-09-27,1239.7,10,-16.53,0.0,9,2021,-0.0133
CA-2023-107351,CG-10459,OFF-LAB-10711,2022-08-10,909.92,9,-123.57,0.2,8,2022,-0.1358
CA-2023-107352,CG-10115,OFF-SUP-10853,2022-12-03,53.94,5,-8.74,0.2,12,2022,-0.162
CA-2023-107353,CG-10640,FUR-CHA-10629,2023-05-25,688.45,9,74.45,0.5,5,2023,0.1081
CA-2023-107354,CG-10327,OFF-SUP-10578,2022-08-07,322.61,1,9.9,0.3,8,2022,0.0307
CA-2023-107355,CG-10340,TEC-ACC-10853,2022-10-23,1674.09,8,70.36,0.0,10,2022,0.042
CA-2023-107356,CG-10095,FUR-BOO-10586,2022-02-27,1015.8,7,142.5,0.4,2,2022,0.1403
CA-2023-107357,CG-10568,TEC-ACC-10915,2022-12-29,215.46,9,48.13,0.4,12,2022,0.2234
CA-2023-107358,CG-10163,FUR-BOO-10803,2023-10-11,643.81,8,57.96,0.1,10,2023,0.09
CA-2023-107359,CG-10427,FUR-CHA-10201,2021-01-25,1490.17,1,124.59,0.0,1,2021,0.0836
CA-2023-107360,CG-10059,OFF-PAP-10235,2023-07-29,134.54,4,52.81,0.1,7,2023,0.3925
CA-2023-107361,CG-10375,OFF-FAS-10341,2022-05-23,312.68,7,-59.14,0.0,5,2022,-0.1891
CA-2023-107362,CG-10394,OFF-BIN-10547,2023-09-23,1028.73,7,11.6,0.0,9,2023,0.0113
CA-2023-107363,CG-10271,TEC-MAC-10729,2021-04-30,1134.39,1,-123.66,0.4,4,2021,-0.109
CA-2023-107364,CG-10248,OFF-PAP-10381,2022-06-28,423.64,5,-5.16,0.5,6,2022,-0.0122
CA-2023-107365,CG-10497,TEC-MAC-10213,2023-06-02,1028.1,5,216.78,0.5,6,2023,0.2109
CA-2023-107366,CG-10489,OFF-FAS-10583,2021-07-26,1316.15,2,-210.98,0.3,7,2021,-0.1603
CA-2023-107367,CG-10411,TEC-MAC-10346,2022-11-13,1527.55,4,-284.76,0.0,11,2022,-0.1864
CA-2023-107368,CG-10474,TEC-MAC-10993,2023-01-23,1528.98,7,220.53,0.0,1,2023,0.1442
CA-2023-107369,CG-10362,FUR-TAB-10548,2021-11-21,1112.94,2,182.57,0.3,11,2021,0.164
CA-2023-107370,CG-10727,TEC-COP-10254,2021-04-11,1161.19,8,-167.81,0.0,4,2021,-0.1445
CA-2023-107371,CG-10659,FUR-FUR-10635,2021-05-29,1227.91,8,-109.65,0.5,5,2021,-0.0893
CA-2023-107372,CG-10118,TEC-ACC-10385,2023-03-19,1620.96,2,335.85,0.0,3,2023,0.2072
CA-2023-107373,CG-10046,TEC-PHO-10497,2023-01-02,947.6,9,-121.36,0.5,1,2023,-0.1281
CA-2023-107374,CG-10161,TEC-COP-10722,2022-11-01,635.71,7,211.55,0.0,11,2022,0.3328
CA-2023-107375,CG-10226,OFF-APP-10632,2023-12-03,1066.2,2,-157.11,0.3,12,2023,-0.1474
CA-2023-107376,CG-10431,TEC-ACC-10492,2021-07-25,986.72,4,383.67,0.3,7,2021,0.3888
CA-2023-107377,CG-10041,TEC-MAC-10961,2022-05-28,1408.5,4,71.33,0.1,5,2022,0.0506
CA-2023-107378,CG-10083,OFF-STO-10877,2021-05-07,455.81,3,80.16,0.1,5,2021,0.1759
CA-2023-107379,CG-10486,OFF-LAB-10559,2021-08-28,506.35,4,65.25,0.2,8,2021,0.1289
CA-2023-107380,CG-10705,FUR-FUR-10110,2021-10-23,822.74,1,181.9,0.0,10,2021,0.2211
CA-2023-107381,CG-10767,OFF-PAP-10469,2023-03-07,1767.82,5,-236.03,0.3,3,2023,-0.1335
CA-2023-107382,CG-10550,FUR-TAB-10394,2022-03-02,896.44,9,294.66,0.1,3,2022,0.3287
CA-2023-107383,CG-10357,TEC-PHO-10625,2021-02-12,1453.91,6,274.19,0.0,2,2021,0.1886
CA-2023-107384,CG-10755,OFF-PAP-10961,2022-08-10,845.24,9,211.93,0.4,8,2022,0.2507
CA-2023-107385,CG-10435,OFF-SUP-10457,2022-03-22,1530.83,10,-152.9,0.3,3,2022,-0.0999
CA-2023-107386,CG-10151,OFF-LAB-10884,2022-04-17,1720.93,8,164.08,0.0,4,2022,0.0953
CA-2023-107387,CG-10656,OFF-ART-10756,2022-01-04,134.28,7,1.7,0.0,1,2022,0.0127
CA-2023-107388,CG-10203,TEC-ACC-10990,2022-03-02,163.33,1,4.87,0.0,3,2022,0.0298
CA-2023-107389,CG-10683,TEC-ACC-10826,2022-12-14,295.72,3,112.58,0.0,12,2022,0.3807
CA-2023-107390,CG-10516,OFF-ART-10866,2021-03-06,541.34,4,32.9,0.2,3,2021,0.0608
CA-2023-107391,CG-10551,OFF-BIN-10895,2023-07-01,1167.74,10,292.19,0.5,7,2023,0.2502
CA-2023-107392,CG-10128,TEC-COP-10224,2022-12-14,1083.59,6,136.57,0.0,12,2022,0.126
CA-2023-107393,CG-10067,FUR-FUR-10887,2023-07-06,1928.97,4,69.55,0.0,7,2023,0.0361
CA-2023-107394,CG-10741,FUR-CHA-10024,2023-01-12,1343.61,2,447.76,0.4,1,2023,0.3333
CA-2023-107395,CG-10147,TEC-PHO-10972,2021-03-04,1268.68,5,-5.43,0.0,3,2021,-0.0043
CA-2023-107396,CG-10763,FUR-CHA-10573,2021-12-11,58.27,6,6.59,0.0,12,2021,0.1131
CA-2023-107397,CG-10655,OFF-PAP-10943,2023-11-27,367.72,8,-55.78,0.0,11,2023,-0.1517
CA-2023-107398,CG-10649,OFF-BIN-10673,2021-12-10,1337.85,9,-16.16,0.0,12,2021,-0.0121
CA-2023-107399,CG-10378,TEC-ACC-10911,2023-01-03,571.8,7,-42.94,0.3,1,2023,-0.0751
CA-2023-107400,CG-10588,FUR-CHA-10049,2023-02-04,542.59,6,-16.52,0.0,2,2023,-0.0304
CA-2023-107401,CG-10512,TEC-COP-10813,2023-01-08,1183.98,2,-182.78,0.0,1,2023,-0.1544
CA-2023-107402,CG-10507,FUR-TAB-10085,2023-01-11,331.89,1,-49.37,0.1,1,2023,-0.1488
CA-2023-107403,CG-10205,TEC-MAC-10999,2021-09-01,167.01,9,17.03,0.2,9,2021,0.102
CA-2023-107404,CG-10110,OFF-PAP-10019,2021-06-12,1005.38,7,199.8,0.2,6,2021,0.1987
CA-2023-107405,CG-10257,OFF-FAS-10212,2022-12-07,1361.5,3,-128.18,0.1,12,2022,-0.0941
CA-2023-107406,CG-10145,OFF-ENV-10940,2022-09-20,381.67,3,-50.45,0.4,9,2022,-0.1322
CA-2023-107407,CG-10443,TEC-MAC-10618,2021-08-18,1526.43,8,-244.74,0.5,8,2021,-0.1603
CA-2023-107408,CG-10701,OFF-ART-10890,2021-08-02,1476.71,8,15.41,0.1,8,2021,0.0104
CA-2023-107409,CG-10579,OFF-FAS-10255,2023-02-19,818.34,2,-13.27,0.5,2,2023,-0.0162
CA-2023-107410,CG-10508,OFF-ART-10914,2023-07-13,235.37,2,-19.84,0.2,7,2023,-0.0843
CA-2023-107411,CG-10107,FUR-CHA-10311,2022-03-03,170.45,7,16.55,0.0,3,2022,0.0971
CA-2023-107412,CG-10609,FUR-FUR-10750,2022-01-18,1919.4,9,614.22,0.0,1,2022,0.32
CA-2023-107413,CG-10435,OFF-LAB-10224,2023-12-09,210.51,5,24.26,0.1,12,2023,0.1152
CA-2023-107414,CG-10490,OFF-APP-10687,2023-12-03,995.53,1,316.59,0.2,12,2023,0.318
CA-2023-107415,CG-10374,OFF-PAP-10793,2023-04-22,748.61,1,17.48,0.0,4,2023,0.0233
CA-2023-107416,CG-10771,TEC-MAC-10823,2021-09-01,1169.67,10,431.47,0.3,9,2021,0.3689
CA-2023-107417,CG-10601,FUR-BOO-10302,2023-03-30,667.28,8,206.25,0.1,3,2023,0.3091
CA-2023-107418,CG-10076,OFF-ART-10090,2021-07-26,363.79,7,137.87,0.4,7,2021,0.379
CA-2023-107419,CG-10536,TEC-ACC-10391,2021-05-05,782.6,7,-67.44,0.0,5,2021,-0.0862
CA-2023-107420,CG-10607,TEC-PHO-10742,2023-12-26,342.63,8,4.21,0.5,12,2023,0.0123
CA-2023-107421,CG-10037,FUR-CHA-10360,2022-11-23,326.82,6,8.38,0.3,11,2022,0.0256
CA-2023-107422,CG-10566,FUR-TAB-10440,2022-01-04,769.56,5,-33.29,0.0,1,2022,-0.0433
CA-2023-107423,CG-10388,OFF-LAB-10610,2023-11-04,227.09,5,70.74,0.1,11,2023,0.3115
CA-2023-107424,CG-10778,FUR-FUR-10977,2022-10-02,727.76,9,-17.91,0.1,10,2022,-0.0246
CA-2023-107425,CG-10713,OFF-LAB-10378,2022-12-03,856.8,6,-35.0,0.2,12,2022,-0.0408
CA-2023-107426,CG-10575,TEC-PHO-10475,2023-10-23,719.26,5,208.54,0.2,10,2023,0.2899
CA-2023-107427,CG-10103,OFF-APP-10701,2022-12-19,156.88,10,-30.39,0.4,12,2022,-0.1937
CA-2023-107428,CG-10603,OFF-LAB-10016,2022-11-11,1752.05,6,567.95,0.5,11,2022,0.3242
CA-2023-107429,CG-10340,FUR-FUR-10149,2022-11-12,1602.49,10,417.32,0.2,11,2022,0.2604
CA-2023-107430,CG-10121,OFF-ART-10441,2022-04-05,1276.92,2,99.7,0.0,4,2022,0.0781
CA-2023-107431,CG-10599,OFF-SUP-10044,2022-08-11,852.46,4,124.77,0.3,8,2022,0.1464
CA-2023-107432,CG-10629,FUR-CHA-10488,2021-03-17,288.15,9,102.04,0.2,3,2021,0.3541
CA-2023-107433,CG-10462,OFF-FAS-10851,2021-08-21,488.29,5,192.3,0.5,8,2021,0.3938
CA-2023-107434,CG-10604,TEC-ACC-10808,2021-10-25,677.49,2,64.64,0.4,10,2021,0.0954
CA-2023-107435,CG-10166,OFF-PAP-10808,2022-10-16,1203.65,2,-150.65,0.4,10,2022,-0.1252
CA-2023-107436,CG-10449,OFF-ART-10377,2023-12-14,1144.52,8,175.73,0.4,12,2023,0.1535
CA-2023-107437,CG-10729,OFF-FAS-10686,2021-08-04,510.97,3,117.23,0.0,8,2021,0.2294
CA-2023-107438,CG-10322,FUR-BOO-10014,2023-10-24,1821.88,2,72.28,0.5,10,2023,0.0397
CA-2023-107439,CG-10359,OFF-ENV-10846,2021-03-23,1849.63,1,-275.43,0.0,3,2021,-0.1489
CA-2023-107440,CG-10156,TEC-ACC-10277,2021-09-20,553.79,2,-104.3,0.2,9,2021,-0.1883
CA-2023-107441,CG-10454,FUR-BOO-10024,2021-07-02,1423.15,1,155.97,0.1,7,2021,0.1096
CA-2023-107442,CG-10335,OFF-ENV-10925,2022-08-26,841.16,4,-103.24,0.0,8,2022,-0.1227
CA-2023-107443,CG-10397,OFF-ART-10594,2023-04-29,207.58,3,76.14,0.5,4,2023,0.3668
CA-2023-107444,CG-10570,FUR-FUR-10952,2022-02-04,295.63,1,17.16,0.0,2,2022,0.058
CA-2023-107445,CG-10509,FUR-TAB-10489,2021-08-17,1112.15,1,25.42,0.2,8,2021,0.0229
CA-2023-107446,CG-10212,FUR-TAB-10375,2022-09-10,1651.63,10,616.22,0.2,9,2022,0.3731
CA-2023-107447,CG-10554,FUR-TAB-10242,2021-02-06,317.62,1,109.87,0.0,2,2021,0.3459
CA-2023-107448,CG-10123,TEC-MAC-10413,2023-11-26,1547.71,3,218.08,0.3,11,2023,0.1409
CA-2023-107449,CG-10521,TEC-PHO-10179,2021-08-21,1361.43,10,-233.89,0.1,8,2021,-0.1718
CA-2023-107450,CG-10361,TEC-MAC-10676,2023-07-23,557.89,9,-105.31,0.1,7,2023,-0.1888
CA-2023-107451,CG-10381,OFF-ART-10036,2022-03-23,486.02,8,-21.61,0.0,3,2022,-0.0445
CA-2023-107452,CG-10296,TEC-COP-10873,2023-12-03,270.69,3,-1.25,0.1,12,2023,-0.0046
CA-2023-107453,CG-10733,FUR-CHA-10898,2021-10-10,59.69,6,21.31,0.1,10,2021,0.357
CA-2023-107454,CG-10565,TEC-PHO-10305,2021-04-19,809.9,5,48.21,0.3,4,2021,0.0595
CA-2023-107455,CG-10222,FUR-CHA-10250,2022-05-16,1929.28,3,92.12,0.5,5,2022,0.0477
CA-2023-107456,CG-10011,TEC-PHO-10212,2023-05-02,1159.31,8,137.16,0.0,5,2023,0.1183
CA-2023-107457,CG-10284,OFF-ENV-10329,2021-08-26,74.75,3,-14.78,0.0,8,2021,-0.1977
CA-2023-107458,CG-10656,TEC-COP-10574,2022-06-25,1439.39,3,-174.76,0.0,6,2022,-0.1214
CA-2023-107459,CG-10165,OFF-APP-10522,2023-02-05,931.37,5,308.68,0.4,2,2023,0.3314
CA-2023-107460,CG-10466,FUR-TAB-10024,2022-08-25,863.58,4,9.96,0.5,8,2022,0.0115
CA-2023-107461,CG-10033,TEC-ACC-10065,2022-07-02,1864.5,2,0.62,0.4,7,2022,0.0003
CA-2023-107462,CG-10351,TEC-ACC-10289,2022-01-08,350.6,4,79.01,0.0,1,2022,0.2254
CA-2023-107463,CG-10008,FUR-FUR-10607,2023-04-03,1419.85,7,490.91,0.2,4,2023,0.3457
CA-2023-107464,CG-10474,OFF-APP-10636,2021-01-18,1006.24,10,35.39,0.1,1,2021,0.0352
CA-2023-107465,CG-10546,FUR-TAB-10685,2023-05-02,1884.31,2,556.41,0.5,5,2023,0.2953
CA-2023-107466,CG-10172,OFF-STO-10564,2022-12-08,1721.81,1,632.09,0.4,12,2022,0.3671
CA-2023-107467,CG-10693,TEC-PHO-10768,2023-04-04,1605.07,1,301.96,0.4,4,2023,0.1881
CA-2023-107468,CG-10584,TEC-ACC-10694,2021-11-06,396.06,10,88.27,0.5,11,2021,0.2229
CA-2023-107469,CG-10035,FUR-CHA-10187,2022-08-01,373.88,9,134.95,0.4,8,2022,0.3609
CA-2023-107470,CG-10059,TEC-ACC-10697,2021-03-31,1496.95,9,-188.58,0.0,3,2021,-0.126
CA-2023-107471,CG-10766,FUR-FUR-10165,2021-05-18,401.35,5,-25.34,0.0,5,2021,-0.0631
CA-2023-107472,CG-10429,TEC-ACC-10407,2022-11-29,1920.54,10,-332.98,0.0,11,2022,-0.1734
CA-2023-107473,CG-10520,TEC-MAC-10905,2022-05-02,284.53,9,28.7,0.5,5,2022,0.1009
CA-2023-107474,CG-10363,TEC-PHO-10484,2023-08-23,795.07,1,46.85,0.4,8,2023,0.0589
CA-2023-107475,CG-10585,FUR-TAB-10120,2021-07-06,834.95,2,125.18,0.0,7,2021,0.1499
CA-2023-107476,CG-10250,FUR-CHA-10052,2023-05-30,14.54,5,3.86,0.1,5,2023,0.2655
CA-2023-107477,CG-10383,OFF-SUP-10123,2023-08-14,463.37,5,137.2,0.2,8,2023,0.2961
CA-2023-107478,CG-10354,OFF-STO-10350,2023-10-04,257.84,4,10.04,0.3,10,2023,0.0389
CA-2023-107479,CG-10425,FUR-CHA-10465,2021-09-04,1264.53,6,53.46,0.0,9,2021,0.0423
CA-2023-107480,CG-10298,TEC-PHO-10639,2023-04-09,1544.19,3,355.61,0.3,4,2023,0.2303
CA-2023-107481,CG-10504,TEC-MAC-10426,2023-12-31,327.86,3,-51.19,0.0,12,2023,-0.1561
CA-2023-107482,CG-10635,TEC-MAC-10209,2023-03-07,458.2,7,-1.73,0.2,3,2023,-0.0038
CA-2023-107483,CG-10383,OFF-SUP-10151,2021-06-14,876.57,6,173.41,0.0,6,2021,0.1978
CA-2023-107484,CG-10696,OFF-APP-10598,2021-07-14,1660.4,1,-168.3,0.0,7,2021,-0.1014
CA-2023-107485,CG-10354,TEC-PHO-10268,2023-01-12,73.81,1,17.84,0.0,1,2023,0.2417
CA-2023-107486,CG-10450,TEC-ACC-10066,2022-09-20,1725.06,9,-219.44,0.5,9,2022,-0.1272
CA-2023-107487,CG-10774,FUR-FUR-10954,2023-07-10,1974.28,6,130.54,0.1,7,2023,0.0661
CA-2023-107488,CG-10474,FUR-TAB-10753,2021-03-31,1285.38,10,298.24,0.1,3,2021,0.232
CA-2023-107489,CG-10478,TEC-COP-10248,2021-12-30,1332.23,6,167.15,0.5,12,2021,0.1255
CA-2023-107490,CG-10238,FUR-TAB-10345,2021-10-26,202.85,10,-23.92,0.0,10,2021,-0.1179
CA-2023-107491,CG-10309,OFF-SUP-10012,2023-11-26,1437.94,9,-254.83,0.3,11,2023,-0.1772
CA-2023-107492,CG-10571,OFF-ART-10056,2021-04-30,986.17,7,276.41,0.3,4,2021,0.2803
CA-2023-107493,CG-10208,OFF-LAB-10872,2023-05-28,1971.36,8,77.13,0.0,5,2023,0.0391
CA-2023-107494,CG-10289,OFF-APP-10899,2022-11-07,433.12,4,8.39,0.2,11,2022,0.0194
CA-2023-107495,CG-10315,TEC-COP-10904,2021-11-06,222.99,3,-9.41,0.4,11,2021,-0.0422
CA-2023-107496,CG-10729,TEC-MAC-10197,2021-10-29,1470.04,5,531.03,0.5,10,2021,0.3612
CA-2023-107497,CG-10353,FUR-CHA-10426,2021-11-21,581.47,6,-51.95,0.2,11,2021,-0.0893
CA-2023-107498,CG-10064,OFF-FAS-10571,2022-05-24,1571.82,8,-127.43,0.0,5,2022,-0.0811
CA-2023-107499,CG-10503,FUR-FUR-10367,2023-04-21,1250.04,2,92.4,0.2,4,2023,0.0739
CA-2023-107500,CG-10571,FUR-FUR-10858,2022-07-12,1730.19,5,131.52,0.4,7,2022,0.076
CA-2023-107501,CG-10110,OFF-ART-10987,2023-07-03,764.95,3,75.59,0.4,7,2023,0.0988
CA-2023-107502,CG-10587,FUR-CHA-10183,2023-06-21,556.06,1,181.33,0.2,6,2023,0.3261
CA-2023-107503,CG-10565,OFF-PAP-10034,2023-12-13,961.18,10,-122.29,0.0,12,2023,-0.1272
CA-2023-107504,CG-10634,OFF-ART-10909,2022-09-08,1349.62,4,21.36,0.1,9,2022,0.0158
CA-2023-107505,CG-10171,TEC-COP-10484,2021-12-14,677.03,1,237.28,0.0,12,2021,0.3505
CA-2023-107506,CG-10287,FUR-TAB-10181,2023-08-27,1691.84,8,438.74,0.0,8,2023,0.2593
CA-2023-107507,CG-10723,FUR-FUR-10875,2021-03-26,1837.31,10,294.19,0.0,3,2021,0.1601
CA-2023-107508,CG-10579,FUR-CHA-10163,2022-12-27,669.02,10,99.22,0.0,12,2022,0.1483
CA-2023-107509,CG-10430,TEC-MAC-10901,2021-01-17,1674.37,10,327.66,0.3,1,2021,0.1957
CA-2023-107510,CG-10450,OFF-ENV-10067,2022-11-17,136.27,6,39.04,0.0,11,2022,0.2865
CA-2023-107511,CG-10220,TEC-MAC-10653,2022-10-15,430.93,5,-28.82,0.0,10,2022,-0.0669
CA-2023-107512,CG-10379,FUR-FUR-10744,2022-04-23,26.12,5,5.67,0.2,4,2022,0.2171
CA-2023-107513,CG-10544,FUR-FUR-10487,2023-10-20,326.85,4,103.72,0.0,10,2023,0.3173
CA-2023-107514,CG-10646,OFF-FAS-10396,2021-06-14,1725.1,8,-337.65,0.3,6,2021,-0.1957
CA-2023-107515,CG-10180,FUR-TAB-10701,2021-03-26,163.2,8,2.64,0.4,3,2021,0.0162
CA-2023-107516,CG-10351,OFF-ART-10452,2021-07-05,178.71,3,10.83,0.5,7,2021,0.0606
CA-2023-107517,CG-10404,FUR-CHA-10746,2022-06-03,230.78,2,-27.41,0.0,6,2022,-0.1188
CA-2023-107518,CG-10437,TEC-COP-10297,2023-09-02,1633.4,7,-125.3,0.0,9,2023,-0.0767
CA-2023-107519,CG-10171,FUR-TAB-10389,2023-11-24,681.66,2,230.7,0.2,11,2023,0.3384
CA-2023-107520,CG-10083,OFF-STO-10410,2021-06-13,1637.78,6,328.5,0.5,6,2021,0.2006
CA-2023-107521,CG-10631,TEC-COP-10452,2022-07-19,1331.99,3,357.16,0.1,7,2022,0.2681
CA-2023-107522,CG-10066,OFF-PAP-10612,2021-05-27,264.84,10,-17.83,0.5,5,2021,-0.0673
CA-2023-107523,CG-10322,OFF-BIN-10104,2022-06-17,704.7,4,167.97,0.4,6,2022,0.2384
CA-2023-107524,CG-10338,TEC-MAC-10824,2021-08-17,1727.73,5,307.62,0.0,8,2021,0.178
CA-2023-107525,CG-10438,TEC-COP-10090,2022-07-15,1085.39,3,57.4,0.0,7,2022,0.0529
CA-2023-107526,CG-10557,OFF-LAB-10583,2023-08-03,457.0,10,159.34,0.3,8,2023,0.3487
CA-2023-107527,CG-10012,FUR-CHA-10942,2022-08-14,307.85,1,122.48,0.5,8,2022,0.3979
CA-2023-107528,CG-10633,OFF-ENV-10295,2022-03-29,1251.39,4,-6.66,0.0,3,2022,-0.0053
CA-2023-107529,CG-10442,OFF-LAB-10978,2022-10-04,1063.15,10,264.6,0.1,10,2022,0.2489
CA-2023-107530,CG-10138,OFF-STO-10979,2023-02-17,563.4,8,118.21,0.1,2,2023,0.2098
CA-2023-107531,CG-10419,TEC-ACC-10346,2023-01-04,1489.86,1,-28.04,0.0,1,2023,-0.0188
CA-2023-107532,CG-10369,OFF-SUP-10405,2023-03-25,328.37,1,24.39,0.4,3,2023,0.0743
CA-2023-107533,CG-10066,FUR-TAB-10777,2021-11-27,644.54,6,180.66,0.1,11,2021,0.2803
CA-2023-107534,CG-10466,OFF-FAS-10419,2022-03-14,333.2,5,9.38,0.0,3,2022,0.0282
CA-2023-107535,CG-10321,OFF-ART-10696,2023-01-04,1430.83,2,-161.1,0.0,1,2023,-0.1126
CA-2023-107536,CG-10586,FUR-TAB-10919,2023-08-04,209.69,6,-26.13,0.1,8,2023,-0.1246
CA-2023-107537,CG-10486,TEC-COP-10734,2021-02-17,467.71,5,-66.5,0.3,2,2021,-0.1422
CA-2023-107538,CG-10109,FUR-TAB-10139,2021-06-20,323.32,4,56.05,0.0,6,2021,0.1734
CA-2023-107539,CG-10563,FUR-CHA-10994,2021-05-22,928.49,8,-173.02,0.3,5,2021,-0.1863
CA-2023-107540,CG-10445,OFF-SUP-10232,2023-12-03,1812.78,3,333.78,0.2,12,2023,0.1841
CA-2023-107541,CG-10294,TEC-MAC-10821,2021-03-21,462.32,8,-57.42,0.0,3,2021,-0.1242
CA-2023-107542,CG-10595,TEC-PHO-10428,2022-12-28,1766.57,1,428.81,0.2,12,2022,0.2427
CA-2023-107543,CG-10394,FUR-CHA-10981,2021-01-19,738.44,9,105.77,0.0,1,2021,0.1432
CA-2023-107544,CG-10186,TEC-PHO-10150,2023-02-17,152.34,4,43.12,0.5,2,2023,0.2831
CA-2023-107545,CG-10316,TEC-COP-10101,2022-03-13,165.74,7,45.32,0.0,3,2022,0.2734
CA-2023-107546,CG-10319,OFF-SUP-10809,2021-06-22,1434.91,3,-236.13,0.4,6,2021,-0.1646
CA-2023-107547,CG-10711,TEC-PHO-10945,2021-03-27,1251.81,5,32.28,0.2,3,2021,0.0258
CA-2023-107548,CG-10009,OFF-SUP-10649,2021-07-02,603.99,7,-64.88,0.0,7,2021,-0.1074
CA-2023-107549,CG-10073,FUR-TAB-10844,2021-10-13,937.57,8,224.32,0.5,10,2021,0.2393
CA-2023-107550,CG-10212,OFF-ENV-10615,2021-02-14,1376.02,8,270.96,0.2,2,2021,0.1969
CA-2023-107551,CG-10770,TEC-PHO-10544,2023-03-21,1930.63,10,525.73,0.0,3,2023,0.2723
CA-2023-107552,CG-10415,TEC-ACC-10680,2021-10-27,1129.97,2,-110.67,0.0,10,2021,-0.0979
CA-2023-107553,CG-10456,TEC-COP-10835,2021-03-04,1609.13,9,382.97,0.0,3,2021,0.238
CA-2023-107554,CG-10070,TEC-ACC-10701,2022-04-06,613.61,9,-40.75,0.0,4,2022,-0.0664
CA-2023-107555,CG-10262,FUR-BOO-10566,2022-06-20,1036.12,4,-17.15,0.2,6,2022,-0.0166
CA-2023-107556,CG-10518,TEC-ACC-10280,2021-10-23,1399.65,8,315.61,0.0,10,2021,0.2255
CA-2023-107557,CG-10062,FUR-BOO-10258,2021-12-07,1855.94,4,89.98,0.1,12,2021,0.0485
CA-2023-107558,CG-10513,FUR-FUR-10077,2021-04-26,84.21,8,-0.19,0.0,4,2021,-0.0023
CA-2023-107559,CG-10178,OFF-SUP-10915,2021-12-09,702.11,1,-5.2,0.4,12,2021,-0.0074
CA-2023-107560,CG-10520,FUR-CHA-10695,2021-07-25,563.29,10,75.09,0.0,7,2021,0.1333
CA-2023-107561,CG-10156,TEC-ACC-10377,2021-11-30,1440.41,2,-142.2,0.5,11,2021,-0.0987
CA-2023-107562,CG-10195,TEC-ACC-10850,2023-07-06,141.77,7,-24.01,0.0,7,2023,-0.1694
CA-2023-107563,CG-10591,OFF-BIN-10597,2021-04-26,385.57,6,58.66,0.0,4,2021,0.1521
CA-2023-107564,CG-10713,TEC-COP-10821,2021-04-11,296.75,6,41.95,0.0,4,2021,0.1414
CA-2023-107565,CG-10730,FUR-FUR-10359,2023-10-09,83.05,3,-12.19,0.3,10,2023,-0.1468
CA-2023-107566,CG-10195,OFF-PAP-10687,2023-08-10,630.61,4,-90.33,0.0,8,2023,-0.1432
CA-2023-107567,CG-10384,FUR-TAB-10513,2023-04-12,307.57,10,27.61,0.0,4,2023,0.0898
CA-2023-107568,CG-10679,TEC-MAC-10451,2022-09-29,508.34,5,122.86,0.2,9,2022,0.2417
CA-2023-107569,CG-10110,OFF-APP-10309,2023-03-13,461.82,9,-59.52,0.5,3,2023,-0.1289
CA-2023-107570,CG-10168,OFF-APP-10513,2021-04-01,311.92,4,101.61,0.0,4,2021,0.3258
CA-2023-107571,CG-10302,TEC-ACC-10468,2021-03-16,1984.77,1,-300.77,0.5,3,2021,-0.1515
CA-2023-107572,CG-10395,FUR-BOO-10007,2022-10-17,1879.91,6,-85.65,0.0,10,2022,-0.0456
CA-2023-107573,CG-10284,TEC-ACC-10960,2021-06-28,416.05,8,52.46,0.0,6,2021,0.1261
CA-2023-107574,CG-10445,TEC-COP-10183,2022-06-08,903.18,8,264.44,0.2,6,2022,0.2928
CA-2023-107575,CG-10314,FUR-BOO-10803,2021-09-01,1984.67,6,-306.69,0.5,9,2021,-0.1545
CA-2023-107576,CG-10416,OFF-SUP-10499,2023-12-24,1999.91,3,-230.5,0.5,12,2023,-0.1153
CA-2023-107577,CG-10443,TEC-MAC-10268,2021-02-23,446.26,1,92.22,0.0,2,2021,0.2067
CA-2023-107578,CG-10688,FUR-TAB-10116,2021-11-28,148.22,6,-17.68,0.0,11,2021,-0.1193
CA-2023-107579,CG-10165,OFF-LAB-10794,2021-08-04,1457.94,3,151.03,0.5,8,2021,0.1036
CA-2023-107580,CG-10258,FUR-CHA-10581,2022-05-22,322.71,4,125.63,0.0,5,2022,0.3893
CA-2023-107581,CG-10432,FUR-TAB-10667,2022-08-28,241.67,2,96.05,0.0,8,2022,0.3974
CA-2023-107582,CG-10580,FUR-BOO-10201,2024-01-01,466.36,2,-13.01,0.3,1,2024,-0.0279
CA-2023-107583,CG-10241,FUR-CHA-10222,2021-04-03,1054.81,1,131.74,0.4,4,2021,0.1249
CA-2023-107584,CG-10402,TEC-COP-10272,2021-07-04,316.86,4,46.28,0.3,7,2021,0.1461
CA-2023-107585,CG-10380,TEC-PHO-10470,2021-09-21,1421.41,1,546.01,0.3,9,2021,0.3841
CA-2023-107586,CG-10168,TEC-PHO-10376,2023-09-14,933.65,9,-87.05,0.0,9,2023,-0.0932
CA-2023-107587,CG-10159,FUR-TAB-10105,2022-11-27,952.56,4,-111.39,0.2,11,2022,-0.1169
CA-2023-107588,CG-10228,FUR-CHA-10529,2022-10-04,887.55,1,114.49,0.3,10,2022,0.129
CA-2023-107589,CG-10488,FUR-TAB-10133,2023-02-05,409.19,6,8.64,0.5,2,2023,0.0211
CA-2023-107590,CG-10234,TEC-MAC-10626,2021-11-13,1192.64,3,335.97,0.0,11,2021,0.2817
CA-2023-107591,CG-10712,FUR-FUR-10478,2021-04-11,471.45,3,-38.84,0.3,4,2021,-0.0824
CA-2023-107592,CG-10519,FUR-BOO-10638,2022-07-24,915.52,9,30.06,0.0,7,2022,0.0328
CA-2023-107593,CG-10003,OFF-ART-10445,2022-12-06,1135.19,9,183.05,0.2,12,2022,0.1613
CA-2023-107594,CG-10552,FUR-CHA-10543,2023-07-02,598.86,8,114.3,0.2,7,2023,0.1909
CA-2023-107595,CG-10490,TEC-PHO-10655,2022-07-20,325.18,9,109.66,0.2,7,2022,0.3372
CA-2023-107596,CG-10682,TEC-COP-10150,2022-03-31,1874.64,1,72.85,0.5,3,2022,0.0389
CA-2023-107597,CG-10237,TEC-COP-10917,2021-07-27,721.23,4,89.69,0.0,7,2021,0.1244
CA-2023-107598,CG-10226,OFF-LAB-10310,2023-05-30,103.57,8,-4.23,0.4,5,2023,-0.0408
CA-2023-107599,CG-10125,TEC-COP-10799,2021-03-18,60.81,6,8.22,0.2,3,2021,0.1352
CA-2023-107600,CG-10788,OFF-BIN-10349,2023-02-02,1005.72,10,256.33,0.4,2,2023,0.2549
CA-2023-107601,CG-10549,TEC-ACC-10433,2022-01-17,1396.43,7,258.47,0.1,1,2022,0.1851
CA-2023-107602,CG-10516,OFF-SUP-10233,2022-04-19,1530.99,10,-105.62,0.0,4,2022,-0.069
CA-2023-107603,CG-10392,OFF-STO-10010,2023-04-22,777.8,2,62.36,0.0,4,2023,0.0802
CA-2023-107604,CG-10634,FUR-CHA-10490,2021-04-25,1902.56,9,-12.77,0.4,4,2021,-0.0067
CA-2023-107605,CG-10555,OFF-LAB-10278,2023-07-24,1034.22,1,25.17,0.0,7,2023,0.0243
CA-2023-107606,CG-10495,OFF-ART-10077,2023-10-03,709.25,6,41.02,0.3,10,2023,0.0578
CA-2023-107607,CG-10661,FUR-BOO-10700,2023-06-11,1220.56,6,111.44,0.4,6,2023,0.0913
CA-2023-107608,CG-10303,FUR-TAB-10157,2022-02-15,1705.88,10,135.46,0.0,2,2022,0.0794
CA-2023-107609,CG-10627,FUR-CHA-10664,2021-09-26,553.18,5,14.85,0.0,9,2021,0.0268
CA-2023-107610,CG-10081,FUR-CHA-10479,2021-10-15,193.61,10,-22.36,0.0,10,2021,-0.1155
CA-2023-107611,CG-10732,OFF-SUP-10297,2023-09-04,1706.23,3,429.3,0.0,9,2023,0.2516
CA-2023-107612,CG-10663,FUR-BOO-10528,2023-04-18,235.67,7,16.47,0.0,4,2023,0.0699
CA-2023-107613,CG-10218,FUR-FUR-10032,2022-05-12,350.64,9,81.33,0.5,5,2022,0.2319
CA-2023-107614,CG-10456,FUR-FUR-10184,2021-09-01,1803.28,3,-351.33,0.4,9,2021,-0.1948
CA-2023-107615,CG-10338,TEC-ACC-10060,2021-01-22,697.65,10,258.85,0.5,1,2021,0.371
CA-2023-107616,CG-10366,OFF-STO-10476,2021-07-04,1260.94,9,380.86,0.1,7,2021,0.302
CA-2023-107617,CG-10219,OFF-ENV-10025,2021-11-03,39.82,3,6.13,0.0,11,2021,0.1539
CA-2023-107618,CG-10417,TEC-COP-10570,2023-09-15,236.62,10,62.31,0.0,9,2023,0.2633
CA-2023-107619,CG-10495,OFF-ENV-10518,2022-05-08,1468.07,6,-177.74,0.1,5,2022,-0.1211
CA-2023-107620,CG-10127,OFF-STO-10711,2022-03-05,481.22,7,28.15,0.5,3,2022,0.0585
CA-2023-107621,CG-10741,TEC-PHO-10780,2021-08-30,1582.44,10,156.24,0.5,8,2021,0.0987
CA-2023-107622,CG-10532,OFF-ENV-10615,2021-04-04,49.04,1,10.91,0.5,4,2021,0.2225
CA-2023-107623,CG-10092,FUR-TAB-10733,2021-01-28,831.61,9,-57.8,0.4,1,2021,-0.0695
CA-2023-107624,CG-10474,OFF-ART-10669,2021-03-13,810.01,9,163.6,0.0,3,2021,0.202
CA-2023-107625,CG-10418,OFF-APP-10471,2023-09-13,502.61,7,68.64,0.0,9,2023,0.1366
CA-2023-107626,CG-10078,FUR-CHA-10876,2023-06-23,1901.35,9,-259.35,0.3,6,2023,-0.1364
CA-2023-107627,CG-10077,OFF-SUP-10173,2022-05-22,1541.16,7,-82.53,0.0,5,2022,-0.0536
CA-2023-107628,CG-10219,FUR-TAB-10527,2021-11-24,666.41,2,224.57,0.4,11,2021,0.337
CA-2023-107629,CG-10177,TEC-COP-10138,2022-08-18,1194.36,2,226.49,0.0,8,2022,0.1896
CA-2023-107630,CG-10004,TEC-PHO-10825,2022-10-29,1575.94,7,8.03,0.3,10,2022,0.0051
CA-2023-107631,CG-10631,OFF-FAS-10013,2021-03-31,1514.32,8,-74.05,0.4,3,2021,-0.0489
CA-2023-107632,CG-10418,TEC-ACC-10687,2022-01-22,1474.45,10,-228.86,0.0,1,2022,-0.1552
CA-2023-107633,CG-10257,OFF-ART-11000,2022-01-15,396.0,7,-24.62,0.2,1,2022,-0.0622
CA-2023-107634,CG-10271,FUR-BOO-10319,2023-12-16,740.89,4,93.76,0.3,12,2023,0.1266
CA-2023-107635,CG-10539,FUR-BOO-10122,2023-07-30,1174.45,3,-142.07,0.5,7,2023,-0.121
CA-2023-107636,CG-10786,TEC-PHO-10732,2022-01-20,735.54,9,-138.22,0.0,1,2022,-0.1879
CA-2023-107637,CG-10494,FUR-BOO-10671,2022-08-28,1014.27,5,-47.18,0.2,8,2022,-0.0465
CA-2023-107638,CG-10590,OFF-ART-10075,2022-11-11,670.38,10,-12.24,0.1,11,2022,-0.0183
CA-2023-107639,CG-10088,OFF-APP-10000,2021-12-29,581.93,1,-100.13,0.0,12,2021,-0.1721
CA-2023-107640,CG-10250,TEC-ACC-10025,2022-09-08,210.6,3,74.66,0.5,9,2022,0.3545
CA-2023-107641,CG-10055,TEC-PHO-10825,2022-08-08,93.32,4,27.63,0.2,8,2022,0.2961
CA-2023-107642,CG-10392,TEC-ACC-10477,2022-01-17,1060.37,9,120.46,0.5,1,2022,0.1136
CA-2023-107643,CG-10427,TEC-PHO-10058,2022-03-12,353.31,9,60.63,0.3,3,2022,0.1716
CA-2023-107644,CG-10063,OFF-BIN-10342,2023-11-09,1288.66,8,-29.04,0.0,11,2023,-0.0225
CA-2023-107645,CG-10639,TEC-MAC-10658,2021-05-22,231.11,5,83.83,0.3,5,2021,0.3627
CA-2023-107646,CG-10161,FUR-FUR-10235,2021-03-13,1935.87,7,66.68,0.1,3,2021,0.0344
CA-2023-107647,CG-10359,OFF-STO-10339,2023-04-14,719.37,2,27.82,0.3,4,2023,0.0387
CA-2023-107648,CG-10369,FUR-FUR-10600,2021-05-08,1750.21,2,179.82,0.2,5,2021,0.1027
CA-2023-107649,CG-10602,OFF-PAP-10414,2022-11-14,878.99,4,95.84,0.1,11,2022,0.109
CA-2023-107650,CG-10383,TEC-PHO-10140,2021-04-17,218.38,8,38.66,0.0,4,2021,0.177
CA-2023-107651,CG-10256,FUR-CHA-10470,2023-03-16,599.77,8,-69.68,0.4,3,2023,-0.1162
CA-2023-107652,CG-10715,TEC-COP-10962,2022-04-19,1654.67,9,657.09,0.4,4,2022,0.3971
CA-2023-107653,CG-10157,FUR-FUR-10245,2021-09-25,915.49,9,117.98,0.0,9,2021,0.1289
CA-2023-107654,CG-10416,TEC-PHO-10460,2023-02-09,1758.63,10,-293.2,0.3,2,2023,-0.1667
CA-2023-107655,CG-10181,FUR-FUR-10132,2022-06-22,811.69,5,253.75,0.5,6,2022,0.3126
CA-2023-107656,CG-10155,OFF-APP-10757,2022-01-24,1688.63,7,286.57,0.3,1,2022,0.1697
CA-2023-107657,CG-10425,TEC-PHO-10624,2023-02-17,218.93,2,63.93,0.0,2,2023,0.292
CA-2023-107658,CG-10621,OFF-ENV-10881,2023-08-07,603.62,10,111.32,0.0,8,2023,0.1844
CA-2023-107659,CG-10791,OFF-PAP-10972,2022-02-08,1504.32,5,-13.84,0.0,2,2022,-0.0092
CA-2023-107660,CG-10118,FUR-CHA-10868,2023-06-07,1128.86,5,165.87,0.2,6,2023,0.1469
CA-2023-107661,CG-10217,FUR-FUR-10403,2021-10-06,854.41,3,-87.58,0.0,10,2021,-0.1025
CA-2023-107662,CG-10678,FUR-CHA-10354,2022-10-29,1163.39,8,-23.61,0.4,10,2022,-0.0203
CA-2023-107663,CG-10688,TEC-MAC-10275,2023-03-24,391.85,9,39.39,0.2,3,2023,0.1005
CA-2023-107664,CG-10013,TEC-ACC-10240,2022-04-30,1605.43,4,443.25,0.5,4,2022,0.2761
CA-2023-107665,CG-10482,OFF-APP-10606,2021-07-17,481.96,3,-20.71,0.0,7,2021,-0.043
CA-2023-107666,CG-10662,OFF-LAB-10090,2023-12-29,403.77,3,146.99,0.3,12,2023,0.364
CA-2023-107667,CG-10020,FUR-TAB-10526,2021-12-24,1105.28,6,-119.47,0.2,12,2021,-0.1081
CA-2023-107668,CG-10570,OFF-SUP-10733,2023-09-06,889.5,6,262.98,0.4,9,2023,0.2956
CA-2023-107669,CG-10381,OFF-ENV-10226,2022-06-02,932.8,1,210.23,0.0,6,2022,0.2254
CA-2023-107670,CG-10605,OFF-BIN-10814,2023-01-19,1732.27,10,101.66,0.0,1,2023,0.0587
CA-2023-107671,CG-10217,OFF-FAS-10354,2022-04-29,1530.45,4,147.22,0.0,4,2022,0.0962
CA-2023-107672,CG-10637,FUR-FUR-10432,2021-03-26,1621.03,1,-46.28,0.2,3,2021,-0.0285
CA-2023-107673,CG-10344,TEC-PHO-10324,2023-10-21,492.91,7,113.62,0.1,10,2023,0.2305
CA-2023-107674,CG-10493,TEC-ACC-10520,2021-02-24,164.46,9,-23.97,0.4,2,2021,-0.1457
CA-2023-107675,CG-10695,TEC-MAC-10242,2021-04-11,1601.06,9,114.04,0.1,4,2021,0.0712
CA-2023-107676,CG-10508,OFF-PAP-10848,2021-05-19,468.39,5,0.0,0.0,5,2021,0.0
CA-2023-107677,CG-10268,OFF-APP-10987,2022-09-09,1253.55,4,354.01,0.2,9,2022,0.2824
CA-2023-107678,CG-10004,OFF-ENV-10995,2022-08-06,191.52,3,31.49,0.0,8,2022,0.1644
CA-2023-107679,CG-10231,TEC-MAC-10642,2021-10-09,629.87,1,51.85,0.4,10,2021,0.0823
CA-2023-107680,CG-10252,FUR-FUR-10315,2022-11-02,1654.79,3,-235.82,0.0,11,2022,-0.1425
CA-2023-107681,CG-10666,FUR-BOO-10737,2021-07-30,232.11,10,41.53,0.0,7,2021,0.1789
CA-2023-107682,CG-10429,FUR-BOO-10936,2021-08-04,1891.19,10,577.13,0.0,8,2021,0.3052
CA-2023-107683,CG-10413,OFF-ART-10143,2023-12-05,175.22,2,46.74,0.4,12,2023,0.2668
CA-2023-107684,CG-10411,TEC-ACC-10310,2022-02-18,168.91,9,-21.64,0.3,2,2022,-0.1281
CA-2023-107685,CG-10365,TEC-ACC-10591,2023-09-05,1255.11,2,332.32,0.4,9,2023,0.2648
CA-2023-107686,CG-10223,OFF-APP-10274,2023-06-11,748.16,6,-89.61,0.1,6,2023,-0.1198
CA-2023-107687,CG-10049,TEC-COP-10071,2022-07-13,477.43,5,36.35,0.0,7,2022,0.0761
CA-2023-107688,CG-10673,OFF-STO-10915,2022-06-02,1246.44,9,288.42,0.0,6,2022,0.2314
CA-2023-107689,CG-10506,TEC-PHO-10089,2021-02-16,1931.31,10,479.82,0.3,2,2021,0.2484
CA-2023-107690,CG-10320,OFF-SUP-10207,2021-08-18,1028.85,10,-36.9,0.5,8,2021,-0.0359
CA-2023-107691,CG-10629,OFF-ART-10752,2021-06-19,360.22,2,113.42,0.0,6,2021,0.3149
CA-2023-107692,CG-10077,OFF-PAP-10107,2023-08-23,918.8,1,135.61,0.3,8,2023,0.1476
CA-2023-107693,CG-10555,TEC-COP-10341,2021-12-09,1448.77,4,383.9,0.0,12,2021,0.265
CA-2023-107694,CG-10358,OFF-SUP-10954,2022-02-01,1006.38,7,-141.57,0.0,2,2022,-0.1407
CA-2023-107695,CG-10672,FUR-BOO-10742,2022-03-02,1782.9,10,-32.25,0.1,3,2022,-0.0181
CA-2023-107696,CG-10787,OFF-BIN-10971,2022-07-18,254.31,3,41.04,0.0,7,2022,0.1614
CA-2023-107697,CG-10123,FUR-FUR-10446,2023-10-25,335.52,5,53.86,0.0,10,2023,0.1605
CA-2023-107698,CG-10613,FUR-FUR-10189,2021-06-21,310.45,4,-43.04,0.5,6,2021,-0.1386
CA-2023-107699,CG-10724,TEC-MAC-10044,2022-08-07,817.04,2,211.94,0.0,8,2022,0.2594
CA-2023-107700,CG-10626,TEC-MAC-10076,2021-07-26,175.8,8,33.34,0.4,7,2021,0.1896
CA-2023-107701,CG-10771,FUR-CHA-10339,2022-09-16,1759.35,9,2.79,0.0,9,2022,0.0016
CA-2023-107702,CG-10187,TEC-ACC-10609,2021-11-01,575.36,3,154.42,0.4,11,2021,0.2684
CA-2023-107703,CG-10601,OFF-STO-10336,2023-09-08,358.3,7,-38.25,0.1,9,2023,-0.1068
CA-2023-107704,CG-10276,OFF-PAP-10620,2023-03-07,1170.42,10,49.94,0.4,3,2023,0.0427
CA-2023-107705,CG-10716,OFF-SUP-10009,2022-09-21,973.95,10,380.59,0.2,9,2022,0.3908
CA-2023-107706,CG-10250,TEC-PHO-10014,2023-10-08,1387.39,6,14.84,0.1,10,2023,0.0107
CA-2023-107707,CG-10572,OFF-ENV-10974,2021-03-13,1100.09,10,-6.45,0.0,3,2021,-0.0059
CA-2023-107708,CG-10460,TEC-MAC-10528,2022-12-25,384.92,8,-54.98,0.0,12,2022,-0.1428
CA-2023-107709,CG-10259,OFF-BIN-10078,2021-01-25,16.46,4,4.82,0.4,1,2021,0.2928
CA-2023-107710,CG-10042,FUR-FUR-10272,2023-08-09,1687.6,4,-221.75,0.0,8,2023,-0.1314
CA-2023-107711,CG-10036,TEC-COP-10444,2022-07-17,873.64,3,234.34,0.1,7,2022,0.2682
CA-2023-107712,CG-10280,FUR-TAB-10106,2022-02-10,1496.24,6,91.5,0.5,2,2022,0.0612
CA-2023-107713,CG-10554,TEC-PHO-10262,2022-03-29,1404.39,4,-215.15,0.2,3,2022,-0.1532
CA-2023-107714,CG-10056,TEC-PHO-10228,2022-10-07,1585.95,5,94.54,0.0,10,2022,0.0596
CA-2023-107715,CG-10522,OFF-SUP-10420,2022-01-25,319.53,6,88.86,0.2,1,2022,0.2781
CA-2023-107716,CG-10415,OFF-PAP-10352,2021-01-28,35.48,6,-5.27,0.5,1,2021,-0.1485
CA-2023-107717,CG-10196,TEC-MAC-10695,2021-07-06,1485.42,6,310.9,0.0,7,2021,0.2093
CA-2023-107718,CG-10198,FUR-FUR-10903,2023-04-19,1688.69,9,469.44,0.0,4,2023,0.278
CA-2023-107719,CG-10398,OFF-ART-10339,2021-07-11,1748.62,2,125.25,0.0,7,2021,0.0716
CA-2023-107720,CG-10558,FUR-TAB-10883,2021-09-22,1330.89,4,189.28,0.2,9,2021,0.1422
CA-2023-107721,CG-10758,TEC-PHO-10394,2022-06-09,1196.54,3,401.5,0.2,6,2022,0.3356
CA-2023-107722,CG-10233,TEC-MAC-10076,2023-01-29,1895.36,2,-210.41,0.1,1,2023,-0.111
CA-2023-107723,CG-10472,TEC-COP-10772,2022-03-12,1279.48,3,-80.19,0.5,3,2022,-0.0627
CA-2023-107724,CG-10702,TEC-ACC-10529,2023-03-22,603.68,9,153.58,0.3,3,2023,0.2544
CA-2023-107725,CG-10041,TEC-COP-10293,2022-11-07,1204.97,8,303.43,0.4,11,2022,0.2518
CA-2023-107726,CG-10264,FUR-CHA-10708,2023-08-07,924.34,4,40.5,0.3,8,2023,0.0438
CA-2023-107727,CG-10632,TEC-MAC-10668,2023-10-25,1047.43,1,150.42,0.1,10,2023,0.1436
CA-2023-107728,CG-10489,OFF-FAS-10424,2023-03-25,1597.65,7,575.17,0.2,3,2023,0.36
CA-2023-107729,CG-10471,FUR-CHA-10363,2023-10-08,1637.4,8,292.04,0.3,10,2023,0.1784
CA-2023-107730,CG-10508,FUR-BOO-10899,2023-07-24,757.75,5,-140.03,0.0,7,2023,-0.1848
CA-2023-107731,CG-10266,FUR-CHA-10905,2021-03-14,1748.35,10,652.3,0.4,3,2021,0.3731
CA-2023-107732,CG-10137,FUR-TAB-10419,2023-08-26,836.35,10,47.78,0.0,8,2023,0.0571
CA-2023-107733,CG-10018,TEC-ACC-10296,2023-09-03,498.16,2,147.89,0.0,9,2023,0.2969
CA-2023-107734,CG-10124,OFF-PAP-10500,2023-01-20,415.23,1,-13.98,0.2,1,2023,-0.0337
CA-2023-107735,CG-10679,TEC-COP-10496,2021-07-05,896.6,1,254.54,0.2,7,2021,0.2839
CA-2023-107736,CG-10114,TEC-PHO-10342,2022-10-02,1959.12,4,643.52,0.5,10,2022,0.3285
CA-2023-107737,CG-10592,TEC-MAC-10284,2022-07-05,684.27,10,-76.04,0.3,7,2022,-0.1111
CA-2023-107738,CG-10269,TEC-ACC-10323,2021-09-26,1941.01,10,671.7,0.1,9,2021,0.3461
CA-2023-107739,CG-10480,FUR-TAB-10608,2022-01-13,1144.69,2,-199.91,0.2,1,2022,-0.1746
CA-2023-107740,CG-10741,OFF-STO-10785,2022-01-25,352.48,9,122.8,0.0,1,2022,0.3484
CA-2023-107741,CG-10282,OFF-LAB-10390,2022-02-11,599.21,8,114.73,0.3,2,2022,0.1915
CA-2023-107742,CG-10721,TEC-MAC-10618,2021-05-09,163.19,9,56.49,0.0,5,2021,0.3462
CA-2023-107743,CG-10787,OFF-ENV-10199,2021-05-04,332.43,8,54.03,0.0,5,2021,0.1625
CA-2023-107744,CG-10771,OFF-BIN-10335,2021-12-23,824.72,8,-78.94,0.4,12,2021,-0.0957
CA-2023-107745,CG-10010,OFF-ENV-10593,2022-06-25,483.92,8,170.74,0.0,6,2022,0.3528
CA-2023-107746,CG-10736,FUR-TAB-10498,2021-08-26,1448.64,2,21.95,0.2,8,2021,0.0152
CA-2023-107747,CG-10190,OFF-ENV-10836,2023-10-25,1780.61,3,-62.54,0.3,10,2023,-0.0351
CA-2023-107748,CG-10231,FUR-FUR-10035,2022-06-25,573.49,6,145.03,0.1,6,2022,0.2529
CA-2023-107749,CG-10285,OFF-LAB-10634,2021-09-14,149.53,5,11.83,0.3,9,2021,0.0791
CA-2023-107750,CG-10084,FUR-BOO-10044,2021-08-14,71.9,2,-0.62,0.2,8,2021,-0.0086
CA-2023-107751,CG-10621,FUR-CHA-10013,2023-05-10,1287.5,7,-49.25,0.0,5,2023,-0.0383
CA-2023-107752,CG-10349,OFF-PAP-10286,2023-01-20,541.2,2,79.51,0.0,1,2023,0.1469
CA-2023-107753,CG-10647,OFF-APP-10928,2023-09-17,1898.35,10,-287.85,0.0,9,2023,-0.1516
CA-2023-107754,CG-10198,OFF-BIN-10001,2021-06-02,452.89,2,130.53,0.0,6,2021,0.2882
CA-2023-107755,CG-10269,OFF-STO-10695,2023-02-04,975.24,6,208.44,0.1,2,2023,0.2137
CA-2023-107756,CG-10086,TEC-PHO-10456,2021-08-14,1611.59,6,589.9,0.4,8,2021,0.366
CA-2023-107757,CG-10248,OFF-PAP-10221,2021-08-10,961.76,4,-15.49,0.5,8,2021,-0.0161
CA-2023-107758,CG-10385,TEC-COP-10098,2021-10-21,132.04,8,0.29,0.0,10,2021,0.0022
CA-2023-107759,CG-10701,OFF-SUP-10806,2021-11-18,1886.28,3,-366.47,0.0,11,2021,-0.1943
CA-2023-107760,CG-10491,OFF-SUP-10325,2021-04-20,124.66,9,40.14,0.4,4,2021,0.322
CA-2023-107761,CG-10472,FUR-CHA-10276,2021-07-28,630.28,10,89.28,0.4,7,2021,0.1417
CA-2023-107762,CG-10361,FUR-CHA-10634,2022-03-28,235.42,1,93.22,0.3,3,2022,0.396
CA-2023-107763,CG-10524,OFF-LAB-10138,2021-09-08,1090.6,9,414.18,0.0,9,2021,0.3798
CA-2023-107764,CG-10096,OFF-STO-10939,2021-09-04,1988.12,8,544.28,0.5,9,2021,0.2738
CA-2023-107765,CG-10308,TEC-MAC-10287,2022-03-23,1319.48,10,-183.55,0.0,3,2022,-0.1391
CA-2023-107766,CG-10032,OFF-LAB-10834,2023-03-13,544.79,4,-68.86,0.2,3,2023,-0.1264
CA-2023-107767,CG-10053,OFF-LAB-10834,2021-09-21,40.38,10,-1.85,0.0,9,2021,-0.0458
CA-2023-107768,CG-10599,OFF-APP-10177,2021-10-08,696.02,2,85.72,0.0,10,2021,0.1232
CA-2023-107769,CG-10384,FUR-TAB-10390,2021-03-27,1435.28,6,-262.65,0.0,3,2021,-0.183
CA-2023-107770,CG-10540,TEC-ACC-10507,2021-07-28,1660.62,10,-218.89,0.4,7,2021,-0.1318
CA-2023-107771,CG-10336,TEC-COP-10999,2022-11-06,1933.72,2,772.84,0.0,11,2022,0.3997
CA-2023-107772,CG-10597,FUR-CHA-10304,2021-11-20,1492.44,4,47.93,0.0,11,2021,0.0321
CA-2023-107773,CG-10315,FUR-CHA-10653,2022-02-11,41.75,10,4.41,0.2,2,2022,0.1056
CA-2023-107774,CG-10442,FUR-CHA-10076,2023-08-21,1024.14,8,-76.21,0.3,8,2023,-0.0744
CA-2023-107775,CG-10215,TEC-COP-10321,2023-02-03,1947.48,8,-133.41,0.4,2,2023,-0.0685
CA-2023-107776,CG-10309,TEC-PHO-10628,2022-03-16,1508.39,8,362.28,0.2,3,2022,0.2402
CA-2023-107777,CG-10527,OFF-FAS-10625,2021-11-07,918.56,2,-55.56,0.2,11,2021,-0.0605
CA-2023-107778,CG-10627,TEC-PHO-10722,2021-01-22,358.64,10,34.13,0.3,1,2021,0.0952
CA-2023-107779,CG-10288,TEC-PHO-10801,2022-11-17,799.04,10,293.39,0.3,11,2022,0.3672
CA-2023-107780,CG-10689,OFF-APP-10579,2022-10-16,617.56,2,-16.48,0.0,10,2022,-0.0267
CA-2023-107781,CG-10068,TEC-PHO-10669,2021-04-25,433.39,8,96.87,0.1,4,2021,0.2235
CA-2023-107782,CG-10252,TEC-ACC-10168,2023-10-06,858.27,10,135.73,0.3,10,2023,0.1581
CA-2023-107783,CG-10300,OFF-BIN-10016,2022-09-19,756.82,9,-143.09,0.1,9,2022,-0.1891
CA-2023-107784,CG-10179,TEC-ACC-10589,2023-06-23,538.52,10,54.16,0.0,6,2023,0.1006
CA-2023-107785,CG-10559,OFF-LAB-10675,2023-07-29,1381.1,8,-54.45,0.2,7,2023,-0.0394
CA-2023-107786,CG-10643,OFF-STO-10068,2021-04-26,1837.02,4,260.6,0.5,4,2021,0.1419
CA-2023-107787,CG-10424,FUR-BOO-10496,2022-01-21,533.19,6,-84.88,0.0,1,2022,-0.1592
CA-2023-107788,CG-10106,TEC-PHO-10829,2021-03-05,612.71,4,103.13,0.3,3,2021,0.1683
CA-2023-107789,CG-10331,FUR-TAB-10884,2023-09-23,120.88,1,17.22,0.4,9,2023,0.1425
CA-2023-107790,CG-10352,TEC-COP-10183,2023-08-13,1592.85,1,625.93,0.4,8,2023,0.393
CA-2023-107791,CG-10125,TEC-ACC-10791,2021-05-17,1256.91,3,-71.11,0.0,5,2021,-0.0566
CA-2023-107792,CG-10298,FUR-CHA-10263,2022-10-05,1002.67,6,257.29,0.0,10,2022,0.2566
CA-2023-107793,CG-10783,TEC-MAC-10259,2022-03-08,1056.07,1,-119.73,0.5,3,2022,-0.1134
CA-2023-107794,CG-10696,TEC-PHO-10067,2021-10-24,108.66,5,16.42,0.5,10,2021,0.1511
CA-2023-107795,CG-10062,OFF-PAP-10194,2023-12-23,635.4,3,-50.27,0.4,12,2023,-0.0791
CA-2023-107796,CG-10085,FUR-TAB-10419,2021-06-17,1004.73,1,158.63,0.0,6,2021,0.1579
CA-2023-107797,CG-10019,FUR-TAB-10055,2022-02-23,474.28,10,-94.36,0.0,2,2022,-0.199
CA-2023-107798,CG-10209,OFF-ENV-10619,2023-07-03,1341.34,3,313.79,0.1,7,2023,0.2339
CA-2023-107799,CG-10062,OFF-BIN-10810,2021-08-22,1986.1,9,305.05,0.0,8,2021,0.1536
CA-2023-107800,CG-10453,TEC-COP-10123,2022-08-20,1263.19,6,407.7,0.3,8,2022,0.3228
CA-2023-107801,CG-10648,TEC-PHO-10723,2022-03-24,1481.24,10,403.33,0.0,3,2022,0.2723
CA-2023-107802,CG-10303,TEC-COP-10234,2022-02-17,1480.1,5,-96.45,0.0,2,2022,-0.0652
CA-2023-107803,CG-10154,FUR-FUR-10883,2021-06-28,555.74,4,-100.16,0.0,6,2021,-0.1802
CA-2023-107804,CG-10278,FUR-TAB-10436,2023-11-28,1425.73,4,-33.92,0.2,11,2023,-0.0238
CA-2023-107805,CG-10228,OFF-PAP-10372,2021-07-20,1581.21,3,-69.41,0.2,7,2021,-0.0439
CA-2023-107806,CG-10117,FUR-FUR-10190,2022-01-14,158.26,9,44.07,0.0,1,2022,0.2785
CA-2023-107807,CG-10257,OFF-PAP-10408,2021-05-02,1587.03,4,14.49,0.0,5,2021,0.0091
CA-2023-107808,CG-10182,OFF-STO-10000,2021-10-14,1110.47,5,3.84,0.2,10,2021,0.0035
CA-2023-107809,CG-10357,FUR-TAB-10524,2022-09-27,1222.76,7,406.43,0.0,9,2022,0.3324
CA-2023-107810,CG-10642,TEC-PHO-10881,2021-02-20,575.24,1,36.61,0.2,2,2021,0.0636
CA-2023-107811,CG-10683,FUR-BOO-10938,2022-04-02,953.04,1,92.96,0.1,4,2022,0.0975
CA-2023-107812,CG-10414,TEC-PHO-10739,2023-10-25,203.85,10,-26.65,0.0,10,2023,-0.1307
CA-2023-107813,CG-10018,TEC-ACC-10793,2021-01-20,198.15,1,73.4,0.0,1,2021,0.3704
CA-2023-107814,CG-10644,OFF-STO-10819,2022-05-07,1213.35,3,-96.51,0.5,5,2022,-0.0795
CA-2023-107815,CG-10292,OFF-BIN-10947,2022-07-12,1739.53,10,604.25,0.5,7,2022,0.3474
CA-2023-107816,CG-10419,OFF-ENV-10736,2022-09-02,471.81,5,151.41,0.0,9,2022,0.3209
CA-2023-107817,CG-10060,OFF-PAP-10231,2021-08-14,1785.06,8,-224.93,0.0,8,2021,-0.126
CA-2023-107818,CG-10084,TEC-MAC-10808,2023-05-04,673.47,10,-62.16,0.0,5,2023,-0.0923
CA-2023-107819,CG-10115,OFF-FAS-10224,2023-08-25,1045.36,5,207.66,0.0,8,2023,0.1986
CA-2023-107820,CG-10720,TEC-MAC-10541,2023-03-29,1541.33,1,-56.93,0.0,3,2023,-0.0369
CA-2023-107821,CG-10104,OFF-FAS-10958,2022-09-30,1649.25,3,-226.21,0.0,9,2022,-0.1372
CA-2023-107822,CG-10207,TEC-PHO-10418,2023-03-03,1888.31,5,189.91,0.4,3,2023,0.1006
CA-2023-107823,CG-10752,FUR-TAB-10936,2023-11-21,1807.92,10,361.89,0.0,11,2023,0.2002
CA-2023-107824,CG-10346,TEC-PHO-10911,2023-06-26,1388.66,6,-37.37,0.3,6,2023,-0.0269
CA-2023-107825,CG-10701,OFF-SUP-10233,2023-02-11,1363.41,4,-66.66,0.0,2,2023,-0.0489
CA-2023-107826,CG-10587,FUR-BOO-10030,2022-03-16,105.62,5,10.64,0.0,3,2022,0.1007
CA-2023-107827,CG-10095,FUR-CHA-10208,2021-10-26,1279.21,9,66.87,0.5,10,2021,0.0523
CA-2023-107828,CG-10080,OFF-STO-10846,2023-04-16,1497.68,1,491.46,0.0,4,2023,0.3281
CA-2023-107829,CG-10218,FUR-TAB-10814,2021-08-03,1760.95,4,-166.37,0.2,8,2021,-0.0945
CA-2023-107830,CG-10034,FUR-CHA-10172,2021-08-17,987.55,7,-134.23,0.1,8,2021,-0.1359
CA-2023-107831,CG-10082,OFF-BIN-10202,2022-10-07,931.47,2,56.23,0.5,10,2022,0.0604
CA-2023-107832,CG-10132,OFF-LAB-10095,2023-02-14,241.42,5,39.35,0.0,2,2023,0.163
CA-2023-107833,CG-10570,OFF-FAS-10560,2021-09-20,540.04,5,69.71,0.0,9,2021,0.1291
CA-2023-107834,CG-10012,FUR-BOO-10056,2021-04-19,59.79,10,-7.05,0.0,4,2021,-0.1179
CA-2023-107835,CG-10632,TEC-PHO-10928,2021-04-28,671.56,6,121.91,0.3,4,2021,0.1815
CA-2023-107836,CG-10139,OFF-PAP-10463,2023-07-25,562.52,7,54.49,0.1,7,2023,0.0969
CA-2023-107837,CG-10106,FUR-CHA-10482,2022-08-09,482.53,6,-63.42,0.1,8,2022,-0.1314
CA-2023-107838,CG-10081,FUR-TAB-10773,2023-03-27,595.41,3,229.04,0.3,3,2023,0.3847
CA-2023-107839,CG-10688,FUR-TAB-10898,2023-09-03,485.74,2,159.19,0.0,9,2023,0.3277
CA-2023-107840,CG-10675,FUR-BOO-10950,2021-02-26,441.91,4,-7.17,0.4,2,2021,-0.0162
CA-2023-107841,CG-10173,TEC-COP-10939,2022-11-03,928.15,8,-18.99,0.5,11,2022,-0.0205
CA-2023-107842,CG-10682,FUR-CHA-10394,2022-12-27,1536.53,1,344.85,0.0,12,2022,0.2244
CA-2023-107843,CG-10268,TEC-PHO-10946,2022-03-04,1100.93,8,339.55,0.0,3,2022,0.3084
CA-2023-107844,CG-10749,OFF-STO-10065,2021-12-25,802.06,8,93.78,0.0,12,2021,0.1169
CA-2023-107845,CG-10556,OFF-FAS-10212,2023-02-14,1947.4,1,493.76,0.5,2,2023,0.2535
CA-2023-107846,CG-10720,TEC-COP-10486,2021-06-29,811.8,9,247.57,0.2,6,2021,0.305
CA-2023-107847,CG-10203,OFF-ENV-10139,2023-12-08,1003.69,2,178.2,0.4,12,2023,0.1775
CA-2023-107848,CG-10375,OFF-STO-10675,2021-03-23,1217.95,6,254.64,0.1,3,2021,0.2091
CA-2023-107849,CG-10067,TEC-ACC-10296,2023-07-13,963.47,10,301.93,0.0,7,2023,0.3134
CA-2023-107850,CG-10247,FUR-TAB-10840,2023-03-15,831.52,6,-85.61,0.2,3,2023,-0.103
CA-2023-107851,CG-10295,TEC-COP-10025,2021-07-01,165.54,5,9.99,0.2,7,2021,0.0603
CA-2023-107852,CG-10020,OFF-ENV-10656,2021-12-10,231.0,6,33.4,0.0,12,2021,0.1446
CA-2023-107853,CG-10166,OFF-BIN-10868,2023-10-17,803.86,2,130.92,0.2,10,2023,0.1629
CA-2023-107854,CG-10422,TEC-ACC-10696,2021-04-24,1380.2,7,-128.37,0.5,4,2021,-0.093
CA-2023-107855,CG-10372,FUR-FUR-10132,2021-05-14,263.13,2,60.4,0.2,5,2021,0.2295
CA-2023-107856,CG-10363,TEC-ACC-10957,2021-06-10,177.49,6,64.12,0.2,6,2021,0.3613
CA-2023-107857,CG-10023,FUR-BOO-10471,2021-02-17,1405.97,7,-217.46,0.2,2,2021,-0.1547
CA-2023-107858,CG-10491,FUR-BOO-10175,2021-09-25,30.64,2,5.96,0.0,9,2021,0.1945
CA-2023-107859,CG-10664,OFF-PAP-10808,2023-09-14,318.13,3,99.29,0.0,9,2023,0.3121
CA-2023-107860,CG-10115,TEC-ACC-10719,2022-05-25,463.33,6,163.78,0.0,5,2022,0.3535
CA-2023-107861,CG-10214,FUR-FUR-10534,2023-02-28,1752.46,7,528.67,0.2,2,2023,0.3017
CA-2023-107862,CG-10235,FUR-BOO-10868,2023-01-03,1424.4,9,177.23,0.0,1,2023,0.1244
CA-2023-107863,CG-10396,FUR-FUR-10765,2022-01-31,1061.85,4,-175.03,0.3,1,2022,-0.1648
CA-2023-107864,CG-10433,TEC-MAC-10226,2023-08-26,1939.0,7,87.71,0.0,8,2023,0.0452
CA-2023-107865,CG-10543,FUR-CHA-10533,2021-06-30,1535.73,7,214.81,0.0,6,2021,0.1399
CA-2023-107866,CG-10512,OFF-BIN-10620,2023-07-07,1750.34,2,-315.65,0.0,7,2023,-0.1803
CA-2023-107867,CG-10072,OFF-STO-10959,2023-08-15,57.15,3,18.01,0.2,8,2023,0.3151
CA-2023-107868,CG-10472,FUR-CHA-10473,2023-05-03,923.02,5,284.42,0.4,5,2023,0.3081
CA-2023-107869,CG-10395,TEC-PHO-10243,2021-07-01,1012.05,3,398.07,0.2,7,2021,0.3933
CA-2023-107870,CG-10308,FUR-TAB-10676,2021-02-16,1146.68,10,18.71,0.4,2,2021,0.0163
CA-2023-107871,CG-10068,OFF-SUP-10138,2023-11-16,78.49,2,-7.31,0.4,11,2023,-0.0931
CA-2023-107872,CG-10628,FUR-TAB-10872,2023-11-30,357.97,6,32.46,0.0,11,2023,0.0907
CA-2023-107873,CG-10635,OFF-PAP-10560,2022-06-03,1983.34,6,-377.05,0.3,6,2022,-0.1901
CA-2023-107874,CG-10495,FUR-TAB-10319,2022-10-05,1973.38,5,0.38,0.0,10,2022,0.0002
CA-2023-107875,CG-10364,OFF-LAB-10234,2021-08-13,636.5,9,61.86,0.0,8,2021,0.0972
CA-2023-107876,CG-10497,OFF-FAS-10099,2022-10-14,1868.96,10,669.76,0.2,10,2022,0.3584
CA-2023-107877,CG-10157,TEC-ACC-10414,2023-02-14,41.75,5,-2.63,0.2,2,2023,-0.063
CA-2023-107878,CG-10003,TEC-PHO-10477,2022-12-23,980.74,8,-72.21,0.5,12,2022,-0.0736
CA-2023-107879,CG-10170,OFF-ENV-10897,2021-03-15,1251.67,9,275.76,0.3,3,2021,0.2203
CA-2023-107880,CG-10361,FUR-BOO-10915,2021-06-30,418.99,4,-29.85,0.3,6,2021,-0.0712
CA-2023-107881,CG-10521,TEC-ACC-10745,2021-02-03,462.46,9,-29.43,0.1,2,2021,-0.0636
CA-2023-107882,CG-10441,TEC-COP-10880,2022-10-06,1025.05,5,257.11,0.3,10,2022,0.2508
CA-2023-107883,CG-10176,TEC-COP-10616,2022-12-27,211.08,2,-32.57,0.5,12,2022,-0.1543
CA-2023-107884,CG-10712,OFF-ENV-10169,2023-01-09,1317.65,9,447.5,0.0,1,2023,0.3396
CA-2023-107885,CG-10596,TEC-PHO-10177,2023-12-20,908.64,6,37.53,0.2,12,2023,0.0413
CA-2023-107886,CG-10790,OFF-LAB-10332,2023-12-22,303.69,5,-47.71,0.3,12,2023,-0.1571
CA-2023-107887,CG-10008,FUR-CHA-10085,2021-03-14,395.71,4,53.36,0.1,3,2021,0.1348
CA-2023-107888,CG-10354,FUR-CHA-10645,2023-02-07,1848.25,1,43.79,0.2,2,2023,0.0237
CA-2023-107889,CG-10539,OFF-STO-10869,2022-12-27,251.96,6,25.12,0.2,12,2022,0.0997
CA-2023-107890,CG-10755,FUR-FUR-10943,2021-05-23,628.68,9,-76.75,0.1,5,2021,-0.1221
CA-2023-107891,CG-10496,FUR-CHA-10854,2022-04-15,624.15,3,-88.55,0.0,4,2022,-0.1419
CA-2023-107892,CG-10269,TEC-COP-10380,2021-02-16,1688.02,2,492.97,0.1,2,2021,0.292
CA-2023-107893,CG-10168,FUR-BOO-10021,2022-04-23,846.62,2,82.13,0.2,4,2022,0.097
CA-2023-107894,CG-10226,FUR-BOO-10481,2022-08-29,448.46,8,-4.99,0.0,8,2022,-0.0111
CA-2023-107895,CG-10659,OFF-BIN-10582,2021-11-07,138.84,9,-21.92,0.3,11,2021,-0.1579
CA-2023-107896,CG-10542,FUR-BOO-10296,2022-02-13,964.52,5,-49.4,0.3,2,2022,-0.0512
CA-2023-107897,CG-10060,TEC-COP-10435,2021-07-16,628.5,1,69.2,0.1,7,2021,0.1101
CA-2023-107898,CG-10718,TEC-MAC-10249,2023-01-23,1730.28,8,572.28,0.3,1,2023,0.3307
CA-2023-107899,CG-10156,OFF-APP-10344,2022-02-21,784.58,5,-83.43,0.0,2,2022,-0.1063
CA-2023-107900,CG-10261,FUR-BOO-10495,2023-08-24,1517.61,9,445.28,0.4,8,2023,0.2934
CA-2023-107901,CG-10277,FUR-TAB-10645,2022-02-08,1441.02,4,469.06,0.2,2,2022,0.3255
CA-2023-107902,CG-10376,FUR-BOO-10387,2023-06-14,942.78,5,-154.83,0.0,6,2023,-0.1642
CA-2023-107903,CG-10044,TEC-COP-10129,2021-01-22,1346.71,1,173.16,0.5,1,2021,0.1286
CA-2023-107904,CG-10170,OFF-ART-10392,2022-03-29,1283.03,1,-247.07,0.0,3,2022,-0.1926
CA-2023-107905,CG-10354,FUR-BOO-10586,2022-04-28,71.35,1,8.75,0.2,4,2022,0.1226
CA-2023-107906,CG-10511,OFF-APP-10101,2023-03-30,1663.57,1,457.97,0.0,3,2023,0.2753
CA-2023-107907,CG-10109,OFF-FAS-10217,2023-04-06,824.28,1,154.54,0.1,4,2023,0.1875
CA-2023-107908,CG-10653,OFF-SUP-10972,2023-10-06,1595.29,2,-184.95,0.5,10,2023,-0.1159
CA-2023-107909,CG-10414,OFF-ART-10240,2022-05-10,1445.06,4,570.86,0.4,5,2022,0.395
CA-2023-107910,CG-10688,FUR-BOO-10299,2022-02-08,1060.14,5,347.99,0.3,2,2022,0.3282
CA-2023-107911,CG-10642,FUR-CHA-10178,2022-02-27,682.08,10,-7.75,0.5,2,2022,-0.0114
CA-2023-107912,CG-10716,TEC-PHO-10440,2022-06-17,1976.28,4,-190.44,0.5,6,2022,-0.0964
CA-2023-107913,CG-10661,TEC-COP-10558,2022-12-08,1625.36,4,58.25,0.2,12,2022,0.0358
CA-2023-107914,CG-10531,FUR-FUR-10090,2023-10-30,462.62,7,-50.09,0.3,10,2023,-0.1083
CA-2023-107915,CG-10767,FUR-FUR-10450,2022-03-23,43.85,3,10.43,0.5,3,2022,0.2379
CA-2023-107916,CG-10312,TEC-MAC-10831,2023-04-03,1362.7,5,-157.02,0.1,4,2023,-0.1152
CA-2023-107917,CG-10215,OFF-FAS-10742,2021-08-16,1655.19,7,622.94,0.0,8,2021,0.3764
CA-2023-107918,CG-10769,TEC-COP-10366,2021-10-19,1907.81,6,148.16,0.4,10,2021,0.0777
CA-2023-107919,CG-10393,TEC-ACC-10921,2021-08-05,1034.17,10,67.56,0.0,8,2021,0.0653
CA-2023-107920,CG-10535,OFF-APP-10611,2023-05-13,1578.67,1,187.16,0.0,5,2023,0.1186
CA-2023-107921,CG-10583,TEC-COP-10187,2023-04-25,1132.2,10,-208.88,0.3,4,2023,-0.1845
CA-2023-107922,CG-10664,OFF-APP-10955,2022-05-02,1580.96,4,-276.14,0.0,5,2022,-0.1747
CA-2023-107923,CG-10462,TEC-ACC-10658,2023-03-25,819.34,8,221.17,0.4,3,2023,0.2699
CA-2023-107924,CG-10028,OFF-STO-10346,2021-12-06,554.09,8,41.56,0.0,12,2021,0.075
CA-2023-107925,CG-10075,FUR-TAB-10158,2022-03-06,321.47,4,-34.38,0.5,3,2022,-0.1069
CA-2023-107926,CG-10140,TEC-COP-10283,2023-12-30,867.85,4,205.14,0.0,12,2023,0.2364
CA-2023-107927,CG-10763,TEC-COP-10117,2023-09-15,415.05,1,-26.65,0.0,9,2023,-0.0642
CA-2023-107928,CG-10110,OFF-ART-10690,2021-12-16,772.44,5,112.78,0.0,12,2021,0.146
CA-2023-107929,CG-10316,OFF-STO-10426,2023-03-24,1149.08,4,25.09,0.0,3,2023,0.0218
CA-2023-107930,CG-10151,FUR-BOO-10724,2022-10-25,1789.74,9,-253.44,0.0,10,2022,-0.1416
CA-2023-107931,CG-10734,FUR-BOO-10411,2024-01-01,1752.52,1,658.42,0.3,1,2024,0.3757
CA-2023-107932,CG-10134,FUR-BOO-10861,2021-06-25,1495.31,8,-286.65,0.5,6,2021,-0.1917
CA-2023-107933,CG-10362,OFF-ENV-10467,2021-07-20,945.82,8,369.21,0.0,7,2021,0.3904
CA-2023-107934,CG-10786,FUR-BOO-10594,2023-02-01,767.84,7,193.31,0.2,2,2023,0.2518
CA-2023-107935,CG-10150,TEC-COP-10982,2023-06-06,321.21,1,-44.49,0.0,6,2023,-0.1385
CA-2023-107936,CG-10040,TEC-COP-10835,2021-07-14,317.79,9,53.51,0.2,7,2021,0.1684
CA-2023-107937,CG-10115,OFF-SUP-10139,2022-08-27,830.26,10,75.54,0.0,8,2022,0.091
CA-2023-107938,CG-10360,OFF-BIN-10864,2021-11-01,1238.96,3,-195.73,0.0,11,2021,-0.158
CA-2023-107939,CG-10564,FUR-TAB-10461,2022-10-19,416.56,5,79.81,0.2,10,2022,0.1916
CA-2023-107940,CG-10617,OFF-BIN-10000,2021-03-11,29.46,3,11.35,0.4,3,2021,0.3853
CA-2023-107941,CG-10762,OFF-APP-10223,2023-09-26,287.74,1,-55.76,0.0,9,2023,-0.1938
CA-2023-107942,CG-10466,FUR-CHA-10023,2023-03-27,310.74,1,-13.93,0.0,3,2023,-0.0448
CA-2023-107943,CG-10399,FUR-FUR-10160,2022-07-15,1587.92,1,85.13,0.3,7,2022,0.0536
CA-2023-107944,CG-10364,FUR-FUR-10932,2022-07-31,430.83,5,7.98,0.3,7,2022,0.0185
CA-2023-107945,CG-10666,FUR-FUR-10349,2022-04-01,612.76,2,186.06,0.4,4,2022,0.3036
CA-2023-107946,CG-10385,OFF-ART-10524,2022-11-07,1292.18,2,367.84,0.0,11,2022,0.2847
CA-2023-107947,CG-10422,TEC-COP-10214,2022-12-06,1328.03,7,274.56,0.3,12,2022,0.2067
CA-2023-107948,CG-10001,FUR-FUR-10418,2023-02-03,1967.78,1,302.89,0.0,2,2023,0.1539
CA-2023-107949,CG-10558,TEC-COP-10074,2023-08-05,1700.16,4,9.2,0.0,8,2023,0.0054
CA-2023-107950,CG-10539,FUR-TAB-10905,2021-08-31,186.77,2,18.37,0.2,8,2021,0.0984
CA-2023-107951,CG-10150,FUR-TAB-10352,2021-12-18,181.58,8,52.82,0.5,12,2021,0.2909
CA-2023-107952,CG-10053,OFF-APP-10482,2022-12-12,145.0,4,42.35,0.2,12,2022,0.2921
CA-2023-107953,CG-10128,TEC-PHO-10832,2022-02-28,463.88,5,38.89,0.1,2,2022,0.0838
CA-2023-107954,CG-10006,TEC-ACC-10226,2022-11-09,1815.86,3,102.46,0.4,11,2022,0.0564
CA-2023-107955,CG-10144,FUR-FUR-10129,2023-04-25,317.46,1,97.25,0.0,4,2023,0.3063
CA-2023-107956,CG-10260,TEC-PHO-10719,2022-02-26,1950.46,6,-234.24,0.0,2,2022,-0.1201
CA-2023-107957,CG-10478,FUR-FUR-10434,2023-02-06,558.8,7,1.28,0.2,2,2023,0.0023
CA-2023-107958,CG-10109,TEC-MAC-10001,2023-05-25,1146.09,3,113.77,0.2,5,2023,0.0993
CA-2023-107959,CG-10257,FUR-BOO-10367,2023-11-18,1540.78,7,467.1,0.3,11,2023,0.3032
CA-2023-107960,CG-10264,TEC-COP-10120,2023-05-10,291.09,4,-40.21,0.2,5,2023,-0.1381
CA-2023-107961,CG-10669,OFF-STO-10897,2021-08-03,1494.98,5,-116.07,0.1,8,2021,-0.0776
CA-2023-107962,CG-10094,TEC-ACC-10030,2023-11-14,653.31,5,33.57,0.0,11,2023,0.0514
CA-2023-107963,CG-10068,TEC-PHO-10980,2022-10-27,1130.42,7,-76.53,0.0,10,2022,-0.0677
CA-2023-107964,CG-10116,TEC-ACC-10586,2022-09-19,279.73,4,-37.58,0.4,9,2022,-0.1343
CA-2023-107965,CG-10355,TEC-PHO-10445,2023-03-17,156.26,10,-22.37,0.0,3,2023,-0.1432
CA-2023-107966,CG-10052,OFF-SUP-10226,2023-11-20,539.71,3,-43.4,0.0,11,2023,-0.0804
CA-2023-107967,CG-10057,OFF-APP-10059,2023-01-03,901.62,3,297.8,0.1,1,2023,0.3303
CA-2023-107968,CG-10549,FUR-CHA-10950,2021-01-26,1630.32,3,-124.85,0.3,1,2021,-0.0766
CA-2023-107969,CG-10641,FUR-CHA-10404,2023-08-20,990.54,7,-54.61,0.1,8,2023,-0.0551
CA-2023-107970,CG-10051,FUR-CHA-10251,2021-01-17,1695.74,5,520.99,0.2,1,2021,0.3072
CA-2023-107971,CG-10577,TEC-ACC-10051,2021-12-20,85.39,6,7.41,0.0,12,2021,0.0868
CA-2023-107972,CG-10496,TEC-ACC-10271,2023-12-06,1410.42,9,257.52,0.4,12,2023,0.1826
CA-2023-107973,CG-10728,FUR-BOO-10547,2021-10-02,132.98,4,18.9,0.0,10,2021,0.1421
CA-2023-107974,CG-10616,TEC-PHO-10346,2021-08-28,766.65,8,138.42,0.0,8,2021,0.1806
CA-2023-107975,CG-10665,TEC-PHO-10188,2022-08-23,1593.91,10,578.2,0.5,8,2022,0.3628
CA-2023-107976,CG-10131,OFF-ART-10540,2023-01-16,1763.15,5,317.02,0.0,1,2023,0.1798
CA-2023-107977,CG-10194,FUR-CHA-10942,2023-12-12,1992.88,6,608.79,0.0,12,2023,0.3055
CA-2023-107978,CG-10776,FUR-CHA-10141,2021-11-27,1060.69,2,312.15,0.3,11,2021,0.2943
CA-2023-107979,CG-10048,TEC-ACC-10412,2023-08-29,1375.56,8,50.72,0.0,8,2023,0.0369
CA-2023-107980,CG-10704,OFF-FAS-10632,2022-03-30,953.6,2,-18.77,0.2,3,2022,-0.0197
CA-2023-107981,CG-10244,FUR-CHA-10730,2023-01-28,1448.23,4,165.82,0.1,1,2023,0.1145
CA-2023-107982,CG-10046,OFF-SUP-10622,2021-08-16,1694.2,7,96.62,0.5,8,2021,0.057
CA-2023-107983,CG-10176,OFF-PAP-10265,2023-08-04,1574.6,8,328.45,0.0,8,2023,0.2086
CA-2023-107984,CG-10408,FUR-CHA-10708,2021-11-20,343.28,4,35.25,0.0,11,2021,0.1027
CA-2023-107985,CG-10789,OFF-BIN-10785,2023-01-10,1755.2,1,165.85,0.0,1,2023,0.0945
CA-2023-107986,CG-10495,OFF-STO-10688,2022-05-04,1867.68,10,62.84,0.0,5,2022,0.0336
CA-2023-107987,CG-10023,TEC-MAC-10564,2022-10-28,1005.18,10,66.39,0.2,10,2022,0.066
CA-2023-107988,CG-10409,FUR-BOO-10739,2022-04-16,1402.95,4,509.55,0.0,4,2022,0.3632
CA-2023-107989,CG-10171,OFF-SUP-10247,2021-12-26,1924.52,5,63.47,0.0,12,2021,0.033
CA-2023-107990,CG-10743,FUR-CHA-10400,2022-02-13,1557.16,10,-64.49,0.0,2,2022,-0.0414
CA-2023-107991,CG-10745,TEC-COP-10940,2023-11-25,443.27,7,168.24,0.4,11,2023,0.3795
CA-2023-107992,CG-10021,FUR-BOO-10237,2023-11-25,660.95,8,79.46,0.5,11,2023,0.1202
CA-2023-107993,CG-10415,FUR-CHA-10159,2021-04-01,1270.42,3,202.75,0.3,4,2021,0.1596
CA-2023-107994,CG-10739,TEC-PHO-10922,2021-02-05,1623.82,9,518.94,0.4,2,2021,0.3196
CA-2023-107995,CG-10172,OFF-PAP-10180,2023-05-23,379.22,10,72.67,0.4,5,2023,0.1916
CA-2023-107996,CG-10763,FUR-FUR-10501,2022-08-22,1173.15,6,101.69,0.5,8,2022,0.0867
CA-2023-107997,CG-10790,OFF-APP-10137,2021-03-26,855.08,9,82.73,0.0,3,2021,0.0968
CA-2023-107998,CG-10320,OFF-ART-10125,2022-09-14,1915.96,2,151.13,0.0,9,2022,0.0789
CA-2023-107999,CG-10304,OFF-FAS-10795,2022-01-02,35.55,9,-4.99,0.4,1,2022,-0.1404
CA-2023-108000,CG-10321,FUR-FUR-10064,2021-10-09,716.17,10,-95.32,0.4,10,2021,-0.1331
CA-2023-108001,CG-10038,FUR-TAB-10477,2022-02-07,602.19,1,-23.29,0.0,2,2022,-0.0387
CA-2023-108002,CG-10239,OFF-BIN-10568,2023-11-23,1508.42,8,-242.77,0.2,11,2023,-0.1609
CA-2023-108003,CG-10017,FUR-CHA-10794,2022-02-17,860.03,2,100.17,0.2,2,2022,0.1165
CA-2023-108004,CG-10761,OFF-BIN-10157,2022-09-28,856.08,6,207.94,0.5,9,2022,0.2429
CA-2023-108005,CG-10644,TEC-ACC-10586,2022-07-14,760.97,9,-118.23,0.1,7,2022,-0.1554
CA-2023-108006,CG-10689,FUR-CHA-10895,2022-07-14,299.04,8,102.63,0.5,7,2022,0.3432
CA-2023-108007,CG-10696,FUR-BOO-10562,2022-01-19,415.48,10,113.65,0.5,1,2022,0.2735
CA-2023-108008,CG-10787,OFF-ENV-10350,2022-05-12,98.09,3,16.44,0.0,5,2022,0.1676
CA-2023-108009,CG-10732,FUR-CHA-10652,2022-05-27,1036.1,3,-36.48,0.2,5,2022,-0.0352
CA-2023-108010,CG-10420,FUR-BOO-10113,2023-02-22,1952.65,7,167.32,0.1,2,2023,0.0857
CA-2023-108011,CG-10308,OFF-ART-10971,2021-05-14,1888.11,8,-43.23,0.4,5,2021,-0.0229
CA-2023-108012,CG-10200,TEC-COP-10948,2022-11-03,302.45,3,-19.87,0.5,11,2022,-0.0657
CA-2023-108013,CG-10155,TEC-PHO-10205,2022-03-23,910.38,9,121.95,0.3,3,2022,0.134
CA-2023-108014,CG-10254,OFF-APP-10355,2023-05-07,64.92,2,-3.25,0.0,5,2023,-0.0501
CA-2023-108015,CG-10641,FUR-BOO-10967,2023-12-14,1977.03,6,-188.19,0.0,12,2023,-0.0952
CA-2023-108016,CG-10529,FUR-FUR-10005,2022-09-11,76.28,9,-8.91,0.0,9,2022,-0.1168
CA-2023-108017,CG-10785,TEC-PHO-10220,2023-03-07,1708.77,10,339.42,0.1,3,2023,0.1986
CA-2023-108018,CG-10633,TEC-MAC-10004,2022-02-08,1519.35,9,604.73,0.2,2,2022,0.398
CA-2023-108019,CG-10690,FUR-CHA-10425,2023-02-25,1609.33,3,-109.48,0.5,2,2023,-0.068
CA-2023-108020,CG-10059,FUR-TAB-10038,2023-02-08,1943.03,10,-3.36,0.5,2,2023,-0.0017
CA-2023-108021,CG-10287,OFF-PAP-10543,2022-07-12,1610.77,6,67.15,0.1,7,2022,0.0417
CA-2023-108022,CG-10654,FUR-CHA-10687,2022-01-31,1812.35,10,-13.72,0.0,1,2022,-0.0076
CA-2023-108023,CG-10237,OFF-BIN-10916,2023-05-27,967.37,4,-81.53,0.0,5,2023,-0.0843
CA-2023-108024,CG-10046,TEC-COP-10447,2021-06-27,614.44,4,-60.81,0.1,6,2021,-0.099
CA-2023-108025,CG-10546,OFF-BIN-10974,2022-03-27,783.63,8,-82.48,0.0,3,2022,-0.1053
CA-2023-108026,CG-10354,FUR-CHA-10358,2021-09-09,1490.9,7,254.42,0.0,9,2021,0.1706
CA-2023-108027,CG-10391,FUR-CHA-10704,2023-07-17,474.74,1,86.35,0.3,7,2023,0.1819
CA-2023-108028,CG-10054,OFF-BIN-10393,2023-01-01,1760.16,10,-325.62,0.0,1,2023,-0.185
CA-2023-108029,CG-10248,OFF-ART-10519,2023-07-20,1649.65,9,-284.27,0.0,7,2023,-0.1723
CA-2023-108030,CG-10434,TEC-MAC-10058,2023-02-24,352.02,10,-7.67,0.0,2,2023,-0.0218
CA-2023-108031,CG-10783,FUR-FUR-10465,2022-10-24,1297.79,9,148.23,0.5,10,2022,0.1142
CA-2023-108032,CG-10480,OFF-STO-10327,2022-01-24,1683.59,5,318.75,0.2,1,2022,0.1893
CA-2023-108033,CG-10777,FUR-TAB-10006,2021-12-30,957.09,3,361.74,0.5,12,2021,0.378
CA-2023-108034,CG-10744,OFF-APP-10655,2021-05-30,1428.03,3,387.26,0.0,5,2021,0.2712
CA-2023-108035,CG-10174,TEC-COP-10073,2023-03-15,1486.74,7,-195.82,0.0,3,2023,-0.1317
CA-2023-108036,CG-10425,TEC-ACC-10697,2023-06-13,265.97,2,1.16,0.4,6,2023,0.0044
CA-2023-108037,CG-10694,FUR-FUR-10980,2023-01-05,1502.11,2,173.13,0.0,1,2023,0.1153
CA-2023-108038,CG-10230,FUR-BOO-10604,2022-03-31,1021.49,3,302.59,0.3,3,2022,0.2962
CA-2023-108039,CG-10313,FUR-CHA-10673,2022-11-25,1627.36,1,3.64,0.0,11,2022,0.0022
CA-2023-108040,CG-10508,TEC-PHO-10934,2023-03-02,798.11,8,303.6,0.0,3,2023,0.3804
CA-2023-108041,CG-10208,OFF-BIN-10982,2022-09-13,624.51,8,-73.29,0.5,9,2022,-0.1174
CA-2023-108042,CG-10159,FUR-TAB-10921,2021-02-21,1379.43,9,193.26,0.5,2,2021,0.1401
CA-2023-108043,CG-10033,TEC-ACC-10688,2022-08-18,1152.53,10,-179.38,0.5,8,2022,-0.1556
CA-2023-108044,CG-10626,TEC-ACC-10340,2023-11-20,370.83,6,29.08,0.3,11,2023,0.0784
CA-2023-108045,CG-10089,TEC-ACC-10694,2022-06-09,1692.73,10,-40.47,0.4,6,2022,-0.0239
CA-2023-108046,CG-10192,TEC-ACC-10614,2023-08-02,354.5,7,-41.84,0.0,8,2023,-0.118
CA-2023-108047,CG-10196,TEC-PHO-10273,2023-05-18,1184.88,1,137.38,0.3,5,2023,0.1159
CA-2023-108048,CG-10711,FUR-CHA-10485,2021-04-04,454.14,9,-51.64,0.0,4,2021,-0.1137
CA-2023-108049,CG-10773,OFF-PAP-10104,2021-03-01,1462.88,4,272.58,0.3,3,2021,0.1863
CA-2023-108050,CG-10559,TEC-COP-10226,2022-03-06,992.1,8,267.46,0.0,3,2022,0.2696
CA-2023-108051,CG-10258,FUR-FUR-10897,2021-08-26,1961.16,1,-192.26,0.5,8,2021,-0.098
CA-2023-108052,CG-10301,FUR-FUR-10091,2022-10-20,1513.56,4,-94.42,0.3,10,2022,-0.0624
CA-2023-108053,CG-10775,TEC-COP-10540,2022-06-30,183.46,9,-16.91,0.2,6,2022,-0.0922
CA-2023-108054,CG-10559,OFF-ENV-10943,2022-02-24,65.45,1,4.27,0.0,2,2022,0.0652
CA-2023-108055,CG-10048,TEC-MAC-10477,2021-03-07,891.25,5,-105.15,0.0,3,2021,-0.118
CA-2023-108056,CG-10369,OFF-SUP-10203,2023-01-14,51.58,5,11.33,0.2,1,2023,0.2197
CA-2023-108057,CG-10751,FUR-TAB-10284,2023-11-28,526.71,3,131.33,0.5,11,2023,0.2493
CA-2023-108058,CG-10484,TEC-MAC-10655,2023-07-29,71.81,9,-10.44,0.0,7,2023,-0.1454
CA-2023-108059,CG-10065,OFF-SUP-10464,2021-05-21,158.16,2,45.12,0.0,5,2021,0.2853
CA-2023-108060,CG-10080,FUR-BOO-10884,2023-02-19,363.64,9,71.69,0.0,2,2023,0.1971
CA-2023-108061,CG-10647,FUR-TAB-10622,2021-01-10,1951.85,6,-315.17,0.0,1,2021,-0.1615
CA-2023-108062,CG-10597,OFF-FAS-10304,2022-12-16,108.85,9,27.2,0.5,12,2022,0.2499
CA-2023-108063,CG-10299,FUR-CHA-10752,2023-07-24,1534.27,8,525.01,0.3,7,2023,0.3422
CA-2023-108064,CG-10782,FUR-FUR-10387,2023-06-29,1935.0,5,757.68,0.3,6,2023,0.3916
CA-2023-108065,CG-10759,FUR-TAB-10709,2023-09-15,1147.72,10,128.48,0.2,9,2023,0.1119
CA-2023-108066,CG-10548,OFF-ENV-10939,2023-06-01,1739.31,4,105.27,0.3,6,2023,0.0605
CA-2023-108067,CG-10146,FUR-FUR-10424,2023-08-23,484.59,8,-40.87,0.1,8,2023,-0.0843
CA-2023-108068,CG-10204,FUR-BOO-10149,2022-02-22,530.24,5,-100.75,0.5,2,2022,-0.19
CA-2023-108069,CG-10420,FUR-BOO-10667,2021-11-01,612.62,2,-0.14,0.1,11,2021,-0.0002
CA-2023-108070,CG-10019,FUR-TAB-10081,2021-04-14,33.59,8,-5.75,0.0,4,2021,-0.1712
CA-2023-108071,CG-10162,TEC-PHO-10887,2022-09-16,443.71,1,162.85,0.0,9,2022,0.367
CA-2023-108072,CG-10612,TEC-ACC-10066,2021-06-15,786.85,6,39.25,0.0,6,2021,0.0499
CA-2023-108073,CG-10244,FUR-TAB-10249,2022-03-17,269.54,1,66.88,0.3,3,2022,0.2481
CA-2023-108074,CG-10602,TEC-MAC-10443,2022-07-24,610.87,7,-28.18,0.1,7,2022,-0.0461
CA-2023-108075,CG-10096,OFF-APP-10531,2023-01-25,1126.94,9,73.71,0.3,1,2023,0.0654
CA-2023-108076,CG-10639,FUR-TAB-10458,2021-07-22,1149.7,8,454.34,0.4,7,2021,0.3952
CA-2023-108077,CG-10531,FUR-FUR-10734,2021-12-09,1202.54,7,203.86,0.2,12,2021,0.1695
CA-2023-108078,CG-10201,OFF-PAP-10987,2021-11-09,85.7,1,-12.88,0.0,11,2021,-0.1503
CA-2023-108079,CG-10007,TEC-ACC-10290,2022-06-08,445.38,1,106.16,0.0,6,2022,0.2384
CA-2023-108080,CG-10545,TEC-MAC-10665,2023-02-07,1409.56,7,-72.63,0.1,2,2023,-0.0515
CA-2023-108081,CG-10266,FUR-CHA-10114,2022-03-15,743.63,5,3.09,0.0,3,2022,0.0042
CA-2023-108082,CG-10717,OFF-ART-10906,2022-07-25,83.32,2,12.85,0.3,7,2022,0.1542
CA-2023-108083,CG-10505,TEC-MAC-10011,2023-07-07,1527.94,5,-282.84,0.0,7,2023,-0.1851
CA-2023-108084,CG-10482,TEC-COP-10693,2023-03-17,936.07,10,-90.0,0.0,3,2023,-0.0961
CA-2023-108085,CG-10347,TEC-COP-10422,2021-06-13,1854.74,1,130.03,0.5,6,2021,0.0701
CA-2023-108086,CG-10298,TEC-PHO-10603,2023-11-22,666.66,9,19.79,0.0,11,2023,0.0297
CA-2023-108087,CG-10454,FUR-CHA-10982,2021-03-12,421.47,8,29.87,0.5,3,2021,0.0709
CA-2023-108088,CG-10586,FUR-TAB-10641,2021-02-10,1441.47,4,22.11,0.1,2,2021,0.0153
CA-2023-108089,CG-10007,TEC-COP-10862,2022-12-23,437.94,8,95.99,0.1,12,2022,0.2192
CA-2023-108090,CG-10602,TEC-PHO-10647,2022-01-16,943.58,2,183.81,0.3,1,2022,0.1948
CA-2023-108091,CG-10111,FUR-TAB-10074,2023-10-07,26.28,4,3.8,0.0,10,2023,0.1446
CA-2023-108092,CG-10469,OFF-LAB-10553,2023-04-15,1480.77,10,126.93,0.0,4,2023,0.0857
CA-2023-108093,CG-10639,OFF-FAS-10442,2021-06-04,1761.11,5,22.27,0.3,6,2021,0.0126
CA-2023-108094,CG-10746,OFF-SUP-10852,2022-08-19,1211.81,10,183.61,0.5,8,2022,0.1515
CA-2023-108095,CG-10081,TEC-COP-10341,2022-07-05,596.57,4,186.49,0.0,7,2022,0.3126
CA-2023-108096,CG-10093,OFF-FAS-10626,2022-06-26,1579.99,8,473.15,0.5,6,2022,0.2995
CA-2023-108097,CG-10333,OFF-PAP-10283,2023-02-07,1341.86,6,499.39,0.3,2,2023,0.3722
CA-2023-108098,CG-10760,FUR-TAB-10657,2023-02-12,413.38,4,121.62,0.2,2,2023,0.2942
CA-2023-108099,CG-10063,FUR-CHA-10577,2022-01-11,809.48,6,-115.51,0.1,1,2022,-0.1427
CA-2023-108100,CG-10370,FUR-CHA-10557,2023-09-07,1077.63,1,-74.05,0.0,9,2023,-0.0687
CA-2023-108101,CG-10034,OFF-SUP-10593,2021-05-30,893.08,2,300.97,0.5,5,2021,0.337
CA-2023-108102,CG-10743,FUR-TAB-10239,2022-08-10,123.81,9,-10.97,0.3,8,2022,-0.0886
CA-2023-108103,CG-10791,OFF-PAP-10916,2021-05-03,211.72,10,-1.55,0.0,5,2021,-0.0073
CA-2023-108104,CG-10436,TEC-ACC-10707,2021-02-17,99.29,9,-17.63,0.0,2,2021,-0.1776
CA-2023-108105,CG-10251,FUR-TAB-10644,2022-03-15,88.19,4,10.33,0.5,3,2022,0.1171
CA-2023-108106,CG-10278,OFF-PAP-10105,2022-03-14,1390.45,9,341.02,0.2,3,2022,0.2453
CA-2023-108107,CG-10300,FUR-BOO-10710,2021-05-18,1999.18,1,705.51,0.2,5,2021,0.3529
CA-2023-108108,CG-10451,FUR-TAB-10027,2021-01-30,1670.54,7,119.02,0.0,1,2021,0.0712
CA-2023-108109,CG-10655,TEC-PHO-10857,2021-05-08,773.52,9,-69.03,0.0,5,2021,-0.0892
CA-2023-108110,CG-10534,OFF-FAS-10483,2021-10-27,1848.68,7,417.92,0.0,10,2021,0.2261
CA-2023-108111,CG-10178,OFF-SUP-10467,2023-12-26,1726.49,7,300.61,0.1,12,2023,0.1741
CA-2023-108112,CG-10293,OFF-ART-10741,2021-04-26,936.11,5,-158.25,0.5,4,2021,-0.1691
CA-2023-108113,CG-10310,OFF-FAS-10442,2023-02-12,962.72,9,36.37,0.1,2,2023,0.0378
CA-2023-108114,CG-10724,OFF-ENV-10862,2022-05-25,1074.73,4,240.04,0.0,5,2022,0.2233
CA-2023-108115,CG-10413,TEC-MAC-10908,2022-01-14,883.01,1,152.01,0.2,1,2022,0.1721
CA-2023-108116,CG-10352,OFF-BIN-10337,2023-03-07,1388.96,9,283.54,0.0,3,2023,0.2041
CA-2023-108117,CG-10382,OFF-STO-10023,2021-07-01,412.79,4,-40.99,0.5,7,2021,-0.0993
CA-2023-108118,CG-10031,TEC-COP-10883,2021-10-05,1072.1,3,-68.02,0.5,10,2021,-0.0634
CA-2023-108119,CG-10774,FUR-CHA-10874,2022-03-24,1522.62,9,-292.87,0.0,3,2022,-0.1923
CA-2023-108120,CG-10697,OFF-ENV-10280,2022-07-23,367.98,10,28.91,0.3,7,2022,0.0786
CA-2023-108121,CG-10219,OFF-LAB-10208,2021-06-02,677.9,4,-52.79,0.5,6,2021,-0.0779
CA-2023-108122,CG-10624,OFF-ART-10770,2023-08-09,589.34,10,165.25,0.5,8,2023,0.2804
CA-2023-108123,CG-10457,OFF-APP-10558,2022-02-09,587.19,6,96.44,0.1,2,2022,0.1642
CA-2023-108124,CG-10564,FUR-TAB-10962,2023-06-16,789.86,10,312.37,0.2,6,2023,0.3955
CA-2023-108125,CG-10015,OFF-BIN-10258,2021-05-21,59.51,7,23.11,0.0,5,2021,0.3883
CA-2023-108126,CG-10072,OFF-PAP-10545,2023-08-07,1302.75,2,-112.48,0.5,8,2023,-0.0863
CA-2023-108127,CG-10337,FUR-CHA-10826,2023-11-22,1044.32,5,285.19,0.4,11,2023,0.2731
CA-2023-108128,CG-10076,OFF-FAS-10464,2022-10-01,891.19,8,258.9,0.2,10,2022,0.2905
CA-2023-108129,CG-10224,FUR-FUR-10670,2021-04-14,1028.69,3,-140.36,0.0,4,2021,-0.1364
CA-2023-108130,CG-10628,TEC-COP-10504,2022-03-22,1906.83,2,-93.98,0.4,3,2022,-0.0493
CA-2023-108131,CG-10287,OFF-FAS-10320,2022-02-20,967.25,6,-168.13,0.2,2,2022,-0.1738
CA-2023-108132,CG-10709,OFF-STO-10740,2022-09-05,1027.16,10,-2.4,0.4,9,2022,-0.0023
CA-2023-108133,CG-10451,FUR-TAB-10890,2022-12-02,911.75,2,126.41,0.0,12,2022,0.1386
CA-2023-108134,CG-10442,TEC-PHO-10700,2021-12-22,1515.5,6,457.45,0.5,12,2021,0.3018
CA-2023-108135,CG-10567,OFF-STO-10543,2021-06-19,1417.5,3,-89.14,0.5,6,2021,-0.0629
CA-2023-108136,CG-10425,TEC-MAC-10397,2023-01-01,522.85,2,29.51,0.0,1,2023,0.0564
CA-2023-108137,CG-10657,FUR-CHA-10093,2021-10-04,690.76,9,-76.86,0.3,10,2021,-0.1113
CA-2023-108138,CG-10697,OFF-STO-10450,2022-08-03,1806.3,8,315.59,0.0,8,2022,0.1747
CA-2023-108139,CG-10421,OFF-SUP-10205,2023-11-18,624.01,3,-82.61,0.1,11,2023,-0.1324
CA-2023-108140,CG-10517,OFF-BIN-10918,2023-07-24,222.05,1,78.43,0.0,7,2023,0.3532
CA-2023-108141,CG-10235,OFF-ENV-10801,2023-01-21,1503.59,2,12.67,0.1,1,2023,0.0084
CA-2023-108142,CG-10413,TEC-COP-10831,2021-11-05,96.99,7,13.78,0.2,11,2021,0.1421
CA-2023-108143,CG-10765,OFF-STO-10556,2021-12-18,179.94,9,36.09,0.0,12,2021,0.2006
CA-2023-108144,CG-10484,FUR-BOO-10714,2022-04-27,386.41,8,152.74,0.0,4,2022,0.3953
CA-2023-108145,CG-10627,TEC-ACC-10694,2021-07-03,40.06,2,7.81,0.1,7,2021,0.195
CA-2023-108146,CG-10053,TEC-COP-10060,2023-08-23,1641.34,3,-26.36,0.3,8,2023,-0.0161
CA-2023-108147,CG-10760,TEC-COP-10160,2021-02-24,1756.99,2,119.4,0.0,2,2021,0.068
CA-2023-108148,CG-10406,OFF-FAS-10351,2021-12-17,1059.64,3,339.13,0.5,12,2021,0.32
CA-2023-108149,CG-10283,TEC-PHO-10984,2021-10-01,1324.95,5,313.84,0.0,10,2021,0.2369
CA-2023-108150,CG-10433,TEC-MAC-10952,2022-08-23,346.66,9,26.86,0.2,8,2022,0.0775
CA-2023-108151,CG-10271,FUR-FUR-10511,2022-08-16,545.31,7,29.15,0.1,8,2022,0.0535
CA-2023-108152,CG-10166,TEC-MAC-10069,2022-11-27,1386.12,9,-84.57,0.1,11,2022,-0.061
CA-2023-108153,CG-10492,TEC-PHO-10964,2021-01-24,1454.49,5,-56.27,0.0,1,2021,-0.0387
CA-2023-108154,CG-10113,TEC-MAC-10486,2022-12-21,1005.09,8,-96.96,0.2,12,2022,-0.0965
CA-2023-108155,CG-10520,TEC-ACC-10124,2021-11-12,102.54,8,-14.09,0.0,11,2021,-0.1374
CA-2023-108156,CG-10721,TEC-PHO-10755,2023-03-30,1001.33,5,327.43,0.1,3,2023,0.327
CA-2023-108157,CG-10034,TEC-MAC-10678,2023-11-25,1670.4,2,347.36,0.4,11,2023,0.208
CA-2023-108158,CG-10551,FUR-TAB-10405,2022-01-17,1847.96,9,206.87,0.0,1,2022,0.1119
CA-2023-108159,CG-10765,OFF-APP-10293,2022-01-01,625.2,9,166.5,0.0,1,2022,0.2663
CA-2023-108160,CG-10396,FUR-CHA-10287,2022-08-05,1952.15,2,737.48,0.3,8,2022,0.3778
CA-2023-108161,CG-10656,FUR-FUR-10663,2023-08-23,1509.41,7,556.37,0.0,8,2023,0.3686
CA-2023-108162,CG-10607,OFF-ENV-10269,2022-12-18,816.37,8,55.87,0.0,12,2022,0.0684
CA-2023-108163,CG-10273,TEC-PHO-10167,2023-11-11,1881.73,4,292.27,0.5,11,2023,0.1553
CA-2023-108164,CG-10310,FUR-FUR-10035,2022-05-15,1849.53,5,553.35,0.0,5,2022,0.2992
CA-2023-108165,CG-10604,FUR-BOO-10561,2023-09-14,1134.94,6,249.5,0.1,9,2023,0.2198
CA-2023-108166,CG-10323,OFF-SUP-10665,2022-11-13,539.04,5,-79.25,0.2,11,2022,-0.147
CA-2023-108167,CG-10395,OFF-FAS-10314,2023-08-08,1987.62,2,250.99,0.0,8,2023,0.1263
CA-2023-108168,CG-10325,OFF-STO-10043,2022-09-14,1207.77,8,454.34,0.0,9,2022,0.3762
CA-2023-108169,CG-10516,TEC-COP-10879,2021-06-15,174.43,8,17.43,0.0,6,2021,0.0999
CA-2023-108170,CG-10448,OFF-LAB-10447,2023-06-01,41.57,3,12.82,0.0,6,2023,0.3084
CA-2023-108171,CG-10238,TEC-MAC-10047,2023-09-18,1216.19,10,-225.68,0.5,9,2023,-0.1856
CA-2023-108172,CG-10302,TEC-MAC-10374,2021-04-10,228.27,6,12.95,0.1,4,2021,0.0567
CA-2023-108173,CG-10614,FUR-BOO-10604,2021-05-12,1016.91,10,-133.92,0.5,5,2021,-0.1317
CA-2023-108174,CG-10060,TEC-COP-10273,2021-06-09,1871.84,4,-281.18,0.5,6,2021,-0.1502
CA-2023-108175,CG-10523,OFF-ENV-10452,2021-03-16,589.49,10,-106.03,0.5,3,2021,-0.1799
CA-2023-108176,CG-10092,FUR-BOO-10206,2023-04-29,1347.57,7,-203.56,0.2,4,2023,-0.1511
CA-2023-108177,CG-10036,TEC-MAC-10654,2023-10-05,665.93,2,74.23,0.1,10,2023,0.1115
CA-2023-108178,CG-10240,FUR-CHA-10054,2021-09-14,194.12,1,30.1,0.2,9,2021,0.1551
CA-2023-108179,CG-10218,OFF-ART-10992,2022-12-11,818.83,3,319.4,0.0,12,2022,0.3901
CA-2023-108180,CG-10221,FUR-FUR-10712,2022-12-04,1779.56,7,682.11,0.0,12,2022,0.3833
CA-2023-108181,CG-10251,OFF-SUP-10701,2022-09-23,1914.97,4,-222.19,0.0,9,2022,-0.116
CA-2023-108182,CG-10603,TEC-PHO-10420,2021-07-21,692.14,2,245.89,0.0,7,2021,0.3553
CA-2023-108183,CG-10480,TEC-MAC-10051,2021-07-14,496.33,10,38.97,0.0,7,2021,0.0785
CA-2023-108184,CG-10610,OFF-ENV-10435,2021-03-18,1848.37,5,723.07,0.0,3,2021,0.3912
CA-2023-108185,CG-10769,TEC-COP-10022,2021-07-23,191.33,10,-29.57,0.1,7,2021,-0.1545
CA-2023-108186,CG-10707,OFF-STO-10238,2022-02-11,838.32,8,-75.76,0.5,2,2022,-0.0904
CA-2023-108187,CG-10242,TEC-PHO-10505,2021-02-19,856.76,5,-171.31,0.2,2,2021,-0.2
CA-2023-108188,CG-10664,TEC-ACC-10637,2023-08-11,1849.14,1,-58.65,0.2,8,2023,-0.0317
CA-2023-108189,CG-10442,TEC-PHO-10111,2021-02-21,1170.0,1,339.57,0.4,2,2021,0.2902
CA-2023-108190,CG-10272,FUR-FUR-10330,2021-07-20,717.61,1,83.77,0.0,7,2021,0.1167
CA-2023-108191,CG-10504,TEC-PHO-10342,2022-07-24,945.55,7,-154.0,0.3,7,2022,-0.1629
CA-2023-108192,CG-10284,OFF-FAS-10206,2023-10-12,1611.66,1,315.85,0.4,10,2023,0.196
CA-2023-108193,CG-10271,OFF-LAB-10370,2022-06-21,1789.5,4,273.07,0.0,6,2022,0.1526
CA-2023-108194,CG-10242,TEC-PHO-10201,2023-07-06,1111.25,4,238.17,0.3,7,2023,0.2143
CA-2023-108195,CG-10582,OFF-ENV-10186,2023-11-11,882.89,1,-20.67,0.2,11,2023,-0.0234
CA-2023-108196,CG-10789,TEC-MAC-10980,2023-01-11,262.19,1,8.02,0.4,1,2023,0.0306
CA-2023-108197,CG-10327,FUR-BOO-10464,2023-01-03,1659.53,5,129.91,0.3,1,2023,0.0783
CA-2023-108198,CG-10045,OFF-SUP-10638,2023-08-09,1687.65,6,-65.95,0.1,8,2023,-0.0391
CA-2023-108199,CG-10591,FUR-BOO-10987,2022-01-23,1151.98,6,-110.94,0.0,1,2022,-0.0963
CA-2023-108200,CG-10557,OFF-PAP-10940,2022-02-21,1933.52,8,19.29,0.1,2,2022,0.01
CA-2023-108201,CG-10277,FUR-CHA-10907,2022-09-15,241.56,5,-25.93,0.0,9,2022,-0.1073
CA-2023-108202,CG-10788,TEC-ACC-10962,2021-09-09,1187.79,10,-117.35,0.0,9,2021,-0.0988
CA-2023-108203,CG-10255,FUR-TAB-10624,2023-12-02,858.22,5,-160.49,0.0,12,2023,-0.187
CA-2023-108204,CG-10024,OFF-LAB-10838,2023-06-07,1103.72,9,8.31,0.1,6,2023,0.0075
CA-2023-108205,CG-10644,FUR-CHA-10130,2022-04-08,1871.31,2,557.59,0.2,4,2022,0.298
CA-2023-108206,CG-10192,TEC-COP-10934,2023-10-21,364.75,4,98.61,0.0,10,2023,0.2703
CA-2023-108207,CG-10630,FUR-CHA-10170,2023-12-18,1675.54,7,594.55,0.5,12,2023,0.3548
CA-2023-108208,CG-10330,OFF-ART-10719,2023-03-30,463.21,8,180.27,0.4,3,2023,0.3892
CA-2023-108209,CG-10278,OFF-APP-10184,2021-08-26,738.07,9,-38.42,0.4,8,2021,-0.0521
CA-2023-108210,CG-10314,TEC-ACC-10795,2022-06-15,1203.22,5,-101.96,0.2,6,2022,-0.0847
CA-2023-108211,CG-10642,OFF-APP-10195,2023-07-30,623.01,4,-0.93,0.0,7,2023,-0.0015
CA-2023-108212,CG-10003,FUR-TAB-10686,2023-06-12,510.8,2,83.91,0.0,6,2023,0.1643
CA-2023-108213,CG-10585,OFF-STO-10520,2021-07-21,1075.11,10,426.37,0.3,7,2021,0.3966
CA-2023-108214,CG-10767,OFF-PAP-10529,2021-09-30,1791.09,2,657.49,0.5,9,2021,0.3671
CA-2023-108215,CG-10106,OFF-ART-10823,2022-02-18,1672.63,9,-202.09,0.0,2,2022,-0.1208
CA-2023-108216,CG-10622,OFF-ART-10875,2023-01-22,1015.74,3,202.35,0.0,1,2023,0.1992
CA-2023-108217,CG-10371,TEC-COP-10075,2021-06-17,362.94,8,91.36,0.0,6,2021,0.2517
CA-2023-108218,CG-10212,TEC-PHO-10376,2023-11-18,915.96,7,-123.95,0.0,11,2023,-0.1353
CA-2023-108219,CG-10114,OFF-BIN-10164,2022-03-08,691.92,9,135.61,0.4,3,2022,0.196
CA-2023-108220,CG-10292,OFF-PAP-10552,2023-06-15,1450.09,7,282.09,0.0,6,2023,0.1945
CA-2023-108221,CG-10368,TEC-PHO-10180,2022-11-27,1852.95,5,-333.53,0.1,11,2022,-0.18
CA-2023-108222,CG-10178,OFF-ENV-10570,2023-01-06,535.28,2,150.58,0.0,1,2023,0.2813
CA-2023-108223,CG-10720,TEC-ACC-10182,2023-11-17,747.73,6,221.98,0.2,11,2023,0.2969
CA-2023-108224,CG-10376,FUR-FUR-10365,2023-06-28,1224.34,6,-143.95,0.2,6,2023,-0.1176
CA-2023-108225,CG-10312,FUR-TAB-10748,2021-11-20,721.49,1,2.67,0.5,11,2021,0.0037
CA-2023-108226,CG-10258,FUR-FUR-10751,2021-11-30,938.32,8,-0.18,0.1,11,2021,-0.0002
CA-2023-108227,CG-10407,TEC-COP-10523,2023-02-10,883.7,7,123.92,0.0,2,2023,0.1402
CA-2023-108228,CG-10261,TEC-COP-10720,2021-11-12,1005.67,3,271.48,0.0,11,2021,0.2699
CA-2023-108229,CG-10742,TEC-PHO-10997,2023-07-24,585.61,5,-93.12,0.0,7,2023,-0.159
CA-2023-108230,CG-10376,TEC-MAC-10672,2022-03-31,39.83,6,4.84,0.0,3,2022,0.1215
CA-2023-108231,CG-10290,FUR-TAB-10472,2022-07-03,1873.2,2,168.19,0.3,7,2022,0.0898
CA-2023-108232,CG-10368,TEC-MAC-10985,2021-12-12,1862.54,1,82.5,0.0,12,2021,0.0443
CA-2023-108233,CG-10164,OFF-ENV-10523,2022-03-28,1998.11,2,154.3,0.4,3,2022,0.0772
CA-2023-108234,CG-10396,TEC-MAC-10196,2022-12-27,41.02,8,14.62,0.2,12,2022,0.3564
CA-2023-108235,CG-10424,FUR-BOO-10337,2021-09-16,623.24,10,126.65,0.1,9,2021,0.2032
CA-2023-108236,CG-10273,TEC-MAC-10344,2022-11-10,415.14,10,69.5,0.0,11,2022,0.1674
CA-2023-108237,CG-10194,OFF-PAP-10449,2021-01-19,327.04,8,-10.13,0.0,1,2021,-0.031
CA-2023-108238,CG-10472,OFF-STO-10264,2023-06-10,691.26,7,-115.62,0.4,6,2023,-0.1673
CA-2023-108239,CG-10014,FUR-BOO-10481,2023-06-05,496.55,10,-54.63,0.3,6,2023,-0.11
CA-2023-108240,CG-10312,TEC-COP-10414,2021-09-15,351.15,5,75.08,0.0,9,2021,0.2138
CA-2023-108241,CG-10655,OFF-STO-10027,2021-10-25,286.75,3,15.71,0.0,10,2021,0.0548
CA-2023-108242,CG-10792,TEC-MAC-10251,2021-09-16,693.83,2,123.07,0.5,9,2021,0.1774
CA-2023-108243,CG-10108,OFF-ENV-10429,2022-01-18,1713.57,4,280.81,0.0,1,2022,0.1639
CA-2023-108244,CG-10463,OFF-ART-10046,2023-05-30,1007.69,8,280.69,0.0,5,2023,0.2785
CA-2023-108245,CG-10540,FUR-CHA-10459,2021-02-23,216.11,2,13.44,0.3,2,2021,0.0622
CA-2023-108246,CG-10443,TEC-COP-10483,2023-02-21,421.36,5,166.72,0.0,2,2023,0.3957
CA-2023-108247,CG-10041,OFF-FAS-10210,2021-03-07,243.59,8,-8.17,0.0,3,2021,-0.0335
CA-2023-108248,CG-10659,OFF-STO-10923,2022-04-20,820.39,3,91.64,0.3,4,2022,0.1117
CA-2023-108249,CG-10530,TEC-COP-10095,2023-07-15,1743.25,3,42.58,0.0,7,2023,0.0244
CA-2023-108250,CG-10013,OFF-STO-10571,2021-06-23,1873.97,7,-86.76,0.3,6,2021,-0.0463
CA-2023-108251,CG-10653,OFF-PAP-10800,2021-02-18,220.42,6,24.69,0.2,2,2021,0.112
CA-2023-108252,CG-10443,OFF-PAP-10782,2021-05-01,386.62,5,44.86,0.0,5,2021,0.116
CA-2023-108253,CG-10546,FUR-BOO-10180,2021-05-08,351.9,3,13.1,0.2,5,2021,0.0372
CA-2023-108254,CG-10034,OFF-ENV-10886,2022-02-26,1819.11,5,544.9,0.0,2,2022,0.2995
CA-2023-108255,CG-10451,OFF-LAB-10965,2021-07-06,1057.97,10,-142.72,0.5,7,2021,-0.1349
CA-2023-108256,CG-10757,FUR-BOO-10516,2022-05-23,586.31,6,-113.8,0.3,5,2022,-0.1941
CA-2023-108257,CG-10043,OFF-STO-10272,2023-07-26,257.15,8,-15.85,0.2,7,2023,-0.0616
CA-2023-108258,CG-10768,TEC-COP-10077,2022-03-17,111.23,2,14.5,0.2,3,2022,0.1304
CA-2023-108259,CG-10681,FUR-TAB-10198,2022-01-21,1812.13,4,-265.63,0.2,1,2022,-0.1466
CA-2023-108260,CG-10599,FUR-BOO-10026,2021-11-26,1437.36,7,-172.28,0.2,11,2021,-0.1199
CA-2023-108261,CG-10757,TEC-ACC-10754,2023-08-21,485.36,9,-36.19,0.0,8,2023,-0.0746
CA-2023-108262,CG-10751,OFF-LAB-10149,2021-11-26,1470.78,8,122.1,0.0,11,2021,0.083
CA-2023-108263,CG-10293,OFF-APP-10966,2023-01-10,1393.75,7,549.33,0.0,1,2023,0.3941
CA-2023-108264,CG-10361,OFF-PAP-10775,2022-11-19,130.84,3,-4.65,0.3,11,2022,-0.0355
CA-2023-108265,CG-10386,TEC-COP-10302,2022-06-10,341.09,9,-32.43,0.0,6,2022,-0.0951
CA-2023-108266,CG-10737,TEC-ACC-10618,2021-01-26,1025.17,9,29.03,0.2,1,2021,0.0283
CA-2023-108267,CG-10543,OFF-STO-10434,2021-01-11,792.79,9,242.76,0.4,1,2021,0.3062
CA-2023-108268,CG-10611,FUR-TAB-10492,2021-03-25,781.36,10,308.15,0.3,3,2021,0.3944
CA-2023-108269,CG-10772,FUR-TAB-10645,2023-02-14,489.58,6,14.77,0.0,2,2023,0.0302
CA-2023-108270,CG-10343,FUR-FUR-10497,2021-07-06,1765.32,1,143.35,0.0,7,2021,0.0812
CA-2023-108271,CG-10698,TEC-COP-10608,2022-11-15,1549.75,6,312.93,0.2,11,2022,0.2019
CA-2023-108272,CG-10136,OFF-STO-10294,2022-10-10,1493.62,5,-3.51,0.0,10,2022,-0.0023
CA-2023-108273,CG-10503,FUR-FUR-10087,2021-06-18,1504.75,5,204.54,0.0,6,2021,0.1359
CA-2023-108274,CG-10034,OFF-ENV-10712,2021-03-13,1186.09,1,-227.92,0.0,3,2021,-0.1922
CA-2023-108275,CG-10345,TEC-MAC-10844,2022-02-24,187.54,3,56.44,0.0,2,2022,0.3009
CA-2023-108276,CG-10670,TEC-MAC-10570,2021-01-14,1567.25,9,-21.21,0.3,1,2021,-0.0135
CA-2023-108277,CG-10496,FUR-TAB-10982,2022-03-31,195.05,10,1.95,0.0,3,2022,0.01
CA-2023-108278,CG-10288,FUR-FUR-10424,2021-09-25,559.92,9,-42.07,0.0,9,2021,-0.0751
CA-2023-108279,CG-10624,FUR-TAB-10831,2022-08-05,1744.39,10,434.72,0.1,8,2022,0.2492
CA-2023-108280,CG-10784,TEC-COP-10803,2021-02-08,521.81,8,70.73,0.1,2,2021,0.1355
CA-2023-108281,CG-10584,FUR-CHA-10076,2023-07-14,545.8,10,-8.22,0.0,7,2023,-0.0151
CA-2023-108282,CG-10596,OFF-FAS-10595,2021-07-22,1558.47,3,266.88,0.4,7,2021,0.1712
CA-2023-108283,CG-10660,TEC-ACC-10300,2023-02-22,112.9,5,-6.02,0.2,2,2023,-0.0533
CA-2023-108284,CG-10316,FUR-TAB-10643,2023-11-22,929.73,6,-157.57,0.0,11,2023,-0.1695
CA-2023-108285,CG-10707,FUR-CHA-10553,2022-04-05,1206.56,6,352.37,0.0,4,2022,0.292
CA-2023-108286,CG-10151,TEC-MAC-10447,2022-09-13,1947.78,10,370.85,0.1,9,2022,0.1904
CA-2023-108287,CG-10191,TEC-ACC-10226,2023-03-11,1804.06,8,345.09,0.1,3,2023,0.1913
CA-2023-108288,CG-10002,OFF-ART-10973,2023-01-28,791.14,1,210.17,0.1,1,2023,0.2657
CA-2023-108289,CG-10291,TEC-MAC-10032,2022-02-25,986.4,2,-39.57,0.5,2,2022,-0.0401
CA-2023-108290,CG-10126,FUR-FUR-10260,2021-07-03,1065.49,5,-135.55,0.5,7,2021,-0.1272
CA-2023-108291,CG-10547,TEC-MAC-10834,2022-07-13,1537.19,7,-71.64,0.0,7,2022,-0.0466
CA-2023-108292,CG-10414,FUR-FUR-10351,2021-11-27,1188.49,1,172.72,0.3,11,2021,0.1453
CA-2023-108293,CG-10019,TEC-COP-10708,2023-06-07,1987.7,5,320.4,0.0,6,2023,0.1612
CA-2023-108294,CG-10485,FUR-FUR-10941,2023-02-25,1747.8,8,126.16,0.4,2,2023,0.0722
CA-2023-108295,CG-10247,OFF-PAP-10948,2023-06-04,1015.98,5,36.73,0.1,6,2023,0.0362
CA-2023-108296,CG-10116,FUR-TAB-10023,2021-02-18,155.83,5,3.75,0.4,2,2021,0.0241
CA-2023-108297,CG-10378,OFF-ENV-10663,2022-09-23,1539.23,9,-107.07,0.5,9,2022,-0.0696
CA-2023-108298,CG-10342,FUR-FUR-10474,2023-01-12,663.74,5,162.74,0.0,1,2023,0.2452
CA-2023-108299,CG-10253,FUR-CHA-10436,2022-02-19,1852.46,1,426.81,0.0,2,2022,0.2304
CA-2023-108300,CG-10365,FUR-FUR-10320,2023-05-24,50.17,3,-5.94,0.0,5,2023,-0.1184
CA-2023-108301,CG-10730,TEC-COP-10691,2023-07-12,1692.75,5,-333.68,0.0,7,2023,-0.1971
CA-2023-108302,CG-10644,OFF-STO-10360,2021-12-28,837.14,6,41.19,0.0,12,2021,0.0492
CA-2023-108303,CG-10370,TEC-MAC-10203,2021-12-15,764.94,3,253.32,0.1,12,2021,0.3312
CA-2023-108304,CG-10524,OFF-PAP-10969,2023-10-15,1665.77,3,-36.88,0.4,10,2023,-0.0221
CA-2023-108305,CG-10768,FUR-BOO-10930,2022-02-04,516.44,7,99.14,0.3,2,2022,0.192
CA-2023-108306,CG-10514,TEC-COP-10657,2023-06-23,279.24,3,-51.02,0.2,6,2023,-0.1827
CA-2023-108307,CG-10291,FUR-BOO-10786,2021-04-01,314.31,9,27.46,0.5,4,2021,0.0874
CA-2023-108308,CG-10629,OFF-PAP-10072,2021-04-24,191.15,9,-11.89,0.0,4,2021,-0.0622
CA-2023-108309,CG-10625,TEC-ACC-10261,2021-01-13,1786.64,2,376.69,0.0,1,2021,0.2108
CA-2023-108310,CG-10713,FUR-BOO-10414,2021-04-09,1720.19,6,-59.57,0.0,4,2021,-0.0346
CA-2023-108311,CG-10473,TEC-COP-10767,2021-03-19,783.78,8,-51.43,0.4,3,2021,-0.0656
CA-2023-108312,CG-10636,OFF-BIN-10006,2021-10-15,292.2,8,83.61,0.0,10,2021,0.2861
CA-2023-108313,CG-10607,FUR-TAB-10250,2023-04-26,674.9,9,127.27,0.1,4,2023,0.1886
CA-2023-108314,CG-10681,TEC-MAC-10015,2023-06-16,1110.35,2,315.23,0.1,6,2023,0.2839
CA-2023-108315,CG-10716,FUR-TAB-10892,2021-02-10,1326.04,6,460.77,0.2,2,2021,0.3475
CA-2023-108316,CG-10244,OFF-ART-10897,2022-01-20,774.38,6,-19.25,0.4,1,2022,-0.0249
CA-2023-108317,CG-10241,TEC-MAC-10740,2021-06-10,159.41,5,49.58,0.0,6,2021,0.311
CA-2023-108318,CG-10053,TEC-COP-10176,2023-01-23,1462.81,10,446.92,0.1,1,2023,0.3055
CA-2023-108319,CG-10262,TEC-COP-10334,2023-06-17,1448.65,10,-119.36,0.2,6,2023,-0.0824
CA-2023-108320,CG-10777,OFF-FAS-10441,2022-12-02,1665.2,2,231.11,0.2,12,2022,0.1388
CA-2023-108321,CG-10066,OFF-ENV-10947,2023-08-16,164.19,2,-12.11,0.1,8,2023,-0.0738
CA-2023-108322,CG-10464,OFF-FAS-10496,2022-04-20,1280.58,9,-10.96,0.0,4,2022,-0.0086
CA-2023-108323,CG-10420,TEC-MAC-10271,2023-01-28,429.91,1,132.21,0.3,1,2023,0.3075
CA-2023-108324,CG-10023,TEC-COP-10313,2023-03-30,369.96,9,51.01,0.0,3,2023,0.1379
CA-2023-108325,CG-10312,FUR-TAB-10162,2022-08-11,359.15,1,101.58,0.0,8,2022,0.2828
CA-2023-108326,CG-10454,TEC-COP-10906,2022-11-29,89.55,5,-4.87,0.0,11,2022,-0.0544
CA-2023-108327,CG-10310,TEC-PHO-10631,2021-02-18,85.71,5,5.48,0.5,2,2021,0.0639
CA-2023-108328,CG-10022,TEC-ACC-10377,2022-05-17,84.47,2,32.01,0.2,5,2022,0.379
CA-2023-108329,CG-10417,OFF-BIN-10250,2023-05-10,198.89,7,12.03,0.4,5,2023,0.0605
CA-2023-108330,CG-10064,TEC-COP-10219,2023-12-31,1662.43,8,596.6,0.0,12,2023,0.3589
CA-2023-108331,CG-10436,TEC-ACC-10518,2022-07-17,1868.09,3,444.29,0.0,7,2022,0.2378
CA-2023-108332,CG-10719,FUR-CHA-10272,2022-01-12,920.67,1,241.43,0.0,1,2022,0.2622
CA-2023-108333,CG-10336,FUR-FUR-10955,2023-11-27,920.8,3,160.3,0.5,11,2023,0.1741
CA-2023-108334,CG-10378,FUR-TAB-10998,2022-06-19,1160.67,7,262.25,0.0,6,2022,0.2259
CA-2023-108335,CG-10272,OFF-STO-10747,2023-11-21,279.41,6,105.18,0.1,11,2023,0.3764
CA-2023-108336,CG-10783,TEC-ACC-10089,2022-02-24,1518.31,1,480.73,0.0,2,2022,0.3166
CA-2023-108337,CG-10207,FUR-FUR-10717,2023-09-30,1402.38,7,-138.96,0.3,9,2023,-0.0991
CA-2023-108338,CG-10281,TEC-ACC-10109,2022-08-16,840.09,5,265.65,0.0,8,2022,0.3162
CA-2023-108339,CG-10627,FUR-FUR-10227,2021-05-15,273.39,9,56.2,0.2,5,2021,0.2056
CA-2023-108340,CG-10718,OFF-APP-10756,2023-07-11,500.77,5,153.76,0.1,7,2023,0.307
CA-2023-108341,CG-10531,OFF-ART-10009,2023-08-15,1971.08,5,539.02,0.5,8,2023,0.2735
CA-2023-108342,CG-10701,TEC-ACC-10992,2021-12-07,115.88,4,-12.94,0.0,12,2021,-0.1117
CA-2023-108343,CG-10309,TEC-COP-10946,2022-06-16,1068.0,8,336.54,0.1,6,2022,0.3151
CA-2023-108344,CG-10513,TEC-MAC-10502,2021-06-09,1163.85,3,-212.08,0.5,6,2021,-0.1822
CA-2023-108345,CG-10260,TEC-PHO-10162,2023-09-16,1406.21,10,-225.47,0.4,9,2023,-0.1603
CA-2023-108346,CG-10709,OFF-ENV-10462,2022-08-27,1037.32,3,32.1,0.0,8,2022,0.0309
CA-2023-108347,CG-10435,FUR-FUR-10150,2021-06-22,1866.91,5,738.17,0.3,6,2021,0.3954
CA-2023-108348,CG-10059,TEC-COP-10053,2023-12-27,996.08,1,260.31,0.4,12,2023,0.2613
CA-2023-108349,CG-10489,TEC-COP-10977,2021-11-16,1412.43,5,69.62,0.5,11,2021,0.0493
CA-2023-108350,CG-10451,FUR-CHA-10209,2023-02-26,415.36,9,-30.97,0.1,2,2023,-0.0746
CA-2023-108351,CG-10031,FUR-TAB-10560,2023-07-16,331.7,6,45.25,0.5,7,2023,0.1364
CA-2023-108352,CG-10502,FUR-CHA-10772,2021-09-06,1311.12,4,-218.73,0.5,9,2021,-0.1668
CA-2023-108353,CG-10050,FUR-CHA-10268,2022-08-27,556.94,4,29.28,0.0,8,2022,0.0526
CA-2023-108354,CG-10091,TEC-PHO-10082,2023-11-01,941.44,5,296.08,0.2,11,2023,0.3145
CA-2023-108355,CG-10689,FUR-CHA-10906,2022-07-18,1473.48,3,542.11,0.0,7,2022,0.3679
CA-2023-108356,CG-10332,FUR-TAB-10187,2023-05-19,759.53,4,-24.37,0.4,5,2023,-0.0321
CA-2023-108357,CG-10527,FUR-BOO-10745,2021-12-01,1288.78,9,98.33,0.0,12,2021,0.0763
CA-2023-108358,CG-10286,FUR-BOO-10879,2023-09-02,593.12,6,160.1,0.0,9,2023,0.2699
CA-2023-108359,CG-10325,OFF-SUP-10280,2021-08-22,532.34,2,46.53,0.0,8,2021,0.0874
CA-2023-108360,CG-10043,OFF-BIN-10493,2023-05-24,769.9,4,-45.57,0.3,5,2023,-0.0592
CA-2023-108361,CG-10089,FUR-BOO-10823,2021-01-19,267.39,8,26.09,0.0,1,2021,0.0976
CA-2023-108362,CG-10300,OFF-ENV-10974,2022-05-12,1885.46,2,230.6,0.3,5,2022,0.1223
CA-2023-108363,CG-10095,OFF-PAP-10456,2023-10-26,362.77,1,13.05,0.0,10,2023,0.036
CA-2023-108364,CG-10588,FUR-CHA-10675,2023-03-24,1795.57,10,502.78,0.1,3,2023,0.28
CA-2023-108365,CG-10078,FUR-TAB-10150,2022-09-14,1351.27,1,452.36,0.5,9,2022,0.3348
CA-2023-108366,CG-10089,FUR-FUR-10666,2022-05-22,107.52,3,-17.27,0.5,5,2022,-0.1606
CA-2023-108367,CG-10261,OFF-ENV-10516,2021-02-14,743.55,2,-141.9,0.5,2,2021,-0.1908
CA-2023-108368,CG-10373,OFF-PAP-10580,2021-03-10,1665.06,3,649.75,0.4,3,2021,0.3902
CA-2023-108369,CG-10292,TEC-COP-10260,2022-09-08,906.89,9,-21.97,0.5,9,2022,-0.0242
CA-2023-108370,CG-10645,OFF-FAS-10096,2023-07-07,175.84,2,1.99,0.5,7,2023,0.0113
CA-2023-108371,CG-10718,FUR-TAB-10654,2022-06-18,1883.6,4,-149.28,0.3,6,2022,-0.0793
CA-2023-108372,CG-10434,TEC-PHO-10260,2022-05-22,686.13,6,-108.16,0.3,5,2022,-0.1576
CA-2023-108373,CG-10113,FUR-FUR-10890,2022-01-23,260.75,4,100.51,0.4,1,2022,0.3855
CA-2023-108374,CG-10059,TEC-ACC-10538,2021-01-05,111.55,10,22.9,0.0,1,2021,0.2053
CA-2023-108375,CG-10136,TEC-PHO-10604,2022-11-03,118.38,4,33.19,0.1,11,2022,0.2804
CA-2023-108376,CG-10501,TEC-COP-10075,2021-09-10,144.41,6,32.67,0.4,9,2021,0.2262
CA-2023-108377,CG-10376,OFF-BIN-10514,2021-10-23,528.98,1,-43.22,0.2,10,2021,-0.0817
CA-2023-108378,CG-10421,FUR-CHA-10570,2022-12-30,64.45,5,-1.46,0.1,12,2022,-0.0227
CA-2023-108379,CG-10041,OFF-BIN-10756,2021-07-09,155.05,6,13.32,0.0,7,2021,0.0859
CA-2023-108380,CG-10460,TEC-COP-10559,2023-02-02,393.22,7,-22.57,0.4,2,2023,-0.0574
CA-2023-108381,CG-10192,TEC-MAC-10885,2021-02-12,666.44,7,206.11,0.0,2,2021,0.3093
CA-2023-108382,CG-10266,FUR-CHA-10979,2022-03-12,1958.62,10,241.97,0.0,3,2022,0.1235
CA-2023-108383,CG-10185,FUR-FUR-10897,2023-03-25,1444.79,9,321.33,0.3,3,2023,0.2224
CA-2023-108384,CG-10435,OFF-BIN-10803,2023-05-14,827.85,3,282.36,0.3,5,2023,0.3411
CA-2023-108385,CG-10104,OFF-LAB-10553,2022-07-10,579.54,4,107.67,0.4,7,2022,0.1858
CA-2023-108386,CG-10326,OFF-BIN-10504,2021-03-10,1613.17,8,433.75,0.3,3,2021,0.2689
CA-2023-108387,CG-10211,OFF-SUP-10650,2022-10-28,1310.54,4,69.76,0.4,10,2022,0.0532
CA-2023-108388,CG-10124,TEC-ACC-10123,2021-06-13,1922.36,4,-123.6,0.3,6,2021,-0.0643
CA-2023-108389,CG-10220,TEC-COP-10498,2021-04-11,409.64,4,-62.92,0.0,4,2021,-0.1536
CA-2023-108390,CG-10646,FUR-FUR-10586,2021-12-20,1676.69,3,273.55,0.0,12,2021,0.1631
CA-2023-108391,CG-10567,TEC-ACC-10390,2021-09-15,423.39,6,86.51,0.0,9,2021,0.2043
CA-2023-108392,CG-10129,TEC-ACC-10276,2023-10-24,1704.99,1,-47.54,0.1,10,2023,-0.0279
CA-2023-108393,CG-10165,OFF-STO-10365,2022-12-23,285.16,8,-27.63,0.1,12,2022,-0.0969
CA-2023-108394,CG-10240,FUR-CHA-10943,2023-01-01,1811.45,9,195.03,0.3,1,2023,0.1077
CA-2023-108395,CG-10464,OFF-PAP-10784,2022-09-20,1185.8,4,160.14,0.4,9,2022,0.135
CA-2023-108396,CG-10163,OFF-APP-10535,2022-03-19,1672.24,3,650.54,0.1,3,2022,0.389
CA-2023-108397,CG-10104,TEC-MAC-10932,2022-09-06,1428.15,5,-59.87,0.0,9,2022,-0.0419
CA-2023-108398,CG-10566,TEC-ACC-10464,2021-04-02,14.88,10,3.79,0.3,4,2021,0.2547
CA-2023-108399,CG-10164,FUR-TAB-10105,2022-07-23,990.14,5,-173.56,0.1,7,2022,-0.1753
CA-2023-108400,CG-10458,TEC-ACC-10724,2021-02-08,43.02,9,15.13,0.0,2,2021,0.3517
CA-2023-108401,CG-10085,TEC-COP-10211,2022-07-05,1653.63,3,-199.72,0.2,7,2022,-0.1208
CA-2023-108402,CG-10763,TEC-PHO-10250,2021-09-10,1821.79,5,-202.43,0.0,9,2021,-0.1111
CA-2023-108403,CG-10200,FUR-FUR-10504,2022-02-19,1748.66,8,-61.62,0.1,2,2022,-0.0352
CA-2023-108404,CG-10650,OFF-ENV-10608,2022-08-02,404.98,1,58.13,0.4,8,2022,0.1435
CA-2023-108405,CG-10002,TEC-PHO-10379,2021-09-01,1595.19,5,-307.98,0.3,9,2021,-0.1931
CA-2023-108406,CG-10502,OFF-FAS-10684,2023-05-16,1720.63,1,-190.89,0.1,5,2023,-0.1109
CA-2023-108407,CG-10675,FUR-FUR-10862,2023-07-06,1063.94,3,185.93,0.2,7,2023,0.1748
CA-2023-108408,CG-10250,OFF-ART-10409,2023-12-23,926.46,4,318.26,0.2,12,2023,0.3435
CA-2023-108409,CG-10038,TEC-ACC-10430,2022-12-28,437.34,10,142.98,0.2,12,2022,0.3269
CA-2023-108410,CG-10562,TEC-MAC-10357,2022-12-01,1344.34,1,-7.8,0.0,12,2022,-0.0058
CA-2023-108411,CG-10750,FUR-TAB-10531,2022-01-13,985.83,8,-6.32,0.5,1,2022,-0.0064
CA-2023-108412,CG-10477,FUR-CHA-10286,2021-11-07,1955.36,7,-116.03,0.0,11,2021,-0.0593
CA-2023-108413,CG-10009,TEC-PHO-10760,2023-03-30,1637.74,6,116.91,0.3,3,2023,0.0714
CA-2023-108414,CG-10550,TEC-PHO-10154,2022-01-08,1904.99,1,43.06,0.0,1,2022,0.0226
CA-2023-108415,CG-10649,FUR-FUR-10116,2021-06-24,703.32,2,156.05,0.4,6,2021,0.2219
CA-2023-108416,CG-10147,OFF-APP-10934,2022-10-09,610.2,2,-50.06,0.0,10,2022,-0.082
CA-2023-108417,CG-10592,FUR-BOO-10656,2021-10-06,1775.95,7,612.63,0.0,10,2021,0.345
CA-2023-108418,CG-10323,OFF-SUP-10120,2022-08-11,1117.56,10,114.09,0.2,8,2022,0.1021
CA-2023-108419,CG-10487,FUR-FUR-10819,2021-08-15,1252.35,2,450.36,0.0,8,2021,0.3596
CA-2023-108420,CG-10516,FUR-TAB-10595,2022-01-16,1347.96,2,51.11,0.0,1,2022,0.0379
CA-2023-108421,CG-10163,FUR-FUR-10309,2021-09-23,1057.13,8,-102.85,0.0,9,2021,-0.0973
CA-2023-108422,CG-10352,OFF-BIN-10230,2022-11-20,1356.9,1,261.37,0.2,11,2022,0.1926
CA-2023-108423,CG-10625,OFF-APP-10106,2023-02-18,535.88,2,-44.81,0.0,2,2023,-0.0836
CA-2023-108424,CG-10227,OFF-ENV-10537,2023-01-26,1367.13,5,528.63,0.0,1,2023,0.3867
CA-2023-108425,CG-10193,OFF-LAB-10382,2022-05-18,841.2,4,148.66,0.0,5,2022,0.1767
CA-2023-108426,CG-10218,TEC-MAC-10644,2022-01-22,1017.25,7,308.0,0.1,1,2022,0.3028
CA-2023-108427,CG-10294,FUR-CHA-10329,2023-08-02,1587.08,8,38.97,0.0,8,2023,0.0246
CA-2023-108428,CG-10354,TEC-ACC-10519,2023-03-28,415.5,9,9.82,0.0,3,2023,0.0236
CA-2023-108429,CG-10227,FUR-TAB-10473,2021-10-29,1552.07,10,460.6,0.2,10,2021,0.2968
CA-2023-108430,CG-10178,FUR-TAB-10770,2023-09-10,1004.23,3,-108.74,0.1,9,2023,-0.1083
CA-2023-108431,CG-10295,OFF-FAS-10871,2021-04-18,1626.35,1,-63.07,0.5,4,2021,-0.0388
CA-2023-108432,CG-10699,FUR-FUR-10372,2022-08-25,437.56,8,72.51,0.0,8,2022,0.1657
CA-2023-108433,CG-10400,FUR-FUR-10219,2021-06-08,1484.76,1,316.75,0.3,6,2021,0.2133
CA-2023-108434,CG-10360,TEC-MAC-10962,2023-08-09,748.17,5,38.93,0.0,8,2023,0.052
CA-2023-108435,CG-10037,FUR-TAB-10613,2021-09-05,235.06,9,82.99,0.1,9,2021,0.3531
CA-2023-108436,CG-10289,FUR-BOO-10911,2023-11-22,81.53,6,20.55,0.0,11,2023,0.2521
CA-2023-108437,CG-10614,TEC-COP-10584,2021-01-03,999.91,2,331.91,0.2,1,2021,0.3319
CA-2023-108438,CG-10596,OFF-APP-10368,2021-08-26,1704.06,5,-251.15,0.1,8,2021,-0.1474
CA-2023-108439,CG-10751,FUR-FUR-10498,2022-02-19,787.5,2,-90.01,0.0,2,2022,-0.1143
CA-2023-108440,CG-10601,FUR-TAB-10369,2021-08-01,432.22,2,104.83,0.0,8,2021,0.2425
CA-2023-108441,CG-10070,FUR-BOO-10040,2022-10-26,1042.24,3,-54.16,0.5,10,2022,-0.052
CA-2023-108442,CG-10378,FUR-TAB-10530,2021-09-30,304.22,6,3.4,0.5,9,2021,0.0112
CA-2023-108443,CG-10454,TEC-MAC-10066,2022-10-08,14.25,7,0.9,0.1,10,2022,0.0632
CA-2023-108444,CG-10009,FUR-TAB-10153,2022-02-01,198.38,4,-17.53,0.0,2,2022,-0.0884
CA-2023-108445,CG-10171,FUR-CHA-10730,2022-12-24,1358.83,2,217.85,0.2,12,2022,0.1603
CA-2023-108446,CG-10274,FUR-TAB-10140,2021-10-10,968.7,10,79.86,0.0,10,2021,0.0824
CA-2023-108447,CG-10450,TEC-COP-10284,2023-03-14,1847.02,3,-203.1,0.0,3,2023,-0.11
CA-2023-108448,CG-10709,OFF-ENV-10857,2021-10-29,1093.14,4,-46.02,0.0,10,2021,-0.0421
CA-2023-108449,CG-10596,OFF-SUP-10241,2022-04-29,518.41,8,-99.55,0.0,4,2022,-0.192
CA-2023-108450,CG-10133,FUR-TAB-10877,2022-11-16,1473.87,3,520.53,0.5,11,2022,0.3532
CA-2023-108451,CG-10656,TEC-ACC-10248,2023-04-30,1695.59,2,453.58,0.2,4,2023,0.2675
CA-2023-108452,CG-10069,OFF-PAP-10728,2023-03-29,1262.63,3,104.85,0.0,3,2023,0.083
CA-2023-108453,CG-10009,TEC-PHO-10897,2022-08-31,309.79,7,67.27,0.0,8,2022,0.2171
CA-2023-108454,CG-10065,TEC-MAC-10241,2022-05-26,978.82,3,252.59,0.0,5,2022,0.2581
CA-2023-108455,CG-10238,OFF-LAB-10954,2023-11-21,1388.38,4,135.5,0.0,11,2023,0.0976
CA-2023-108456,CG-10728,FUR-FUR-10710,2021-07-09,1182.34,8,380.02,0.1,7,2021,0.3214
CA-2023-108457,CG-10736,FUR-BOO-10451,2022-05-14,1429.2,3,260.13,0.0,5,2022,0.182
CA-2023-108458,CG-10400,FUR-BOO-10730,2022-04-17,888.06,2,310.36,0.1,4,2022,0.3495
CA-2023-108459,CG-10647,OFF-SUP-10408,2023-04-18,305.76,8,113.51,0.0,4,2023,0.3712
CA-2023-108460,CG-10065,FUR-TAB-10986,2023-03-18,1781.0,6,-313.36,0.3,3,2023,-0.1759
CA-2023-108461,CG-10057,OFF-ART-10197,2022-10-10,1593.46,3,-179.06,0.1,10,2022,-0.1124
CA-2023-108462,CG-10756,OFF-STO-10493,2023-04-21,309.43,10,81.83,0.3,4,2023,0.2645
CA-2023-108463,CG-10411,FUR-CHA-10960,2021-05-21,135.95,5,-5.24,0.0,5,2021,-0.0385
CA-2023-108464,CG-10664,FUR-CHA-10675,2022-05-27,1008.75,4,266.1,0.2,5,2022,0.2638
CA-2023-108465,CG-10000,TEC-COP-10697,2022-09-30,1336.39,9,-117.66,0.0,9,2022,-0.088
CA-2023-108466,CG-10232,FUR-FUR-10589,2021-04-04,1063.62,8,311.39,0.3,4,2021,0.2928
CA-2023-108467,CG-10751,FUR-CHA-10533,2022-08-01,813.41,7,-19.58,0.3,8,2022,-0.0241
CA-2023-108468,CG-10091,TEC-PHO-10358,2023-05-20,1035.57,7,304.55,0.0,5,2023,0.2941
CA-2023-108469,CG-10367,FUR-BOO-10375,2023-02-07,1821.97,6,233.09,0.5,2,2023,0.1279
CA-2023-108470,CG-10124,TEC-COP-10167,2023-01-03,238.27,10,-17.57,0.5,1,2023,-0.0737
CA-2023-108471,CG-10792,TEC-PHO-10864,2023-06-06,1098.37,1,433.17,0.0,6,2023,0.3944
CA-2023-108472,CG-10569,FUR-CHA-10148,2023-12-19,1805.59,7,71.28,0.1,12,2023,0.0395
CA-2023-108473,CG-10722,OFF-FAS-10896,2022-03-15,1050.86,10,60.97,0.1,3,2022,0.058
CA-2023-108474,CG-10705,TEC-ACC-10165,2022-05-22,1112.15,5,331.41,0.2,5,2022,0.298
CA-2023-108475,CG-10659,OFF-BIN-10184,2022-07-16,75.26,1,7.54,0.4,7,2022,0.1002
CA-2023-108476,CG-10745,TEC-PHO-10809,2021-04-11,1477.72,7,104.37,0.0,4,2021,0.0706
CA-2023-108477,CG-10340,OFF-PAP-10667,2021-07-28,164.01,4,-17.21,0.2,7,2021,-0.1049
CA-2023-108478,CG-10568,OFF-FAS-10178,2021-10-16,1705.28,3,634.05,0.5,10,2021,0.3718
CA-2023-108479,CG-10788,OFF-STO-10777,2021-05-09,184.49,9,20.77,0.4,5,2021,0.1126
CA-2023-108480,CG-10224,TEC-PHO-10717,2022-02-13,1128.51,4,368.11,0.0,2,2022,0.3262
CA-2023-108481,CG-10357,TEC-MAC-10001,2023-04-04,281.99,1,-50.76,0.0,4,2023,-0.18
CA-2023-108482,CG-10772,OFF-FAS-10967,2023-06-19,1748.86,3,462.7,0.0,6,2023,0.2646
CA-2023-108483,CG-10176,OFF-SUP-10321,2021-01-13,253.59,2,-31.87,0.3,1,2021,-0.1257
CA-2023-108484,CG-10152,FUR-CHA-10381,2023-09-30,1701.03,1,462.21,0.0,9,2023,0.2717
CA-2023-108485,CG-10011,TEC-ACC-10027,2023-10-07,1081.47,10,194.69,0.5,10,2023,0.18
CA-2023-108486,CG-10310,TEC-ACC-10736,2021-12-10,658.69,9,187.27,0.2,12,2021,0.2843
CA-2023-108487,CG-10371,FUR-TAB-10979,2021-01-17,1859.11,4,382.92,0.1,1,2021,0.206
CA-2023-108488,CG-10011,TEC-PHO-10958,2021-10-12,1321.18,2,257.26,0.5,10,2021,0.1947
CA-2023-108489,CG-10277,FUR-CHA-10468,2021-03-08,611.83,3,132.14,0.3,3,2021,0.216
CA-2023-108490,CG-10239,TEC-MAC-10783,2021-08-25,518.13,1,-86.93,0.4,8,2021,-0.1678
CA-2023-108491,CG-10177,FUR-BOO-10234,2022-10-23,1845.18,3,-42.7,0.2,10,2022,-0.0231
CA-2023-108492,CG-10398,OFF-ENV-10928,2023-10-03,191.83,7,10.8,0.3,10,2023,0.0563
CA-2023-108493,CG-10538,TEC-MAC-10758,2023-03-06,1562.47,4,191.15,0.0,3,2023,0.1223
CA-2023-108494,CG-10079,FUR-FUR-10966,2021-06-12,962.78,7,-171.14,0.0,6,2021,-0.1778
CA-2023-108495,CG-10678,TEC-ACC-10048,2022-07-23,922.14,8,-28.43,0.0,7,2022,-0.0308
CA-2023-108496,CG-10314,TEC-ACC-10092,2021-07-09,380.71,2,52.3,0.0,7,2021,0.1374
CA-2023-108497,CG-10005,FUR-TAB-10149,2023-09-08,988.18,5,-75.82,0.2,9,2023,-0.0767
CA-2023-108498,CG-10255,OFF-ENV-10436,2021-08-25,766.62,10,-116.44,0.0,8,2021,-0.1519
CA-2023-108499,CG-10195,FUR-BOO-10326,2022-05-03,718.2,6,134.04,0.0,5,2022,0.1866
CA-2023-108500,CG-10557,TEC-PHO-10636,2022-08-15,1379.77,2,-126.18,0.3,8,2022,-0.0915
CA-2023-108501,CG-10734,TEC-ACC-10870,2021-04-13,458.84,2,74.51,0.0,4,2021,0.1624
CA-2023-108502,CG-10578,OFF-LAB-10670,2022-10-19,184.86,10,72.8,0.0,10,2022,0.3938
CA-2023-108503,CG-10719,TEC-MAC-10828,2021-03-16,404.39,7,92.36,0.0,3,2021,0.2284
CA-2023-108504,CG-10589,TEC-MAC-10655,2023-08-12,1157.01,6,94.87,0.0,8,2023,0.082
CA-2023-108505,CG-10178,OFF-ART-10841,2023-03-27,542.2,9,9.23,0.0,3,2023,0.017
CA-2023-108506,CG-10471,TEC-MAC-10468,2023-08-20,1379.16,8,352.68,0.0,8,2023,0.2557
CA-2023-108507,CG-10172,FUR-FUR-10825,2021-03-13,1163.83,3,328.39,0.0,3,2021,0.2822
CA-2023-108508,CG-10522,OFF-APP-10655,2023-07-23,497.53,6,-95.05,0.0,7,2023,-0.191
CA-2023-108509,CG-10214,OFF-PAP-10097,2022-01-21,792.01,9,97.01,0.0,1,2022,0.1225
CA-2023-108510,CG-10743,OFF-APP-10793,2021-06-01,62.42,10,1.58,0.4,6,2021,0.0253
CA-2023-108511,CG-10691,TEC-ACC-10717,2021-01-14,337.24,3,60.58,0.0,1,2021,0.1796
CA-2023-108512,CG-10430,FUR-TAB-10391,2021-12-26,1776.3,5,513.01,0.4,12,2021,0.2888
CA-2023-108513,CG-10257,OFF-FAS-10556,2021-11-06,662.25,5,83.37,0.3,11,2021,0.1259
CA-2023-108514,CG-10579,FUR-TAB-10287,2023-02-05,321.7,2,13.77,0.1,2,2023,0.0428
CA-2023-108515,CG-10553,OFF-BIN-10193,2023-04-28,1878.87,4,506.09,0.1,4,2023,0.2694
CA-2023-108516,CG-10410,FUR-BOO-10363,2021-03-25,1663.44,1,-316.69,0.0,3,2021,-0.1904
CA-2023-108517,CG-10398,TEC-COP-10344,2021-04-21,1167.02,1,82.4,0.4,4,2021,0.0706
CA-2023-108518,CG-10461,FUR-FUR-10180,2023-04-13,1387.43,1,-66.66,0.4,4,2023,-0.048
CA-2023-108519,CG-10591,OFF-SUP-10581,2022-06-08,52.81,8,9.2,0.4,6,2022,0.1742
CA-2023-108520,CG-10207,OFF-BIN-10877,2022-06-03,898.78,8,88.11,0.4,6,2022,0.098
CA-2023-108521,CG-10136,FUR-BOO-10331,2022-06-09,433.22,1,-21.78,0.5,6,2022,-0.0503
CA-2023-108522,CG-10648,OFF-APP-10223,2022-02-22,1148.15,7,384.6,0.0,2,2022,0.335
CA-2023-108523,CG-10145,FUR-CHA-10665,2022-10-15,1403.61,5,422.32,0.1,10,2022,0.3009
CA-2023-108524,CG-10222,FUR-FUR-10427,2021-12-09,216.98,1,-35.18,0.2,12,2021,-0.1621
CA-2023-108525,CG-10654,TEC-PHO-10634,2023-08-17,1902.85,1,-142.75,0.3,8,2023,-0.075
CA-2023-108526,CG-10446,OFF-FAS-10896,2021-12-12,821.95,8,293.59,0.1,12,2021,0.3572
CA-2023-108527,CG-10054,FUR-CHA-10822,2021-01-15,923.43,2,306.73,0.0,1,2021,0.3322
CA-2023-108528,CG-10565,OFF-ART-10129,2021-02-13,1000.4,3,88.5,0.2,2,2021,0.0885
CA-2023-108529,CG-10683,FUR-BOO-10850,2021-04-25,1471.49,9,404.9,0.0,4,2021,0.2752
CA-2023-108530,CG-10330,OFF-SUP-10052,2022-06-17,1175.38,8,304.37,0.2,6,2022,0.259
CA-2023-108531,CG-10239,TEC-COP-10510,2023-07-16,90.97,10,9.56,0.0,7,2023,0.1051
CA-2023-108532,CG-10070,OFF-STO-10053,2023-01-21,17.84,3,-0.11,0.0,1,2023,-0.0062
CA-2023-108533,CG-10159,TEC-ACC-10733,2022-07-18,966.99,3,153.21,0.0,7,2022,0.1584
CA-2023-108534,CG-10031,OFF-LAB-10786,2021-10-15,982.06,6,-119.41,0.4,10,2021,-0.1216
CA-2023-108535,CG-10229,TEC-PHO-10581,2023-05-30,688.93,6,40.01,0.0,5,2023,0.0581
CA-2023-108536,CG-10484,TEC-PHO-10939,2023-01-01,949.57,9,-23.23,0.2,1,2023,-0.0245
CA-2023-108537,CG-10630,FUR-TAB-10707,2023-07-19,1355.08,5,-170.8,0.2,7,2023,-0.126
CA-2023-108538,CG-10059,TEC-ACC-10954,2023-03-30,1893.17,3,-124.23,0.2,3,2023,-0.0656
CA-2023-108539,CG-10586,FUR-BOO-10630,2022-05-03,1024.53,7,-93.01,0.3,5,2022,-0.0908
CA-2023-108540,CG-10314,OFF-PAP-10319,2021-09-30,1682.19,7,-297.31,0.0,9,2021,-0.1767
CA-2023-108541,CG-10035,FUR-CHA-10093,2023-09-03,478.62,5,-62.6,0.0,9,2023,-0.1308
CA-2023-108542,CG-10793,FUR-CHA-10132,2023-07-04,1611.66,2,350.03,0.4,7,2023,0.2172
CA-2023-108543,CG-10525,FUR-FUR-10692,2022-06-07,1448.64,8,84.72,0.1,6,2022,0.0585
CA-2023-108544,CG-10522,OFF-SUP-10630,2022-02-25,498.59,1,1.99,0.0,2,2022,0.004
CA-2023-108545,CG-10699,OFF-FAS-10435,2023-05-06,1898.96,2,122.53,0.0,5,2023,0.0645
CA-2023-108546,CG-10663,FUR-BOO-10808,2022-12-09,1751.12,7,495.61,0.2,12,2022,0.283
CA-2023-108547,CG-10117,TEC-ACC-10106,2022-02-09,751.28,2,241.95,0.1,2,2022,0.3221
CA-2023-108548,CG-10540,FUR-CHA-10666,2023-02-04,229.82,8,-24.69,0.0,2,2023,-0.1074
CA-2023-108549,CG-10049,FUR-FUR-10996,2021-07-14,1736.03,10,-346.43,0.0,7,2021,-0.1996
CA-2023-108550,CG-10534,OFF-SUP-10265,2022-01-16,1995.7,1,741.97,0.1,1,2022,0.3718
CA-2023-108551,CG-10027,OFF-APP-10849,2021-08-17,723.32,8,117.48,0.1,8,2021,0.1624
CA-2023-108552,CG-10786,TEC-COP-10667,2021-04-30,296.57,6,35.58,0.5,4,2021,0.12
CA-2023-108553,CG-10666,TEC-COP-10257,2021-09-25,1939.8,2,647.74,0.4,9,2021,0.3339
CA-2023-108554,CG-10731,OFF-FAS-10350,2021-08-11,669.74,2,-59.24,0.5,8,2021,-0.0885
CA-2023-108555,CG-10408,FUR-TAB-10736,2021-02-02,1954.99,10,253.85,0.0,2,2021,0.1298
CA-2023-108556,CG-10670,FUR-FUR-10143,2022-03-02,1029.47,4,-181.94,0.0,3,2022,-0.1767
CA-2023-108557,CG-10489,OFF-BIN-10491,2022-08-06,819.28,9,-53.53,0.0,8,2022,-0.0653
CA-2023-108558,CG-10616,TEC-ACC-10224,2023-10-06,1700.53,2,-330.21,0.1,10,2023,-0.1942
CA-2023-108559,CG-10068,FUR-CHA-10366,2022-11-12,1981.35,1,-46.9,0.5,11,2022,-0.0237
CA-2023-108560,CG-10175,TEC-PHO-10020,2022-03-20,1804.93,2,114.16,0.1,3,2022,0.0632
CA-2023-108561,CG-10604,OFF-APP-10473,2023-06-03,598.37,4,-30.6,0.1,6,2023,-0.0511
CA-2023-108562,CG-10643,FUR-CHA-10370,2021-03-04,1716.14,3,486.15,0.0,3,2021,0.2833
CA-2023-108563,CG-10779,TEC-ACC-10316,2023-01-16,1602.83,1,336.01,0.2,1,2023,0.2096
CA-2023-108564,CG-10648,FUR-TAB-10130,2021-01-02,1728.56,5,-137.3,0.2,1,2021,-0.0794
CA-2023-108565,CG-10099,FUR-BOO-10438,2022-11-11,1443.09,8,243.3,0.3,11,2022,0.1686
CA-2023-108566,CG-10291,TEC-PHO-10650,2022-01-30,96.86,1,6.06,0.0,1,2022,0.0626
CA-2023-108567,CG-10357,TEC-ACC-10033,2023-01-22,234.25,9,-27.02,0.1,1,2023,-0.1153
CA-2023-108568,CG-10410,TEC-MAC-10503,2023-05-13,1682.44,5,-18.11,0.5,5,2023,-0.0108
CA-2023-108569,CG-10537,FUR-TAB-10164,2021-08-04,1700.67,1,-288.14,0.4,8,2021,-0.1694
CA-2023-108570,CG-10519,OFF-SUP-10911,2022-09-07,1837.68,6,240.2,0.2,9,2022,0.1307
CA-2023-108571,CG-10051,OFF-STO-10267,2021-09-16,378.94,2,50.64,0.5,9,2021,0.1336
CA-2023-108572,CG-10162,TEC-PHO-10635,2023-05-24,1622.72,4,-56.82,0.0,5,2023,-0.035
CA-2023-108573,CG-10168,OFF-STO-10744,2023-05-17,1228.56,1,69.47,0.2,5,2023,0.0565
CA-2023-108574,CG-10111,FUR-FUR-10450,2021-03-13,281.73,3,96.78,0.0,3,2021,0.3435
CA-2023-108575,CG-10177,OFF-LAB-10096,2022-12-27,1261.68,2,-104.99,0.5,12,2022,-0.0832
CA-2023-108576,CG-10463,TEC-PHO-10180,2021-05-25,1601.73,9,-25.04,0.5,5,2021,-0.0156
CA-2023-108577,CG-10457,TEC-ACC-10343,2021-03-26,1285.44,10,345.68,0.1,3,2021,0.2689
CA-2023-108578,CG-10568,TEC-COP-10457,2022-04-22,1267.27,8,15.19,0.0,4,2022,0.012
CA-2023-108579,CG-10056,TEC-ACC-10410,2021-08-28,1408.88,5,322.18,0.4,8,2021,0.2287
CA-2023-108580,CG-10374,TEC-COP-10620,2023-12-12,1815.68,4,-62.13,0.4,12,2023,-0.0342
CA-2023-108581,CG-10437,FUR-TAB-10016,2022-04-11,433.82,2,-77.93,0.0,4,2022,-0.1796
CA-2023-108582,CG-10753,TEC-COP-10188,2023-08-18,146.06,10,22.72,0.4,8,2023,0.1556
CA-2023-108583,CG-10712,OFF-PAP-10703,2022-01-20,1250.64,2,65.98,0.5,1,2022,0.0528
CA-2023-108584,CG-10488,FUR-BOO-10504,2021-10-09,305.95,2,14.08,0.1,10,2021,0.046
CA-2023-108585,CG-10146,TEC-MAC-10219,2023-07-18,610.36,6,88.1,0.3,7,2023,0.1443
CA-2023-108586,CG-10737,FUR-BOO-10330,2022-05-01,1526.91,3,275.02,0.3,5,2022,0.1801
CA-2023-108587,CG-10436,FUR-TAB-10409,2023-08-09,553.52,7,134.22,0.0,8,2023,0.2425
CA-2023-108588,CG-10375,FUR-CHA-10120,2022-03-09,1326.52,1,-69.52,0.0,3,2022,-0.0524
CA-2023-108589,CG-10109,OFF-APP-10512,2021-05-21,1091.64,5,335.48,0.5,5,2021,0.3073
CA-2023-108590,CG-10509,OFF-LAB-10304,2023-09-03,75.79,6,23.89,0.5,9,2023,0.3152
CA-2023-108591,CG-10741,FUR-FUR-10991,2023-02-10,1095.64,6,155.31,0.0,2,2023,0.1418
CA-2023-108592,CG-10761,FUR-BOO-10324,2023-04-26,1008.65,4,334.89,0.1,4,2023,0.332
CA-2023-108593,CG-10621,OFF-ENV-10979,2023-07-21,1063.24,9,-60.7,0.2,7,2023,-0.0571
CA-2023-108594,CG-10365,OFF-PAP-10009,2023-03-05,1179.38,6,-129.37,0.2,3,2023,-0.1097
CA-2023-108595,CG-10308,OFF-FAS-10979,2023-01-30,1754.05,5,-112.94,0.5,1,2023,-0.0644
CA-2023-108596,CG-10598,FUR-BOO-10831,2023-04-19,1933.09,2,246.58,0.5,4,2023,0.1276
CA-2023-108597,CG-10756,OFF-FAS-10547,2022-01-21,1750.12,1,-250.16,0.2,1,2022,-0.1429
CA-2023-108598,CG-10100,OFF-APP-10709,2022-05-17,1068.89,7,-175.79,0.1,5,2022,-0.1645
CA-2023-108599,CG-10029,OFF-FAS-10154,2023-07-16,918.81,8,239.87,0.4,7,2023,0.2611
CA-2023-108600,CG-10349,FUR-BOO-10036,2023-07-05,845.96,9,173.74,0.5,7,2023,0.2054
CA-2023-108601,CG-10738,TEC-ACC-10653,2023-07-07,1995.35,5,736.31,0.0,7,2023,0.369
CA-2023-108602,CG-10516,OFF-ENV-10219,2023-07-10,1337.0,8,448.85,0.2,7,2023,0.3357
CA-2023-108603,CG-10338,FUR-TAB-10997,2022-10-24,1519.67,5,-61.58,0.5,10,2022,-0.0405
CA-2023-108604,CG-10270,FUR-TAB-10911,2021-02-09,1777.33,10,-89.03,0.5,2,2021,-0.0501
CA-2023-108605,CG-10180,OFF-ART-10940,2023-09-24,1861.39,3,31.87,0.4,9,2023,0.0171
CA-2023-108606,CG-10201,FUR-FUR-10902,2022-05-13,50.25,1,6.31,0.1,5,2022,0.1256
CA-2023-108607,CG-10541,FUR-CHA-10098,2021-01-20,1608.85,9,301.6,0.0,1,2021,0.1875
CA-2023-108608,CG-10307,OFF-ART-10038,2021-06-28,1618.01,1,298.25,0.4,6,2021,0.1843
CA-2023-108609,CG-10558,TEC-ACC-10387,2023-12-02,1069.03,8,347.35,0.0,12,2023,0.3249
CA-2023-108610,CG-10512,TEC-MAC-10146,2022-02-15,1135.89,7,450.96,0.0,2,2022,0.397
CA-2023-108611,CG-10271,FUR-CHA-10298,2022-04-25,1638.93,2,645.6,0.0,4,2022,0.3939
CA-2023-108612,CG-10730,FUR-BOO-10982,2021-06-02,1972.71,6,-341.91,0.4,6,2021,-0.1733
CA-2023-108613,CG-10119,TEC-MAC-10689,2021-07-02,1732.6,4,287.37,0.2,7,2021,0.1659
CA-2023-108614,CG-10226,FUR-CHA-10399,2023-02-08,1019.75,10,271.66,0.4,2,2023,0.2664
CA-2023-108615,CG-10453,TEC-ACC-10274,2021-05-23,1842.32,6,327.08,0.2,5,2021,0.1775
CA-2023-108616,CG-10471,FUR-BOO-10969,2023-02-13,394.46,5,-4.8,0.1,2,2023,-0.0122
CA-2023-108617,CG-10400,TEC-PHO-10491,2021-04-29,652.25,4,239.79,0.4,4,2021,0.3676
CA-2023-108618,CG-10009,OFF-PAP-10793,2022-01-27,834.84,4,146.6,0.3,1,2022,0.1756
CA-2023-108619,CG-10403,OFF-LAB-10462,2022-08-02,1287.95,3,238.1,0.4,8,2022,0.1849
CA-2023-108620,CG-10598,TEC-ACC-10022,2022-05-22,1877.65,1,432.1,0.1,5,2022,0.2301
CA-2023-108621,CG-10766,TEC-ACC-10359,2023-11-26,1844.11,7,720.17,0.1,11,2023,0.3905
CA-2023-108622,CG-10457,FUR-FUR-10593,2021-07-20,1652.61,4,631.79,0.3,7,2021,0.3823
CA-2023-108623,CG-10155,TEC-COP-10998,2023-09-27,762.51,6,154.23,0.3,9,2023,0.2023
CA-2023-108624,CG-10556,TEC-ACC-10877,2023-02-13,1345.82,9,26.01,0.1,2,2023,0.0193
CA-2023-108625,CG-10045,TEC-ACC-10566,2023-05-23,657.98,7,-17.33,0.0,5,2023,-0.0263
CA-2023-108626,CG-10332,OFF-SUP-10366,2022-03-23,500.22,9,139.95,0.1,3,2022,0.2798
CA-2023-108627,CG-10496,TEC-PHO-10557,2022-02-27,1354.41,4,248.68,0.0,2,2022,0.1836
CA-2023-108628,CG-10716,OFF-PAP-10275,2021-06-02,1381.17,7,-93.41,0.2,6,2021,-0.0676
CA-2023-108629,CG-10621,FUR-BOO-10151,2022-03-20,1986.12,6,-256.05,0.4,3,2022,-0.1289
CA-2023-108630,CG-10283,FUR-TAB-10444,2021-08-06,823.61,4,73.41,0.0,8,2021,0.0891
CA-2023-108631,CG-10294,OFF-APP-10754,2022-09-26,1365.39,8,383.61,0.4,9,2022,0.281
CA-2023-108632,CG-10256,TEC-COP-10480,2021-04-02,1646.26,4,456.37,0.1,4,2021,0.2772
CA-2023-108633,CG-10471,FUR-BOO-10256,2021-04-28,1409.11,9,-114.93,0.0,4,2021,-0.0816
CA-2023-108634,CG-10311,TEC-COP-10282,2021-06-12,886.25,8,210.18,0.3,6,2021,0.2372
CA-2023-108635,CG-10517,TEC-COP-10123,2021-01-22,1497.65,5,26.24,0.3,1,2021,0.0175
CA-2023-108636,CG-10665,FUR-FUR-10805,2023-06-18,1392.65,9,50.73,0.0,6,2023,0.0364
CA-2023-108637,CG-10250,TEC-ACC-10273,2023-12-17,172.3,8,-9.49,0.0,12,2023,-0.0551
CA-2023-108638,CG-10615,FUR-CHA-10660,2023-02-25,417.98,8,119.81,0.0,2,2023,0.2866
CA-2023-108639,CG-10650,TEC-PHO-10326,2021-07-27,703.92,5,40.51,0.0,7,2021,0.0575
CA-2023-108640,CG-10256,OFF-LAB-10898,2022-10-14,292.83,9,85.91,0.0,10,2022,0.2934
CA-2023-108641,CG-10700,FUR-CHA-10802,2022-11-10,446.6,5,52.96,0.1,11,2022,0.1186
CA-2023-108642,CG-10555,FUR-CHA-10088,2021-05-28,1987.09,4,610.9,0.3,5,2021,0.3074
CA-2023-108643,CG-10719,FUR-FUR-10976,2022-09-12,1245.0,1,-59.89,0.3,9,2022,-0.0481
CA-2023-108644,CG-10181,TEC-ACC-10737,2022-11-17,1079.61,7,-1.68,0.0,11,2022,-0.0016
CA-2023-108645,CG-10718,OFF-APP-10437,2023-09-16,1349.15,10,336.43,0.4,9,2023,0.2494
CA-2023-108646,CG-10222,OFF-LAB-10813,2021-11-19,357.14,1,30.59,0.4,11,2021,0.0857
CA-2023-108647,CG-10525,FUR-BOO-10875,2022-07-18,1765.43,7,-309.16,0.1,7,2022,-0.1751
CA-2023-108648,CG-10675,FUR-CHA-10126,2023-08-21,19.4,5,4.2,0.0,8,2023,0.2165
CA-2023-108649,CG-10445,OFF-PAP-10030,2021-08-08,1081.35,10,242.11,0.0,8,2021,0.2239
CA-2023-108650,CG-10095,FUR-FUR-10187,2022-02-19,1095.89,8,366.04,0.0,2,2022,0.334
CA-2023-108651,CG-10235,OFF-BIN-10767,2023-11-12,654.16,8,41.02,0.1,11,2023,0.0627
CA-2023-108652,CG-10496,FUR-CHA-11000,2023-04-20,1265.67,2,-167.85,0.0,4,2023,-0.1326
CA-2023-108653,CG-10334,OFF-SUP-10398,2023-10-23,1757.63,2,90.38,0.2,10,2023,0.0514
CA-2023-108654,CG-10058,OFF-STO-10175,2022-08-05,1640.38,1,488.75,0.1,8,2022,0.2979
CA-2023-108655,CG-10579,TEC-COP-10950,2023-11-24,12.68,2,4.51,0.2,11,2023,0.3557
CA-2023-108656,CG-10391,OFF-LAB-10208,2021-04-04,1733.55,3,42.56,0.0,4,2021,0.0246
CA-2023-108657,CG-10414,FUR-CHA-10534,2023-09-30,1102.08,1,360.17,0.3,9,2023,0.3268
CA-2023-108658,CG-10192,FUR-FUR-10201,2022-02-16,1192.62,6,-83.65,0.5,2,2022,-0.0701
CA-2023-108659,CG-10091,OFF-PAP-10719,2022-07-15,1409.83,9,362.01,0.5,7,2022,0.2568
CA-2023-108660,CG-10743,TEC-MAC-10497,2023-06-21,1947.91,3,463.68,0.1,6,2023,0.238
CA-2023-108661,CG-10303,TEC-PHO-10561,2022-10-07,1767.58,8,314.34,0.5,10,2022,0.1778
CA-2023-108662,CG-10273,TEC-PHO-10601,2022-06-17,599.39,2,-8.49,0.0,6,2022,-0.0142
CA-2023-108663,CG-10543,FUR-BOO-10969,2023-09-18,1028.55,4,178.23,0.0,9,2023,0.1733
CA-2023-108664,CG-10677,TEC-MAC-10957,2022-08-08,530.59,2,114.98,0.3,8,2022,0.2167
CA-2023-108665,CG-10197,OFF-FAS-10615,2022-02-22,1977.28,6,368.77,0.4,2,2022,0.1865
CA-2023-108666,CG-10262,TEC-MAC-10488,2023-04-27,1882.92,6,34.77,0.0,4,2023,0.0185
CA-2023-108667,CG-10317,TEC-PHO-10808,2023-02-17,1157.04,2,-127.02,0.0,2,2023,-0.1098
CA-2023-108668,CG-10619,TEC-PHO-10552,2023-03-11,1454.8,5,554.6,0.4,3,2023,0.3812
CA-2023-108669,CG-10074,FUR-CHA-10240,2021-02-26,1040.92,10,405.46,0.0,2,2021,0.3895
CA-2023-108670,CG-10425,FUR-BOO-10937,2023-02-25,1212.31,10,-151.14,0.3,2,2023,-0.1247
CA-2023-108671,CG-10263,FUR-FUR-10198,2022-12-05,913.64,1,109.14,0.1,12,2022,0.1195
CA-2023-108672,CG-10042,FUR-CHA-10091,2021-06-14,1186.46,9,319.2,0.3,6,2021,0.269
CA-2023-108673,CG-10070,FUR-FUR-10090,2022-11-01,1102.97,10,321.51,0.0,11,2022,0.2915
CA-2023-108674,CG-10624,OFF-LAB-10994,2023-10-22,1326.26,6,325.14,0.3,10,2023,0.2452
CA-2023-108675,CG-10251,TEC-COP-10284,2021-05-18,503.39,1,152.72,0.0,5,2021,0.3034
CA-2023-108676,CG-10216,FUR-BOO-10227,2021-06-02,1924.13,7,-2.48,0.5,6,2021,-0.0013
CA-2023-108677,CG-10033,TEC-COP-10287,2021-07-25,641.66,7,19.87,0.0,7,2021,0.031
CA-2023-108678,CG-10530,OFF-BIN-10119,2021-12-27,1074.2,1,314.1,0.4,12,2021,0.2924
CA-2023-108679,CG-10404,TEC-COP-10930,2022-01-09,1886.73,4,706.91,0.1,1,2022,0.3747
CA-2023-108680,CG-10137,TEC-COP-10097,2021-04-22,173.66,8,23.62,0.1,4,2021,0.136
CA-2023-108681,CG-10557,FUR-BOO-10870,2023-10-21,1747.97,3,554.1,0.0,10,2023,0.317
CA-2023-108682,CG-10501,TEC-ACC-10394,2022-04-17,1133.59,8,23.87,0.5,4,2022,0.0211
CA-2023-108683,CG-10761,OFF-FAS-10398,2023-06-07,1054.65,7,-153.72,0.0,6,2023,-0.1458
CA-2023-108684,CG-10749,OFF-FAS-10839,2021-06-29,244.88,1,-36.26,0.0,6,2021,-0.1481
CA-2023-108685,CG-10753,OFF-APP-10862,2021-02-19,202.23,4,-13.3,0.0,2,2021,-0.0658
CA-2023-108686,CG-10306,OFF-ENV-10014,2021-01-14,400.34,9,77.58,0.3,1,2021,0.1938
CA-2023-108687,CG-10013,FUR-BOO-10222,2021-08-31,1548.0,6,-250.63,0.5,8,2021,-0.1619
CA-2023-108688,CG-10148,TEC-ACC-10976,2021-04-19,1440.57,3,364.48,0.5,4,2021,0.253
CA-2023-108689,CG-10625,FUR-BOO-10031,2023-06-24,1566.39,3,582.58,0.2,6,2023,0.3719
CA-2023-108690,CG-10063,TEC-PHO-10385,2021-04-20,254.07,5,55.01,0.4,4,2021,0.2165
CA-2023-108691,CG-10063,TEC-ACC-10573,2023-01-03,1096.2,3,134.58,0.5,1,2023,0.1228
CA-2023-108692,CG-10174,TEC-MAC-10357,2023-05-27,1770.93,8,-288.86,0.4,5,2023,-0.1631
CA-2023-108693,CG-10160,TEC-ACC-10745,2023-06-24,630.16,6,-55.62,0.4,6,2023,-0.0883
CA-2023-108694,CG-10791,OFF-ENV-10307,2023-01-01,873.83,9,-17.1,0.0,1,2023,-0.0196
CA-2023-108695,CG-10133,TEC-MAC-10279,2021-07-16,1419.2,6,229.23,0.5,7,2021,0.1615
CA-2023-108696,CG-10429,TEC-MAC-10637,2022-07-22,304.62,5,12.22,0.5,7,2022,0.0401
CA-2023-108697,CG-10762,OFF-LAB-10267,2021-06-28,1874.37,6,593.74,0.2,6,2021,0.3168
CA-2023-108698,CG-10587,TEC-PHO-10377,2022-04-07,1835.25,2,550.15,0.3,4,2022,0.2998
CA-2023-108699,CG-10216,TEC-PHO-10040,2023-08-15,704.26,9,223.57,0.1,8,2023,0.3175
CA-2023-108700,CG-10601,OFF-SUP-10089,2021-01-01,1753.06,2,3.98,0.2,1,2021,0.0023
CA-2023-108701,CG-10623,FUR-TAB-10223,2023-02-04,1521.5,10,180.7,0.1,2,2023,0.1188
CA-2023-108702,CG-10212,OFF-FAS-10286,2022-01-26,927.0,1,191.27,0.1,1,2022,0.2063
CA-2023-108703,CG-10385,TEC-MAC-10555,2021-01-26,878.64,9,337.84,0.0,1,2021,0.3845
CA-2023-108704,CG-10407,OFF-ENV-10291,2021-08-11,707.06,8,-137.32,0.2,8,2021,-0.1942
CA-2023-108705,CG-10423,FUR-FUR-10326,2022-03-19,523.77,10,-59.2,0.0,3,2022,-0.113
CA-2023-108706,CG-10294,OFF-STO-10939,2022-12-12,708.86,7,118.51,0.0,12,2022,0.1672
CA-2023-108707,CG-10221,TEC-MAC-10161,2023-12-26,1528.59,9,197.74,0.4,12,2023,0.1294
CA-2023-108708,CG-10150,TEC-ACC-10388,2021-01-20,321.79,4,-51.24,0.5,1,2021,-0.1592
CA-2023-108709,CG-10275,FUR-CHA-10097,2021-10-26,928.89,4,21.18,0.3,10,2021,0.0228
CA-2023-108710,CG-10243,TEC-PHO-10838,2023-04-28,1298.72,7,451.86,0.2,4,2023,0.3479
CA-2023-108711,CG-10760,OFF-SUP-10515,2023-12-17,1960.97,9,139.39,0.2,12,2023,0.0711
CA-2023-108712,CG-10679,OFF-LAB-10816,2022-06-03,1861.12,4,-25.49,0.0,6,2022,-0.0137
CA-2023-108713,CG-10758,FUR-BOO-10647,2022-07-30,492.15,2,-82.0,0.3,7,2022,-0.1666
CA-2023-108714,CG-10748,FUR-TAB-10187,2023-01-03,361.99,2,-34.3,0.5,1,2023,-0.0948
CA-2023-108715,CG-10505,TEC-COP-10042,2021-07-29,1607.99,2,376.28,0.4,7,2021,0.234
CA-2023-108716,CG-10323,FUR-TAB-10247,2021-01-25,815.24,7,42.74,0.0,1,2021,0.0524
CA-2023-108717,CG-10332,OFF-LAB-10091,2022-08-21,1056.05,6,134.66,0.5,8,2022,0.1275
CA-2023-108718,CG-10776,TEC-PHO-10190,2023-08-28,895.4,5,180.83,0.4,8,2023,0.202
CA-2023-108719,CG-10452,TEC-PHO-10461,2023-12-29,1740.83,3,-301.81,0.0,12,2023,-0.1734
CA-2023-108720,CG-10033,TEC-MAC-10637,2023-06-09,131.42,3,0.01,0.4,6,2023,0.0001
CA-2023-108721,CG-10087,FUR-TAB-10700,2021-08-22,927.72,10,132.78,0.0,8,2021,0.1431
CA-2023-108722,CG-10029,OFF-PAP-10669,2022-12-15,878.85,2,98.57,0.0,12,2022,0.1122
CA-2023-108723,CG-10606,TEC-PHO-10979,2023-09-30,1819.03,8,522.7,0.4,9,2023,0.2874
CA-2023-108724,CG-10307,TEC-ACC-10165,2022-07-17,670.23,7,233.18,0.2,7,2022,0.3479
CA-2023-108725,CG-10695,TEC-COP-10290,2021-07-10,245.46,7,91.14,0.0,7,2021,0.3713
CA-2023-108726,CG-10450,FUR-CHA-10111,2022-12-06,1678.73,4,630.77,0.1,12,2022,0.3757
CA-2023-108727,CG-10359,FUR-FUR-10932,2021-12-22,1274.72,1,92.9,0.5,12,2021,0.0729
CA-2023-108728,CG-10431,FUR-FUR-10198,2023-08-03,1588.72,7,448.79,0.1,8,2023,0.2825
CA-2023-108729,CG-10606,FUR-FUR-10110,2021-12-10,1371.36,6,-49.09,0.5,12,2021,-0.0358
CA-2023-108730,CG-10734,OFF-SUP-10499,2021-07-22,156.64,10,-9.66,0.0,7,2021,-0.0617
CA-2023-108731,CG-10653,OFF-LAB-10516,2021-03-31,568.93,7,223.78,0.0,3,2021,0.3933
CA-2023-108732,CG-10766,TEC-COP-10471,2022-01-20,254.93,8,49.26,0.0,1,2022,0.1932
CA-2023-108733,CG-10633,TEC-COP-10088,2023-10-15,880.36,2,230.64,0.3,10,2023,0.262
CA-2023-108734,CG-10603,TEC-ACC-10246,2023-01-01,719.27,3,163.91,0.0,1,2023,0.2279
CA-2023-108735,CG-10028,FUR-FUR-10737,2023-01-24,749.7,7,287.67,0.5,1,2023,0.3837
CA-2023-108736,CG-10355,FUR-FUR-10685,2021-07-13,1110.95,3,-63.89,0.3,7,2021,-0.0575
CA-2023-108737,CG-10657,OFF-SUP-10802,2022-02-13,23.96,3,0.61,0.3,2,2022,0.0255
CA-2023-108738,CG-10715,FUR-BOO-10415,2023-03-17,427.57,10,107.37,0.0,3,2023,0.2511
CA-2023-108739,CG-10090,OFF-SUP-10960,2022-09-02,43.14,4,16.36,0.5,9,2022,0.3792
CA-2023-108740,CG-10505,TEC-MAC-10993,2021-12-29,70.33,8,-7.92,0.3,12,2021,-0.1126
CA-2023-108741,CG-10378,TEC-COP-10834,2022-10-23,1409.99,8,-218.46,0.0,10,2022,-0.1549
CA-2023-108742,CG-10454,TEC-PHO-10671,2021-03-18,1161.44,2,130.7,0.0,3,2021,0.1125
CA-2023-108743,CG-10417,TEC-COP-10934,2022-04-19,528.41,5,36.73,0.0,4,2022,0.0695
CA-2023-108744,CG-10304,TEC-COP-10765,2022-03-24,131.63,1,26.82,0.3,3,2022,0.2038
CA-2023-108745,CG-10398,OFF-PAP-10287,2021-04-13,1456.8,3,374.01,0.5,4,2021,0.2567
CA-2023-108746,CG-10365,FUR-TAB-10898,2023-12-07,381.24,6,135.2,0.5,12,2023,0.3546
CA-2023-108747,CG-10110,TEC-PHO-10342,2022-04-10,1093.58,8,76.92,0.3,4,2022,0.0703
CA-2023-108748,CG-10353,TEC-COP-10516,2022-07-04,788.43,4,178.71,0.4,7,2022,0.2267
CA-2023-108749,CG-10622,TEC-COP-10429,2022-04-11,40.87,4,-7.27,0.4,4,2022,-0.1779
CA-2023-108750,CG-10021,FUR-FUR-10570,2023-12-03,868.93,3,150.05,0.0,12,2023,0.1727
CA-2023-108751,CG-10050,TEC-COP-10267,2023-02-26,603.84,2,-97.83,0.0,2,2023,-0.162
CA-2023-108752,CG-10667,OFF-STO-10079,2022-10-01,1458.26,9,398.96,0.1,10,2022,0.2736
CA-2023-108753,CG-10264,OFF-BIN-10082,2022-10-25,1647.88,3,650.13,0.2,10,2022,0.3945
CA-2023-108754,CG-10006,FUR-TAB-10115,2023-05-08,1063.11,9,10.52,0.0,5,2023,0.0099
CA-2023-108755,CG-10350,TEC-PHO-10536,2021-04-08,1258.59,4,-129.96,0.1,4,2021,-0.1033
CA-2023-108756,CG-10323,OFF-PAP-10680,2021-06-09,1382.24,5,193.21,0.0,6,2021,0.1398
CA-2023-108757,CG-10448,OFF-ART-10375,2022-11-12,739.22,3,-24.75,0.2,11,2022,-0.0335
CA-2023-108758,CG-10530,TEC-ACC-10896,2023-05-18,1985.09,9,-394.28,0.5,5,2023,-0.1986
CA-2023-108759,CG-10369,TEC-ACC-10347,2021-01-17,1837.42,6,404.05,0.0,1,2021,0.2199
CA-2023-108760,CG-10757,FUR-TAB-10808,2023-08-17,1696.47,9,503.92,0.1,8,2023,0.297
CA-2023-108761,CG-10701,FUR-FUR-10287,2023-12-29,690.09,2,37.06,0.0,12,2023,0.0537
CA-2023-108762,CG-10204,TEC-COP-10657,2022-08-15,1046.72,1,353.99,0.0,8,2022,0.3382
CA-2023-108763,CG-10349,TEC-MAC-10024,2022-07-06,1703.89,3,111.37,0.0,7,2022,0.0654
CA-2023-108764,CG-10040,OFF-STO-10787,2021-07-31,1968.67,9,-316.18,0.2,7,2021,-0.1606
CA-2023-108765,CG-10157,TEC-COP-10848,2021-07-06,1295.56,10,87.5,0.0,7,2021,0.0675
CA-2023-108766,CG-10384,TEC-COP-10114,2022-09-05,563.69,3,194.95,0.0,9,2022,0.3458
CA-2023-108767,CG-10451,TEC-MAC-10717,2021-05-03,1579.86,9,-67.42,0.0,5,2021,-0.0427
CA-2023-108768,CG-10291,FUR-TAB-10134,2021-05-27,1683.48,2,361.17,0.2,5,2021,0.2145
CA-2023-108769,CG-10697,OFF-STO-10057,2022-05-30,139.69,6,-26.05,0.1,5,2022,-0.1865
CA-2023-108770,CG-10072,FUR-CHA-10409,2023-02-06,1188.14,2,331.48,0.0,2,2023,0.279
CA-2023-108771,CG-10463,FUR-BOO-10280,2021-09-02,390.04,6,-63.32,0.4,9,2021,-0.1623
CA-2023-108772,CG-10117,TEC-PHO-10423,2021-07-25,752.98,8,106.25,0.2,7,2021,0.1411
CA-2023-108773,CG-10234,OFF-LAB-10137,2023-07-10,765.49,6,-35.71,0.2,7,2023,-0.0466
CA-2023-108774,CG-10470,FUR-FUR-10467,2023-01-27,239.76,8,-22.24,0.3,1,2023,-0.0928
CA-2023-108775,CG-10167,FUR-BOO-10782,2022-06-28,31.91,7,6.83,0.3,6,2022,0.214
CA-2023-108776,CG-10541,OFF-FAS-10448,2021-02-17,569.46,3,180.86,0.4,2,2021,0.3176
CA-2023-108777,CG-10552,FUR-FUR-10627,2023-11-06,1571.07,3,446.97,0.0,11,2023,0.2845
CA-2023-108778,CG-10201,TEC-PHO-10322,2021-04-27,1634.32,8,6.95,0.4,4,2021,0.0043
CA-2023-108779,CG-10199,FUR-FUR-10547,2021-12-28,469.16,4,-60.79,0.0,12,2021,-0.1296
CA-2023-108780,CG-10768,TEC-MAC-10303,2023-03-15,548.47,7,159.83,0.5,3,2023,0.2914
CA-2023-108781,CG-10534,TEC-PHO-10705,2022-05-29,1228.74,7,467.51,0.0,5,2022,0.3805
CA-2023-108782,CG-10132,TEC-ACC-10626,2021-07-11,1693.64,4,150.27,0.0,7,2021,0.0887
CA-2023-108783,CG-10015,OFF-STO-10906,2021-03-31,1290.34,5,-197.52,0.3,3,2021,-0.1531
CA-2023-108784,CG-10708,OFF-FAS-10335,2021-12-04,1042.32,4,-183.27,0.1,12,2021,-0.1758
CA-2023-108785,CG-10009,OFF-ENV-10365,2021-02-02,503.5,10,14.81,0.0,2,2021,0.0294
CA-2023-108786,CG-10597,FUR-BOO-10032,2022-04-25,1812.2,4,-293.12,0.0,4,2022,-0.1617
CA-2023-108787,CG-10281,FUR-CHA-10330,2021-01-10,1730.04,2,615.9,0.0,1,2021,0.356
CA-2023-108788,CG-10449,TEC-PHO-10024,2021-09-27,1713.05,9,253.26,0.0,9,2021,0.1478
CA-2023-108789,CG-10136,OFF-ENV-10414,2023-11-05,1168.54,9,-137.63,0.4,11,2023,-0.1178
CA-2023-108790,CG-10792,TEC-COP-10309,2022-09-10,792.96,2,262.46,0.3,9,2022,0.331
CA-2023-108791,CG-10257,OFF-BIN-10535,2021-05-14,38.01,9,7.13,0.0,5,2021,0.1876
CA-2023-108792,CG-10613,TEC-ACC-10244,2021-06-12,1582.04,2,103.31,0.1,6,2021,0.0653
CA-2023-108793,CG-10131,FUR-TAB-10909,2022-03-04,1476.91,9,-290.26,0.4,3,2022,-0.1965
CA-2023-108794,CG-10526,FUR-BOO-10834,2023-11-15,1597.62,5,533.77,0.1,11,2023,0.3341
CA-2023-108795,CG-10000,FUR-BOO-10367,2022-11-17,1354.05,9,-24.6,0.0,11,2022,-0.0182
CA-2023-108796,CG-10371,TEC-PHO-10575,2021-12-29,1162.76,1,-144.98,0.2,12,2021,-0.1247
CA-2023-108797,CG-10353,FUR-FUR-10736,2023-03-09,1837.48,4,564.85,0.2,3,2023,0.3074
CA-2023-108798,CG-10564,FUR-TAB-10130,2023-09-17,1143.25,7,9.29,0.5,9,2023,0.0081
CA-2023-108799,CG-10291,FUR-CHA-10254,2023-06-06,58.85,5,20.68,0.5,6,2023,0.3514
CA-2023-108800,CG-10197,FUR-BOO-10140,2023-06-21,1732.68,9,214.05,0.2,6,2023,0.1235
CA-2023-108801,CG-10220,OFF-PAP-10482,2022-10-16,69.75,4,-7.87,0.0,10,2022,-0.1128
CA-2023-108802,CG-10744,TEC-COP-10482,2021-08-01,1873.59,5,84.59,0.3,8,2021,0.0451
CA-2023-108803,CG-10352,FUR-CHA-10907,2021-06-17,311.33,3,-60.93,0.0,6,2021,-0.1957
CA-2023-108804,CG-10457,OFF-APP-10436,2021-08-21,94.88,9,-0.58,0.4,8,2021,-0.0061
CA-2023-108805,CG-10097,FUR-CHA-10918,2023-03-14,611.27,9,243.79,0.0,3,2023,0.3988
CA-2023-108806,CG-10789,FUR-FUR-10819,2021-04-10,730.88,3,171.93,0.1,4,2021,0.2352
CA-2023-108807,CG-10356,OFF-ENV-10976,2022-04-01,197.73,8,15.57,0.0,4,2022,0.0787
CA-2023-108808,CG-10705,FUR-FUR-10356,2021-02-23,763.06,6,184.36,0.0,2,2021,0.2416
CA-2023-108809,CG-10069,TEC-MAC-10628,2021-11-04,531.2,4,-76.87,0.1,11,2021,-0.1447
CA-2023-108810,CG-10214,TEC-ACC-10037,2022-09-03,589.75,8,-68.29,0.0,9,2022,-0.1158
CA-2023-108811,CG-10074,OFF-STO-10156,2023-12-23,1220.76,10,220.24,0.1,12,2023,0.1804
CA-2023-108812,CG-10779,OFF-SUP-10013,2021-09-29,1056.65,9,-181.09,0.1,9,2021,-0.1714
CA-2023-108813,CG-10731,OFF-STO-10650,2021-12-10,1115.78,2,-92.56,0.0,12,2021,-0.083
CA-2023-108814,CG-10370,FUR-TAB-10641,2022-09-29,1870.1,10,-332.75,0.3,9,2022,-0.1779
CA-2023-108815,CG-10108,FUR-CHA-10128,2022-07-30,1111.41,6,-146.29,0.0,7,2022,-0.1316
CA-2023-108816,CG-10209,TEC-COP-10033,2023-04-09,270.22,1,-34.6,0.4,4,2023,-0.128
CA-2023-108817,CG-10503,TEC-PHO-10572,2023-10-02,240.94,7,-41.49,0.1,10,2023,-0.1722
CA-2023-108818,CG-10220,TEC-ACC-10122,2022-01-21,597.13,9,13.43,0.5,1,2022,0.0225
CA-2023-108819,CG-10728,FUR-CHA-10261,2021-03-04,886.22,1,241.6,0.2,3,2021,0.2726
CA-2023-108820,CG-10276,TEC-PHO-10623,2021-07-12,1269.81,5,505.13,0.0,7,2021,0.3978
CA-2023-108821,CG-10480,TEC-MAC-10477,2021-09-30,172.56,5,-18.18,0.1,9,2021,-0.1054
CA-2023-108822,CG-10040,TEC-COP-10827,2022-08-07,1784.8,2,465.66,0.5,8,2022,0.2609
CA-2023-108823,CG-10626,TEC-COP-10908,2021-09-29,1280.28,5,49.55,0.0,9,2021,0.0387
CA-2023-108824,CG-10015,OFF-APP-10008,2021-05-28,263.22,3,95.64,0.1,5,2021,0.3633
CA-2023-108825,CG-10786,OFF-APP-10087,2023-12-10,1806.34,8,709.65,0.0,12,2023,0.3929
CA-2023-108826,CG-10097,TEC-ACC-10624,2023-06-26,487.92,10,-28.39,0.1,6,2023,-0.0582
CA-2023-108827,CG-10762,TEC-MAC-10000,2022-11-22,692.7,10,-125.19,0.2,11,2022,-0.1807
CA-2023-108828,CG-10265,FUR-CHA-10084,2022-02-01,373.73,7,32.03,0.0,2,2022,0.0857
CA-2023-108829,CG-10365,OFF-FAS-10439,2023-11-28,1009.72,9,164.38,0.3,11,2023,0.1628
CA-2023-108830,CG-10109,OFF-LAB-10026,2023-06-29,1757.7,4,228.45,0.2,6,2023,0.13
CA-2023-108831,CG-10493,OFF-APP-10192,2022-09-20,101.3,9,12.12,0.2,9,2022,0.1196
CA-2023-108832,CG-10412,FUR-CHA-10172,2023-02-26,1357.24,1,-78.4,0.5,2,2023,-0.0578
CA-2023-108833,CG-10711,TEC-MAC-10066,2023-07-24,1108.66,9,-49.48,0.1,7,2023,-0.0446
CA-2023-108834,CG-10686,OFF-ART-10803,2023-09-20,58.78,4,-10.3,0.0,9,2023,-0.1752
CA-2023-108835,CG-10296,FUR-CHA-10785,2022-03-23,536.54,8,79.39,0.2,3,2022,0.148
CA-2023-108836,CG-10585,FUR-FUR-10863,2022-10-11,65.05,9,-11.06,0.4,10,2022,-0.17
CA-2023-108837,CG-10040,FUR-TAB-10963,2022-08-26,454.56,4,155.71,0.0,8,2022,0.3426
CA-2023-108838,CG-10477,TEC-PHO-10459,2022-03-03,208.54,1,34.92,0.4,3,2022,0.1674
CA-2023-108839,CG-10265,FUR-TAB-10116,2023-09-23,1020.39,2,383.49,0.5,9,2023,0.3758
CA-2023-108840,CG-10183,TEC-PHO-10093,2023-06-23,1582.35,1,35.39,0.0,6,2023,0.0224
CA-2023-108841,CG-10190,FUR-CHA-10883,2023-07-04,962.15,3,379.01,0.0,7,2023,0.3939
CA-2023-108842,CG-10500,FUR-BOO-10014,2021-08-28,1168.83,8,-43.94,0.5,8,2021,-0.0376
CA-2023-108843,CG-10402,FUR-FUR-10817,2022-04-24,379.86,10,-20.2,0.0,4,2022,-0.0532
CA-2023-108844,CG-10559,TEC-ACC-10450,2023-11-12,777.98,5,121.61,0.0,11,2023,0.1563
CA-2023-108845,CG-10210,OFF-LAB-10549,2022-07-11,720.6,6,-138.42,0.1,7,2022,-0.1921
CA-2023-108846,CG-10248,OFF-ENV-10766,2023-09-11,610.76,6,69.49,0.1,9,2023,0.1138
CA-2023-108847,CG-10134,TEC-COP-10709,2022-02-09,586.11,3,92.17,0.2,2,2022,0.1573
CA-2023-108848,CG-10616,FUR-FUR-10540,2023-09-01,114.96,8,2.73,0.0,9,2023,0.0237
CA-2023-108849,CG-10333,TEC-PHO-10580,2021-04-21,826.82,2,-130.92,0.3,4,2021,-0.1583
CA-2023-108850,CG-10617,FUR-FUR-10135,2023-11-24,1921.91,1,-301.62,0.0,11,2023,-0.1569
CA-2023-108851,CG-10210,OFF-BIN-10325,2022-06-28,1817.98,1,-323.42,0.4,6,2022,-0.1779
CA-2023-108852,CG-10293,TEC-PHO-10173,2022-07-13,1682.8,10,-140.73,0.0,7,2022,-0.0836
CA-2023-108853,CG-10527,FUR-FUR-10566,2023-02-28,949.35,5,377.28,0.0,2,2023,0.3974
CA-2023-108854,CG-10103,FUR-TAB-10234,2022-08-11,1013.54,9,-112.27,0.2,8,2022,-0.1108
CA-2023-108855,CG-10744,OFF-BIN-10467,2023-11-30,1005.43,10,-40.23,0.0,11,2023,-0.04
CA-2023-108856,CG-10122,OFF-APP-10905,2023-07-18,921.76,3,-59.84,0.5,7,2023,-0.0649
CA-2023-108857,CG-10264,TEC-MAC-10905,2021-12-04,869.42,10,157.57,0.0,12,2021,0.1812
CA-2023-108858,CG-10679,OFF-FAS-10220,2022-12-16,1651.05,2,590.31,0.0,12,2022,0.3575
CA-2023-108859,CG-10325,OFF-ART-10860,2023-09-24,872.93,2,-52.18,0.4,9,2023,-0.0598
CA-2023-108860,CG-10109,TEC-ACC-10641,2022-05-15,510.19,3,87.62,0.0,5,2022,0.1717
CA-2023-108861,CG-10042,FUR-CHA-10394,2023-09-04,745.81,3,-11.26,0.4,9,2023,-0.0151
CA-2023-108862,CG-10767,OFF-ENV-10108,2021-08-22,1249.86,10,-235.7,0.3,8,2021,-0.1886
CA-2023-108863,CG-10682,FUR-BOO-10588,2022-07-29,1121.55,7,-124.19,0.0,7,2022,-0.1107
CA-2023-108864,CG-10292,FUR-TAB-10432,2022-06-10,1832.36,4,48.4,0.0,6,2022,0.0264
CA-2023-108865,CG-10405,TEC-MAC-10804,2023-11-01,1661.39,6,-77.32,0.4,11,2023,-0.0465
CA-2023-108866,CG-10157,OFF-LAB-10356,2023-04-17,704.59,9,125.58,0.0,4,2023,0.1782
CA-2023-108867,CG-10608,OFF-ART-10772,2021-12-20,1233.22,8,445.31,0.4,12,2021,0.3611
CA-2023-108868,CG-10693,FUR-TAB-10558,2023-04-05,422.52,8,-45.84,0.0,4,2023,-0.1085
CA-2023-108869,CG-10651,FUR-CHA-10074,2021-08-13,563.68,4,67.89,0.2,8,2021,0.1204
CA-2023-108870,CG-10445,FUR-BOO-10871,2021-03-18,574.67,9,60.94,0.2,3,2021,0.106
CA-2023-108871,CG-10114,OFF-PAP-10627,2022-07-09,1829.68,9,-219.19,0.0,7,2022,-0.1198
CA-2023-108872,CG-10257,OFF-ART-10374,2023-07-27,172.95,7,29.79,0.4,7,2023,0.1722
CA-2023-108873,CG-10622,TEC-PHO-10145,2022-03-03,1525.18,5,154.05,0.1,3,2022,0.101
CA-2023-108874,CG-10765,OFF-APP-10409,2022-03-22,1684.49,2,388.1,0.3,3,2022,0.2304
CA-2023-108875,CG-10751,FUR-TAB-10477,2021-02-18,30.43,1,-0.46,0.5,2,2021,-0.0151
CA-2023-108876,CG-10051,FUR-CHA-10315,2022-10-06,1968.24,10,124.72,0.0,10,2022,0.0634
CA-2023-108877,CG-10680,OFF-APP-10708,2021-02-20,826.84,6,94.73,0.4,2,2021,0.1146
CA-2023-108878,CG-10143,FUR-BOO-10418,2021-09-09,1041.18,4,237.65,0.1,9,2021,0.2283
CA-2023-108879,CG-10683,FUR-TAB-10544,2023-10-11,849.35,7,263.83,0.5,10,2023,0.3106
CA-2023-108880,CG-10104,FUR-TAB-10844,2022-11-11,254.81,10,-4.77,0.2,11,2022,-0.0187
CA-2023-108881,CG-10473,OFF-STO-10798,2023-06-28,91.32,1,27.82,0.0,6,2023,0.3046
CA-2023-108882,CG-10014,OFF-SUP-10212,2021-12-20,289.82,10,99.89,0.5,12,2021,0.3447
CA-2023-108883,CG-10143,TEC-PHO-10945,2023-06-19,1001.5,9,-23.87,0.5,6,2023,-0.0238
CA-2023-108884,CG-10258,OFF-FAS-10049,2023-08-01,1339.76,10,391.21,0.1,8,2023,0.292
CA-2023-108885,CG-10516,FUR-BOO-10592,2021-06-11,1961.42,3,-18.01,0.2,6,2021,-0.0092
CA-2023-108886,CG-10583,FUR-BOO-10076,2022-05-22,794.17,10,220.48,0.2,5,2022,0.2776
CA-2023-108887,CG-10054,FUR-TAB-10815,2023-02-07,1946.8,3,180.1,0.1,2,2023,0.0925
CA-2023-108888,CG-10542,OFF-SUP-10593,2021-03-30,571.74,5,72.98,0.0,3,2021,0.1276
CA-2023-108889,CG-10469,FUR-CHA-10578,2021-08-19,1235.03,7,-15.66,0.3,8,2021,-0.0127
CA-2023-108890,CG-10289,OFF-LAB-10244,2022-08-05,1236.35,2,487.37,0.4,8,2022,0.3942
CA-2023-108891,CG-10629,TEC-ACC-10322,2023-01-16,587.53,1,125.39,0.4,1,2023,0.2134
CA-2023-108892,CG-10030,FUR-TAB-10214,2023-02-15,1951.63,8,497.59,0.3,2,2023,0.255
CA-2023-108893,CG-10603,FUR-TAB-10298,2022-12-31,1027.02,4,-86.09,0.4,12,2022,-0.0838
CA-2023-108894,CG-10053,FUR-CHA-10488,2021-12-02,1167.86,1,-22.99,0.3,12,2021,-0.0197
CA-2023-108895,CG-10322,FUR-BOO-10591,2022-08-17,926.65,6,148.49,0.1,8,2022,0.1602
CA-2023-108896,CG-10388,OFF-BIN-10119,2021-01-25,320.29,3,91.66,0.0,1,2021,0.2862
CA-2023-108897,CG-10017,FUR-TAB-10086,2023-01-24,703.75,2,-61.19,0.0,1,2023,-0.0869
CA-2023-108898,CG-10729,FUR-TAB-10304,2023-12-04,1067.76,9,-100.62,0.0,12,2023,-0.0942
CA-2023-108899,CG-10274,FUR-TAB-10885,2021-12-12,830.46,10,30.39,0.1,12,2021,0.0366
CA-2023-108900,CG-10465,FUR-FUR-10518,2021-05-26,564.38,2,198.77,0.4,5,2021,0.3522
CA-2023-108901,CG-10589,OFF-SUP-10714,2022-10-17,1869.78,4,324.85,0.0,10,2022,0.1737
CA-2023-108902,CG-10400,FUR-TAB-10577,2021-03-02,1695.24,9,328.49,0.0,3,2021,0.1938
CA-2023-108903,CG-10227,FUR-TAB-10260,2021-07-03,1124.78,9,-217.06,0.0,7,2021,-0.193
CA-2023-108904,CG-10365,TEC-ACC-11000,2022-12-02,346.02,3,87.05,0.3,12,2022,0.2516
CA-2023-108905,CG-10101,OFF-LAB-10617,2023-06-18,1754.97,9,-31.95,0.2,6,2023,-0.0182
CA-2023-108906,CG-10062,FUR-TAB-10682,2022-07-19,1128.03,2,190.49,0.0,7,2022,0.1689
CA-2023-108907,CG-10678,OFF-FAS-10916,2022-04-18,1123.14,2,-179.98,0.3,4,2022,-0.1602
CA-2023-108908,CG-10390,OFF-FAS-10332,2022-10-17,1911.68,4,-27.59,0.2,10,2022,-0.0144
CA-2023-108909,CG-10744,OFF-APP-10126,2023-08-11,1061.28,8,46.14,0.0,8,2023,0.0435
CA-2023-108910,CG-10245,TEC-ACC-10698,2023-05-29,1035.21,8,242.73,0.2,5,2023,0.2345
CA-2023-108911,CG-10256,TEC-MAC-10158,2023-12-26,210.34,4,45.5,0.5,12,2023,0.2163
CA-2023-108912,CG-10220,FUR-BOO-10389,2022-03-09,1574.53,1,-22.39,0.5,3,2022,-0.0142
CA-2023-108913,CG-10399,FUR-FUR-10363,2023-01-05,636.69,4,-106.44,0.0,1,2023,-0.1672
CA-2023-108914,CG-10144,OFF-SUP-10168,2023-05-02,1908.51,3,206.99,0.1,5,2023,0.1085
CA-2023-108915,CG-10731,TEC-COP-10103,2021-04-02,1611.72,9,611.04,0.3,4,2021,0.3791
CA-2023-108916,CG-10052,TEC-ACC-10229,2023-07-20,381.07,4,60.22,0.5,7,2023,0.158
CA-2023-108917,CG-10757,FUR-FUR-10576,2021-01-24,1364.1,2,148.06,0.1,1,2021,0.1085
CA-2023-108918,CG-10392,FUR-BOO-10842,2021-04-03,488.34,7,40.06,0.0,4,2021,0.082
CA-2023-108919,CG-10296,OFF-SUP-10157,2022-01-02,1934.24,4,348.27,0.5,1,2022,0.1801
CA-2023-108920,CG-10138,TEC-MAC-10787,2021-12-14,1133.14,8,137.11,0.5,12,2021,0.121
CA-2023-108921,CG-10002,OFF-STO-10642,2022-11-29,187.86,5,-5.45,0.0,11,2022,-0.029
CA-2023-108922,CG-10302,FUR-CHA-10555,2021-08-16,1811.53,4,561.41,0.5,8,2021,0.3099
CA-2023-108923,CG-10310,TEC-ACC-10172,2022-01-13,98.39,4,24.07,0.3,1,2022,0.2446
CA-2023-108924,CG-10376,OFF-PAP-10543,2021-07-07,903.82,3,142.47,0.0,7,2021,0.1576
CA-2023-108925,CG-10380,FUR-TAB-10880,2023-08-22,399.34,8,59.28,0.1,8,2023,0.1484
CA-2023-108926,CG-10636,TEC-PHO-10163,2023-05-02,1794.84,10,111.01,0.2,5,2023,0.0618
CA-2023-108927,CG-10153,FUR-CHA-10741,2023-12-19,1682.01,8,-77.09,0.0,12,2023,-0.0458
CA-2023-108928,CG-10557,TEC-ACC-10578,2021-11-25,88.31,5,-17.2,0.0,11,2021,-0.1948
CA-2023-108929,CG-10118,OFF-BIN-10872,2023-07-26,857.18,4,134.59,0.0,7,2023,0.157
CA-2023-108930,CG-10216,FUR-CHA-10054,2022-09-07,1462.4,7,-95.89,0.3,9,2022,-0.0656
CA-2023-108931,CG-10269,OFF-FAS-10762,2023-04-09,303.31,8,81.32,0.5,4,2023,0.2681
CA-2023-108932,CG-10748,TEC-PHO-10995,2022-07-27,1532.11,7,555.12,0.4,7,2022,0.3623
CA-2023-108933,CG-10331,FUR-BOO-10619,2022-04-01,906.66,7,221.66,0.1,4,2022,0.2445
CA-2023-108934,CG-10411,TEC-MAC-10911,2023-11-07,81.77,7,9.62,0.2,11,2023,0.1176
CA-2023-108935,CG-10411,OFF-BIN-10348,2022-03-25,1483.71,8,458.77,0.1,3,2022,0.3092
CA-2023-108936,CG-10063,FUR-CHA-10810,2023-05-27,177.89,7,28.66,0.4,5,2023,0.1611
CA-2023-108937,CG-10256,FUR-FUR-10304,2022-09-01,1659.89,4,499.9,0.4,9,2022,0.3012
CA-2023-108938,CG-10228,FUR-CHA-10332,2021-03-11,1560.03,4,315.36,0.5,3,2021,0.2021
CA-2023-108939,CG-10421,OFF-BIN-10324,2022-01-15,1537.75,3,594.49,0.4,1,2022,0.3866
CA-2023-108940,CG-10046,FUR-FUR-10644,2022-06-19,99.14,10,-11.58,0.0,6,2022,-0.1168
CA-2023-108941,CG-10688,TEC-PHO-10546,2022-08-26,938.56,5,182.43,0.1,8,2022,0.1944
CA-2023-108942,CG-10578,OFF-PAP-10004,2021-05-25,1183.68,10,-139.54,0.3,5,2021,-0.1179
CA-2023-108943,CG-10313,OFF-APP-10344,2022-07-26,1366.84,3,355.64,0.0,7,2022,0.2602
CA-2023-108944,CG-10101,OFF-STO-10950,2023-09-12,1631.11,9,435.88,0.2,9,2023,0.2672
CA-2023-108945,CG-10774,OFF-STO-10528,2023-11-20,865.91,4,-135.43,0.0,11,2023,-0.1564
CA-2023-108946,CG-10136,TEC-PHO-10787,2022-09-05,310.13,4,66.79,0.5,9,2022,0.2154
CA-2023-108947,CG-10484,OFF-PAP-10913,2021-11-29,554.91,6,26.63,0.0,11,2021,0.048
CA-2023-108948,CG-10420,FUR-TAB-10864,2021-03-21,1049.89,3,-166.7,0.1,3,2021,-0.1588
CA-2023-108949,CG-10514,TEC-ACC-10565,2023-11-23,969.76,4,135.96,0.5,11,2023,0.1402
CA-2023-108950,CG-10375,FUR-TAB-10074,2021-08-04,1416.21,5,537.33,0.0,8,2021,0.3794
CA-2023-108951,CG-10686,OFF-FAS-10159,2021-09-25,1519.11,7,334.85,0.3,9,2021,0.2204
CA-2023-108952,CG-10365,FUR-TAB-10332,2021-11-12,224.31,6,-18.03,0.1,11,2021,-0.0804
CA-2023-108953,CG-10741,FUR-FUR-10059,2023-07-22,439.3,8,113.61,0.0,7,2023,0.2586
CA-2023-108954,CG-10123,FUR-FUR-10277,2021-01-10,1506.5,4,249.8,0.3,1,2021,0.1658
CA-2023-108955,CG-10403,OFF-LAB-10546,2021-12-10,524.17,4,140.08,0.0,12,2021,0.2672
CA-2023-108956,CG-10533,TEC-MAC-10505,2021-01-30,1692.6,9,-196.15,0.0,1,2021,-0.1159
CA-2023-108957,CG-10603,TEC-ACC-10795,2022-12-04,718.37,9,230.16,0.0,12,2022,0.3204
CA-2023-108958,CG-10408,OFF-SUP-10863,2023-02-11,135.45,9,33.67,0.3,2,2023,0.2486
CA-2023-108959,CG-10454,TEC-MAC-10975,2021-04-02,406.47,10,102.43,0.4,4,2021,0.252
CA-2023-108960,CG-10418,FUR-CHA-10779,2022-03-14,616.64,1,15.68,0.0,3,2022,0.0254
CA-2023-108961,CG-10473,OFF-SUP-10905,2023-04-20,88.48,4,-15.32,0.0,4,2023,-0.1731
CA-2023-108962,CG-10394,FUR-CHA-10069,2023-02-01,482.76,9,163.87,0.3,2,2023,0.3394
CA-2023-108963,CG-10393,FUR-CHA-10795,2023-01-30,1855.78,2,-307.5,0.0,1,2023,-0.1657
CA-2023-108964,CG-10246,TEC-COP-10774,2023-10-06,1616.56,10,182.95,0.3,10,2023,0.1132
CA-2023-108965,CG-10161,OFF-ART-10534,2021-12-14,111.65,5,30.11,0.0,12,2021,0.2697
CA-2023-108966,CG-10205,OFF-STO-10530,2021-08-01,513.31,10,175.11,0.1,8,2021,0.3411
CA-2023-108967,CG-10635,FUR-CHA-10583,2023-06-13,1753.08,4,393.05,0.3,6,2023,0.2242
CA-2023-108968,CG-10681,OFF-APP-10160,2022-06-22,999.65,10,243.79,0.4,6,2022,0.2439
CA-2023-108969,CG-10426,OFF-BIN-10083,2021-07-02,1001.03,10,282.4,0.0,7,2021,0.2821
CA-2023-108970,CG-10365,TEC-PHO-10998,2023-04-26,1879.36,9,89.88,0.1,4,2023,0.0478
CA-2023-108971,CG-10330,TEC-ACC-10872,2021-09-15,1871.34,4,201.06,0.5,9,2021,0.1074
CA-2023-108972,CG-10749,FUR-BOO-10496,2023-05-28,1316.28,2,225.97,0.5,5,2023,0.1717
CA-2023-108973,CG-10549,OFF-LAB-10469,2023-10-02,1593.42,2,-184.99,0.4,10,2023,-0.1161
CA-2023-108974,CG-10146,TEC-PHO-10675,2021-08-22,497.22,9,47.57,0.4,8,2021,0.0957
CA-2023-108975,CG-10668,FUR-TAB-10710,2023-06-18,41.83,2,7.16,0.3,6,2023,0.1712
CA-2023-108976,CG-10071,OFF-ENV-10548,2022-01-30,1541.3,10,458.24,0.5,1,2022,0.2973
CA-2023-108977,CG-10248,OFF-BIN-10595,2022-04-16,1951.44,6,-322.48,0.3,4,2022,-0.1653
CA-2023-108978,CG-10460,TEC-MAC-10116,2021-01-07,1200.66,1,-141.13,0.0,1,2021,-0.1175
CA-2023-108979,CG-10325,FUR-TAB-10054,2022-07-30,280.87,2,106.05,0.2,7,2022,0.3776
CA-2023-108980,CG-10528,TEC-MAC-10279,2023-11-24,467.52,9,155.57,0.5,11,2023,0.3328
CA-2023-108981,CG-10318,FUR-BOO-10981,2021-04-08,1265.78,7,-82.37,0.0,4,2021,-0.0651
CA-2023-108982,CG-10637,OFF-LAB-10943,2023-01-01,1808.43,2,-50.97,0.3,1,2023,-0.0282
CA-2023-108983,CG-10391,FUR-TAB-10540,2023-06-16,413.05,6,59.33,0.0,6,2023,0.1436
CA-2023-108984,CG-10340,OFF-ART-10287,2022-09-18,854.71,1,-53.5,0.5,9,2022,-0.0626
CA-2023-108985,CG-10435,FUR-BOO-10383,2021-07-25,413.18,6,-62.66,0.0,7,2021,-0.1517
CA-2023-108986,CG-10722,FUR-BOO-10942,2023-07-26,1400.3,10,142.97,0.4,7,2023,0.1021
CA-2023-108987,CG-10635,OFF-SUP-10320,2023-10-19,839.09,2,-89.78,0.0,10,2023,-0.107
CA-2023-108988,CG-10298,TEC-MAC-10817,2022-09-29,630.81,3,-104.56,0.4,9,2022,-0.1658
CA-2023-108989,CG-10434,OFF-FAS-10691,2021-02-12,979.84,10,232.28,0.1,2,2021,0.2371
CA-2023-108990,CG-10236,FUR-CHA-10219,2023-11-10,1416.8,6,-34.03,0.0,11,2023,-0.024
CA-2023-108991,CG-10188,OFF-ART-10581,2021-07-10,32.58,6,3.45,0.5,7,2021,0.1059
CA-2023-108992,CG-10342,FUR-TAB-10362,2021-07-13,670.0,3,-28.34,0.0,7,2021,-0.0423
CA-2023-108993,CG-10646,FUR-TAB-10189,2023-10-05,1585.68,5,-262.19,0.0,10,2023,-0.1653
CA-2023-108994,CG-10236,OFF-APP-10530,2022-02-25,185.78,5,27.82,0.4,2,2022,0.1497
CA-2023-108995,CG-10133,TEC-ACC-10875,2022-12-22,1093.67,6,202.34,0.0,12,2022,0.185
CA-2023-108996,CG-10439,FUR-TAB-10610,2022-05-14,491.95,5,-46.1,0.1,5,2022,-0.0937
CA-2023-108997,CG-10422,OFF-ENV-10055,2022-07-07,1472.17,4,-148.25,0.0,7,2022,-0.1007
CA-2023-108998,CG-10750,OFF-STO-10193,2022-09-05,1250.43,10,340.47,0.0,9,2022,0.2723
CA-2023-108999,CG-10777,OFF-STO-10719,2022-05-11,950.34,2,-177.94,0.3,5,2022,-0.1872
CA-2023-109000,CG-10280,OFF-ENV-10527,2022-03-27,1947.05,6,477.67,0.5,3,2022,0.2453
CA-2023-109001,CG-10154,OFF-SUP-10692,2022-01-11,1298.07,8,-179.77,0.0,1,2022,-0.1385
CA-2023-109002,CG-10117,FUR-BOO-10750,2021-09-28,1882.4,7,590.53,0.3,9,2021,0.3137
CA-2023-109003,CG-10669,TEC-MAC-10600,2023-03-06,628.77,5,-16.89,0.0,3,2023,-0.0269
CA-2023-109004,CG-10024,TEC-MAC-10650,2021-07-29,1291.93,3,-236.15,0.0,7,2021,-0.1828
CA-2023-109005,CG-10415,TEC-MAC-10517,2021-03-11,1893.05,7,-237.73,0.0,3,2021,-0.1256
CA-2023-109006,CG-10244,TEC-MAC-10146,2023-08-25,191.63,10,68.2,0.5,8,2023,0.3559
CA-2023-109007,CG-10367,TEC-PHO-10124,2022-05-14,155.79,4,27.52,0.1,5,2022,0.1766
CA-2023-109008,CG-10675,OFF-BIN-10599,2022-02-02,427.81,7,142.68,0.0,2,2022,0.3335
CA-2023-109009,CG-10608,OFF-ENV-10960,2022-10-04,1929.88,2,507.1,0.0,10,2022,0.2628
CA-2023-109010,CG-10267,OFF-APP-10921,2023-03-17,1272.12,1,-131.04,0.3,3,2023,-0.103
CA-2023-109011,CG-10074,TEC-MAC-10144,2021-05-06,424.87,2,64.52,0.0,5,2021,0.1519
CA-2023-109012,CG-10305,FUR-FUR-10280,2022-07-05,986.51,7,381.46,0.3,7,2022,0.3867
CA-2023-109013,CG-10003,OFF-BIN-10514,2023-09-02,1076.97,7,194.69,0.1,9,2023,0.1808
CA-2023-109014,CG-10547,TEC-PHO-10426,2021-06-19,646.24,3,233.05,0.2,6,2021,0.3606
CA-2023-109015,CG-10364,TEC-PHO-10284,2021-08-22,962.86,2,-19.14,0.1,8,2021,-0.0199
CA-2023-109016,CG-10371,FUR-CHA-10689,2021-01-04,1360.71,9,-143.21,0.0,1,2021,-0.1052
CA-2023-109017,CG-10364,OFF-APP-10322,2021-12-21,1889.6,4,-195.72,0.5,12,2021,-0.1036
CA-2023-109018,CG-10501,OFF-STO-10099,2023-06-25,1753.8,9,198.61,0.5,6,2023,0.1132
CA-2023-109019,CG-10329,OFF-SUP-10214,2021-10-12,282.0,2,-30.22,0.0,10,2021,-0.1072
CA-2023-109020,CG-10208,OFF-BIN-10500,2023-06-19,1372.32,10,-31.2,0.2,6,2023,-0.0227
CA-2023-109021,CG-10501,TEC-MAC-10853,2023-04-26,529.66,9,161.8,0.0,4,2023,0.3055
CA-2023-109022,CG-10539,OFF-SUP-10330,2021-03-04,1851.97,1,636.03,0.0,3,2021,0.3434
CA-2023-109023,CG-10078,OFF-FAS-10010,2022-05-11,272.32,6,6.28,0.0,5,2022,0.0231
CA-2023-109024,CG-10117,TEC-ACC-10867,2023-06-27,525.89,1,-17.55,0.5,6,2023,-0.0334
CA-2023-109025,CG-10522,FUR-CHA-10589,2022-12-15,677.95,9,-62.95,0.0,12,2022,-0.0929
CA-2023-109026,CG-10560,FUR-BOO-10538,2022-11-22,781.11,8,-143.91,0.3,11,2022,-0.1842
CA-2023-109027,CG-10403,FUR-CHA-10725,2021-07-16,1906.38,7,316.45,0.0,7,2021,0.166
CA-2023-109028,CG-10141,TEC-PHO-10636,2021-02-26,909.28,7,-17.11,0.3,2,2021,-0.0188
CA-2023-109029,CG-10399,OFF-PAP-10462,2023-01-02,1136.07,10,259.32,0.0,1,2023,0.2283
CA-2023-109030,CG-10765,OFF-FAS-10728,2022-11-08,104.86,7,-16.33,0.0,11,2022,-0.1557
CA-2023-109031,CG-10390,OFF-BIN-10804,2023-01-13,142.89,10,32.96,0.0,1,2023,0.2307
CA-2023-109032,CG-10681,OFF-ART-10508,2023-10-25,1539.21,7,-273.08,0.5,10,2023,-0.1774
CA-2023-109033,CG-10428,OFF-ART-10361,2021-10-05,1302.0,3,121.4,0.3,10,2021,0.0932
CA-2023-109034,CG-10634,TEC-COP-10325,2022-11-24,74.87,5,0.58,0.2,11,2022,0.0077
CA-2023-109035,CG-10394,TEC-COP-10020,2021-02-12,1166.02,10,68.76,0.2,2,2021,0.059
CA-2023-109036,CG-10145,OFF-ENV-10515,2023-08-06,1254.05,2,-244.0,0.3,8,2023,-0.1946
CA-2023-109037,CG-10507,FUR-CHA-10008,2022-07-29,1014.16,9,156.57,0.0,7,2022,0.1544
CA-2023-109038,CG-10505,TEC-MAC-10476,2023-08-29,38.58,3,-1.02,0.2,8,2023,-0.0264
CA-2023-109039,CG-10424,TEC-ACC-10001,2023-07-18,1308.14,2,43.24,0.0,7,2023,0.0331
CA-2023-109040,CG-10595,TEC-ACC-10244,2022-11-30,850.17,8,14.02,0.5,11,2022,0.0165
CA-2023-109041,CG-10182,TEC-MAC-10480,2021-03-22,1605.32,7,115.31,0.0,3,2021,0.0718
CA-2023-109042,CG-10358,FUR-FUR-10028,2022-04-24,1307.84,7,62.75,0.5,4,2022,0.048
CA-2023-109043,CG-10588,OFF-FAS-10656,2023-12-14,655.32,8,169.49,0.5,12,2023,0.2586
CA-2023-109044,CG-10164,TEC-ACC-10375,2023-08-10,568.05,5,-56.45,0.5,8,2023,-0.0994
CA-2023-109045,CG-10492,OFF-APP-10937,2022-01-26,304.67,1,114.87,0.3,1,2022,0.377
CA-2023-109046,CG-10704,TEC-ACC-10424,2023-11-22,1470.14,8,559.77,0.4,11,2023,0.3808
CA-2023-109047,CG-10641,TEC-COP-10786,2023-06-02,1615.27,4,-124.87,0.4,6,2023,-0.0773
CA-2023-109048,CG-10089,FUR-TAB-10788,2023-02-23,1668.87,8,-204.63,0.1,2,2023,-0.1226
CA-2023-109049,CG-10601,FUR-BOO-10228,2022-01-01,984.27,7,377.75,0.1,1,2022,0.3838
CA-2023-109050,CG-10700,TEC-ACC-10064,2023-12-03,1642.28,8,-151.64,0.0,12,2023,-0.0923
CA-2023-109051,CG-10716,FUR-FUR-10327,2021-05-15,546.68,7,98.82,0.0,5,2021,0.1808
CA-2023-109052,CG-10166,OFF-BIN-10543,2023-09-02,825.31,8,-46.13,0.4,9,2023,-0.0559
CA-2023-109053,CG-10203,OFF-FAS-10810,2023-11-03,651.11,8,-38.47,0.1,11,2023,-0.0591
CA-2023-109054,CG-10145,FUR-FUR-10566,2021-09-02,489.17,7,-4.98,0.5,9,2021,-0.0102
CA-2023-109055,CG-10221,OFF-PAP-10688,2021-02-03,1977.16,5,616.47,0.4,2,2021,0.3118
CA-2023-109056,CG-10252,TEC-MAC-10672,2023-10-15,1136.38,1,-57.31,0.0,10,2023,-0.0504
CA-2023-109057,CG-10621,OFF-FAS-10900,2021-05-20,123.57,7,23.4,0.0,5,2021,0.1894
CA-2023-109058,CG-10784,OFF-FAS-10244,2022-11-20,1698.4,2,227.6,0.0,11,2022,0.134
CA-2023-109059,CG-10328,TEC-MAC-10053,2023-10-24,1581.31,8,63.59,0.0,10,2023,0.0402
CA-2023-109060,CG-10064,OFF-BIN-10185,2022-05-22,233.61,7,78.37,0.4,5,2022,0.3355
CA-2023-109061,CG-10602,TEC-COP-10064,2022-12-16,80.33,9,-12.55,0.0,12,2022,-0.1562
CA-2023-109062,CG-10013,FUR-CHA-10346,2023-07-09,1050.0,7,49.9,0.0,7,2023,0.0475
CA-2023-109063,CG-10260,TEC-MAC-10470,2023-08-21,1265.18,10,81.66,0.0,8,2023,0.0645
CA-2023-109064,CG-10087,TEC-PHO-10194,2023-04-25,1643.68,9,-239.74,0.2,4,2023,-0.1459
CA-2023-109065,CG-10018,OFF-ART-10617,2021-12-27,1357.94,6,492.04,0.4,12,2021,0.3623
CA-2023-109066,CG-10095,TEC-ACC-10865,2022-04-11,1915.84,5,661.26,0.3,4,2022,0.3452
CA-2023-109067,CG-10773,OFF-FAS-10469,2021-06-30,1964.59,1,116.13,0.0,6,2021,0.0591
CA-2023-109068,CG-10330,FUR-BOO-10123,2022-10-16,1041.19,10,54.41,0.1,10,2022,0.0523
CA-2023-109069,CG-10559,FUR-BOO-10279,2023-10-16,1522.09,5,523.13,0.0,10,2023,0.3437
CA-2023-109070,CG-10221,OFF-PAP-10309,2023-04-22,1604.91,9,206.15,0.1,4,2023,0.1284
CA-2023-109071,CG-10345,FUR-BOO-10147,2022-02-04,840.97,4,-107.67,0.3,2,2022,-0.128
CA-2023-109072,CG-10143,FUR-BOO-10078,2022-05-11,523.33,2,-55.43,0.5,5,2022,-0.1059
CA-2023-109073,CG-10112,OFF-STO-10619,2021-03-14,1094.98,4,-113.19,0.4,3,2021,-0.1034
CA-2023-109074,CG-10469,TEC-MAC-10109,2021-05-27,426.35,10,-11.32,0.2,5,2021,-0.0266
CA-2023-109075,CG-10515,TEC-ACC-10652,2022-10-10,1396.01,5,-179.73,0.4,10,2022,-0.1287
CA-2023-109076,CG-10509,TEC-MAC-10375,2022-12-29,523.89,9,3.85,0.1,12,2022,0.0073
CA-2023-109077,CG-10430,TEC-MAC-10223,2023-11-21,1789.35,5,294.44,0.3,11,2023,0.1646
CA-2023-109078,CG-10039,TEC-ACC-10171,2023-01-23,1960.69,5,-248.96,0.1,1,2023,-0.127
CA-2023-109079,CG-10577,FUR-FUR-10864,2023-03-02,794.71,3,-75.38,0.2,3,2023,-0.0949
CA-2023-109080,CG-10135,OFF-ENV-10487,2021-12-30,1545.12,2,27.71,0.3,12,2021,0.0179
CA-2023-109081,CG-10073,TEC-COP-10044,2021-10-19,633.95,5,132.43,0.5,10,2021,0.2089
CA-2023-109082,CG-10335,FUR-BOO-10782,2023-04-21,166.29,5,-6.63,0.1,4,2023,-0.0399
CA-2023-109083,CG-10247,TEC-COP-10123,2023-07-27,141.24,4,-13.04,0.1,7,2023,-0.0923
CA-2023-109084,CG-10417,OFF-APP-10394,2021-05-01,1093.49,7,287.79,0.1,5,2021,0.2632
CA-2023-109085,CG-10436,FUR-CHA-10956,2022-10-15,1279.39,7,292.58,0.3,10,2022,0.2287
CA-2023-109086,CG-10122,TEC-MAC-10999,2023-05-07,1158.08,8,66.81,0.3,5,2023,0.0577
CA-2023-109087,CG-10422,FUR-TAB-10449,2021-01-05,188.69,9,63.34,0.0,1,2021,0.3357
CA-2023-109088,CG-10271,OFF-BIN-10944,2021-07-31,1124.39,1,278.26,0.4,7,2021,0.2475
CA-2023-109089,CG-10597,TEC-ACC-10789,2022-12-02,426.73,3,19.28,0.4,12,2022,0.0452
CA-2023-109090,CG-10452,OFF-SUP-10581,2022-01-22,636.63,5,-12.46,0.3,1,2022,-0.0196
CA-2023-109091,CG-10520,FUR-CHA-10797,2023-10-20,1736.31,4,-284.42,0.0,10,2023,-0.1638
CA-2023-109092,CG-10753,TEC-PHO-10406,2023-01-08,1316.66,10,80.78,0.5,1,2023,0.0614
CA-2023-109093,CG-10378,OFF-PAP-10116,2023-06-05,1025.33,9,286.85,0.2,6,2023,0.2798
CA-2023-109094,CG-10017,FUR-BOO-10349,2021-08-09,1636.39,9,-116.78,0.1,8,2021,-0.0714
CA-2023-109095,CG-10309,FUR-TAB-10167,2022-04-13,1113.74,9,-19.94,0.0,4,2022,-0.0179
CA-2023-109096,CG-10070,OFF-SUP-10977,2023-06-20,962.59,6,-96.35,0.0,6,2023,-0.1001
CA-2023-109097,CG-10392,FUR-BOO-10613,2022-06-16,1547.14,2,14.03,0.0,6,2022,0.0091
CA-2023-109098,CG-10181,TEC-ACC-10852,2023-05-15,437.93,7,171.11,0.0,5,2023,0.3907
CA-2023-109099,CG-10622,FUR-TAB-10414,2023-08-18,479.72,3,24.11,0.5,8,2023,0.0503
CA-2023-109100,CG-10499,FUR-FUR-10487,2023-06-20,1836.44,8,427.07,0.0,6,2023,0.2326
CA-2023-109101,CG-10099,FUR-BOO-10670,2022-07-26,368.67,2,10.97,0.0,7,2022,0.0298
CA-2023-109102,CG-10180,OFF-ART-10022,2022-05-17,1155.79,5,-88.25,0.3,5,2022,-0.0764
CA-2023-109103,CG-10447,FUR-TAB-10053,2022-12-30,147.99,10,-20.75,0.0,12,2022,-0.1402
CA-2023-109104,CG-10673,FUR-FUR-10708,2022-12-11,420.64,5,92.57,0.0,12,2022,0.2201
CA-2023-109105,CG-10007,FUR-BOO-10522,2022-01-12,348.18,9,37.16,0.0,1,2022,0.1067
CA-2023-109106,CG-10061,OFF-ENV-10456,2021-07-02,491.93,5,179.88,0.1,7,2021,0.3657
CA-2023-109107,CG-10076,TEC-COP-10127,2023-11-12,1761.01,3,213.75,0.1,11,2023,0.1214
CA-2023-109108,CG-10076,FUR-CHA-10536,2023-12-18,1061.08,7,219.19,0.0,12,2023,0.2066
CA-2023-109109,CG-10476,FUR-TAB-10260,2023-07-17,468.35,4,124.82,0.1,7,2023,0.2665
CA-2023-109110,CG-10149,OFF-PAP-10829,2023-08-17,253.83,10,55.12,0.1,8,2023,0.2172
CA-2023-109111,CG-10428,OFF-BIN-10229,2021-07-19,1419.56,10,330.82,0.0,7,2021,0.233
CA-2023-109112,CG-10333,FUR-TAB-10747,2023-10-29,1823.41,4,118.72,0.0,10,2023,0.0651
CA-2023-109113,CG-10598,OFF-SUP-10387,2023-08-20,617.61,10,2.26,0.0,8,2023,0.0037
CA-2023-109114,CG-10601,FUR-CHA-10664,2023-04-14,562.83,10,-2.66,0.1,4,2023,-0.0047
CA-2023-109115,CG-10006,TEC-COP-10361,2021-04-23,438.35,8,-70.26,0.1,4,2021,-0.1603
CA-2023-109116,CG-10777,TEC-COP-10982,2022-12-17,1969.34,7,-40.12,0.2,12,2022,-0.0204
CA-2023-109117,CG-10740,OFF-PAP-10172,2021-02-15,1862.9,1,-111.84,0.0,2,2021,-0.06
CA-2023-109118,CG-10419,OFF-ENV-10646,2023-06-25,1636.9,2,307.24,0.0,6,2023,0.1877
CA-2023-109119,CG-10692,OFF-ENV-10392,2023-03-07,1659.41,9,98.43,0.0,3,2023,0.0593
CA-2023-109120,CG-10348,FUR-BOO-10165,2023-10-06,1086.56,3,104.1,0.0,10,2023,0.0958
CA-2023-109121,CG-10653,OFF-APP-10862,2023-12-08,1246.81,10,114.03,0.0,12,2023,0.0915
CA-2023-109122,CG-10631,TEC-PHO-10923,2021-12-11,836.72,7,229.65,0.3,12,2021,0.2745
CA-2023-109123,CG-10497,OFF-FAS-10981,2021-01-18,890.59,2,-131.94,0.2,1,2021,-0.1481
CA-2023-109124,CG-10151,OFF-SUP-10601,2023-07-23,1507.2,8,571.37,0.0,7,2023,0.3791
CA-2023-109125,CG-10659,TEC-ACC-10983,2023-11-19,95.18,8,24.91,0.5,11,2023,0.2617
CA-2023-109126,CG-10771,OFF-LAB-10221,2022-03-16,1145.06,1,235.75,0.0,3,2022,0.2059
CA-2023-109127,CG-10287,OFF-PAP-10481,2023-05-05,1563.85,4,566.56,0.0,5,2023,0.3623
CA-2023-109128,CG-10774,OFF-LAB-10997,2021-09-22,1910.49,4,14.04,0.3,9,2021,0.0073
CA-2023-109129,CG-10348,FUR-TAB-10578,2023-05-11,1487.33,5,-252.44,0.3,5,2023,-0.1697
CA-2023-109130,CG-10027,OFF-FAS-10151,2021-08-12,1553.29,6,352.57,0.0,8,2021,0.227
CA-2023-109131,CG-10389,FUR-CHA-10025,2021-10-14,1245.39,4,-159.37,0.1,10,2021,-0.128
CA-2023-109132,CG-10552,TEC-MAC-10439,2022-07-08,1448.45,9,217.03,0.2,7,2022,0.1498
CA-2023-109133,CG-10098,FUR-TAB-10470,2022-04-14,1340.66,6,-57.42,0.3,4,2022,-0.0428
CA-2023-109134,CG-10268,OFF-ENV-10089,2022-05-06,1222.37,2,-105.1,0.2,5,2022,-0.086
CA-2023-109135,CG-10540,FUR-TAB-10559,2022-01-26,642.79,4,165.31,0.0,1,2022,0.2572
CA-2023-109136,CG-10108,OFF-SUP-10869,2023-09-23,551.76,7,-90.83,0.0,9,2023,-0.1646
CA-2023-109137,CG-10283,TEC-COP-10339,2023-11-18,1998.84,9,582.62,0.1,11,2023,0.2915
CA-2023-109138,CG-10636,OFF-FAS-10636,2022-10-09,1511.22,3,373.41,0.2,10,2022,0.2471
CA-2023-109139,CG-10790,OFF-STO-10802,2022-09-10,74.73,4,5.95,0.4,9,2022,0.0796
CA-2023-109140,CG-10738,FUR-BOO-10456,2023-11-25,1989.88,2,-41.59,0.2,11,2023,-0.0209
CA-2023-109141,CG-10455,OFF-APP-10513,2022-08-15,292.47,4,106.27,0.0,8,2022,0.3634
CA-2023-109142,CG-10116,FUR-TAB-10119,2021-05-29,1292.84,9,-150.02,0.0,5,2021,-0.116
CA-2023-109143,CG-10430,OFF-SUP-10094,2022-01-23,1068.02,6,160.14,0.1,1,2022,0.1499
CA-2023-109144,CG-10069,OFF-PAP-10018,2022-11-03,1426.54,8,-220.23,0.3,11,2022,-0.1544
CA-2023-109145,CG-10027,TEC-PHO-10143,2021-05-26,1628.39,8,-225.56,0.5,5,2021,-0.1385
CA-2023-109146,CG-10069,FUR-TAB-10171,2022-05-28,1842.69,6,-336.48,0.3,5,2022,-0.1826
CA-2023-109147,CG-10781,FUR-BOO-10275,2023-11-22,580.0,6,-8.91,0.3,11,2023,-0.0154
CA-2023-109148,CG-10309,OFF-SUP-10210,2022-07-11,637.55,5,99.06,0.4,7,2022,0.1554
CA-2023-109149,CG-10392,TEC-MAC-10544,2023-03-09,838.86,2,113.62,0.4,3,2023,0.1354
CA-2023-109150,CG-10362,FUR-TAB-10439,2021-01-26,66.64,7,2.42,0.1,1,2021,0.0363
CA-2023-109151,CG-10070,FUR-FUR-10925,2023-02-22,1769.69,1,-11.88,0.0,2,2023,-0.0067
CA-2023-109152,CG-10645,TEC-COP-10605,2022-09-22,118.53,5,30.92,0.3,9,2022,0.2609
CA-2023-109153,CG-10382,FUR-TAB-10278,2021-09-28,813.06,9,304.49,0.3,9,2021,0.3745
CA-2023-109154,CG-10490,OFF-LAB-10866,2022-05-16,663.35,3,84.54,0.3,5,2022,0.1274
CA-2023-109155,CG-10554,OFF-BIN-10597,2022-01-20,243.35,3,45.72,0.3,1,2022,0.1879
CA-2023-109156,CG-10762,OFF-PAP-10060,2021-12-16,83.88,10,32.34,0.4,12,2021,0.3856
CA-2023-109157,CG-10789,OFF-APP-10338,2022-09-16,1606.12,6,591.73,0.0,9,2022,0.3684
CA-2023-109158,CG-10536,TEC-PHO-10561,2022-05-17,1529.01,5,-134.23,0.2,5,2022,-0.0878
CA-2023-109159,CG-10714,FUR-FUR-10163,2022-06-08,42.83,7,-8.13,0.4,6,2022,-0.1898
CA-2023-109160,CG-10334,OFF-PAP-10887,2022-05-07,959.48,3,-49.1,0.0,5,2022,-0.0512
CA-2023-109161,CG-10181,TEC-MAC-10212,2021-12-06,1049.15,10,287.6,0.0,12,2021,0.2741
CA-2023-109162,CG-10058,TEC-MAC-10759,2022-08-21,1593.27,10,262.01,0.0,8,2022,0.1644
CA-2023-109163,CG-10506,TEC-COP-10582,2022-06-25,1231.72,1,455.6,0.0,6,2022,0.3699
CA-2023-109164,CG-10684,FUR-BOO-10486,2022-08-27,1678.57,7,-170.72,0.1,8,2022,-0.1017
CA-2023-109165,CG-10553,TEC-PHO-10759,2022-03-11,1482.53,9,1.91,0.0,3,2022,0.0013
CA-2023-109166,CG-10640,FUR-BOO-10245,2021-12-22,1718.92,9,-249.25,0.3,12,2021,-0.145
CA-2023-109167,CG-10634,OFF-PAP-10389,2023-05-30,810.72,4,233.64,0.1,5,2023,0.2882
CA-2023-109168,CG-10376,TEC-PHO-10035,2023-02-25,1129.35,5,110.75,0.0,2,2023,0.0981
CA-2023-109169,CG-10139,OFF-ENV-10967,2022-01-23,1172.03,2,390.75,0.0,1,2022,0.3334
CA-2023-109170,CG-10619,TEC-MAC-10164,2023-10-20,331.3,10,111.82,0.0,10,2023,0.3375
CA-2023-109171,CG-10187,TEC-MAC-10600,2023-06-20,618.99,7,-83.45,0.0,6,2023,-0.1348
CA-2023-109172,CG-10615,TEC-MAC-10203,2021-04-06,559.01,5,-64.14,0.0,4,2021,-0.1147
CA-2023-109173,CG-10792,FUR-BOO-10067,2023-06-19,1604.85,8,572.67,0.5,6,2023,0.3568
CA-2023-109174,CG-10367,OFF-STO-10774,2023-04-30,138.24,2,27.89,0.3,4,2023,0.2018
CA-2023-109175,CG-10673,FUR-CHA-10361,2022-08-13,1339.74,5,-64.62,0.0,8,2022,-0.0482
CA-2023-109176,CG-10789,FUR-TAB-10150,2022-09-01,657.45,7,7.26,0.3,9,2022,0.011
CA-2023-109177,CG-10521,FUR-BOO-10514,2022-12-21,1637.08,8,81.47,0.5,12,2022,0.0498
CA-2023-109178,CG-10127,OFF-SUP-10474,2021-05-11,342.06,1,18.86,0.2,5,2021,0.0551
CA-2023-109179,CG-10365,OFF-LAB-10012,2022-09-14,688.85,10,126.91,0.5,9,2022,0.1842
CA-2023-109180,CG-10739,FUR-TAB-10820,2023-03-05,993.73,4,111.56,0.0,3,2023,0.1123
CA-2023-109181,CG-10623,FUR-FUR-10011,2021-12-31,177.39,3,4.12,0.4,12,2021,0.0232
CA-2023-109182,CG-10159,FUR-CHA-10592,2023-10-02,1825.09,8,-247.26,0.5,10,2023,-0.1355
CA-2023-109183,CG-10208,TEC-MAC-10290,2023-06-23,518.96,1,197.19,0.4,6,2023,0.38
CA-2023-109184,CG-10665,TEC-ACC-10641,2022-01-08,1795.92,6,-244.76,0.0,1,2022,-0.1363
CA-2023-109185,CG-10263,TEC-ACC-10448,2023-11-11,631.81,8,148.97,0.0,11,2023,0.2358
CA-2023-109186,CG-10388,TEC-COP-10879,2023-07-09,863.43,3,-56.8,0.5,7,2023,-0.0658
CA-2023-109187,CG-10188,OFF-BIN-10665,2022-08-07,742.37,5,-73.86,0.0,8,2022,-0.0995
CA-2023-109188,CG-10453,FUR-FUR-10560,2022-10-18,763.19,5,8.41,0.2,10,2022,0.011
CA-2023-109189,CG-10254,TEC-COP-10570,2022-06-11,1053.78,10,-165.99,0.0,6,2022,-0.1575
CA-2023-109190,CG-10331,FUR-FUR-10013,2023-04-07,1732.6,8,341.85,0.2,4,2023,0.1973
CA-2023-109191,CG-10488,OFF-ART-10471,2021-08-13,1318.41,5,444.89,0.3,8,2021,0.3374
CA-2023-109192,CG-10751,FUR-BOO-10052,2023-01-11,364.68,10,29.68,0.0,1,2023,0.0814
CA-2023-109193,CG-10742,OFF-BIN-10126,2022-11-03,1302.75,3,-21.57,0.2,11,2022,-0.0166
CA-2023-109194,CG-10743,OFF-ART-10187,2022-05-18,602.87,6,205.14,0.0,5,2022,0.3403
CA-2023-109195,CG-10729,FUR-FUR-10836,2022-11-23,1434.64,8,-45.45,0.1,11,2022,-0.0317
CA-2023-109196,CG-10420,OFF-BIN-10551,2022-06-09,198.45,5,65.0,0.5,6,2022,0.3275
CA-2023-109197,CG-10457,FUR-FUR-10581,2022-03-11,1908.0,5,132.2,0.0,3,2022,0.0693
CA-2023-109198,CG-10649,FUR-BOO-10396,2021-10-23,1700.95,2,-226.2,0.1,10,2021,-0.133
CA-2023-109199,CG-10288,OFF-LAB-10568,2023-04-27,879.65,6,-67.79,0.0,4,2023,-0.0771
CA-2023-109200,CG-10154,TEC-MAC-10824,2021-10-06,1284.15,9,468.91,0.0,10,2021,0.3652
CA-2023-109201,CG-10314,OFF-SUP-10570,2023-12-18,1168.98,1,419.74,0.1,12,2023,0.3591
CA-2023-109202,CG-10243,FUR-BOO-10734,2021-08-02,1577.17,8,33.52,0.0,8,2021,0.0213
CA-2023-109203,CG-10318,TEC-MAC-10273,2022-10-22,1643.69,1,170.64,0.3,10,2022,0.1038
CA-2023-109204,CG-10547,TEC-MAC-10054,2022-06-03,1613.9,10,-309.66,0.0,6,2022,-0.1919
CA-2023-109205,CG-10116,FUR-FUR-10066,2023-04-19,1268.12,9,291.83,0.0,4,2023,0.2301
CA-2023-109206,CG-10444,TEC-COP-10407,2022-05-15,231.34,1,64.16,0.0,5,2022,0.2773
CA-2023-109207,CG-10364,TEC-COP-10627,2022-03-24,289.29,6,70.04,0.4,3,2022,0.2421
CA-2023-109208,CG-10143,FUR-CHA-10428,2023-08-01,1891.31,9,487.77,0.0,8,2023,0.2579
CA-2023-109209,CG-10322,OFF-STO-10484,2021-08-19,959.99,2,61.07,0.5,8,2021,0.0636
CA-2023-109210,CG-10073,FUR-CHA-10078,2022-09-22,1616.86,10,-267.39,0.0,9,2022,-0.1654
CA-2023-109211,CG-10344,OFF-PAP-10504,2021-09-11,1683.83,2,-29.24,0.4,9,2021,-0.0174
CA-2023-109212,CG-10038,TEC-PHO-10570,2022-01-08,911.79,5,40.91,0.2,1,2022,0.0449
CA-2023-109213,CG-10340,TEC-ACC-10451,2022-08-26,1717.91,10,393.0,0.4,8,2022,0.2288
CA-2023-109214,CG-10459,FUR-TAB-10059,2023-06-20,1919.12,2,753.4,0.2,6,2023,0.3926
CA-2023-109215,CG-10582,OFF-ENV-10562,2021-05-26,1348.47,7,442.95,0.4,5,2021,0.3285
CA-2023-109216,CG-10578,OFF-APP-10268,2023-05-12,206.2,9,18.61,0.0,5,2023,0.0903
CA-2023-109217,CG-10366,TEC-PHO-10512,2021-11-07,1162.51,9,-40.15,0.4,11,2021,-0.0345
CA-2023-109218,CG-10409,FUR-CHA-10673,2021-11-07,1116.02,4,162.4,0.0,11,2021,0.1455
CA-2023-109219,CG-10346,OFF-BIN-10352,2021-05-12,929.7,7,91.65,0.4,5,2021,0.0986
CA-2023-109220,CG-10603,OFF-PAP-10473,2023-09-15,1724.29,8,511.17,0.1,9,2023,0.2965
CA-2023-109221,CG-10601,OFF-FAS-10693,2021-05-26,649.53,1,198.04,0.3,5,2021,0.3049
CA-2023-109222,CG-10532,TEC-ACC-10958,2023-08-07,517.33,5,-87.84,0.2,8,2023,-0.1698
CA-2023-109223,CG-10026,FUR-TAB-10483,2023-09-28,643.57,8,55.25,0.3,9,2023,0.0858
CA-2023-109224,CG-10414,TEC-COP-10118,2022-06-29,939.38,10,-16.32,0.2,6,2022,-0.0174
CA-2023-109225,CG-10536,OFF-ENV-10242,2022-07-20,428.05,10,58.09,0.2,7,2022,0.1357
CA-2023-109226,CG-10224,FUR-CHA-10390,2023-06-09,939.29,6,-63.15,0.5,6,2023,-0.0672
CA-2023-109227,CG-10741,TEC-COP-10567,2023-08-19,1263.8,5,20.25,0.5,8,2023,0.016
CA-2023-109228,CG-10540,TEC-ACC-10864,2023-10-15,1990.37,10,329.12,0.2,10,2023,0.1654
CA-2023-109229,CG-10549,FUR-BOO-10948,2023-09-01,480.48,4,39.96,0.1,9,2023,0.0832
CA-2023-109230,CG-10494,TEC-ACC-10411,2022-10-29,1897.19,8,552.39,0.0,10,2022,0.2912
CA-2023-109231,CG-10019,FUR-TAB-10710,2022-10-23,1629.14,8,-299.12,0.3,10,2022,-0.1836
CA-2023-109232,CG-10166,OFF-LAB-10459,2023-09-03,671.83,6,242.12,0.2,9,2023,0.3604
CA-2023-109233,CG-10116,OFF-ART-10206,2021-03-20,376.11,6,25.4,0.4,3,2021,0.0675
CA-2023-109234,CG-10441,TEC-COP-10575,2021-03-29,1603.76,1,335.28,0.0,3,2021,0.2091
CA-2023-109235,CG-10050,TEC-MAC-10931,2023-02-04,946.26,5,52.4,0.1,2,2023,0.0554
CA-2023-109236,CG-10109,FUR-CHA-10434,2021-12-22,1324.24,4,-192.65,0.4,12,2021,-0.1455
CA-2023-109237,CG-10231,TEC-ACC-10382,2023-01-21,1341.78,4,-248.84,0.4,1,2023,-0.1855
CA-2023-109238,CG-10123,TEC-COP-10228,2021-01-02,1050.68,6,71.99,0.2,1,2021,0.0685
CA-2023-109239,CG-10145,FUR-TAB-10612,2021-03-18,1590.54,10,-225.89,0.3,3,2021,-0.142
CA-2023-109240,CG-10353,TEC-COP-10301,2021-01-23,1397.95,9,152.5,0.3,1,2021,0.1091
CA-2023-109241,CG-10129,TEC-MAC-10111,2021-07-27,977.23,9,61.64,0.0,7,2021,0.0631
CA-2023-109242,CG-10361,TEC-ACC-10061,2023-10-01,1829.84,5,428.25,0.4,10,2023,0.234
CA-2023-109243,CG-10163,FUR-FUR-10903,2023-11-26,951.51,1,-16.88,0.5,11,2023,-0.0177
CA-2023-109244,CG-10321,OFF-BIN-10776,2023-11-12,1217.29,1,-95.66,0.0,11,2023,-0.0786
CA-2023-109245,CG-10780,OFF-STO-10750,2021-10-04,1965.98,5,654.34,0.3,10,2021,0.3328
CA-2023-109246,CG-10160,FUR-TAB-10373,2023-11-25,1291.18,7,300.96,0.0,11,2023,0.2331
CA-2023-109247,CG-10211,OFF-APP-10514,2023-07-27,58.24,9,14.55,0.5,7,2023,0.2498
CA-2023-109248,CG-10656,OFF-APP-10147,2021-01-23,1834.08,7,-145.85,0.0,1,2021,-0.0795
CA-2023-109249,CG-10256,TEC-PHO-10630,2022-08-19,1596.81,5,423.35,0.0,8,2022,0.2651
CA-2023-109250,CG-10774,OFF-PAP-10701,2021-03-14,1979.11,5,-153.96,0.5,3,2021,-0.0778
CA-2023-109251,CG-10385,TEC-ACC-10527,2022-04-19,611.92,3,118.37,0.4,4,2022,0.1934
CA-2023-109252,CG-10109,FUR-BOO-10297,2023-04-24,342.96,9,9.78,0.3,4,2023,0.0285
CA-2023-109253,CG-10674,FUR-TAB-10742,2022-12-23,1315.69,6,37.95,0.1,12,2022,0.0288
CA-2023-109254,CG-10165,TEC-MAC-10960,2021-06-29,638.05,6,197.97,0.4,6,2021,0.3103
CA-2023-109255,CG-10533,TEC-COP-10734,2023-10-02,1451.14,4,150.15,0.0,10,2023,0.1035
CA-2023-109256,CG-10180,OFF-LAB-10052,2023-10-30,1883.9,9,73.33,0.5,10,2023,0.0389
CA-2023-109257,CG-10547,TEC-PHO-10353,2022-01-26,1486.04,2,-64.11,0.5,1,2022,-0.0431
CA-2023-109258,CG-10746,OFF-BIN-10879,2021-08-14,1142.68,5,291.3,0.3,8,2021,0.2549
CA-2023-109259,CG-10054,FUR-CHA-10639,2022-12-08,1237.17,7,431.33,0.0,12,2022,0.3486
CA-2023-109260,CG-10241,TEC-COP-10713,2023-11-26,356.82,6,44.71,0.0,11,2023,0.1253
CA-2023-109261,CG-10389,OFF-FAS-10380,2021-05-16,26.73,9,2.32,0.4,5,2021,0.0868
CA-2023-109262,CG-10211,FUR-CHA-10327,2021-02-17,603.45,2,-16.26,0.0,2,2021,-0.0269
CA-2023-109263,CG-10372,FUR-BOO-10630,2021-01-25,221.67,6,70.06,0.2,1,2021,0.3161
CA-2023-109264,CG-10235,OFF-APP-10736,2022-02-17,356.73,5,124.02,0.5,2,2022,0.3477
CA-2023-109265,CG-10301,OFF-ENV-10970,2023-03-31,1713.49,3,-83.77,0.5,3,2023,-0.0489
CA-2023-109266,CG-10476,TEC-COP-10016,2023-06-08,297.76,3,80.51,0.5,6,2023,0.2704
CA-2023-109267,CG-10630,TEC-PHO-10643,2021-12-03,1051.93,4,255.32,0.3,12,2021,0.2427
CA-2023-109268,CG-10440,TEC-COP-10509,2021-06-22,1695.47,3,218.69,0.2,6,2021,0.129
CA-2023-109269,CG-10719,TEC-PHO-10015,2023-08-26,536.28,4,42.07,0.2,8,2023,0.0784
CA-2023-109270,CG-10671,TEC-COP-10085,2021-11-28,1026.84,4,256.2,0.0,11,2021,0.2495
CA-2023-109271,CG-10069,OFF-STO-10268,2023-03-19,1046.29,10,-52.22,0.3,3,2023,-0.0499
CA-2023-109272,CG-10045,TEC-MAC-10968,2023-01-12,220.22,3,39.2,0.0,1,2023,0.178
CA-2023-109273,CG-10297,FUR-CHA-10977,2023-06-01,1225.33,7,139.97,0.0,6,2023,0.1142
CA-2023-109274,CG-10224,FUR-FUR-10189,2023-01-12,1277.23,7,399.0,0.0,1,2023,0.3124
CA-2023-109275,CG-10233,FUR-FUR-10848,2022-02-01,176.64,4,59.88,0.4,2,2022,0.339
CA-2023-109276,CG-10120,TEC-MAC-10175,2022-08-26,771.3,1,-84.26,0.2,8,2022,-0.1092
CA-2023-109277,CG-10285,TEC-COP-10397,2022-10-28,235.9,8,9.01,0.3,10,2022,0.0382
CA-2023-109278,CG-10686,FUR-CHA-10627,2022-02-07,1933.77,6,664.83,0.0,2,2022,0.3438
CA-2023-109279,CG-10207,FUR-FUR-10248,2022-02-05,1924.02,6,158.41,0.0,2,2022,0.0823
CA-2023-109280,CG-10742,FUR-TAB-10048,2021-07-18,30.73,10,-5.47,0.0,7,2021,-0.178
CA-2023-109281,CG-10179,OFF-PAP-10775,2023-06-25,1087.72,2,36.85,0.0,6,2023,0.0339
CA-2023-109282,CG-10252,FUR-TAB-10140,2022-09-08,1457.24,1,524.34,0.0,9,2022,0.3598
CA-2023-109283,CG-10426,OFF-APP-10982,2022-04-18,1851.18,9,100.75,0.5,4,2022,0.0544
CA-2023-109284,CG-10018,OFF-SUP-10130,2023-11-24,1309.53,10,393.9,0.0,11,2023,0.3008
CA-2023-109285,CG-10440,OFF-FAS-10035,2021-08-21,381.39,5,35.91,0.5,8,2021,0.0942
CA-2023-109286,CG-10061,TEC-COP-10795,2023-07-30,727.6,8,-8.48,0.5,7,2023,-0.0117
CA-2023-109287,CG-10342,FUR-CHA-10005,2022-12-20,396.42,8,75.74,0.2,12,2022,0.1911
CA-2023-109288,CG-10240,OFF-FAS-10030,2023-10-19,835.79,9,20.54,0.0,10,2023,0.0246
CA-2023-109289,CG-10657,OFF-ART-10131,2022-09-06,1063.72,10,-10.81,0.5,9,2022,-0.0102
CA-2023-109290,CG-10481,OFF-ENV-10391,2021-11-02,754.76,1,80.42,0.4,11,2021,0.1066
CA-2023-109291,CG-10781,TEC-MAC-10677,2022-01-29,183.23,6,-19.87,0.1,1,2022,-0.1084
CA-2023-109292,CG-10142,OFF-FAS-10475,2022-12-09,18.28,9,-2.6,0.4,12,2022,-0.1422
CA-2023-109293,CG-10080,FUR-FUR-10377,2021-08-15,1330.27,10,93.41,0.1,8,2021,0.0702
CA-2023-109294,CG-10031,TEC-COP-10271,2021-06-19,558.77,10,80.27,0.0,6,2021,0.1437
CA-2023-109295,CG-10136,TEC-ACC-10026,2021-12-16,498.92,10,78.04,0.2,12,2021,0.1564
CA-2023-109296,CG-10054,FUR-BOO-10790,2023-03-09,1678.97,9,162.28,0.0,3,2023,0.0967
CA-2023-109297,CG-10035,FUR-FUR-10901,2023-01-17,514.89,9,-56.53,0.5,1,2023,-0.1098
CA-2023-109298,CG-10622,FUR-CHA-10729,2023-05-27,1810.27,2,-130.08,0.0,5,2023,-0.0719
CA-2023-109299,CG-10083,TEC-PHO-10113,2023-03-07,843.02,8,-166.72,0.0,3,2023,-0.1978
CA-2023-109300,CG-10789,OFF-BIN-10672,2023-01-02,518.36,7,115.94,0.0,1,2023,0.2237
CA-2023-109301,CG-10350,OFF-ENV-10832,2021-10-03,1598.5,8,623.06,0.0,10,2021,0.3898
CA-2023-109302,CG-10376,OFF-FAS-10679,2023-06-07,1848.66,3,-75.48,0.0,6,2023,-0.0408
CA-2023-109303,CG-10660,TEC-ACC-10320,2021-09-21,300.47,6,-16.57,0.1,9,2021,-0.0551
CA-2023-109304,CG-10102,OFF-FAS-10763,2021-04-22,1469.39,7,-91.04,0.0,4,2021,-0.062
CA-2023-109305,CG-10613,OFF-FAS-10203,2023-09-14,762.54,9,81.93,0.0,9,2023,0.1074
CA-2023-109306,CG-10367,TEC-COP-10998,2023-07-20,484.01,4,-58.02,0.3,7,2023,-0.1199
CA-2023-109307,CG-10285,TEC-COP-10646,2022-01-04,966.46,8,264.8,0.1,1,2022,0.274
CA-2023-109308,CG-10642,OFF-ENV-10207,2023-10-01,857.31,3,79.56,0.0,10,2023,0.0928
CA-2023-109309,CG-10186,OFF-BIN-10383,2023-04-07,1272.05,6,-244.94,0.5,4,2023,-0.1926
CA-2023-109310,CG-10331,TEC-MAC-10864,2023-05-08,1683.64,4,652.15,0.0,5,2023,0.3873
CA-2023-109311,CG-10450,TEC-PHO-10843,2021-06-25,171.97,10,65.22,0.3,6,2021,0.3793
CA-2023-109312,CG-10774,FUR-CHA-10897,2022-04-14,1028.69,10,366.45,0.5,4,2022,0.3562
CA-2023-109313,CG-10507,FUR-CHA-10018,2023-09-09,824.83,7,126.92,0.0,9,2023,0.1539
CA-2023-109314,CG-10608,OFF-ENV-10830,2023-06-10,324.35,4,14.93,0.1,6,2023,0.046
CA-2023-109315,CG-10431,FUR-FUR-10922,2023-09-17,1930.76,5,570.37,0.0,9,2023,0.2954
CA-2023-109316,CG-10362,FUR-BOO-10436,2023-09-06,103.61,8,-13.98,0.0,9,2023,-0.1349
CA-2023-109317,CG-10173,TEC-PHO-10217,2021-04-27,1534.72,8,-189.08,0.0,4,2021,-0.1232
CA-2023-109318,CG-10255,TEC-ACC-10561,2023-09-19,60.23,3,18.7,0.2,9,2023,0.3105
CA-2023-109319,CG-10343,OFF-SUP-10916,2021-09-12,65.31,2,1.11,0.0,9,2021,0.017
CA-2023-109320,CG-10443,OFF-BIN-10441,2022-11-06,762.18,5,98.52,0.1,11,2022,0.1293
CA-2023-109321,CG-10591,TEC-COP-10721,2022-01-23,99.19,3,4.5,0.0,1,2022,0.0454
CA-2023-109322,CG-10786,FUR-CHA-10920,2022-01-21,586.63,7,37.04,0.0,1,2022,0.0631
CA-2023-109323,CG-10647,TEC-COP-10290,2021-11-08,1736.12,2,-313.49,0.1,11,2021,-0.1806
CA-2023-109324,CG-10408,TEC-ACC-10328,2023-02-16,319.91,1,56.49,0.0,2,2023,0.1766
CA-2023-109325,CG-10621,TEC-MAC-10296,2022-11-11,1409.15,4,464.94,0.5,11,2022,0.3299
CA-2023-109326,CG-10712,TEC-MAC-10693,2021-04-22,1998.42,4,434.7,0.4,4,2021,0.2175
CA-2023-109327,CG-10573,OFF-ART-10774,2022-05-23,862.51,5,50.98,0.1,5,2022,0.0591
CA-2023-109328,CG-10339,FUR-BOO-10786,2021-01-18,495.22,4,-23.81,0.0,1,2021,-0.0481
CA-2023-109329,CG-10569,TEC-COP-10202,2022-12-23,434.4,4,-59.5,0.3,12,2022,-0.137
CA-2023-109330,CG-10367,OFF-ART-10207,2021-10-17,1697.72,7,289.82,0.4,10,2021,0.1707
CA-2023-109331,CG-10314,FUR-BOO-10875,2023-06-19,1938.82,6,-315.26,0.0,6,2023,-0.1626
CA-2023-109332,CG-10363,OFF-STO-10534,2023-01-17,1847.11,3,644.53,0.5,1,2023,0.3489
CA-2023-109333,CG-10793,OFF-STO-10791,2021-02-13,111.77,8,24.9,0.3,2,2021,0.2228
CA-2023-109334,CG-10180,OFF-ENV-10563,2021-08-26,1506.06,1,428.59,0.0,8,2021,0.2846
CA-2023-109335,CG-10435,FUR-CHA-10507,2021-04-07,1651.34,8,489.95,0.0,4,2021,0.2967
CA-2023-109336,CG-10259,TEC-ACC-10379,2022-05-05,1334.83,8,-104.86,0.0,5,2022,-0.0786
CA-2023-109337,CG-10629,OFF-APP-10601,2023-09-29,1741.72,4,351.77,0.0,9,2023,0.202
CA-2023-109338,CG-10414,FUR-TAB-10185,2021-12-08,1907.86,8,291.39,0.1,12,2021,0.1527
CA-2023-109339,CG-10224,OFF-PAP-10195,2022-06-08,1440.79,6,438.29,0.0,6,2022,0.3042
CA-2023-109340,CG-10496,FUR-CHA-10505,2022-04-30,758.8,10,36.32,0.0,4,2022,0.0479
CA-2023-109341,CG-10787,OFF-LAB-10878,2021-12-16,1081.61,4,83.0,0.1,12,2021,0.0767
CA-2023-109342,CG-10447,FUR-FUR-10420,2022-06-27,1527.79,4,270.85,0.0,6,2022,0.1773
CA-2023-109343,CG-10717,OFF-SUP-10057,2022-04-06,333.36,9,63.14,0.0,4,2022,0.1894
CA-2023-109344,CG-10321,FUR-TAB-10388,2022-12-28,491.6,5,-15.99,0.4,12,2022,-0.0325
CA-2023-109345,CG-10501,OFF-PAP-10315,2021-05-17,971.28,4,175.53,0.2,5,2021,0.1807
CA-2023-109346,CG-10769,FUR-TAB-10586,2022-08-02,688.56,4,-25.28,0.0,8,2022,-0.0367
CA-2023-109347,CG-10576,TEC-COP-10630,2023-05-09,1129.06,4,-135.23,0.5,5,2023,-0.1198
CA-2023-109348,CG-10040,FUR-FUR-10823,2022-09-28,1884.45,2,-360.94,0.2,9,2022,-0.1915
CA-2023-109349,CG-10114,TEC-PHO-10990,2022-04-27,1265.73,8,-16.18,0.0,4,2022,-0.0128
CA-2023-109350,CG-10213,OFF-PAP-10099,2023-06-24,1938.58,1,125.83,0.0,6,2023,0.0649
CA-2023-109351,CG-10034,TEC-COP-10935,2023-01-12,874.5,4,12.73,0.5,1,2023,0.0146
CA-2023-109352,CG-10616,TEC-COP-10356,2021-07-03,154.26,4,-14.03,0.5,7,2021,-0.091
CA-2023-109353,CG-10225,TEC-PHO-10515,2022-12-26,1750.54,7,-311.1,0.0,12,2022,-0.1777
CA-2023-109354,CG-10375,TEC-MAC-10342,2023-05-18,916.7,6,166.62,0.2,5,2023,0.1818
CA-2023-109355,CG-10077,OFF-APP-10428,2021-06-11,1166.07,1,-181.49,0.0,6,2021,-0.1556
CA-2023-109356,CG-10202,OFF-SUP-11000,2023-11-26,1506.91,1,-134.85,0.0,11,2023,-0.0895
CA-2023-109357,CG-10403,TEC-ACC-10916,2023-07-26,1181.83,2,279.79,0.0,7,2023,0.2367
CA-2023-109358,CG-10399,TEC-ACC-10619,2022-09-25,1340.96,6,304.95,0.4,9,2022,0.2274
CA-2023-109359,CG-10214,FUR-TAB-10750,2021-07-30,1237.02,2,475.98,0.3,7,2021,0.3848
CA-2023-109360,CG-10080,TEC-MAC-10683,2021-10-15,407.89,4,-43.0,0.1,10,2021,-0.1054
CA-2023-109361,CG-10082,TEC-COP-10300,2021-04-29,251.59,5,48.52,0.3,4,2021,0.1929
CA-2023-109362,CG-10057,OFF-APP-10922,2023-03-21,1998.58,9,66.54,0.0,3,2023,0.0333
CA-2023-109363,CG-10540,FUR-BOO-10320,2023-12-14,1261.9,2,254.14,0.0,12,2023,0.2014
CA-2023-109364,CG-10279,TEC-ACC-10124,2022-08-14,1256.4,6,251.74,0.1,8,2022,0.2004
CA-2023-109365,CG-10420,OFF-STO-10770,2021-03-07,1158.26,3,394.45,0.1,3,2021,0.3406
CA-2023-109366,CG-10704,OFF-FAS-10919,2021-08-24,1859.46,9,576.12,0.0,8,2021,0.3098
CA-2023-109367,CG-10223,TEC-ACC-10291,2023-01-22,747.12,2,220.53,0.4,1,2023,0.2952
CA-2023-109368,CG-10395,TEC-MAC-10139,2022-11-13,1035.09,8,320.93,0.4,11,2022,0.3101
CA-2023-109369,CG-10362,TEC-PHO-10992,2021-06-09,1281.94,6,287.26,0.4,6,2021,0.2241
CA-2023-109370,CG-10629,FUR-FUR-10699,2023-04-08,1472.45,9,-104.76,0.3,4,2023,-0.0711
CA-2023-109371,CG-10102,TEC-PHO-10729,2023-07-01,740.03,4,271.63,0.0,7,2023,0.3671
CA-2023-109372,CG-10588,FUR-TAB-10399,2021-03-22,427.3,3,141.91,0.0,3,2021,0.3321
CA-2023-109373,CG-10467,FUR-CHA-10487,2021-07-27,1991.92,9,353.97,0.5,7,2021,0.1777
CA-2023-109374,CG-10130,OFF-LAB-10807,2023-11-28,37.6,6,-0.63,0.0,11,2023,-0.0168
CA-2023-109375,CG-10305,TEC-PHO-10266,2021-05-26,1868.2,1,-3.83,0.0,5,2021,-0.0021
CA-2023-109376,CG-10712,FUR-TAB-10747,2021-10-16,306.81,10,50.28,0.0,10,2021,0.1639
CA-2023-109377,CG-10235,TEC-COP-10397,2023-04-10,1456.3,5,157.66,0.0,4,2023,0.1083
CA-2023-109378,CG-10572,FUR-TAB-10823,2023-02-13,1887.19,10,-260.43,0.1,2,2023,-0.138
CA-2023-109379,CG-10733,TEC-PHO-10450,2022-10-19,1947.99,8,671.42,0.0,10,2022,0.3447
CA-2023-109380,CG-10167,TEC-PHO-10649,2021-06-22,1202.51,3,420.59,0.3,6,2021,0.3498
CA-2023-109381,CG-10706,FUR-CHA-10002,2022-10-13,167.53,7,44.28,0.5,10,2022,0.2643
CA-2023-109382,CG-10103,FUR-FUR-10900,2021-08-04,1973.69,5,476.27,0.5,8,2021,0.2413
CA-2023-109383,CG-10239,OFF-FAS-10455,2022-10-16,1391.4,5,-50.12,0.1,10,2022,-0.036
CA-2023-109384,CG-10563,FUR-TAB-10814,2021-12-20,504.47,5,95.21,0.0,12,2021,0.1887
CA-2023-109385,CG-10028,FUR-BOO-10805,2022-09-04,624.36,8,13.77,0.3,9,2022,0.0221
CA-2023-109386,CG-10642,TEC-MAC-10124,2021-01-18,163.02,2,3.82,0.0,1,2021,0.0234
CA-2023-109387,CG-10487,OFF-LAB-10145,2022-09-05,501.52,6,-32.35,0.5,9,2022,-0.0645
CA-2023-109388,CG-10189,OFF-FAS-10340,2021-07-20,1372.04,6,332.99,0.3,7,2021,0.2427
CA-2023-109389,CG-10342,FUR-FUR-10617,2023-05-30,127.74,8,17.8,0.4,5,2023,0.1393
CA-2023-109390,CG-10027,FUR-BOO-10822,2023-02-15,718.36,6,162.51,0.4,2,2023,0.2262
CA-2023-109391,CG-10386,FUR-CHA-10753,2021-05-14,358.82,4,-18.29,0.5,5,2021,-0.051
CA-2023-109392,CG-10013,FUR-FUR-10581,2023-10-23,1827.97,5,22.77,0.0,10,2023,0.0125
CA-2023-109393,CG-10730,TEC-PHO-10357,2021-06-01,1386.21,4,284.31,0.1,6,2021,0.2051
CA-2023-109394,CG-10207,TEC-PHO-10474,2022-05-03,750.38,9,37.41,0.1,5,2022,0.0499
CA-2023-109395,CG-10499,OFF-LAB-10895,2021-06-14,829.74,6,-34.9,0.4,6,2021,-0.0421
CA-2023-109396,CG-10669,FUR-BOO-10537,2022-06-10,1920.57,5,141.41,0.5,6,2022,0.0736
CA-2023-109397,CG-10614,FUR-CHA-10152,2023-05-22,567.42,1,175.72,0.0,5,2023,0.3097
CA-2023-109398,CG-10577,FUR-CHA-10844,2021-02-26,1626.69,6,52.32,0.5,2,2021,0.0322
CA-2023-109399,CG-10626,OFF-BIN-10052,2023-02-25,538.05,7,208.97,0.5,2,2023,0.3884
CA-2023-109400,CG-10498,TEC-PHO-10259,2022-10-11,1927.58,9,704.91,0.3,10,2022,0.3657
CA-2023-109401,CG-10498,FUR-BOO-10230,2022-09-25,383.41,3,83.02,0.2,9,2022,0.2165
CA-2023-109402,CG-10134,TEC-PHO-10042,2022-02-19,683.79,1,232.42,0.0,2,2022,0.3399
CA-2023-109403,CG-10480,OFF-APP-10372,2023-11-22,1268.39,2,371.08,0.0,11,2023,0.2926
CA-2023-109404,CG-10402,FUR-CHA-10838,2023-03-30,675.16,6,113.83,0.0,3,2023,0.1686
CA-2023-109405,CG-10152,FUR-TAB-10776,2021-06-23,977.56,2,271.65,0.1,6,2021,0.2779
CA-2023-109406,CG-10316,OFF-ENV-10403,2023-08-27,502.54,4,-72.73,0.3,8,2023,-0.1447
CA-2023-109407,CG-10136,OFF-APP-10160,2021-02-06,1134.74,3,347.84,0.1,2,2021,0.3065
CA-2023-109408,CG-10006,OFF-APP-10428,2023-08-10,359.26,8,135.62,0.0,8,2023,0.3775
CA-2023-109409,CG-10285,TEC-ACC-10892,2021-05-08,483.98,9,167.24,0.0,5,2021,0.3456
CA-2023-109410,CG-10648,OFF-SUP-10259,2022-01-01,1963.45,8,-187.53,0.3,1,2022,-0.0955
CA-2023-109411,CG-10269,OFF-APP-10604,2021-02-01,913.66,5,10.04,0.0,2,2021,0.011
CA-2023-109412,CG-10742,TEC-PHO-10773,2022-04-30,1475.53,7,-60.06,0.5,4,2022,-0.0407
CA-2023-109413,CG-10792,FUR-BOO-10534,2021-04-07,569.42,10,10.04,0.3,4,2021,0.0176
CA-2023-109414,CG-10723,FUR-FUR-10173,2021-01-04,1345.75,2,269.91,0.1,1,2021,0.2006
CA-2023-109415,CG-10321,TEC-COP-10618,2022-12-11,1486.93,8,-156.63,0.4,12,2022,-0.1053
CA-2023-109416,CG-10389,TEC-MAC-10015,2023-06-03,192.01,10,-14.57,0.0,6,2023,-0.0759
CA-2023-109417,CG-10539,FUR-TAB-10718,2023-11-28,1300.02,10,-43.72,0.0,11,2023,-0.0336
CA-2023-109418,CG-10072,FUR-BOO-10563,2023-04-28,1390.83,5,149.23,0.1,4,2023,0.1073
CA-2023-109419,CG-10051,TEC-COP-10144,2023-09-29,1951.15,6,-201.76,0.0,9,2023,-0.1034
CA-2023-109420,CG-10331,TEC-MAC-10776,2021-11-13,1456.65,4,252.39,0.2,11,2021,0.1733
CA-2023-109421,CG-10061,FUR-CHA-10900,2023-09-22,169.71,8,26.84,0.5,9,2023,0.1582
CA-2023-109422,CG-10581,OFF-FAS-10292,2022-06-21,1191.2,10,357.27,0.4,6,2022,0.2999
CA-2023-109423,CG-10026,OFF-LAB-10413,2021-01-09,646.27,6,13.61,0.0,1,2021,0.0211
CA-2023-109424,CG-10111,TEC-COP-10423,2023-01-03,1884.77,9,559.82,0.0,1,2023,0.297
CA-2023-109425,CG-10257,TEC-MAC-10550,2022-02-09,1084.33,9,117.94,0.0,2,2022,0.1088
CA-2023-109426,CG-10324,FUR-FUR-10992,2023-06-11,1503.76,8,442.58,0.0,6,2023,0.2943
CA-2023-109427,CG-10622,TEC-ACC-10933,2021-05-30,25.8,8,-3.92,0.0,5,2021,-0.1519
CA-2023-109428,CG-10515,FUR-BOO-10233,2023-12-19,515.43,1,113.18,0.0,12,2023,0.2196
CA-2023-109429,CG-10339,TEC-COP-10646,2021-01-21,1291.45,1,442.52,0.3,1,2021,0.3427
CA-2023-109430,CG-10541,TEC-MAC-10821,2023-10-26,1243.47,7,-245.42,0.1,10,2023,-0.1974
CA-2023-109431,CG-10765,FUR-BOO-10151,2023-02-08,655.83,9,-129.6,0.0,2,2023,-0.1976
CA-2023-109432,CG-10395,TEC-COP-10039,2022-01-23,428.87,8,127.37,0.2,1,2022,0.297
CA-2023-109433,CG-10169,OFF-SUP-10126,2022-08-10,742.98,4,-13.7,0.2,8,2022,-0.0184
CA-2023-109434,CG-10655,FUR-CHA-10739,2023-10-24,506.18,7,126.29,0.4,10,2023,0.2495
CA-2023-109435,CG-10620,FUR-CHA-10918,2022-06-09,992.85,1,223.33,0.4,6,2022,0.2249
CA-2023-109436,CG-10776,OFF-BIN-10656,2022-11-22,414.84,5,86.8,0.0,11,2022,0.2092
CA-2023-109437,CG-10215,TEC-COP-10593,2023-10-16,247.28,4,-21.66,0.3,10,2023,-0.0876
CA-2023-109438,CG-10535,TEC-PHO-10354,2021-03-01,1901.44,3,585.37,0.5,3,2021,0.3079
CA-2023-109439,CG-10322,FUR-FUR-10536,2022-01-07,726.05,8,123.49,0.0,1,2022,0.1701
CA-2023-109440,CG-10203,TEC-COP-10352,2022-05-27,1767.76,9,410.61,0.2,5,2022,0.2323
CA-2023-109441,CG-10737,TEC-COP-10321,2021-02-18,653.26,8,233.74,0.0,2,2021,0.3578
CA-2023-109442,CG-10346,TEC-COP-10824,2022-04-28,218.65,10,78.31,0.3,4,2022,0.3582
CA-2023-109443,CG-10604,OFF-LAB-10028,2023-11-03,332.07,8,-8.74,0.0,11,2023,-0.0263
CA-2023-109444,CG-10305,OFF-BIN-10741,2021-03-30,914.21,9,95.69,0.1,3,2021,0.1047
CA-2023-109445,CG-10246,OFF-STO-10724,2023-08-18,1578.74,8,433.22,0.4,8,2023,0.2744
CA-2023-109446,CG-10259,OFF-ART-10768,2022-05-04,980.12,8,67.39,0.1,5,2022,0.0688
CA-2023-109447,CG-10674,FUR-BOO-10548,2021-02-16,1967.71,5,357.58,0.0,2,2021,0.1817
CA-2023-109448,CG-10786,OFF-APP-10068,2022-06-14,1162.57,3,-19.65,0.1,6,2022,-0.0169
CA-2023-109449,CG-10421,FUR-TAB-10855,2022-06-09,124.57,7,16.02,0.0,6,2022,0.1286
CA-2023-109450,CG-10374,OFF-STO-10214,2021-04-28,351.49,6,127.47,0.5,4,2021,0.3627
CA-2023-109451,CG-10174,OFF-ART-10380,2023-05-24,263.68,4,-30.51,0.3,5,2023,-0.1157
CA-2023-109452,CG-10791,TEC-MAC-10588,2022-06-07,356.71,4,-44.75,0.1,6,2022,-0.1255
CA-2023-109453,CG-10361,OFF-FAS-10236,2022-06-17,988.01,10,186.83,0.0,6,2022,0.1891
CA-2023-109454,CG-10078,OFF-APP-10377,2021-11-12,498.38,6,9.79,0.2,11,2021,0.0196
CA-2023-109455,CG-10386,FUR-TAB-10580,2023-04-28,1660.07,6,333.15,0.0,4,2023,0.2007
CA-2023-109456,CG-10046,OFF-FAS-10461,2022-03-17,438.26,1,107.43,0.2,3,2022,0.2451
CA-2023-109457,CG-10560,OFF-PAP-10578,2021-01-22,834.64,4,36.94,0.0,1,2021,0.0443
CA-2023-109458,CG-10693,OFF-ENV-10474,2023-03-03,618.93,10,-111.45,0.5,3,2023,-0.1801
CA-2023-109459,CG-10321,TEC-ACC-10358,2021-05-13,588.52,9,-48.4,0.4,5,2021,-0.0822
CA-2023-109460,CG-10791,OFF-FAS-10680,2023-07-19,1013.76,10,-22.43,0.5,7,2023,-0.0221
CA-2023-109461,CG-10308,OFF-SUP-10249,2021-08-06,162.3,10,-20.41,0.4,8,2021,-0.1258
CA-2023-109462,CG-10288,FUR-CHA-10406,2022-10-18,558.56,7,-14.59,0.1,10,2022,-0.0261
CA-2023-109463,CG-10650,OFF-BIN-10055,2021-04-03,697.47,4,241.32,0.3,4,2021,0.346
CA-2023-109464,CG-10434,FUR-BOO-10199,2023-08-24,438.84,3,-62.66,0.0,8,2023,-0.1428
CA-2023-109465,CG-10230,FUR-FUR-10894,2022-10-27,1076.09,9,-49.96,0.0,10,2022,-0.0464
CA-2023-109466,CG-10499,FUR-CHA-10590,2021-08-29,1468.78,9,323.63,0.2,8,2021,0.2203
CA-2023-109467,CG-10351,OFF-SUP-10775,2022-11-24,923.24,9,258.72,0.4,11,2022,0.2802
CA-2023-109468,CG-10033,FUR-TAB-10455,2022-11-28,1630.29,9,137.71,0.2,11,2022,0.0845
CA-2023-109469,CG-10775,OFF-ENV-10009,2023-08-21,600.39,9,-31.51,0.1,8,2023,-0.0525
CA-2023-109470,CG-10115,FUR-CHA-10557,2022-10-31,1711.6,5,-46.95,0.5,10,2022,-0.0274
CA-2023-109471,CG-10225,FUR-TAB-10072,2022-08-20,1831.79,3,385.65,0.0,8,2022,0.2105
CA-2023-109472,CG-10144,FUR-FUR-10463,2022-02-27,1676.72,10,232.7,0.2,2,2022,0.1388
CA-2023-109473,CG-10297,TEC-MAC-10991,2022-02-21,47.22,7,-8.31,0.5,2,2022,-0.176
CA-2023-109474,CG-10232,TEC-COP-10707,2023-06-23,1518.81,9,-15.1,0.5,6,2023,-0.0099
CA-2023-109475,CG-10011,OFF-PAP-10019,2023-10-31,1234.73,9,244.31,0.1,10,2023,0.1979
CA-2023-109476,CG-10249,OFF-FAS-10467,2022-06-09,593.78,9,109.33,0.0,6,2022,0.1841
CA-2023-109477,CG-10214,FUR-FUR-10420,2022-06-21,555.29,2,-97.98,0.0,6,2022,-0.1764
CA-2023-109478,CG-10334,TEC-MAC-10161,2021-04-26,355.37,9,-25.39,0.0,4,2021,-0.0714
CA-2023-109479,CG-10397,OFF-FAS-10266,2023-08-17,384.3,1,-33.14,0.0,8,2023,-0.0862
CA-2023-109480,CG-10346,OFF-LAB-10601,2021-04-11,1690.07,2,36.96,0.1,4,2021,0.0219
CA-2023-109481,CG-10646,FUR-FUR-10682,2021-01-10,146.01,3,-16.25,0.4,1,2021,-0.1113
CA-2023-109482,CG-10329,OFF-BIN-10978,2023-11-26,332.21,6,-60.44,0.1,11,2023,-0.1819
CA-2023-109483,CG-10663,TEC-MAC-10308,2021-04-18,993.8,8,333.06,0.1,4,2021,0.3351
CA-2023-109484,CG-10156,FUR-CHA-10214,2021-08-11,1438.3,4,7.26,0.0,8,2021,0.005
CA-2023-109485,CG-10728,TEC-COP-10610,2021-02-03,644.08,7,13.29,0.0,2,2021,0.0206
CA-2023-109486,CG-10339,FUR-TAB-10998,2022-03-23,933.11,2,-41.86,0.4,3,2022,-0.0449
CA-2023-109487,CG-10306,FUR-TAB-10553,2022-10-22,1455.25,9,389.52,0.2,10,2022,0.2677
CA-2023-109488,CG-10301,FUR-CHA-10812,2022-03-08,1367.95,9,337.95,0.0,3,2022,0.247
CA-2023-109489,CG-10241,TEC-MAC-10120,2022-09-19,1900.46,7,-332.18,0.0,9,2022,-0.1748
CA-2023-109490,CG-10149,FUR-TAB-10198,2023-01-12,1003.59,9,91.21,0.0,1,2023,0.0909
CA-2023-109491,CG-10631,FUR-FUR-10562,2022-01-27,1180.56,3,-91.27,0.0,1,2022,-0.0773
CA-2023-109492,CG-10355,TEC-MAC-10765,2023-12-19,769.8,6,136.05,0.5,12,2023,0.1767
CA-2023-109493,CG-10126,TEC-COP-10642,2023-03-07,312.93,9,35.65,0.0,3,2023,0.1139
CA-2023-109494,CG-10026,OFF-PAP-10249,2021-01-02,1077.53,3,-70.97,0.0,1,2021,-0.0659
CA-2023-109495,CG-10423,FUR-BOO-10005,2021-02-10,1048.14,3,352.96,0.0,2,2021,0.3367
CA-2023-109496,CG-10092,TEC-COP-10339,2023-12-23,941.68,5,194.54,0.0,12,2023,0.2066
CA-2023-109497,CG-10729,OFF-APP-10465,2022-03-01,1045.72,4,316.18,0.0,3,2022,0.3024
CA-2023-109498,CG-10601,TEC-MAC-10685,2021-11-25,221.19,8,-30.65,0.4,11,2021,-0.1386
CA-2023-109499,CG-10272,TEC-COP-10632,2022-01-24,935.79,6,-150.16,0.0,1,2022,-0.1605
CA-2023-109500,CG-10172,TEC-MAC-10061,2023-09-30,608.14,10,80.74,0.5,9,2023,0.1328
CA-2023-109501,CG-10179,OFF-PAP-10551,2023-10-31,1757.48,9,-307.68,0.1,10,2023,-0.1751
CA-2023-109502,CG-10623,FUR-FUR-10783,2023-04-11,1717.8,10,601.81,0.0,4,2023,0.3503
CA-2023-109503,CG-10266,TEC-ACC-10812,2022-10-31,1488.95,4,151.57,0.2,10,2022,0.1018
CA-2023-109504,CG-10279,OFF-LAB-10995,2022-09-14,757.68,9,-20.43,0.0,9,2022,-0.027
CA-2023-109505,CG-10792,TEC-COP-10601,2021-05-27,1239.2,4,-90.91,0.5,5,2021,-0.0734
CA-2023-109506,CG-10570,OFF-ART-10240,2023-08-25,365.76,10,98.07,0.3,8,2023,0.2681
CA-2023-109507,CG-10093,OFF-APP-10354,2023-12-03,804.99,10,8.32,0.1,12,2023,0.0103
CA-2023-109508,CG-10193,FUR-CHA-10928,2021-07-05,901.8,10,-79.74,0.5,7,2021,-0.0884
CA-2023-109509,CG-10107,FUR-CHA-10340,2022-12-11,1023.6,9,115.8,0.4,12,2022,0.1131
CA-2023-109510,CG-10446,FUR-FUR-10388,2022-03-26,971.78,5,198.06,0.1,3,2022,0.2038
CA-2023-109511,CG-10071,OFF-ENV-10034,2022-07-21,310.45,7,-52.1,0.2,7,2022,-0.1678
CA-2023-109512,CG-10062,FUR-BOO-10223,2023-11-06,1441.42,10,502.43,0.2,11,2023,0.3486
CA-2023-109513,CG-10004,FUR-FUR-10824,2022-11-06,738.26,2,18.29,0.0,11,2022,0.0248
CA-2023-109514,CG-10285,OFF-LAB-10647,2022-09-28,1011.91,8,303.03,0.2,9,2022,0.2995
CA-2023-109515,CG-10225,OFF-FAS-10216,2022-09-16,1278.57,2,445.57,0.0,9,2022,0.3485
CA-2023-109516,CG-10493,FUR-TAB-10488,2021-04-24,1546.17,2,-50.33,0.1,4,2021,-0.0326
CA-2023-109517,CG-10019,TEC-COP-10687,2021-10-04,445.47,6,24.35,0.5,10,2021,0.0547
CA-2023-109518,CG-10373,FUR-TAB-10538,2023-08-06,1929.01,2,87.93,0.2,8,2023,0.0456
CA-2023-109519,CG-10404,OFF-ENV-10088,2023-01-14,1500.54,4,214.77,0.5,1,2023,0.1431
CA-2023-109520,CG-10224,FUR-FUR-10327,2022-12-04,1254.09,1,77.96,0.0,12,2022,0.0622
CA-2023-109521,CG-10175,TEC-COP-10794,2021-04-25,712.2,9,151.64,0.4,4,2021,0.2129
CA-2023-109522,CG-10581,OFF-SUP-10793,2021-06-07,520.73,4,56.21,0.2,6,2021,0.1079
CA-2023-109523,CG-10288,FUR-BOO-10318,2023-04-14,716.96,9,-116.56,0.3,4,2023,-0.1626
CA-2023-109524,CG-10087,TEC-COP-10661,2023-11-26,173.19,8,16.56,0.0,11,2023,0.0956
CA-2023-109525,CG-10571,OFF-FAS-10919,2022-04-01,1771.74,2,57.04,0.0,4,2022,0.0322
CA-2023-109526,CG-10054,OFF-FAS-10835,2022-01-29,1348.66,6,-2.63,0.2,1,2022,-0.002
CA-2023-109527,CG-10226,TEC-MAC-10660,2022-07-14,1554.68,3,292.18,0.1,7,2022,0.1879
CA-2023-109528,CG-10262,TEC-MAC-10578,2023-10-01,1498.18,9,186.08,0.4,10,2023,0.1242
CA-2023-109529,CG-10117,FUR-FUR-10807,2023-03-15,1377.62,6,194.54,0.4,3,2023,0.1412
CA-2023-109530,CG-10788,TEC-MAC-10717,2023-11-26,1880.75,1,588.47,0.0,11,2023,0.3129
CA-2023-109531,CG-10190,FUR-FUR-10218,2023-12-22,1354.96,3,221.37,0.0,12,2023,0.1634
CA-2023-109532,CG-10712,FUR-FUR-10059,2022-02-25,988.12,4,346.05,0.0,2,2022,0.3502
CA-2023-109533,CG-10642,OFF-PAP-10067,2023-07-01,1979.8,4,-201.37,0.2,7,2023,-0.1017
CA-2023-109534,CG-10375,TEC-ACC-10905,2023-05-31,934.79,7,250.24,0.5,5,2023,0.2677
CA-2023-109535,CG-10719,OFF-ART-10860,2023-05-21,1996.4,3,426.09,0.1,5,2023,0.2134
CA-2023-109536,CG-10075,OFF-FAS-10803,2021-01-25,1342.79,4,269.11,0.1,1,2021,0.2004
CA-2023-109537,CG-10429,TEC-PHO-10318,2023-04-04,1758.18,8,146.72,0.5,4,2023,0.0834
CA-2023-109538,CG-10583,OFF-ART-10562,2022-12-14,1343.7,7,145.53,0.0,12,2022,0.1083
CA-2023-109539,CG-10143,FUR-FUR-10192,2021-11-14,667.82,6,117.72,0.0,11,2021,0.1763
CA-2023-109540,CG-10585,TEC-MAC-10133,2021-09-26,1729.21,9,157.95,0.5,9,2021,0.0913
CA-2023-109541,CG-10479,OFF-LAB-10664,2023-08-17,359.62,3,12.91,0.0,8,2023,0.0359
CA-2023-109542,CG-10644,FUR-TAB-10944,2022-09-20,1284.58,2,286.2,0.4,9,2022,0.2228
CA-2023-109543,CG-10398,TEC-MAC-10025,2021-06-10,707.21,7,94.0,0.1,6,2021,0.1329
CA-2023-109544,CG-10226,OFF-SUP-10617,2022-11-07,1037.93,7,70.87,0.3,11,2022,0.0683
CA-2023-109545,CG-10272,TEC-PHO-10321,2021-03-18,1401.44,1,547.63,0.4,3,2021,0.3908
CA-2023-109546,CG-10082,FUR-BOO-10404,2021-03-21,76.83,4,-11.42,0.0,3,2021,-0.1486
CA-2023-109547,CG-10182,OFF-SUP-10039,2023-05-05,602.2,2,53.79,0.0,5,2023,0.0893
CA-2023-109548,CG-10175,TEC-MAC-10323,2023-07-16,947.11,3,364.23,0.4,7,2023,0.3846
CA-2023-109549,CG-10496,OFF-PAP-10463,2022-11-08,1695.11,2,-149.9,0.5,11,2022,-0.0884
CA-2023-109550,CG-10116,OFF-STO-10699,2021-07-03,512.82,5,23.22,0.0,7,2021,0.0453
CA-2023-109551,CG-10549,OFF-FAS-10147,2021-01-10,1615.2,4,-223.5,0.0,1,2021,-0.1384
CA-2023-109552,CG-10101,OFF-FAS-10334,2023-09-29,939.49,9,16.44,0.0,9,2023,0.0175
CA-2023-109553,CG-10105,TEC-COP-10954,2023-11-05,160.77,5,35.0,0.1,11,2023,0.2177
CA-2023-109554,CG-10512,FUR-FUR-10344,2023-09-18,1125.2,4,69.68,0.0,9,2023,0.0619
CA-2023-109555,CG-10518,OFF-STO-10558,2021-02-08,529.08,4,28.27,0.0,2,2021,0.0534
CA-2023-109556,CG-10617,OFF-APP-10158,2021-08-19,168.04,6,6.46,0.2,8,2021,0.0384
CA-2023-109557,CG-10102,FUR-FUR-10238,2022-02-24,169.79,7,22.09,0.2,2,2022,0.1301
CA-2023-109558,CG-10202,OFF-LAB-10765,2023-05-31,1544.77,4,309.04,0.0,5,2023,0.2001
CA-2023-109559,CG-10065,FUR-CHA-10593,2021-09-19,1636.7,8,-31.43,0.1,9,2021,-0.0192
CA-2023-109560,CG-10345,OFF-LAB-10154,2021-04-17,1935.0,4,569.57,0.4,4,2021,0.2944
CA-2023-109561,CG-10026,TEC-ACC-10188,2021-04-25,180.56,9,29.68,0.2,4,2021,0.1644
CA-2023-109562,CG-10288,OFF-SUP-10458,2023-04-04,1925.36,5,526.44,0.2,4,2023,0.2734
CA-2023-109563,CG-10056,TEC-PHO-10673,2021-02-15,1572.46,3,272.06,0.2,2,2021,0.173
CA-2023-109564,CG-10245,TEC-COP-10103,2023-01-07,755.44,7,246.78,0.1,1,2023,0.3267
CA-2023-109565,CG-10746,TEC-ACC-10922,2021-05-12,1609.13,10,366.79,0.5,5,2021,0.2279
CA-2023-109566,CG-10350,OFF-PAP-10922,2022-08-05,442.97,2,39.99,0.0,8,2022,0.0903
CA-2023-109567,CG-10200,TEC-PHO-10358,2023-08-15,1254.73,6,101.91,0.1,8,2023,0.0812
CA-2023-109568,CG-10117,OFF-ENV-10095,2022-03-29,1136.34,3,57.34,0.0,3,2022,0.0505
CA-2023-109569,CG-10668,FUR-BOO-10099,2022-10-14,784.57,6,22.3,0.0,10,2022,0.0284
CA-2023-109570,CG-10299,TEC-COP-10675,2023-03-21,885.79,5,-73.67,0.0,3,2023,-0.0832
CA-2023-109571,CG-10345,FUR-FUR-10720,2022-12-04,1760.43,9,-123.05,0.3,12,2022,-0.0699
CA-2023-109572,CG-10178,OFF-ENV-10508,2022-09-05,782.68,3,-55.72,0.5,9,2022,-0.0712
CA-2023-109573,CG-10122,TEC-COP-10941,2022-09-21,1639.17,7,43.7,0.0,9,2022,0.0267
CA-2023-109574,CG-10223,FUR-TAB-10798,2023-07-16,426.53,5,57.71,0.2,7,2023,0.1353
CA-2023-109575,CG-10662,OFF-LAB-10498,2022-11-25,497.22,9,44.47,0.0,11,2022,0.0894
CA-2023-109576,CG-10673,OFF-APP-10894,2022-04-14,186.77,6,34.12,0.3,4,2022,0.1827
CA-2023-109577,CG-10026,FUR-CHA-10785,2022-01-28,1551.3,2,-133.93,0.0,1,2022,-0.0863
CA-2023-109578,CG-10714,OFF-FAS-10639,2022-09-23,407.37,2,91.35,0.0,9,2022,0.2242
CA-2023-109579,CG-10476,TEC-MAC-10948,2022-09-19,1225.28,4,-162.7,0.5,9,2022,-0.1328
CA-2023-109580,CG-10307,FUR-BOO-10154,2023-06-28,754.76,4,-91.87,0.1,6,2023,-0.1217
CA-2023-109581,CG-10202,TEC-PHO-10323,2023-11-03,418.71,5,86.62,0.0,11,2023,0.2069
CA-2023-109582,CG-10034,TEC-COP-10454,2022-05-06,342.5,1,110.11,0.5,5,2022,0.3215
CA-2023-109583,CG-10776,TEC-MAC-10118,2021-11-26,1881.27,10,621.63,0.5,11,2021,0.3304
CA-2023-109584,CG-10251,FUR-FUR-10896,2023-11-18,1626.19,8,-188.65,0.1,11,2023,-0.116
CA-2023-109585,CG-10235,OFF-FAS-10791,2023-06-27,1227.83,1,480.22,0.0,6,2023,0.3911
CA-2023-109586,CG-10345,OFF-BIN-10811,2023-01-19,119.19,3,40.43,0.4,1,2023,0.3392
CA-2023-109587,CG-10350,FUR-BOO-10603,2021-03-25,350.69,1,39.26,0.1,3,2021,0.112
CA-2023-109588,CG-10252,FUR-BOO-10547,2021-04-30,1218.99,7,353.81,0.2,4,2021,0.2902
CA-2023-109589,CG-10530,TEC-ACC-10823,2021-02-01,578.58,8,126.0,0.0,2,2021,0.2178
CA-2023-109590,CG-10432,OFF-FAS-10663,2023-12-30,24.9,4,9.53,0.4,12,2023,0.3827
CA-2023-109591,CG-10673,FUR-BOO-10725,2022-08-14,1900.36,10,-127.53,0.5,8,2022,-0.0671
CA-2023-109592,CG-10125,TEC-COP-10878,2021-05-14,1727.68,9,640.39,0.5,5,2021,0.3707
CA-2023-109593,CG-10756,OFF-SUP-10757,2021-09-25,1574.79,10,131.43,0.4,9,2021,0.0835
CA-2023-109594,CG-10073,TEC-COP-10803,2022-07-28,1132.95,6,-156.21,0.0,7,2022,-0.1379
CA-2023-109595,CG-10184,TEC-PHO-10457,2022-06-25,1076.84,4,372.29,0.4,6,2022,0.3457
CA-2023-109596,CG-10002,OFF-PAP-10009,2021-10-21,87.83,3,6.12,0.0,10,2021,0.0697
CA-2023-109597,CG-10734,TEC-PHO-10681,2023-12-28,1424.27,3,299.05,0.0,12,2023,0.21
CA-2023-109598,CG-10376,OFF-FAS-10834,2023-03-14,545.31,6,-93.17,0.5,3,2023,-0.1709
CA-2023-109599,CG-10704,OFF-ART-10039,2023-11-15,1708.59,8,153.58,0.5,11,2023,0.0899
CA-2023-109600,CG-10752,FUR-BOO-10366,2021-09-12,623.04,2,-33.45,0.0,9,2021,-0.0537
CA-2023-109601,CG-10160,FUR-BOO-10104,2021-10-13,611.45,9,91.25,0.1,10,2021,0.1492
CA-2023-109602,CG-10236,OFF-STO-10453,2023-12-23,1427.84,10,515.84,0.0,12,2023,0.3613
CA-2023-109603,CG-10087,OFF-ENV-10394,2021-09-06,1035.45,4,340.61,0.4,9,2021,0.3289
CA-2023-109604,CG-10013,TEC-ACC-10048,2023-06-26,1164.08,9,30.27,0.0,6,2023,0.026
CA-2023-109605,CG-10449,FUR-TAB-10052,2022-05-05,613.81,6,210.65,0.2,5,2022,0.3432
CA-2023-109606,CG-10214,OFF-APP-10770,2023-10-27,1182.13,7,-63.15,0.4,10,2023,-0.0534
CA-2023-109607,CG-10418,TEC-MAC-10063,2021-02-06,1013.32,6,-193.59,0.1,2,2021,-0.191
CA-2023-109608,CG-10449,FUR-BOO-10930,2022-10-20,951.07,5,272.06,0.3,10,2022,0.2861
CA-2023-109609,CG-10675,FUR-FUR-10833,2023-12-30,1385.47,10,361.79,0.0,12,2023,0.2611
CA-2023-109610,CG-10144,OFF-STO-10673,2021-04-03,1912.88,5,685.37,0.4,4,2021,0.3583
CA-2023-109611,CG-10075,OFF-FAS-10142,2021-10-26,1468.76,7,322.54,0.5,10,2021,0.2196
CA-2023-109612,CG-10415,TEC-PHO-10460,2023-01-02,1063.39,2,-45.9,0.1,1,2023,-0.0432
CA-2023-109613,CG-10744,FUR-CHA-10962,2021-09-10,935.16,3,343.5,0.4,9,2021,0.3673
CA-2023-109614,CG-10522,TEC-MAC-10551,2021-03-27,751.91,10,215.74,0.0,3,2021,0.2869
CA-2023-109615,CG-10259,TEC-PHO-10478,2022-04-13,927.84,5,331.6,0.0,4,2022,0.3574
CA-2023-109616,CG-10202,OFF-APP-10878,2022-03-29,1327.42,8,224.82,0.0,3,2022,0.1694
CA-2023-109617,CG-10167,TEC-ACC-10838,2021-11-06,1253.78,2,116.41,0.4,11,2021,0.0928
CA-2023-109618,CG-10700,OFF-FAS-10665,2023-06-01,1243.02,10,0.8,0.2,6,2023,0.0006
CA-2023-109619,CG-10659,OFF-LAB-10742,2021-02-18,424.53,9,-44.16,0.5,2,2021,-0.104
CA-2023-109620,CG-10131,OFF-LAB-10834,2022-04-04,1576.43,9,-247.02,0.1,4,2022,-0.1567
CA-2023-109621,CG-10019,TEC-MAC-10112,2022-01-23,1582.55,3,-68.99,0.3,1,2022,-0.0436
CA-2023-109622,CG-10141,OFF-PAP-10672,2022-05-13,252.53,1,100.14,0.2,5,2022,0.3965
CA-2023-109623,CG-10294,FUR-BOO-10240,2023-03-20,1517.77,8,321.74,0.0,3,2023,0.212
CA-2023-109624,CG-10462,TEC-ACC-10612,2021-08-24,586.96,4,180.93,0.0,8,2021,0.3082
CA-2023-109625,CG-10662,OFF-FAS-10553,2023-09-28,141.23,4,-6.08,0.4,9,2023,-0.0431
CA-2023-109626,CG-10286,FUR-FUR-10609,2023-06-26,1268.56,2,66.95,0.5,6,2023,0.0528
CA-2023-109627,CG-10122,OFF-ENV-10481,2021-09-15,1881.43,3,-355.8,0.0,9,2021,-0.1891
CA-2023-109628,CG-10117,FUR-FUR-10383,2021-09-26,1680.44,9,268.54,0.0,9,2021,0.1598
CA-2023-109629,CG-10382,TEC-COP-10181,2023-12-12,343.68,1,16.29,0.3,12,2023,0.0474
CA-2023-109630,CG-10228,FUR-FUR-10583,2022-05-16,223.93,5,79.46,0.5,5,2022,0.3548
CA-2023-109631,CG-10528,OFF-STO-10085,2023-08-07,416.21,2,17.05,0.5,8,2023,0.041
CA-2023-109632,CG-10128,FUR-CHA-10554,2021-12-27,1854.01,4,473.99,0.0,12,2021,0.2557
CA-2023-109633,CG-10121,FUR-TAB-10558,2023-03-31,755.2,5,-54.53,0.0,3,2023,-0.0722
CA-2023-109634,CG-10000,OFF-LAB-10337,2021-11-22,1678.44,3,203.9,0.3,11,2021,0.1215
CA-2023-109635,CG-10472,TEC-ACC-10141,2023-01-31,106.5,6,-19.38,0.0,1,2023,-0.182
CA-2023-109636,CG-10526,FUR-FUR-10866,2023-09-23,1521.98,5,187.9,0.2,9,2023,0.1235
CA-2023-109637,CG-10160,OFF-SUP-10899,2022-02-06,1183.65,9,-153.04,0.0,2,2022,-0.1293
CA-2023-109638,CG-10791,FUR-CHA-10396,2021-10-06,1157.78,9,286.07,0.0,10,2021,0.2471
CA-2023-109639,CG-10163,FUR-TAB-10672,2023-01-02,1115.2,3,-104.09,0.1,1,2023,-0.0933
CA-2023-109640,CG-10474,TEC-MAC-10306,2023-01-05,1794.32,4,279.67,0.0,1,2023,0.1559
CA-2023-109641,CG-10313,OFF-ENV-10107,2022-09-28,855.02,5,7.01,0.0,9,2022,0.0082
CA-2023-109642,CG-10451,FUR-FUR-10089,2023-06-18,1205.89,3,98.92,0.0,6,2023,0.082
CA-2023-109643,CG-10720,FUR-TAB-10507,2021-04-04,1088.71,1,-101.15,0.0,4,2021,-0.0929
CA-2023-109644,CG-10737,TEC-COP-10679,2023-06-08,1008.96,8,-93.53,0.0,6,2023,-0.0927
CA-2023-109645,CG-10192,OFF-FAS-10052,2022-09-04,932.78,7,28.65,0.2,9,2022,0.0307
CA-2023-109646,CG-10188,TEC-ACC-10956,2022-05-04,1183.03,5,211.06,0.5,5,2022,0.1784
CA-2023-109647,CG-10291,FUR-CHA-10987,2021-03-06,1366.76,7,418.32,0.5,3,2021,0.3061
CA-2023-109648,CG-10217,OFF-ENV-10262,2023-08-21,695.82,9,75.22,0.2,8,2023,0.1081
CA-2023-109649,CG-10517,FUR-BOO-10502,2022-12-18,769.07,6,-48.92,0.4,12,2022,-0.0636
CA-2023-109650,CG-10344,TEC-COP-10071,2023-10-22,1333.98,10,446.31,0.2,10,2023,0.3346
CA-2023-109651,CG-10411,TEC-PHO-10977,2023-10-31,921.32,6,75.8,0.4,10,2023,0.0823
CA-2023-109652,CG-10216,TEC-PHO-10974,2021-08-26,1765.1,7,391.39,0.4,8,2021,0.2217
CA-2023-109653,CG-10311,TEC-COP-10690,2023-10-12,1333.47,9,230.4,0.3,10,2023,0.1728
CA-2023-109654,CG-10307,OFF-SUP-10664,2021-04-17,493.68,2,-10.88,0.4,4,2021,-0.022
CA-2023-109655,CG-10244,FUR-BOO-10217,2021-11-14,622.0,8,-105.16,0.0,11,2021,-0.1691
CA-2023-109656,CG-10643,TEC-PHO-10548,2022-11-14,849.32,4,53.86,0.4,11,2022,0.0634
CA-2023-109657,CG-10436,FUR-BOO-10504,2022-10-07,1931.23,7,687.01,0.2,10,2022,0.3557
CA-2023-109658,CG-10437,OFF-LAB-10721,2022-03-03,699.47,5,159.24,0.0,3,2022,0.2277
CA-2023-109659,CG-10049,TEC-COP-10741,2021-03-10,691.6,9,101.67,0.3,3,2021,0.147
CA-2023-109660,CG-10690,TEC-MAC-10500,2023-05-17,1362.97,1,-1.54,0.0,5,2023,-0.0011
CA-2023-109661,CG-10263,TEC-COP-10361,2022-02-20,1687.17,10,-124.67,0.0,2,2022,-0.0739
CA-2023-109662,CG-10164,TEC-MAC-10625,2023-07-08,138.95,3,46.84,0.0,7,2023,0.3371
CA-2023-109663,CG-10539,FUR-CHA-10671,2023-04-06,1190.57,7,-42.41,0.0,4,2023,-0.0356
CA-2023-109664,CG-10030,OFF-ART-10527,2022-07-22,493.68,9,174.61,0.0,7,2022,0.3537
CA-2023-109665,CG-10029,TEC-COP-10709,2021-11-25,633.64,2,122.87,0.0,11,2021,0.1939
CA-2023-109666,CG-10505,OFF-LAB-10392,2023-07-27,519.02,3,-75.32,0.0,7,2023,-0.1451
CA-2023-109667,CG-10611,OFF-ART-10949,2021-03-15,148.36,5,-28.3,0.5,3,2021,-0.1908
CA-2023-109668,CG-10788,TEC-PHO-10246,2022-05-04,1988.65,6,697.29,0.3,5,2022,0.3506
CA-2023-109669,CG-10020,OFF-BIN-10417,2022-01-02,1487.81,8,44.29,0.0,1,2022,0.0298
CA-2023-109670,CG-10028,TEC-PHO-10007,2022-05-30,446.17,9,19.29,0.0,5,2022,0.0432
CA-2023-109671,CG-10005,OFF-PAP-10428,2022-05-10,566.58,7,23.78,0.3,5,2022,0.042
CA-2023-109672,CG-10647,FUR-FUR-10415,2022-07-18,279.32,4,-35.06,0.1,7,2022,-0.1255
CA-2023-109673,CG-10400,TEC-PHO-10329,2021-08-20,982.84,3,-44.62,0.1,8,2021,-0.0454
CA-2023-109674,CG-10301,FUR-FUR-10114,2021-10-29,220.97,5,-0.25,0.1,10,2021,-0.0011
CA-2023-109675,CG-10238,FUR-BOO-10513,2023-01-07,411.85,2,47.01,0.0,1,2023,0.1141
CA-2023-109676,CG-10134,FUR-FUR-10028,2023-08-21,678.3,7,176.56,0.3,8,2023,0.2603
CA-2023-109677,CG-10494,FUR-BOO-10167,2021-01-13,93.37,6,4.57,0.1,1,2021,0.0489
CA-2023-109678,CG-10309,TEC-MAC-10102,2023-01-30,661.68,10,165.67,0.5,1,2023,0.2504
CA-2023-109679,CG-10136,TEC-ACC-10175,2022-07-04,884.73,7,-4.81,0.1,7,2022,-0.0054
CA-2023-109680,CG-10743,FUR-CHA-10605,2023-01-05,902.99,7,-76.82,0.5,1,2023,-0.0851
CA-2023-109681,CG-10044,OFF-PAP-10503,2021-01-04,214.89,2,-33.66,0.0,1,2021,-0.1566
CA-2023-109682,CG-10748,OFF-SUP-10979,2022-03-07,583.43,10,-70.97,0.5,3,2022,-0.1216
CA-2023-109683,CG-10390,TEC-COP-10141,2022-03-18,1037.73,4,-147.07,0.0,3,2022,-0.1417
CA-2023-109684,CG-10158,TEC-MAC-10119,2023-09-06,1696.08,4,506.32,0.0,9,2023,0.2985
CA-2023-109685,CG-10354,OFF-ENV-10266,2022-04-20,1357.33,4,121.74,0.0,4,2022,0.0897
CA-2023-109686,CG-10449,FUR-FUR-10573,2023-10-29,95.12,8,-0.5,0.0,10,2023,-0.0053
CA-2023-109687,CG-10006,OFF-PAP-10636,2021-06-15,1001.74,3,346.4,0.3,6,2021,0.3458
CA-2023-109688,CG-10774,TEC-COP-10216,2022-07-23,370.16,4,134.59,0.3,7,2022,0.3636
CA-2023-109689,CG-10119,OFF-PAP-10833,2023-12-24,846.84,10,182.08,0.0,12,2023,0.215
CA-2023-109690,CG-10495,TEC-PHO-10708,2022-11-06,58.91,4,14.5,0.0,11,2022,0.2461
CA-2023-109691,CG-10780,TEC-ACC-10753,2022-01-26,1739.98,3,506.28,0.0,1,2022,0.291
CA-2023-109692,CG-10373,FUR-BOO-10786,2021-01-03,976.06,2,373.8,0.3,1,2021,0.383
CA-2023-109693,CG-10790,OFF-ART-10409,2022-04-19,169.23,1,33.89,0.2,4,2022,0.2003
CA-2023-109694,CG-10067,FUR-CHA-10411,2023-12-03,61.01,10,23.81,0.4,12,2023,0.3903
CA-2023-109695,CG-10736,OFF-LAB-10188,2023-12-28,70.11,10,7.05,0.0,12,2023,0.1006
CA-2023-109696,CG-10611,FUR-CHA-10938,2023-01-09,1493.28,3,203.16,0.1,1,2023,0.136
CA-2023-109697,CG-10411,TEC-PHO-10709,2021-12-27,503.24,1,-31.43,0.0,12,2021,-0.0625
CA-2023-109698,CG-10655,TEC-ACC-10011,2021-02-07,949.42,6,56.9,0.0,2,2021,0.0599
CA-2023-109699,CG-10243,TEC-PHO-10584,2022-10-01,534.09,3,193.44,0.4,10,2022,0.3622
CA-2023-109700,CG-10112,TEC-MAC-10558,2023-09-24,1400.37,9,178.64,0.1,9,2023,0.1276
CA-2023-109701,CG-10698,FUR-FUR-10929,2023-10-14,1785.77,3,576.5,0.3,10,2023,0.3228
CA-2023-109702,CG-10346,FUR-FUR-10153,2022-12-19,426.89,3,84.56,0.5,12,2022,0.1981
CA-2023-109703,CG-10125,TEC-ACC-10588,2021-05-05,1847.8,7,87.41,0.0,5,2021,0.0473
CA-2023-109704,CG-10585,TEC-MAC-10362,2021-12-30,997.7,2,14.05,0.0,12,2021,0.0141
CA-2023-109705,CG-10778,TEC-COP-10877,2021-04-14,373.92,7,53.8,0.1,4,2021,0.1439
CA-2023-109706,CG-10132,FUR-CHA-10212,2023-12-15,1106.35,1,-55.01,0.0,12,2023,-0.0497
CA-2023-109707,CG-10724,FUR-CHA-10988,2021-10-08,881.04,5,0.36,0.0,10,2021,0.0004
CA-2023-109708,CG-10719,FUR-BOO-10745,2023-12-02,280.78,7,-17.91,0.0,12,2023,-0.0638
CA-2023-109709,CG-10111,FUR-BOO-10814,2023-09-26,1168.8,4,-118.87,0.1,9,2023,-0.1017
CA-2023-109710,CG-10766,TEC-PHO-10507,2022-02-23,112.94,5,3.74,0.0,2,2022,0.0331
CA-2023-109711,CG-10357,TEC-COP-10827,2022-04-28,1217.57,7,165.94,0.5,4,2022,0.1363
CA-2023-109712,CG-10318,TEC-PHO-10168,2023-01-06,1857.08,4,-108.08,0.3,1,2023,-0.0582
CA-2023-109713,CG-10611,FUR-BOO-10958,2023-08-24,973.15,1,367.33,0.1,8,2023,0.3775
CA-2023-109714,CG-10774,TEC-ACC-10628,2023-10-21,1324.51,3,254.39,0.0,10,2023,0.1921
CA-2023-109715,CG-10542,FUR-FUR-10951,2022-07-09,577.36,4,175.94,0.4,7,2022,0.3047
CA-2023-109716,CG-10541,TEC-PHO-10834,2023-01-13,1505.57,2,368.89,0.5,1,2023,0.245
CA-2023-109717,CG-10038,OFF-SUP-10863,2022-04-03,1043.97,6,144.58,0.5,4,2022,0.1385
CA-2023-109718,CG-10536,OFF-PAP-10941,2021-05-10,644.42,5,-70.85,0.4,5,2021,-0.1099
CA-2023-109719,CG-10514,OFF-STO-10073,2022-07-21,1014.56,4,306.63,0.4,7,2022,0.3022
CA-2023-109720,CG-10071,FUR-BOO-10213,2023-10-19,1757.18,4,-54.34,0.3,10,2023,-0.0309
CA-2023-109721,CG-10317,TEC-MAC-10450,2023-10-11,1929.95,5,-189.41,0.5,10,2023,-0.0981
CA-2023-109722,CG-10774,TEC-COP-10542,2021-01-15,1506.61,9,362.49,0.0,1,2021,0.2406
CA-2023-109723,CG-10778,FUR-FUR-10622,2023-02-08,184.65,4,48.62,0.5,2,2023,0.2633
CA-2023-109724,CG-10120,OFF-ART-10589,2021-01-12,1621.08,7,-109.44,0.0,1,2021,-0.0675
CA-2023-109725,CG-10357,OFF-BIN-10621,2021-12-27,221.33,2,-15.42,0.4,12,2021,-0.0697
CA-2023-109726,CG-10239,FUR-TAB-10993,2021-10-23,1659.19,8,500.32,0.0,10,2021,0.3015
CA-2023-109727,CG-10379,OFF-APP-10347,2023-01-17,942.43,3,223.8,0.0,1,2023,0.2375
CA-2023-109728,CG-10518,OFF-SUP-10973,2021-12-10,980.31,6,-182.84,0.4,12,2021,-0.1865
CA-2023-109729,CG-10510,TEC-COP-10292,2022-02-01,955.19,3,313.91,0.0,2,2022,0.3286
CA-2023-109730,CG-10707,FUR-BOO-10095,2021-11-06,1765.66,2,105.26,0.3,11,2021,0.0596
CA-2023-109731,CG-10567,FUR-CHA-10826,2023-01-16,692.23,5,-22.82,0.3,1,2023,-0.033
CA-2023-109732,CG-10459,OFF-SUP-10074,2023-12-07,755.46,6,180.53,0.4,12,2023,0.239
CA-2023-109733,CG-10347,FUR-CHA-10474,2021-04-03,415.81,4,93.73,0.5,4,2021,0.2254
CA-2023-109734,CG-10411,OFF-PAP-10214,2021-07-11,598.94,5,93.76,0.0,7,2021,0.1565
CA-2023-109735,CG-10410,OFF-ART-10136,2023-02-18,760.26,4,55.06,0.0,2,2023,0.0724
CA-2023-109736,CG-10421,OFF-SUP-10825,2022-09-10,932.33,1,182.42,0.0,9,2022,0.1957
CA-2023-109737,CG-10427,OFF-SUP-10360,2021-07-21,1196.03,7,34.31,0.4,7,2021,0.0287
CA-2023-109738,CG-10198,TEC-MAC-10655,2022-08-25,741.31,4,139.73,0.1,8,2022,0.1885
CA-2023-109739,CG-10374,TEC-COP-10017,2022-08-12,1653.93,5,524.16,0.3,8,2022,0.3169
CA-2023-109740,CG-10287,FUR-TAB-10944,2023-04-07,1128.16,1,306.32,0.0,4,2023,0.2715
CA-2023-109741,CG-10497,TEC-PHO-10914,2021-08-29,517.39,7,26.36,0.5,8,2021,0.0509
CA-2023-109742,CG-10640,FUR-TAB-10075,2023-01-07,537.2,9,112.5,0.2,1,2023,0.2094
CA-2023-109743,CG-10064,OFF-ART-10631,2023-12-04,205.92,2,30.06,0.3,12,2023,0.146
CA-2023-109744,CG-10518,TEC-PHO-10617,2023-09-07,151.64,6,49.6,0.4,9,2023,0.3271
CA-2023-109745,CG-10340,TEC-COP-10097,2022-01-23,1387.84,6,364.78,0.0,1,2022,0.2628
CA-2023-109746,CG-10748,TEC-PHO-10694,2021-10-29,1546.91,3,141.15,0.3,10,2021,0.0912
CA-2023-109747,CG-10252,TEC-COP-10647,2021-06-23,1262.95,1,-211.0,0.3,6,2021,-0.1671
CA-2023-109748,CG-10322,OFF-ART-10720,2022-08-02,1136.54,7,370.91,0.1,8,2022,0.3264
CA-2023-109749,CG-10194,FUR-TAB-10852,2023-12-17,1651.78,1,562.45,0.4,12,2023,0.3405
CA-2023-109750,CG-10377,OFF-FAS-10483,2021-07-14,1760.12,5,-351.93,0.2,7,2021,-0.1999
CA-2023-109751,CG-10197,TEC-ACC-10295,2023-07-30,1495.39,8,-294.76,0.0,7,2023,-0.1971
CA-2023-109752,CG-10381,OFF-ART-10557,2022-03-29,1625.94,5,532.92,0.0,3,2022,0.3278
CA-2023-109753,CG-10530,TEC-COP-10927,2021-06-20,1011.26,1,76.64,0.2,6,2021,0.0758
CA-2023-109754,CG-10744,OFF-APP-10621,2022-09-02,1977.57,7,-62.33,0.4,9,2022,-0.0315
CA-2023-109755,CG-10367,TEC-ACC-10195,2022-04-28,1763.52,9,555.43,0.2,4,2022,0.315
CA-2023-109756,CG-10357,TEC-ACC-10345,2021-09-15,1139.7,5,-95.99,0.2,9,2021,-0.0842
CA-2023-109757,CG-10616,FUR-TAB-10223,2021-06-19,1535.98,8,221.92,0.3,6,2021,0.1445
CA-2023-109758,CG-10098,TEC-MAC-10843,2022-03-25,1596.63,6,195.26,0.0,3,2022,0.1223
CA-2023-109759,CG-10631,TEC-COP-10430,2021-02-14,709.41,9,-124.72,0.0,2,2021,-0.1758
CA-2023-109760,CG-10725,TEC-ACC-10580,2022-01-16,1591.57,8,75.67,0.5,1,2022,0.0475
CA-2023-109761,CG-10507,TEC-PHO-10417,2022-12-13,1372.28,3,446.82,0.0,12,2022,0.3256
CA-2023-109762,CG-10625,FUR-CHA-10898,2023-09-25,722.9,3,219.86,0.1,9,2023,0.3041
CA-2023-109763,CG-10111,TEC-PHO-10814,2023-06-27,1764.88,8,371.75,0.3,6,2023,0.2106
CA-2023-109764,CG-10501,OFF-LAB-10480,2023-05-24,1218.84,2,-69.07,0.0,5,2023,-0.0567
CA-2023-109765,CG-10260,OFF-APP-10478,2023-02-18,989.18,5,178.92,0.0,2,2023,0.1809
CA-2023-109766,CG-10035,TEC-COP-10221,2023-03-22,1376.18,8,165.29,0.0,3,2023,0.1201
CA-2023-109767,CG-10642,TEC-COP-10153,2023-05-22,1363.77,3,169.32,0.0,5,2023,0.1242
CA-2023-109768,CG-10209,OFF-BIN-10194,2023-01-30,1411.62,10,175.1,0.4,1,2023,0.124
CA-2023-109769,CG-10451,FUR-TAB-10032,2022-05-12,1493.65,6,109.14,0.5,5,2022,0.0731
CA-2023-109770,CG-10229,TEC-COP-10943,2021-06-03,1859.44,10,-174.59,0.0,6,2021,-0.0939
CA-2023-109771,CG-10491,TEC-MAC-10985,2022-07-06,415.39,3,57.18,0.0,7,2022,0.1377
CA-2023-109772,CG-10672,OFF-BIN-10985,2022-04-18,1980.02,9,277.25,0.3,4,2022,0.14
CA-2023-109773,CG-10199,FUR-TAB-10916,2022-06-28,883.95,7,276.99,0.0,6,2022,0.3134
CA-2023-109774,CG-10225,FUR-CHA-10441,2023-02-11,1664.36,5,517.79,0.1,2,2023,0.3111
CA-2023-109775,CG-10115,OFF-STO-10131,2023-03-08,602.5,5,-107.26,0.3,3,2023,-0.178
CA-2023-109776,CG-10031,FUR-CHA-10232,2022-08-06,1576.98,4,-74.34,0.2,8,2022,-0.0471
CA-2023-109777,CG-10180,TEC-COP-10700,2023-08-15,549.2,4,-35.64,0.3,8,2023,-0.0649
CA-2023-109778,CG-10181,FUR-TAB-10882,2022-12-30,331.08,1,26.81,0.1,12,2022,0.081
CA-2023-109779,CG-10381,TEC-MAC-10595,2021-01-09,572.43,5,128.79,0.3,1,2021,0.225
CA-2023-109780,CG-10049,TEC-COP-10336,2023-08-10,204.01,9,1.34,0.3,8,2023,0.0066
CA-2023-109781,CG-10011,FUR-FUR-10611,2023-01-13,1652.7,7,51.81,0.1,1,2023,0.0313
CA-2023-109782,CG-10084,TEC-MAC-10176,2022-07-31,1785.03,10,268.09,0.2,7,2022,0.1502
CA-2023-109783,CG-10455,OFF-BIN-10421,2022-01-20,616.68,6,-99.5,0.4,1,2022,-0.1613
CA-2023-109784,CG-10677,TEC-PHO-10037,2021-02-28,1553.07,9,-197.28,0.3,2,2021,-0.127
CA-2023-109785,CG-10452,OFF-ART-10379,2021-07-03,1554.04,10,62.36,0.4,7,2021,0.0401
CA-2023-109786,CG-10345,FUR-BOO-10305,2022-06-27,1183.27,10,178.07,0.5,6,2022,0.1505
CA-2023-109787,CG-10362,OFF-SUP-10976,2022-05-11,1904.31,5,357.46,0.5,5,2022,0.1877
CA-2023-109788,CG-10722,TEC-COP-10254,2022-02-15,1710.99,6,-146.98,0.0,2,2022,-0.0859
CA-2023-109789,CG-10395,FUR-BOO-10900,2021-01-29,1481.41,4,7.37,0.0,1,2021,0.005
CA-2023-109790,CG-10471,TEC-ACC-10861,2021-06-10,1265.1,1,61.65,0.0,6,2021,0.0487
CA-2023-109791,CG-10733,FUR-BOO-10837,2023-03-06,1574.46,7,404.11,0.0,3,2023,0.2567
CA-2023-109792,CG-10268,OFF-ENV-10444,2021-10-03,1781.82,5,-274.52,0.1,10,2021,-0.1541
CA-2023-109793,CG-10679,OFF-FAS-10681,2021-09-29,745.52,1,-100.76,0.4,9,2021,-0.1352
CA-2023-109794,CG-10668,TEC-PHO-10748,2023-08-28,1015.59,1,226.75,0.3,8,2023,0.2233
CA-2023-109795,CG-10250,OFF-APP-10479,2023-04-16,268.35,10,-33.2,0.3,4,2023,-0.1237
CA-2023-109796,CG-10110,TEC-MAC-10815,2023-08-13,207.53,9,12.38,0.1,8,2023,0.0597
CA-2023-109797,CG-10295,OFF-BIN-10378,2021-09-23,1065.01,10,265.37,0.4,9,2021,0.2492
CA-2023-109798,CG-10222,FUR-CHA-10717,2023-07-17,205.51,2,67.45,0.0,7,2023,0.3282
CA-2023-109799,CG-10438,FUR-CHA-10428,2022-12-20,1544.12,8,-65.94,0.0,12,2022,-0.0427
CA-2023-109800,CG-10073,FUR-FUR-10190,2023-08-25,424.7,6,118.8,0.1,8,2023,0.2797
CA-2023-109801,CG-10053,OFF-ART-10275,2021-02-03,1644.19,8,-239.92,0.3,2,2021,-0.1459
CA-2023-109802,CG-10590,FUR-CHA-10054,2021-01-30,1647.85,1,360.74,0.2,1,2021,0.2189
CA-2023-109803,CG-10033,OFF-SUP-10948,2022-10-13,1511.92,6,-162.27,0.0,10,2022,-0.1073
CA-2023-109804,CG-10065,TEC-ACC-10027,2021-03-22,1774.41,7,348.11,0.2,3,2021,0.1962
CA-2023-109805,CG-10610,OFF-BIN-10781,2023-03-03,485.07,6,149.67,0.1,3,2023,0.3086
CA-2023-109806,CG-10318,FUR-BOO-10621,2021-10-16,1052.59,6,-51.29,0.4,10,2021,-0.0487
CA-2023-109807,CG-10163,TEC-MAC-10530,2021-10-11,1475.31,9,131.26,0.5,10,2021,0.089
CA-2023-109808,CG-10345,OFF-ART-10877,2022-08-14,265.07,1,36.16,0.0,8,2022,0.1364
CA-2023-109809,CG-10777,OFF-ART-10422,2022-11-02,1178.4,3,16.8,0.4,11,2022,0.0143
CA-2023-109810,CG-10494,OFF-ART-10330,2022-01-10,567.88,8,16.32,0.0,1,2022,0.0287
CA-2023-109811,CG-10318,OFF-APP-10660,2023-01-29,970.53,8,-186.65,0.4,1,2023,-0.1923
CA-2023-109812,CG-10152,FUR-BOO-10382,2021-02-08,1283.85,1,-16.1,0.0,2,2021,-0.0125
CA-2023-109813,CG-10706,OFF-LAB-10653,2022-09-05,1203.51,10,-1.68,0.3,9,2022,-0.0014
CA-2023-109814,CG-10336,OFF-PAP-10378,2023-09-10,1013.15,5,-2.92,0.0,9,2023,-0.0029
CA-2023-109815,CG-10602,OFF-SUP-10827,2021-02-17,662.24,3,206.79,0.4,2,2021,0.3123
CA-2023-109816,CG-10623,OFF-PAP-10513,2023-01-22,1436.73,7,252.04,0.3,1,2023,0.1754
CA-2023-109817,CG-10333,TEC-MAC-10509,2021-11-03,431.27,1,149.83,0.0,11,2021,0.3474
CA-2023-109818,CG-10308,OFF-ART-10309,2021-12-20,240.55,1,20.63,0.1,12,2021,0.0858
CA-2023-109819,CG-10499,OFF-ENV-10265,2023-07-07,1167.2,9,101.03,0.0,7,2023,0.0866
CA-2023-109820,CG-10669,OFF-LAB-10150,2023-02-25,1478.71,8,-72.69,0.0,2,2023,-0.0492
CA-2023-109821,CG-10543,FUR-FUR-10686,2021-12-01,1841.07,3,385.91,0.2,12,2021,0.2096
CA-2023-109822,CG-10705,OFF-ENV-10920,2021-06-07,710.93,2,267.34,0.3,6,2021,0.376
CA-2023-109823,CG-10492,OFF-ART-10866,2022-12-22,138.85,4,17.89,0.4,12,2022,0.1288
CA-2023-109824,CG-10771,TEC-PHO-10458,2021-11-27,1486.39,3,460.72,0.1,11,2021,0.31
CA-2023-109825,CG-10424,FUR-FUR-10645,2022-06-17,226.99,8,-44.99,0.1,6,2022,-0.1982
CA-2023-109826,CG-10584,TEC-ACC-10207,2022-01-22,1900.48,8,3.65,0.0,1,2022,0.0019
CA-2023-109827,CG-10091,OFF-APP-10442,2023-05-28,1625.04,7,-278.3,0.0,5,2023,-0.1713
CA-2023-109828,CG-10687,OFF-ENV-10140,2021-07-21,27.25,3,6.82,0.0,7,2021,0.2503
CA-2023-109829,CG-10161,OFF-SUP-10111,2021-04-15,1611.87,4,-305.37,0.4,4,2021,-0.1895
CA-2023-109830,CG-10770,TEC-MAC-10339,2021-09-26,590.12,8,109.05,0.5,9,2021,0.1848
CA-2023-109831,CG-10322,FUR-CHA-10646,2021-01-13,1532.47,10,235.08,0.1,1,2021,0.1534
CA-2023-109832,CG-10133,OFF-SUP-10236,2022-07-25,1281.09,4,-230.15,0.2,7,2022,-0.1797
CA-2023-109833,CG-10716,TEC-MAC-10826,2021-02-23,21.02,5,-3.63,0.1,2,2021,-0.1727
CA-2023-109834,CG-10480,FUR-BOO-10614,2023-10-04,1594.54,9,529.87,0.4,10,2023,0.3323
CA-2023-109835,CG-10662,TEC-COP-10453,2023-10-06,1175.22,1,301.14,0.0,10,2023,0.2562
CA-2023-109836,CG-10485,OFF-PAP-10200,2023-05-04,121.26,1,-17.21,0.4,5,2023,-0.1419
CA-2023-109837,CG-10515,FUR-FUR-10896,2022-10-29,125.85,5,6.83,0.0,10,2022,0.0543
CA-2023-109838,CG-10745,OFF-ENV-10720,2021-02-02,1589.77,4,337.45,0.0,2,2021,0.2123
CA-2023-109839,CG-10137,OFF-SUP-10514,2021-10-23,476.28,7,-28.44,0.5,10,2021,-0.0597
CA-2023-109840,CG-10326,OFF-BIN-10484,2022-08-11,1223.77,9,-46.92,0.4,8,2022,-0.0383
CA-2023-109841,CG-10320,FUR-TAB-10924,2021-06-26,1017.55,3,-88.61,0.2,6,2021,-0.0871
CA-2023-109842,CG-10657,FUR-BOO-10991,2023-11-06,1867.66,1,721.11,0.1,11,2023,0.3861
CA-2023-109843,CG-10167,FUR-BOO-10018,2021-04-14,1457.47,8,26.98,0.0,4,2021,0.0185
CA-2023-109844,CG-10772,FUR-FUR-10146,2021-09-26,1342.18,5,-174.1,0.3,9,2021,-0.1297
CA-2023-109845,CG-10660,FUR-TAB-10404,2023-05-28,791.44,6,24.66,0.4,5,2023,0.0312
CA-2023-109846,CG-10173,TEC-COP-10992,2023-05-16,227.07,10,86.1,0.1,5,2023,0.3792
CA-2023-109847,CG-10009,FUR-FUR-10425,2023-11-15,674.32,4,227.64,0.0,11,2023,0.3376
CA-2023-109848,CG-10785,OFF-STO-10119,2023-12-08,469.58,3,165.97,0.0,12,2023,0.3534
CA-2023-109849,CG-10397,OFF-STO-10010,2021-03-03,1584.65,3,-280.06,0.2,3,2021,-0.1767
CA-2023-109850,CG-10578,TEC-MAC-10061,2021-05-08,564.17,3,81.04,0.1,5,2021,0.1436
CA-2023-109851,CG-10569,FUR-FUR-10603,2021-09-10,810.2,6,4.39,0.3,9,2021,0.0054
CA-2023-109852,CG-10537,OFF-PAP-10323,2021-10-01,693.7,10,33.49,0.0,10,2021,0.0483
CA-2023-109853,CG-10023,OFF-FAS-10670,2021-02-24,1242.93,5,42.83,0.0,2,2021,0.0345
CA-2023-109854,CG-10420,TEC-MAC-10462,2022-08-18,1987.21,3,-339.96,0.0,8,2022,-0.1711
CA-2023-109855,CG-10149,TEC-ACC-10414,2022-11-04,264.16,2,-18.42,0.1,11,2022,-0.0697
CA-2023-109856,CG-10776,OFF-ART-10130,2023-08-15,1071.53,8,337.85,0.2,8,2023,0.3153
CA-2023-109857,CG-10679,OFF-ENV-10202,2021-12-05,500.82,10,27.86,0.0,12,2021,0.0556
CA-2023-109858,CG-10486,FUR-CHA-10118,2023-04-26,626.03,5,230.88,0.2,4,2023,0.3688
CA-2023-109859,CG-10216,TEC-ACC-10487,2023-10-27,539.63,9,-107.61,0.1,10,2023,-0.1994
CA-2023-109860,CG-10185,FUR-BOO-10674,2022-05-30,147.96,8,36.46,0.0,5,2022,0.2464
CA-2023-109861,CG-10235,FUR-CHA-10196,2023-05-21,38.68,6,-2.28,0.0,5,2023,-0.0589
CA-2023-109862,CG-10423,FUR-TAB-10809,2023-04-21,192.9,5,12.16,0.0,4,2023,0.063
CA-2023-109863,CG-10059,FUR-TAB-10835,2022-08-05,504.3,3,53.8,0.1,8,2022,0.1067
CA-2023-109864,CG-10021,TEC-MAC-10527,2023-09-29,361.24,7,-7.48,0.1,9,2023,-0.0207
CA-2023-109865,CG-10747,OFF-ART-10817,2021-12-01,1575.84,7,230.22,0.0,12,2021,0.1461
CA-2023-109866,CG-10692,FUR-BOO-10184,2022-04-11,1260.86,3,152.82,0.0,4,2022,0.1212
CA-2023-109867,CG-10657,FUR-FUR-10110,2021-01-25,1027.46,2,-173.21,0.1,1,2021,-0.1686
CA-2023-109868,CG-10223,TEC-COP-10313,2021-05-12,1797.6,7,687.22,0.0,5,2021,0.3823
CA-2023-109869,CG-10636,OFF-BIN-10864,2021-09-04,847.95,4,256.03,0.0,9,2021,0.3019
CA-2023-109870,CG-10057,FUR-FUR-10730,2022-07-26,668.0,6,256.96,0.2,7,2022,0.3847
CA-2023-109871,CG-10092,TEC-COP-10169,2023-03-31,1966.27,10,408.87,0.0,3,2023,0.2079
CA-2023-109872,CG-10626,OFF-APP-10912,2021-01-26,1056.4,2,164.35,0.2,1,2021,0.1556
CA-2023-109873,CG-10045,FUR-TAB-10455,2021-11-04,1129.06,10,93.07,0.0,11,2021,0.0824
CA-2023-109874,CG-10185,FUR-BOO-10127,2023-08-16,1111.61,7,329.03,0.0,8,2023,0.296
CA-2023-109875,CG-10081,TEC-PHO-10722,2022-04-28,1605.96,10,468.87,0.0,4,2022,0.292
CA-2023-109876,CG-10793,FUR-FUR-10306,2022-08-20,779.17,10,242.42,0.3,8,2022,0.3111
CA-2023-109877,CG-10573,TEC-PHO-10976,2022-12-29,1582.37,2,285.21,0.0,12,2022,0.1802
CA-2023-109878,CG-10251,TEC-MAC-10484,2023-10-16,1976.88,9,370.42,0.4,10,2023,0.1874
CA-2023-109879,CG-10218,OFF-LAB-10701,2021-05-23,852.78,4,5.84,0.4,5,2021,0.0068
CA-2023-109880,CG-10265,TEC-MAC-10835,2022-04-02,1436.24,8,-204.68,0.0,4,2022,-0.1425
CA-2023-109881,CG-10369,OFF-ART-10628,2022-08-24,1129.99,8,104.32,0.3,8,2022,0.0923
CA-2023-109882,CG-10517,TEC-COP-10279,2023-01-03,241.15,8,75.06,0.0,1,2023,0.3113
CA-2023-109883,CG-10529,FUR-BOO-10723,2021-08-16,353.3,4,129.35,0.0,8,2021,0.3661
CA-2023-109884,CG-10630,TEC-COP-10533,2022-05-21,470.63,4,11.98,0.4,5,2022,0.0255
CA-2023-109885,CG-10184,OFF-STO-10736,2021-05-17,496.24,6,148.6,0.0,5,2021,0.2995
CA-2023-109886,CG-10018,TEC-ACC-10830,2022-01-12,1498.64,1,400.33,0.2,1,2022,0.2671
CA-2023-109887,CG-10275,FUR-FUR-10738,2023-01-09,857.06,5,23.03,0.0,1,2023,0.0269
CA-2023-109888,CG-10651,OFF-PAP-10041,2023-08-16,483.82,1,5.18,0.0,8,2023,0.0107
CA-2023-109889,CG-10297,TEC-PHO-10419,2023-05-26,1039.33,8,355.76,0.3,5,2023,0.3423
CA-2023-109890,CG-10259,OFF-APP-10340,2023-06-09,414.33,2,-81.59,0.2,6,2023,-0.1969
CA-2023-109891,CG-10487,FUR-BOO-10204,2023-06-04,1956.6,1,-162.7,0.3,6,2023,-0.0832
CA-2023-109892,CG-10191,FUR-FUR-10174,2022-02-07,156.41,9,8.4,0.0,2,2022,0.0537
CA-2023-109893,CG-10776,TEC-PHO-10739,2021-03-05,1650.96,4,-222.18,0.4,3,2021,-0.1346
CA-2023-109894,CG-10666,FUR-BOO-10034,2022-04-26,1263.31,8,68.37,0.5,4,2022,0.0541
CA-2023-109895,CG-10125,TEC-PHO-10068,2023-07-02,1048.48,3,269.77,0.2,7,2023,0.2573
CA-2023-109896,CG-10391,TEC-COP-10548,2021-08-25,1710.37,5,-224.32,0.4,8,2021,-0.1312
CA-2023-109897,CG-10236,TEC-PHO-10699,2023-10-21,1094.83,1,218.2,0.2,10,2023,0.1993
CA-2023-109898,CG-10686,TEC-COP-10238,2023-01-04,1607.42,10,-234.98,0.0,1,2023,-0.1462
CA-2023-109899,CG-10098,FUR-FUR-10730,2022-12-30,390.41,10,122.96,0.5,12,2022,0.315
CA-2024-109900,CG-10463,TEC-MAC-10150,2023-04-22,542.58,10,-77.34,0.0,4,2023,-0.1425
CA-2024-109901,CG-10465,OFF-PAP-10274,2022-07-20,574.88,10,32.32,0.1,7,2022,0.0562
CA-2024-109902,CG-10535,FUR-BOO-10076,2022-04-16,963.82,8,247.45,0.1,4,2022,0.2567
CA-2024-109903,CG-10753,OFF-APP-10952,2022-07-03,64.55,3,1.43,0.0,7,2022,0.0222
CA-2024-109904,CG-10095,TEC-MAC-10857,2022-11-21,1194.87,1,-39.41,0.0,11,2022,-0.033
CA-2024-109905,CG-10132,OFF-SUP-10200,2021-03-06,1026.3,10,295.32,0.0,3,2021,0.2878
CA-2024-109906,CG-10360,TEC-COP-10064,2022-01-25,27.68,2,8.89,0.2,1,2022,0.3212
CA-2024-109907,CG-10307,FUR-FUR-10287,2022-08-07,565.41,1,10.66,0.0,8,2022,0.0189
CA-2024-109908,CG-10397,FUR-FUR-10666,2021-08-24,1938.88,4,538.56,0.0,8,2021,0.2778
CA-2024-109909,CG-10475,FUR-FUR-10689,2022-02-28,249.9,1,22.88,0.3,2,2022,0.0916
CA-2024-109910,CG-10172,OFF-LAB-10546,2023-07-10,1768.08,7,-11.38,0.3,7,2023,-0.0064
CA-2024-109911,CG-10004,FUR-CHA-10933,2023-08-07,1353.07,7,61.42,0.0,8,2023,0.0454
CA-2024-109912,CG-10014,FUR-CHA-10619,2023-05-10,11.41,7,-1.38,0.0,5,2023,-0.1209
CA-2024-109913,CG-10148,TEC-MAC-10638,2023-12-18,1497.65,8,184.21,0.0,12,2023,0.123
CA-2024-109914,CG-10140,TEC-COP-10829,2021-06-21,1582.17,1,-153.7,0.1,6,2021,-0.0971
CA-2024-109915,CG-10479,OFF-STO-10093,2022-03-03,1234.94,10,339.0,0.3,3,2022,0.2745
CA-2024-109916,CG-10362,FUR-FUR-10565,2021-12-17,1203.97,2,-9.16,0.0,12,2021,-0.0076
CA-2024-109917,CG-10647,TEC-PHO-10148,2022-06-03,1364.56,3,66.01,0.1,6,2022,0.0484
CA-2024-109918,CG-10155,TEC-COP-10166,2023-02-01,153.77,1,2.35,0.0,2,2023,0.0153
CA-2024-109919,CG-10707,OFF-FAS-10412,2023-06-14,1742.75,5,186.39,0.0,6,2023,0.107
CA-2024-109920,CG-10615,TEC-COP-10403,2021-12-24,1232.08,4,204.64,0.1,12,2021,0.1661
CA-2024-109921,CG-10517,FUR-TAB-10812,2021-07-09,1129.08,2,379.45,0.0,7,2021,0.3361
CA-2024-109922,CG-10536,OFF-ART-10275,2023-02-17,1027.69,1,-175.24,0.0,2,2023,-0.1705
CA-2024-109923,CG-10081,OFF-PAP-10100,2023-09-27,1839.5,4,-176.09,0.0,9,2023,-0.0957
CA-2024-109924,CG-10316,OFF-ART-10030,2023-09-18,433.78,5,104.16,0.2,9,2023,0.2401
CA-2024-109925,CG-10513,TEC-MAC-10592,2023-04-03,1838.85,9,467.71,0.0,4,2023,0.2543
CA-2024-109926,CG-10007,TEC-COP-10473,2023-09-17,93.39,4,7.15,0.4,9,2023,0.0766
CA-2024-109927,CG-10403,TEC-MAC-10713,2021-04-09,1733.97,6,615.56,0.0,4,2021,0.355
CA-2024-109928,CG-10412,FUR-CHA-10821,2021-02-24,36.54,3,-0.71,0.3,2,2021,-0.0194
CA-2024-109929,CG-10261,TEC-ACC-10154,2021-11-08,1005.56,6,361.91,0.3,11,2021,0.3599
CA-2024-109930,CG-10303,TEC-ACC-10592,2021-01-29,1827.09,1,385.49,0.0,1,2021,0.211
CA-2024-109931,CG-10430,OFF-APP-10989,2023-10-27,1353.35,4,126.52,0.2,10,2023,0.0935
CA-2024-109932,CG-10724,OFF-PAP-10666,2022-05-19,10.67,8,3.14,0.2,5,2022,0.2943
CA-2024-109933,CG-10221,FUR-TAB-10440,2023-07-31,1369.12,9,307.64,0.2,7,2023,0.2247
CA-2024-109934,CG-10165,TEC-ACC-10745,2023-10-08,1137.03,6,156.06,0.1,10,2023,0.1373
CA-2024-109935,CG-10263,TEC-MAC-10512,2022-12-04,382.66,9,-5.94,0.4,12,2022,-0.0155
CA-2024-109936,CG-10032,FUR-TAB-10306,2021-03-11,379.23,5,128.57,0.2,3,2021,0.339
CA-2024-109937,CG-10201,OFF-FAS-10252,2022-10-07,1550.22,6,-269.49,0.0,10,2022,-0.1738
CA-2024-109938,CG-10709,OFF-FAS-10781,2022-07-02,919.48,1,304.4,0.0,7,2022,0.3311
CA-2024-109939,CG-10664,TEC-MAC-10600,2022-09-27,328.68,8,68.22,0.1,9,2022,0.2076
CA-2024-109940,CG-10241,TEC-COP-10956,2021-08-09,156.9,2,46.58,0.0,8,2021,0.2969
CA-2024-109941,CG-10086,FUR-TAB-10960,2023-12-11,1649.78,1,-89.95,0.0,12,2023,-0.0545
CA-2024-109942,CG-10535,OFF-ENV-10772,2021-09-22,457.93,10,82.65,0.0,9,2021,0.1805
CA-2024-109943,CG-10128,OFF-SUP-10750,2021-04-02,1421.32,3,-32.32,0.0,4,2021,-0.0227
CA-2024-109944,CG-10683,TEC-MAC-10677,2022-05-18,10.5,10,1.55,0.0,5,2022,0.1476
CA-2024-109945,CG-10359,FUR-BOO-10306,2023-01-22,1305.2,2,-237.91,0.2,1,2023,-0.1823
CA-2024-109946,CG-10632,FUR-FUR-10025,2022-01-21,909.09,3,267.0,0.1,1,2022,0.2937
CA-2024-109947,CG-10551,OFF-SUP-10307,2022-01-29,679.09,1,-111.44,0.3,1,2022,-0.1641
CA-2024-109948,CG-10448,TEC-COP-10961,2022-06-09,1060.28,8,-179.48,0.0,6,2022,-0.1693
CA-2024-109949,CG-10510,FUR-BOO-10443,2022-05-23,611.29,8,3.26,0.0,5,2022,0.0053
CA-2024-109950,CG-10670,TEC-PHO-10589,2022-07-14,261.28,9,19.42,0.5,7,2022,0.0743
CA-2024-109951,CG-10774,OFF-ART-10648,2023-10-27,984.68,10,62.53,0.3,10,2023,0.0635
CA-2024-109952,CG-10255,OFF-LAB-10179,2021-08-15,51.56,5,0.09,0.3,8,2021,0.0017
CA-2024-109953,CG-10057,OFF-SUP-10645,2021-02-27,351.73,1,104.75,0.0,2,2021,0.2978
CA-2024-109954,CG-10145,OFF-APP-10244,2021-12-10,1089.93,9,242.73,0.2,12,2021,0.2227
CA-2024-109955,CG-10375,OFF-LAB-10229,2022-07-15,1848.26,8,-1.57,0.1,7,2022,-0.0008
CA-2024-109956,CG-10018,FUR-BOO-10968,2022-12-05,1930.47,7,29.2,0.3,12,2022,0.0151
CA-2024-109957,CG-10485,FUR-BOO-10464,2022-02-08,1960.71,2,-389.18,0.2,2,2022,-0.1985
CA-2024-109958,CG-10719,TEC-MAC-10264,2022-02-04,879.92,3,26.48,0.3,2,2022,0.0301
CA-2024-109959,CG-10009,OFF-FAS-10965,2021-04-19,1268.44,2,-165.43,0.2,4,2021,-0.1304
CA-2024-109960,CG-10068,OFF-BIN-10596,2021-05-04,1847.26,1,630.67,0.1,5,2021,0.3414
CA-2024-109961,CG-10665,FUR-BOO-10197,2022-05-02,552.02,8,71.03,0.0,5,2022,0.1287
CA-2024-109962,CG-10349,TEC-ACC-10562,2022-08-13,1869.87,1,483.52,0.4,8,2022,0.2586
CA-2024-109963,CG-10558,FUR-FUR-10614,2021-05-30,515.81,6,-84.96,0.0,5,2021,-0.1647
CA-2024-109964,CG-10149,TEC-MAC-10566,2022-01-04,1311.98,3,-108.22,0.0,1,2022,-0.0825
CA-2024-109965,CG-10183,OFF-BIN-10274,2023-04-29,460.71,7,43.4,0.5,4,2023,0.0942
CA-2024-109966,CG-10159,TEC-COP-10277,2021-03-19,1924.94,7,344.8,0.1,3,2021,0.1791
CA-2024-109967,CG-10253,FUR-BOO-10303,2023-12-06,478.3,10,-38.43,0.3,12,2023,-0.0803
CA-2024-109968,CG-10316,OFF-APP-10589,2022-04-15,1632.07,5,414.66,0.2,4,2022,0.2541
CA-2024-109969,CG-10245,FUR-TAB-10316,2021-09-23,1363.23,1,213.51,0.0,9,2021,0.1566
CA-2024-109970,CG-10449,FUR-CHA-10120,2022-05-20,431.09,6,130.8,0.4,5,2022,0.3034
CA-2024-109971,CG-10759,OFF-FAS-10715,2021-08-30,1063.18,6,420.46,0.0,8,2021,0.3955
CA-2024-109972,CG-10414,OFF-ART-10182,2022-06-30,311.33,3,80.54,0.5,6,2022,0.2587
CA-2024-109973,CG-10483,TEC-MAC-10875,2021-01-05,1032.33,2,20.62,0.3,1,2021,0.02
CA-2024-109974,CG-10302,FUR-BOO-10312,2023-02-13,37.16,2,0.04,0.3,2,2023,0.0011
CA-2024-109975,CG-10655,FUR-TAB-10746,2022-12-18,672.66,2,187.23,0.1,12,2022,0.2783
CA-2024-109976,CG-10274,FUR-CHA-10113,2021-04-19,1877.4,2,62.58,0.4,4,2021,0.0333
CA-2024-109977,CG-10279,TEC-ACC-10445,2022-02-11,1868.43,4,541.06,0.5,2,2022,0.2896
CA-2024-109978,CG-10575,TEC-ACC-10144,2022-04-16,1334.44,7,84.81,0.0,4,2022,0.0636
CA-2024-109979,CG-10398,TEC-PHO-10762,2021-08-11,1162.21,4,358.58,0.4,8,2021,0.3085
CA-2024-109980,CG-10523,OFF-STO-10143,2022-05-12,1637.58,3,596.22,0.4,5,2022,0.3641
CA-2024-109981,CG-10630,OFF-APP-10358,2021-11-06,632.75,2,-15.98,0.3,11,2021,-0.0253
CA-2024-109982,CG-10768,FUR-BOO-10416,2021-01-15,1106.45,7,163.04,0.3,1,2021,0.1474
CA-2024-109983,CG-10771,OFF-ENV-10227,2022-10-05,502.75,9,-44.37,0.4,10,2022,-0.0883
CA-2024-109984,CG-10329,OFF-FAS-10111,2021-08-26,925.13,4,113.85,0.0,8,2021,0.1231
CA-2024-109985,CG-10427,OFF-LAB-10573,2021-08-08,1424.35,10,153.99,0.2,8,2021,0.1081
CA-2024-109986,CG-10138,FUR-BOO-10732,2023-02-05,1793.59,8,98.55,0.0,2,2023,0.0549
CA-2024-109987,CG-10461,TEC-PHO-10600,2022-07-11,318.65,2,51.27,0.1,7,2022,0.1609
CA-2024-109988,CG-10552,TEC-MAC-10853,2023-01-12,1937.24,8,535.64,0.0,1,2023,0.2765
CA-2024-109989,CG-10185,FUR-TAB-10923,2023-03-30,1721.85,3,315.59,0.2,3,2023,0.1833
CA-2024-109990,CG-10038,OFF-BIN-10314,2021-05-28,1463.92,4,375.98,0.0,5,2021,0.2568
CA-2024-109991,CG-10533,OFF-STO-10776,2022-07-09,1760.36,6,41.5,0.5,7,2022,0.0236
CA-2024-109992,CG-10670,FUR-BOO-10148,2021-06-15,587.48,2,-44.11,0.5,6,2021,-0.0751
CA-2024-109993,CG-10660,FUR-TAB-10985,2022-10-09,1282.86,1,-247.24,0.0,10,2022,-0.1927
